TimeQuest Timing Analyzer report for everything
Tue Sep 09 15:30:08 2025
Quartus II 64-Bit Version 13.1.0 Build 162 10/23/2013 SJ Full Version


---------------------
; Table of Contents ;
---------------------
  1. Legal Notice
  2. TimeQuest Timing Analyzer Summary
  3. Parallel Compilation
  4. Clocks
  5. Slow 1200mV 85C Model Fmax Summary
  6. Timing Closure Recommendations
  7. Slow 1200mV 85C Model Setup Summary
  8. Slow 1200mV 85C Model Hold Summary
  9. Slow 1200mV 85C Model Recovery Summary
 10. Slow 1200mV 85C Model Removal Summary
 11. Slow 1200mV 85C Model Minimum Pulse Width Summary
 12. Slow 1200mV 85C Model Setup: 'clk'
 13. Slow 1200mV 85C Model Hold: 'clk'
 14. Slow 1200mV 85C Model Minimum Pulse Width: 'clk'
 15. Setup Times
 16. Hold Times
 17. Clock to Output Times
 18. Minimum Clock to Output Times
 19. Slow 1200mV 85C Model Metastability Report
 20. Slow 1200mV 0C Model Fmax Summary
 21. Slow 1200mV 0C Model Setup Summary
 22. Slow 1200mV 0C Model Hold Summary
 23. Slow 1200mV 0C Model Recovery Summary
 24. Slow 1200mV 0C Model Removal Summary
 25. Slow 1200mV 0C Model Minimum Pulse Width Summary
 26. Slow 1200mV 0C Model Setup: 'clk'
 27. Slow 1200mV 0C Model Hold: 'clk'
 28. Slow 1200mV 0C Model Minimum Pulse Width: 'clk'
 29. Setup Times
 30. Hold Times
 31. Clock to Output Times
 32. Minimum Clock to Output Times
 33. Slow 1200mV 0C Model Metastability Report
 34. Fast 1200mV 0C Model Setup Summary
 35. Fast 1200mV 0C Model Hold Summary
 36. Fast 1200mV 0C Model Recovery Summary
 37. Fast 1200mV 0C Model Removal Summary
 38. Fast 1200mV 0C Model Minimum Pulse Width Summary
 39. Fast 1200mV 0C Model Setup: 'clk'
 40. Fast 1200mV 0C Model Hold: 'clk'
 41. Fast 1200mV 0C Model Minimum Pulse Width: 'clk'
 42. Setup Times
 43. Hold Times
 44. Clock to Output Times
 45. Minimum Clock to Output Times
 46. Fast 1200mV 0C Model Metastability Report
 47. Multicorner Timing Analysis Summary
 48. Setup Times
 49. Hold Times
 50. Clock to Output Times
 51. Minimum Clock to Output Times
 52. Board Trace Model Assignments
 53. Input Transition Times
 54. Signal Integrity Metrics (Slow 1200mv 0c Model)
 55. Signal Integrity Metrics (Slow 1200mv 85c Model)
 56. Signal Integrity Metrics (Fast 1200mv 0c Model)
 57. Setup Transfers
 58. Hold Transfers
 59. Report TCCS
 60. Report RSKM
 61. Unconstrained Paths
 62. TimeQuest Timing Analyzer Messages



----------------
; Legal Notice ;
----------------
Copyright (C) 1991-2013 Altera Corporation
Your use of Altera Corporation's design tools, logic functions 
and other software and tools, and its AMPP partner logic 
functions, and any output files from any of the foregoing 
(including device programming or simulation files), and any 
associated documentation or information are expressly subject 
to the terms and conditions of the Altera Program License 
Subscription Agreement, Altera MegaCore Function License 
Agreement, or other applicable license agreement, including, 
without limitation, that your use is for the sole purpose of 
programming logic devices manufactured by Altera and sold by 
Altera or its authorized distributors.  Please refer to the 
applicable agreement for further details.



+--------------------------------------------------------------------------+
; TimeQuest Timing Analyzer Summary                                        ;
+--------------------+-----------------------------------------------------+
; Quartus II Version ; Version 13.1.0 Build 162 10/23/2013 SJ Full Version ;
; Revision Name      ; everything                                          ;
; Device Family      ; Cyclone IV GX                                       ;
; Device Name        ; EP4CGX15BF14C6                                      ;
; Timing Models      ; Final                                               ;
; Delay Model        ; Combined                                            ;
; Rise/Fall Delays   ; Enabled                                             ;
+--------------------+-----------------------------------------------------+


+------------------------------------------+
; Parallel Compilation                     ;
+----------------------------+-------------+
; Processors                 ; Number      ;
+----------------------------+-------------+
; Number detected on machine ; 24          ;
; Maximum allowed            ; 16          ;
;                            ;             ;
; Average used               ; 1.00        ;
; Maximum used               ; 16          ;
;                            ;             ;
; Usage by Processor         ; % Time Used ;
;     Processor 1            ; 100.0%      ;
;     Processors 2-16        ; < 0.1%      ;
;     Processors 17-24       ;   0.0%      ;
+----------------------------+-------------+


+---------------------------------------------------------------------------------------------------------------------------------------------------------------------------------+
; Clocks                                                                                                                                                                          ;
+------------+------+--------+------------+-------+-------+------------+-----------+-------------+-------+--------+-----------+------------+----------+--------+--------+---------+
; Clock Name ; Type ; Period ; Frequency  ; Rise  ; Fall  ; Duty Cycle ; Divide by ; Multiply by ; Phase ; Offset ; Edge List ; Edge Shift ; Inverted ; Master ; Source ; Targets ;
+------------+------+--------+------------+-------+-------+------------+-----------+-------------+-------+--------+-----------+------------+----------+--------+--------+---------+
; clk        ; Base ; 1.000  ; 1000.0 MHz ; 0.000 ; 0.500 ;            ;           ;             ;       ;        ;           ;            ;          ;        ;        ; { clk } ;
+------------+------+--------+------------+-------+-------+------------+-----------+-------------+-------+--------+-----------+------------+----------+--------+--------+---------+


+--------------------------------------------------+
; Slow 1200mV 85C Model Fmax Summary               ;
+------------+-----------------+------------+------+
; Fmax       ; Restricted Fmax ; Clock Name ; Note ;
+------------+-----------------+------------+------+
; 239.81 MHz ; 239.81 MHz      ; clk        ;      ;
+------------+-----------------+------------+------+
This panel reports FMAX for every clock in the design, regardless of the user-specified clock periods.  FMAX is only computed for paths where the source and destination registers or ports are driven by the same clock.  Paths of different clocks, including generated clocks, are ignored.  For paths between a clock and its inversion, FMAX is computed as if the rising and falling edges are scaled along with FMAX, such that the duty cycle (in terms of a percentage) is maintained. Altera recommends that you always use clock constraints and other slack reports for sign-off analysis.


----------------------------------
; Timing Closure Recommendations ;
----------------------------------
HTML report is unavailable in plain text report export.


+-------------------------------------+
; Slow 1200mV 85C Model Setup Summary ;
+-------+--------+--------------------+
; Clock ; Slack  ; End Point TNS      ;
+-------+--------+--------------------+
; clk   ; -3.170 ; -116.084           ;
+-------+--------+--------------------+


+------------------------------------+
; Slow 1200mV 85C Model Hold Summary ;
+-------+-------+--------------------+
; Clock ; Slack ; End Point TNS      ;
+-------+-------+--------------------+
; clk   ; 0.342 ; 0.000              ;
+-------+-------+--------------------+


------------------------------------------
; Slow 1200mV 85C Model Recovery Summary ;
------------------------------------------
No paths to report.


-----------------------------------------
; Slow 1200mV 85C Model Removal Summary ;
-----------------------------------------
No paths to report.


+---------------------------------------------------+
; Slow 1200mV 85C Model Minimum Pulse Width Summary ;
+-------+--------+----------------------------------+
; Clock ; Slack  ; End Point TNS                    ;
+-------+--------+----------------------------------+
; clk   ; -3.000 ; -49.000                          ;
+-------+--------+----------------------------------+


+------------------------------------------------------------------------------------------------------------------------+
; Slow 1200mV 85C Model Setup: 'clk'                                                                                     ;
+--------+-----------------------------+-----------+--------------+-------------+--------------+------------+------------+
; Slack  ; From Node                   ; To Node   ; Launch Clock ; Latch Clock ; Relationship ; Clock Skew ; Data Delay ;
+--------+-----------------------------+-----------+--------------+-------------+--------------+------------+------------+
; -3.170 ; timer[18]                   ; timer[26] ; clk          ; clk         ; 1.000        ; -0.422     ; 3.743      ;
; -3.170 ; timer[18]                   ; timer[16] ; clk          ; clk         ; 1.000        ; -0.422     ; 3.743      ;
; -3.170 ; timer[18]                   ; timer[29] ; clk          ; clk         ; 1.000        ; -0.422     ; 3.743      ;
; -3.170 ; timer[18]                   ; timer[28] ; clk          ; clk         ; 1.000        ; -0.422     ; 3.743      ;
; -3.170 ; timer[18]                   ; timer[30] ; clk          ; clk         ; 1.000        ; -0.422     ; 3.743      ;
; -3.170 ; timer[18]                   ; timer[31] ; clk          ; clk         ; 1.000        ; -0.422     ; 3.743      ;
; -3.123 ; timer[16]                   ; timer[26] ; clk          ; clk         ; 1.000        ; -0.064     ; 4.054      ;
; -3.123 ; timer[16]                   ; timer[16] ; clk          ; clk         ; 1.000        ; -0.064     ; 4.054      ;
; -3.123 ; timer[16]                   ; timer[29] ; clk          ; clk         ; 1.000        ; -0.064     ; 4.054      ;
; -3.123 ; timer[16]                   ; timer[28] ; clk          ; clk         ; 1.000        ; -0.064     ; 4.054      ;
; -3.123 ; timer[16]                   ; timer[30] ; clk          ; clk         ; 1.000        ; -0.064     ; 4.054      ;
; -3.123 ; timer[16]                   ; timer[31] ; clk          ; clk         ; 1.000        ; -0.064     ; 4.054      ;
; -3.111 ; timer[23]                   ; timer[26] ; clk          ; clk         ; 1.000        ; -0.422     ; 3.684      ;
; -3.111 ; timer[23]                   ; timer[16] ; clk          ; clk         ; 1.000        ; -0.422     ; 3.684      ;
; -3.111 ; timer[23]                   ; timer[29] ; clk          ; clk         ; 1.000        ; -0.422     ; 3.684      ;
; -3.111 ; timer[23]                   ; timer[28] ; clk          ; clk         ; 1.000        ; -0.422     ; 3.684      ;
; -3.111 ; timer[23]                   ; timer[30] ; clk          ; clk         ; 1.000        ; -0.422     ; 3.684      ;
; -3.111 ; timer[23]                   ; timer[31] ; clk          ; clk         ; 1.000        ; -0.422     ; 3.684      ;
; -3.101 ; timer[27]                   ; timer[26] ; clk          ; clk         ; 1.000        ; -0.422     ; 3.674      ;
; -3.101 ; timer[27]                   ; timer[16] ; clk          ; clk         ; 1.000        ; -0.422     ; 3.674      ;
; -3.101 ; timer[27]                   ; timer[29] ; clk          ; clk         ; 1.000        ; -0.422     ; 3.674      ;
; -3.101 ; timer[27]                   ; timer[28] ; clk          ; clk         ; 1.000        ; -0.422     ; 3.674      ;
; -3.101 ; timer[27]                   ; timer[30] ; clk          ; clk         ; 1.000        ; -0.422     ; 3.674      ;
; -3.101 ; timer[27]                   ; timer[31] ; clk          ; clk         ; 1.000        ; -0.422     ; 3.674      ;
; -3.088 ; timer[21]                   ; timer[26] ; clk          ; clk         ; 1.000        ; -0.422     ; 3.661      ;
; -3.088 ; timer[21]                   ; timer[16] ; clk          ; clk         ; 1.000        ; -0.422     ; 3.661      ;
; -3.088 ; timer[21]                   ; timer[29] ; clk          ; clk         ; 1.000        ; -0.422     ; 3.661      ;
; -3.088 ; timer[21]                   ; timer[28] ; clk          ; clk         ; 1.000        ; -0.422     ; 3.661      ;
; -3.088 ; timer[21]                   ; timer[30] ; clk          ; clk         ; 1.000        ; -0.422     ; 3.661      ;
; -3.088 ; timer[21]                   ; timer[31] ; clk          ; clk         ; 1.000        ; -0.422     ; 3.661      ;
; -3.074 ; timer[28]                   ; timer[26] ; clk          ; clk         ; 1.000        ; -0.064     ; 4.005      ;
; -3.074 ; timer[28]                   ; timer[16] ; clk          ; clk         ; 1.000        ; -0.064     ; 4.005      ;
; -3.074 ; timer[28]                   ; timer[29] ; clk          ; clk         ; 1.000        ; -0.064     ; 4.005      ;
; -3.074 ; timer[28]                   ; timer[28] ; clk          ; clk         ; 1.000        ; -0.064     ; 4.005      ;
; -3.074 ; timer[28]                   ; timer[30] ; clk          ; clk         ; 1.000        ; -0.064     ; 4.005      ;
; -3.074 ; timer[28]                   ; timer[31] ; clk          ; clk         ; 1.000        ; -0.064     ; 4.005      ;
; -3.011 ; timer[22]                   ; timer[26] ; clk          ; clk         ; 1.000        ; -0.422     ; 3.584      ;
; -3.011 ; timer[22]                   ; timer[16] ; clk          ; clk         ; 1.000        ; -0.422     ; 3.584      ;
; -3.011 ; timer[22]                   ; timer[29] ; clk          ; clk         ; 1.000        ; -0.422     ; 3.584      ;
; -3.011 ; timer[22]                   ; timer[28] ; clk          ; clk         ; 1.000        ; -0.422     ; 3.584      ;
; -3.011 ; timer[22]                   ; timer[30] ; clk          ; clk         ; 1.000        ; -0.422     ; 3.584      ;
; -3.011 ; timer[22]                   ; timer[31] ; clk          ; clk         ; 1.000        ; -0.422     ; 3.584      ;
; -3.009 ; timer[18]                   ; timer[19] ; clk          ; clk         ; 1.000        ; -0.422     ; 3.582      ;
; -3.009 ; timer[18]                   ; timer[20] ; clk          ; clk         ; 1.000        ; -0.422     ; 3.582      ;
; -2.970 ; current_state.RIGHT_200MS   ; timer[26] ; clk          ; clk         ; 1.000        ; -0.395     ; 3.570      ;
; -2.970 ; timer[19]                   ; timer[26] ; clk          ; clk         ; 1.000        ; -0.065     ; 3.900      ;
; -2.970 ; current_state.RIGHT_200MS   ; timer[16] ; clk          ; clk         ; 1.000        ; -0.395     ; 3.570      ;
; -2.970 ; timer[19]                   ; timer[16] ; clk          ; clk         ; 1.000        ; -0.065     ; 3.900      ;
; -2.970 ; current_state.RIGHT_200MS   ; timer[29] ; clk          ; clk         ; 1.000        ; -0.395     ; 3.570      ;
; -2.970 ; timer[19]                   ; timer[29] ; clk          ; clk         ; 1.000        ; -0.065     ; 3.900      ;
; -2.970 ; current_state.RIGHT_200MS   ; timer[28] ; clk          ; clk         ; 1.000        ; -0.395     ; 3.570      ;
; -2.970 ; timer[19]                   ; timer[28] ; clk          ; clk         ; 1.000        ; -0.065     ; 3.900      ;
; -2.970 ; current_state.RIGHT_200MS   ; timer[30] ; clk          ; clk         ; 1.000        ; -0.395     ; 3.570      ;
; -2.970 ; timer[19]                   ; timer[30] ; clk          ; clk         ; 1.000        ; -0.065     ; 3.900      ;
; -2.970 ; current_state.RIGHT_200MS   ; timer[31] ; clk          ; clk         ; 1.000        ; -0.395     ; 3.570      ;
; -2.970 ; timer[19]                   ; timer[31] ; clk          ; clk         ; 1.000        ; -0.065     ; 3.900      ;
; -2.968 ; timer[16]                   ; timer[19] ; clk          ; clk         ; 1.000        ; -0.064     ; 3.899      ;
; -2.968 ; timer[16]                   ; timer[20] ; clk          ; clk         ; 1.000        ; -0.064     ; 3.899      ;
; -2.966 ; timer[30]                   ; timer[26] ; clk          ; clk         ; 1.000        ; -0.064     ; 3.897      ;
; -2.966 ; timer[30]                   ; timer[16] ; clk          ; clk         ; 1.000        ; -0.064     ; 3.897      ;
; -2.966 ; timer[30]                   ; timer[29] ; clk          ; clk         ; 1.000        ; -0.064     ; 3.897      ;
; -2.966 ; timer[30]                   ; timer[28] ; clk          ; clk         ; 1.000        ; -0.064     ; 3.897      ;
; -2.966 ; timer[30]                   ; timer[30] ; clk          ; clk         ; 1.000        ; -0.064     ; 3.897      ;
; -2.966 ; timer[30]                   ; timer[31] ; clk          ; clk         ; 1.000        ; -0.064     ; 3.897      ;
; -2.962 ; current_state.RIGHT_200MS_4 ; timer[26] ; clk          ; clk         ; 1.000        ; -0.395     ; 3.562      ;
; -2.962 ; current_state.RIGHT_200MS_4 ; timer[16] ; clk          ; clk         ; 1.000        ; -0.395     ; 3.562      ;
; -2.962 ; current_state.RIGHT_200MS_4 ; timer[29] ; clk          ; clk         ; 1.000        ; -0.395     ; 3.562      ;
; -2.962 ; current_state.RIGHT_200MS_4 ; timer[28] ; clk          ; clk         ; 1.000        ; -0.395     ; 3.562      ;
; -2.962 ; current_state.RIGHT_200MS_4 ; timer[30] ; clk          ; clk         ; 1.000        ; -0.395     ; 3.562      ;
; -2.962 ; current_state.RIGHT_200MS_4 ; timer[31] ; clk          ; clk         ; 1.000        ; -0.395     ; 3.562      ;
; -2.961 ; timer[18]                   ; timer[11] ; clk          ; clk         ; 1.000        ; -0.422     ; 3.534      ;
; -2.961 ; timer[18]                   ; timer[8]  ; clk          ; clk         ; 1.000        ; -0.422     ; 3.534      ;
; -2.961 ; timer[18]                   ; timer[9]  ; clk          ; clk         ; 1.000        ; -0.422     ; 3.534      ;
; -2.961 ; timer[18]                   ; timer[10] ; clk          ; clk         ; 1.000        ; -0.422     ; 3.534      ;
; -2.961 ; timer[18]                   ; timer[13] ; clk          ; clk         ; 1.000        ; -0.422     ; 3.534      ;
; -2.961 ; timer[18]                   ; timer[14] ; clk          ; clk         ; 1.000        ; -0.422     ; 3.534      ;
; -2.955 ; timer[17]                   ; timer[26] ; clk          ; clk         ; 1.000        ; -0.422     ; 3.528      ;
; -2.955 ; timer[17]                   ; timer[16] ; clk          ; clk         ; 1.000        ; -0.422     ; 3.528      ;
; -2.955 ; timer[17]                   ; timer[29] ; clk          ; clk         ; 1.000        ; -0.422     ; 3.528      ;
; -2.955 ; timer[17]                   ; timer[28] ; clk          ; clk         ; 1.000        ; -0.422     ; 3.528      ;
; -2.955 ; timer[17]                   ; timer[30] ; clk          ; clk         ; 1.000        ; -0.422     ; 3.528      ;
; -2.955 ; timer[17]                   ; timer[31] ; clk          ; clk         ; 1.000        ; -0.422     ; 3.528      ;
; -2.951 ; timer[25]                   ; timer[26] ; clk          ; clk         ; 1.000        ; -0.422     ; 3.524      ;
; -2.951 ; timer[25]                   ; timer[16] ; clk          ; clk         ; 1.000        ; -0.422     ; 3.524      ;
; -2.951 ; timer[25]                   ; timer[29] ; clk          ; clk         ; 1.000        ; -0.422     ; 3.524      ;
; -2.951 ; timer[25]                   ; timer[28] ; clk          ; clk         ; 1.000        ; -0.422     ; 3.524      ;
; -2.951 ; timer[25]                   ; timer[30] ; clk          ; clk         ; 1.000        ; -0.422     ; 3.524      ;
; -2.951 ; timer[25]                   ; timer[31] ; clk          ; clk         ; 1.000        ; -0.422     ; 3.524      ;
; -2.950 ; timer[23]                   ; timer[19] ; clk          ; clk         ; 1.000        ; -0.422     ; 3.523      ;
; -2.950 ; timer[23]                   ; timer[20] ; clk          ; clk         ; 1.000        ; -0.422     ; 3.523      ;
; -2.940 ; timer[27]                   ; timer[19] ; clk          ; clk         ; 1.000        ; -0.422     ; 3.513      ;
; -2.940 ; timer[27]                   ; timer[20] ; clk          ; clk         ; 1.000        ; -0.422     ; 3.513      ;
; -2.930 ; timer[24]                   ; timer[26] ; clk          ; clk         ; 1.000        ; -0.422     ; 3.503      ;
; -2.930 ; timer[24]                   ; timer[16] ; clk          ; clk         ; 1.000        ; -0.422     ; 3.503      ;
; -2.930 ; timer[24]                   ; timer[29] ; clk          ; clk         ; 1.000        ; -0.422     ; 3.503      ;
; -2.930 ; timer[24]                   ; timer[28] ; clk          ; clk         ; 1.000        ; -0.422     ; 3.503      ;
; -2.930 ; timer[24]                   ; timer[30] ; clk          ; clk         ; 1.000        ; -0.422     ; 3.503      ;
; -2.930 ; timer[24]                   ; timer[31] ; clk          ; clk         ; 1.000        ; -0.422     ; 3.503      ;
; -2.927 ; timer[21]                   ; timer[19] ; clk          ; clk         ; 1.000        ; -0.422     ; 3.500      ;
; -2.927 ; timer[21]                   ; timer[20] ; clk          ; clk         ; 1.000        ; -0.422     ; 3.500      ;
+--------+-----------------------------+-----------+--------------+-------------+--------------+------------+------------+


+-----------------------------------------------------------------------------------------------------------------------------------------+
; Slow 1200mV 85C Model Hold: 'clk'                                                                                                       ;
+-------+-----------------------------+-----------------------------+--------------+-------------+--------------+------------+------------+
; Slack ; From Node                   ; To Node                     ; Launch Clock ; Latch Clock ; Relationship ; Clock Skew ; Data Delay ;
+-------+-----------------------------+-----------------------------+--------------+-------------+--------------+------------+------------+
; 0.342 ; current_state.FORWARD_2S_2  ; current_state.FORWARD_2S_2  ; clk          ; clk         ; 0.000        ; 0.078      ; 0.577      ;
; 0.342 ; current_state.FORWARD_2S    ; current_state.FORWARD_2S    ; clk          ; clk         ; 0.000        ; 0.078      ; 0.577      ;
; 0.342 ; current_state.FORWARD_2S_4  ; current_state.FORWARD_2S_4  ; clk          ; clk         ; 0.000        ; 0.078      ; 0.577      ;
; 0.342 ; current_state.FORWARD_2S_3  ; current_state.FORWARD_2S_3  ; clk          ; clk         ; 0.000        ; 0.078      ; 0.577      ;
; 0.342 ; current_state.RIGHT_200MS_3 ; current_state.RIGHT_200MS_3 ; clk          ; clk         ; 0.000        ; 0.078      ; 0.577      ;
; 0.342 ; current_state.RIGHT_200MS_4 ; current_state.RIGHT_200MS_4 ; clk          ; clk         ; 0.000        ; 0.078      ; 0.577      ;
; 0.342 ; current_state.RIGHT_200MS   ; current_state.RIGHT_200MS   ; clk          ; clk         ; 0.000        ; 0.078      ; 0.577      ;
; 0.342 ; current_state.RIGHT_200MS_2 ; current_state.RIGHT_200MS_2 ; clk          ; clk         ; 0.000        ; 0.078      ; 0.577      ;
; 0.355 ; pwm_value[0]~reg0           ; pwm_value[0]~reg0           ; clk          ; clk         ; 0.000        ; 0.065      ; 0.577      ;
; 0.355 ; left[0]~reg0                ; left[0]~reg0                ; clk          ; clk         ; 0.000        ; 0.065      ; 0.577      ;
; 0.399 ; current_state.IDLE          ; pwm_value[0]~reg0           ; clk          ; clk         ; 0.000        ; 0.065      ; 0.621      ;
; 0.402 ; current_state.IDLE          ; left[0]~reg0                ; clk          ; clk         ; 0.000        ; 0.065      ; 0.624      ;
; 0.505 ; timer[26]                   ; timer[27]                   ; clk          ; clk         ; 0.000        ; 0.422      ; 1.084      ;
; 0.521 ; timer[16]                   ; timer[17]                   ; clk          ; clk         ; 0.000        ; 0.422      ; 1.100      ;
; 0.523 ; timer[16]                   ; timer[18]                   ; clk          ; clk         ; 0.000        ; 0.422      ; 1.102      ;
; 0.537 ; timer[1]                    ; timer[1]                    ; clk          ; clk         ; 0.000        ; 0.079      ; 0.773      ;
; 0.538 ; timer[3]                    ; timer[3]                    ; clk          ; clk         ; 0.000        ; 0.079      ; 0.774      ;
; 0.538 ; timer[5]                    ; timer[5]                    ; clk          ; clk         ; 0.000        ; 0.079      ; 0.774      ;
; 0.539 ; timer[6]                    ; timer[6]                    ; clk          ; clk         ; 0.000        ; 0.079      ; 0.775      ;
; 0.539 ; timer[7]                    ; timer[7]                    ; clk          ; clk         ; 0.000        ; 0.079      ; 0.775      ;
; 0.540 ; timer[2]                    ; timer[2]                    ; clk          ; clk         ; 0.000        ; 0.079      ; 0.776      ;
; 0.540 ; timer[4]                    ; timer[4]                    ; clk          ; clk         ; 0.000        ; 0.079      ; 0.776      ;
; 0.548 ; current_state.RIGHT_200MS   ; current_state.FORWARD_2S_2  ; clk          ; clk         ; 0.000        ; 0.078      ; 0.783      ;
; 0.550 ; current_state.FORWARD_2S_4  ; current_state.RIGHT_200MS_4 ; clk          ; clk         ; 0.000        ; 0.078      ; 0.785      ;
; 0.553 ; current_state.FORWARD_2S_2  ; current_state.RIGHT_200MS_2 ; clk          ; clk         ; 0.000        ; 0.078      ; 0.788      ;
; 0.557 ; timer[17]                   ; timer[17]                   ; clk          ; clk         ; 0.000        ; 0.079      ; 0.793      ;
; 0.558 ; timer[21]                   ; timer[21]                   ; clk          ; clk         ; 0.000        ; 0.079      ; 0.794      ;
; 0.559 ; timer[0]                    ; timer[0]                    ; clk          ; clk         ; 0.000        ; 0.079      ; 0.795      ;
; 0.559 ; timer[22]                   ; timer[22]                   ; clk          ; clk         ; 0.000        ; 0.079      ; 0.795      ;
; 0.559 ; timer[23]                   ; timer[23]                   ; clk          ; clk         ; 0.000        ; 0.079      ; 0.795      ;
; 0.559 ; timer[25]                   ; timer[25]                   ; clk          ; clk         ; 0.000        ; 0.079      ; 0.795      ;
; 0.559 ; timer[27]                   ; timer[27]                   ; clk          ; clk         ; 0.000        ; 0.079      ; 0.795      ;
; 0.560 ; timer[18]                   ; timer[18]                   ; clk          ; clk         ; 0.000        ; 0.079      ; 0.796      ;
; 0.561 ; timer[24]                   ; timer[24]                   ; clk          ; clk         ; 0.000        ; 0.079      ; 0.797      ;
; 0.571 ; timer[13]                   ; timer[13]                   ; clk          ; clk         ; 0.000        ; 0.065      ; 0.793      ;
; 0.572 ; timer[9]                    ; timer[9]                    ; clk          ; clk         ; 0.000        ; 0.065      ; 0.794      ;
; 0.573 ; timer[14]                   ; timer[14]                   ; clk          ; clk         ; 0.000        ; 0.065      ; 0.795      ;
; 0.573 ; timer[29]                   ; timer[29]                   ; clk          ; clk         ; 0.000        ; 0.064      ; 0.794      ;
; 0.574 ; timer[8]                    ; timer[8]                    ; clk          ; clk         ; 0.000        ; 0.065      ; 0.796      ;
; 0.574 ; timer[10]                   ; timer[10]                   ; clk          ; clk         ; 0.000        ; 0.065      ; 0.796      ;
; 0.574 ; timer[31]                   ; timer[31]                   ; clk          ; clk         ; 0.000        ; 0.064      ; 0.795      ;
; 0.575 ; timer[30]                   ; timer[30]                   ; clk          ; clk         ; 0.000        ; 0.064      ; 0.796      ;
; 0.576 ; timer[26]                   ; timer[26]                   ; clk          ; clk         ; 0.000        ; 0.064      ; 0.797      ;
; 0.576 ; timer[28]                   ; timer[28]                   ; clk          ; clk         ; 0.000        ; 0.064      ; 0.797      ;
; 0.590 ; timer[11]                   ; timer[11]                   ; clk          ; clk         ; 0.000        ; 0.065      ; 0.812      ;
; 0.592 ; timer[16]                   ; timer[16]                   ; clk          ; clk         ; 0.000        ; 0.064      ; 0.813      ;
; 0.615 ; timer[14]                   ; timer[17]                   ; clk          ; clk         ; 0.000        ; 0.422      ; 1.194      ;
; 0.617 ; timer[14]                   ; timer[18]                   ; clk          ; clk         ; 0.000        ; 0.422      ; 1.196      ;
; 0.668 ; timer[20]                   ; timer[21]                   ; clk          ; clk         ; 0.000        ; 0.422      ; 1.247      ;
; 0.670 ; timer[20]                   ; timer[22]                   ; clk          ; clk         ; 0.000        ; 0.422      ; 1.249      ;
; 0.711 ; timer[13]                   ; timer[17]                   ; clk          ; clk         ; 0.000        ; 0.422      ; 1.290      ;
; 0.713 ; timer[13]                   ; timer[18]                   ; clk          ; clk         ; 0.000        ; 0.422      ; 1.292      ;
; 0.730 ; current_state.IDLE          ; current_state.FORWARD_2S    ; clk          ; clk         ; 0.000        ; 0.395      ; 1.282      ;
; 0.731 ; current_state.FORWARD_2S_3  ; current_state.RIGHT_200MS_3 ; clk          ; clk         ; 0.000        ; 0.078      ; 0.966      ;
; 0.736 ; current_state.RIGHT_200MS_3 ; current_state.FORWARD_2S_4  ; clk          ; clk         ; 0.000        ; 0.078      ; 0.971      ;
; 0.739 ; timer[15]                   ; timer[17]                   ; clk          ; clk         ; 0.000        ; 0.422      ; 1.318      ;
; 0.740 ; current_state.FORWARD_2S    ; current_state.RIGHT_200MS   ; clk          ; clk         ; 0.000        ; 0.078      ; 0.975      ;
; 0.741 ; timer[15]                   ; timer[18]                   ; clk          ; clk         ; 0.000        ; 0.422      ; 1.320      ;
; 0.742 ; timer[19]                   ; timer[21]                   ; clk          ; clk         ; 0.000        ; 0.422      ; 1.321      ;
; 0.745 ; timer[19]                   ; timer[22]                   ; clk          ; clk         ; 0.000        ; 0.422      ; 1.324      ;
; 0.745 ; timer[16]                   ; timer[21]                   ; clk          ; clk         ; 0.000        ; 0.422      ; 1.324      ;
; 0.747 ; timer[16]                   ; timer[22]                   ; clk          ; clk         ; 0.000        ; 0.422      ; 1.326      ;
; 0.763 ; current_state.RIGHT_200MS_2 ; current_state.FORWARD_2S_3  ; clk          ; clk         ; 0.000        ; 0.078      ; 0.998      ;
; 0.780 ; timer[20]                   ; timer[23]                   ; clk          ; clk         ; 0.000        ; 0.422      ; 1.359      ;
; 0.782 ; timer[20]                   ; timer[24]                   ; clk          ; clk         ; 0.000        ; 0.422      ; 1.361      ;
; 0.811 ; timer[1]                    ; timer[2]                    ; clk          ; clk         ; 0.000        ; 0.079      ; 1.047      ;
; 0.813 ; timer[5]                    ; timer[6]                    ; clk          ; clk         ; 0.000        ; 0.079      ; 1.049      ;
; 0.813 ; timer[3]                    ; timer[4]                    ; clk          ; clk         ; 0.000        ; 0.079      ; 1.049      ;
; 0.826 ; timer[0]                    ; timer[1]                    ; clk          ; clk         ; 0.000        ; 0.079      ; 1.062      ;
; 0.827 ; timer[2]                    ; timer[3]                    ; clk          ; clk         ; 0.000        ; 0.079      ; 1.063      ;
; 0.827 ; timer[4]                    ; timer[5]                    ; clk          ; clk         ; 0.000        ; 0.079      ; 1.063      ;
; 0.827 ; timer[6]                    ; timer[7]                    ; clk          ; clk         ; 0.000        ; 0.079      ; 1.063      ;
; 0.828 ; timer[0]                    ; timer[2]                    ; clk          ; clk         ; 0.000        ; 0.079      ; 1.064      ;
; 0.829 ; timer[4]                    ; timer[6]                    ; clk          ; clk         ; 0.000        ; 0.079      ; 1.065      ;
; 0.829 ; timer[2]                    ; timer[4]                    ; clk          ; clk         ; 0.000        ; 0.079      ; 1.065      ;
; 0.831 ; timer[17]                   ; timer[18]                   ; clk          ; clk         ; 0.000        ; 0.079      ; 1.067      ;
; 0.833 ; timer[21]                   ; timer[22]                   ; clk          ; clk         ; 0.000        ; 0.079      ; 1.069      ;
; 0.833 ; timer[23]                   ; timer[24]                   ; clk          ; clk         ; 0.000        ; 0.079      ; 1.069      ;
; 0.839 ; timer[14]                   ; timer[21]                   ; clk          ; clk         ; 0.000        ; 0.422      ; 1.418      ;
; 0.840 ; timer[10]                   ; timer[17]                   ; clk          ; clk         ; 0.000        ; 0.422      ; 1.419      ;
; 0.841 ; timer[14]                   ; timer[22]                   ; clk          ; clk         ; 0.000        ; 0.422      ; 1.420      ;
; 0.842 ; timer[10]                   ; timer[18]                   ; clk          ; clk         ; 0.000        ; 0.422      ; 1.421      ;
; 0.842 ; timer[11]                   ; timer[17]                   ; clk          ; clk         ; 0.000        ; 0.422      ; 1.421      ;
; 0.844 ; timer[11]                   ; timer[18]                   ; clk          ; clk         ; 0.000        ; 0.422      ; 1.423      ;
; 0.846 ; timer[13]                   ; timer[14]                   ; clk          ; clk         ; 0.000        ; 0.065      ; 1.068      ;
; 0.846 ; timer[9]                    ; timer[10]                   ; clk          ; clk         ; 0.000        ; 0.065      ; 1.068      ;
; 0.847 ; timer[22]                   ; timer[23]                   ; clk          ; clk         ; 0.000        ; 0.079      ; 1.083      ;
; 0.848 ; timer[29]                   ; timer[30]                   ; clk          ; clk         ; 0.000        ; 0.064      ; 1.069      ;
; 0.848 ; timer[24]                   ; timer[25]                   ; clk          ; clk         ; 0.000        ; 0.079      ; 1.084      ;
; 0.849 ; timer[22]                   ; timer[24]                   ; clk          ; clk         ; 0.000        ; 0.079      ; 1.085      ;
; 0.854 ; timer[19]                   ; timer[23]                   ; clk          ; clk         ; 0.000        ; 0.422      ; 1.433      ;
; 0.857 ; timer[19]                   ; timer[24]                   ; clk          ; clk         ; 0.000        ; 0.422      ; 1.436      ;
; 0.857 ; timer[16]                   ; timer[23]                   ; clk          ; clk         ; 0.000        ; 0.422      ; 1.436      ;
; 0.859 ; timer[16]                   ; timer[24]                   ; clk          ; clk         ; 0.000        ; 0.422      ; 1.438      ;
; 0.861 ; timer[8]                    ; timer[9]                    ; clk          ; clk         ; 0.000        ; 0.065      ; 1.083      ;
; 0.861 ; timer[10]                   ; timer[11]                   ; clk          ; clk         ; 0.000        ; 0.065      ; 1.083      ;
; 0.862 ; timer[30]                   ; timer[31]                   ; clk          ; clk         ; 0.000        ; 0.064      ; 1.083      ;
; 0.863 ; timer[14]                   ; timer[16]                   ; clk          ; clk         ; 0.000        ; 0.064      ; 1.084      ;
; 0.863 ; timer[28]                   ; timer[29]                   ; clk          ; clk         ; 0.000        ; 0.064      ; 1.084      ;
; 0.863 ; timer[8]                    ; timer[10]                   ; clk          ; clk         ; 0.000        ; 0.065      ; 1.085      ;
+-------+-----------------------------+-----------------------------+--------------+-------------+--------------+------------+------------+


+-------------------------------------------------------------------------------------------------------------+
; Slow 1200mV 85C Model Minimum Pulse Width: 'clk'                                                            ;
+--------+--------------+----------------+-----------------+-------+------------+-----------------------------+
; Slack  ; Actual Width ; Required Width ; Type            ; Clock ; Clock Edge ; Target                      ;
+--------+--------------+----------------+-----------------+-------+------------+-----------------------------+
; -3.000 ; 1.000        ; 4.000          ; Port Rate       ; clk   ; Rise       ; clk                         ;
; -1.000 ; 1.000        ; 2.000          ; Min Period      ; clk   ; Rise       ; active~reg0                 ;
; -1.000 ; 1.000        ; 2.000          ; Min Period      ; clk   ; Rise       ; current_state.FORWARD_2S    ;
; -1.000 ; 1.000        ; 2.000          ; Min Period      ; clk   ; Rise       ; current_state.FORWARD_2S_2  ;
; -1.000 ; 1.000        ; 2.000          ; Min Period      ; clk   ; Rise       ; current_state.FORWARD_2S_3  ;
; -1.000 ; 1.000        ; 2.000          ; Min Period      ; clk   ; Rise       ; current_state.FORWARD_2S_4  ;
; -1.000 ; 1.000        ; 2.000          ; Min Period      ; clk   ; Rise       ; current_state.IDLE          ;
; -1.000 ; 1.000        ; 2.000          ; Min Period      ; clk   ; Rise       ; current_state.RIGHT_200MS   ;
; -1.000 ; 1.000        ; 2.000          ; Min Period      ; clk   ; Rise       ; current_state.RIGHT_200MS_2 ;
; -1.000 ; 1.000        ; 2.000          ; Min Period      ; clk   ; Rise       ; current_state.RIGHT_200MS_3 ;
; -1.000 ; 1.000        ; 2.000          ; Min Period      ; clk   ; Rise       ; current_state.RIGHT_200MS_4 ;
; -1.000 ; 1.000        ; 2.000          ; Min Period      ; clk   ; Rise       ; left[0]~reg0                ;
; -1.000 ; 1.000        ; 2.000          ; Min Period      ; clk   ; Rise       ; pwm_value[0]~reg0           ;
; -1.000 ; 1.000        ; 2.000          ; Min Period      ; clk   ; Rise       ; pwm_value[2]~reg0           ;
; -1.000 ; 1.000        ; 2.000          ; Min Period      ; clk   ; Rise       ; right[0]~reg0               ;
; -1.000 ; 1.000        ; 2.000          ; Min Period      ; clk   ; Rise       ; timer[0]                    ;
; -1.000 ; 1.000        ; 2.000          ; Min Period      ; clk   ; Rise       ; timer[10]                   ;
; -1.000 ; 1.000        ; 2.000          ; Min Period      ; clk   ; Rise       ; timer[11]                   ;
; -1.000 ; 1.000        ; 2.000          ; Min Period      ; clk   ; Rise       ; timer[12]                   ;
; -1.000 ; 1.000        ; 2.000          ; Min Period      ; clk   ; Rise       ; timer[13]                   ;
; -1.000 ; 1.000        ; 2.000          ; Min Period      ; clk   ; Rise       ; timer[14]                   ;
; -1.000 ; 1.000        ; 2.000          ; Min Period      ; clk   ; Rise       ; timer[15]                   ;
; -1.000 ; 1.000        ; 2.000          ; Min Period      ; clk   ; Rise       ; timer[16]                   ;
; -1.000 ; 1.000        ; 2.000          ; Min Period      ; clk   ; Rise       ; timer[17]                   ;
; -1.000 ; 1.000        ; 2.000          ; Min Period      ; clk   ; Rise       ; timer[18]                   ;
; -1.000 ; 1.000        ; 2.000          ; Min Period      ; clk   ; Rise       ; timer[19]                   ;
; -1.000 ; 1.000        ; 2.000          ; Min Period      ; clk   ; Rise       ; timer[1]                    ;
; -1.000 ; 1.000        ; 2.000          ; Min Period      ; clk   ; Rise       ; timer[20]                   ;
; -1.000 ; 1.000        ; 2.000          ; Min Period      ; clk   ; Rise       ; timer[21]                   ;
; -1.000 ; 1.000        ; 2.000          ; Min Period      ; clk   ; Rise       ; timer[22]                   ;
; -1.000 ; 1.000        ; 2.000          ; Min Period      ; clk   ; Rise       ; timer[23]                   ;
; -1.000 ; 1.000        ; 2.000          ; Min Period      ; clk   ; Rise       ; timer[24]                   ;
; -1.000 ; 1.000        ; 2.000          ; Min Period      ; clk   ; Rise       ; timer[25]                   ;
; -1.000 ; 1.000        ; 2.000          ; Min Period      ; clk   ; Rise       ; timer[26]                   ;
; -1.000 ; 1.000        ; 2.000          ; Min Period      ; clk   ; Rise       ; timer[27]                   ;
; -1.000 ; 1.000        ; 2.000          ; Min Period      ; clk   ; Rise       ; timer[28]                   ;
; -1.000 ; 1.000        ; 2.000          ; Min Period      ; clk   ; Rise       ; timer[29]                   ;
; -1.000 ; 1.000        ; 2.000          ; Min Period      ; clk   ; Rise       ; timer[2]                    ;
; -1.000 ; 1.000        ; 2.000          ; Min Period      ; clk   ; Rise       ; timer[30]                   ;
; -1.000 ; 1.000        ; 2.000          ; Min Period      ; clk   ; Rise       ; timer[31]                   ;
; -1.000 ; 1.000        ; 2.000          ; Min Period      ; clk   ; Rise       ; timer[3]                    ;
; -1.000 ; 1.000        ; 2.000          ; Min Period      ; clk   ; Rise       ; timer[4]                    ;
; -1.000 ; 1.000        ; 2.000          ; Min Period      ; clk   ; Rise       ; timer[5]                    ;
; -1.000 ; 1.000        ; 2.000          ; Min Period      ; clk   ; Rise       ; timer[6]                    ;
; -1.000 ; 1.000        ; 2.000          ; Min Period      ; clk   ; Rise       ; timer[7]                    ;
; -1.000 ; 1.000        ; 2.000          ; Min Period      ; clk   ; Rise       ; timer[8]                    ;
; -1.000 ; 1.000        ; 2.000          ; Min Period      ; clk   ; Rise       ; timer[9]                    ;
; 0.192  ; 0.376        ; 0.184          ; Low Pulse Width ; clk   ; Rise       ; timer[17]                   ;
; 0.192  ; 0.376        ; 0.184          ; Low Pulse Width ; clk   ; Rise       ; timer[18]                   ;
; 0.192  ; 0.376        ; 0.184          ; Low Pulse Width ; clk   ; Rise       ; timer[21]                   ;
; 0.192  ; 0.376        ; 0.184          ; Low Pulse Width ; clk   ; Rise       ; timer[22]                   ;
; 0.192  ; 0.376        ; 0.184          ; Low Pulse Width ; clk   ; Rise       ; timer[23]                   ;
; 0.192  ; 0.376        ; 0.184          ; Low Pulse Width ; clk   ; Rise       ; timer[24]                   ;
; 0.192  ; 0.376        ; 0.184          ; Low Pulse Width ; clk   ; Rise       ; timer[25]                   ;
; 0.192  ; 0.376        ; 0.184          ; Low Pulse Width ; clk   ; Rise       ; timer[27]                   ;
; 0.193  ; 0.377        ; 0.184          ; Low Pulse Width ; clk   ; Rise       ; timer[0]                    ;
; 0.193  ; 0.377        ; 0.184          ; Low Pulse Width ; clk   ; Rise       ; timer[1]                    ;
; 0.193  ; 0.377        ; 0.184          ; Low Pulse Width ; clk   ; Rise       ; timer[2]                    ;
; 0.193  ; 0.377        ; 0.184          ; Low Pulse Width ; clk   ; Rise       ; timer[3]                    ;
; 0.193  ; 0.377        ; 0.184          ; Low Pulse Width ; clk   ; Rise       ; timer[4]                    ;
; 0.193  ; 0.377        ; 0.184          ; Low Pulse Width ; clk   ; Rise       ; timer[5]                    ;
; 0.193  ; 0.377        ; 0.184          ; Low Pulse Width ; clk   ; Rise       ; timer[6]                    ;
; 0.193  ; 0.377        ; 0.184          ; Low Pulse Width ; clk   ; Rise       ; timer[7]                    ;
; 0.206  ; 0.390        ; 0.184          ; Low Pulse Width ; clk   ; Rise       ; current_state.FORWARD_2S    ;
; 0.206  ; 0.390        ; 0.184          ; Low Pulse Width ; clk   ; Rise       ; current_state.FORWARD_2S_2  ;
; 0.206  ; 0.390        ; 0.184          ; Low Pulse Width ; clk   ; Rise       ; current_state.FORWARD_2S_3  ;
; 0.206  ; 0.390        ; 0.184          ; Low Pulse Width ; clk   ; Rise       ; current_state.FORWARD_2S_4  ;
; 0.206  ; 0.390        ; 0.184          ; Low Pulse Width ; clk   ; Rise       ; current_state.RIGHT_200MS   ;
; 0.206  ; 0.390        ; 0.184          ; Low Pulse Width ; clk   ; Rise       ; current_state.RIGHT_200MS_2 ;
; 0.206  ; 0.390        ; 0.184          ; Low Pulse Width ; clk   ; Rise       ; current_state.RIGHT_200MS_3 ;
; 0.206  ; 0.390        ; 0.184          ; Low Pulse Width ; clk   ; Rise       ; current_state.RIGHT_200MS_4 ;
; 0.210  ; 0.394        ; 0.184          ; Low Pulse Width ; clk   ; Rise       ; active~reg0                 ;
; 0.210  ; 0.394        ; 0.184          ; Low Pulse Width ; clk   ; Rise       ; right[0]~reg0               ;
; 0.210  ; 0.394        ; 0.184          ; Low Pulse Width ; clk   ; Rise       ; timer[12]                   ;
; 0.210  ; 0.394        ; 0.184          ; Low Pulse Width ; clk   ; Rise       ; timer[15]                   ;
; 0.211  ; 0.395        ; 0.184          ; Low Pulse Width ; clk   ; Rise       ; current_state.IDLE          ;
; 0.211  ; 0.395        ; 0.184          ; Low Pulse Width ; clk   ; Rise       ; left[0]~reg0                ;
; 0.211  ; 0.395        ; 0.184          ; Low Pulse Width ; clk   ; Rise       ; pwm_value[0]~reg0           ;
; 0.211  ; 0.395        ; 0.184          ; Low Pulse Width ; clk   ; Rise       ; pwm_value[2]~reg0           ;
; 0.211  ; 0.395        ; 0.184          ; Low Pulse Width ; clk   ; Rise       ; timer[10]                   ;
; 0.211  ; 0.395        ; 0.184          ; Low Pulse Width ; clk   ; Rise       ; timer[11]                   ;
; 0.211  ; 0.395        ; 0.184          ; Low Pulse Width ; clk   ; Rise       ; timer[13]                   ;
; 0.211  ; 0.395        ; 0.184          ; Low Pulse Width ; clk   ; Rise       ; timer[14]                   ;
; 0.211  ; 0.395        ; 0.184          ; Low Pulse Width ; clk   ; Rise       ; timer[16]                   ;
; 0.211  ; 0.395        ; 0.184          ; Low Pulse Width ; clk   ; Rise       ; timer[19]                   ;
; 0.211  ; 0.395        ; 0.184          ; Low Pulse Width ; clk   ; Rise       ; timer[20]                   ;
; 0.211  ; 0.395        ; 0.184          ; Low Pulse Width ; clk   ; Rise       ; timer[26]                   ;
; 0.211  ; 0.395        ; 0.184          ; Low Pulse Width ; clk   ; Rise       ; timer[28]                   ;
; 0.211  ; 0.395        ; 0.184          ; Low Pulse Width ; clk   ; Rise       ; timer[29]                   ;
; 0.211  ; 0.395        ; 0.184          ; Low Pulse Width ; clk   ; Rise       ; timer[30]                   ;
; 0.211  ; 0.395        ; 0.184          ; Low Pulse Width ; clk   ; Rise       ; timer[31]                   ;
; 0.211  ; 0.395        ; 0.184          ; Low Pulse Width ; clk   ; Rise       ; timer[8]                    ;
; 0.211  ; 0.395        ; 0.184          ; Low Pulse Width ; clk   ; Rise       ; timer[9]                    ;
; 0.326  ; 0.326        ; 0.000          ; Low Pulse Width ; clk   ; Rise       ; clk~input|o                 ;
; 0.337  ; 0.337        ; 0.000          ; Low Pulse Width ; clk   ; Rise       ; clk~inputclkctrl|inclk[0]   ;
; 0.337  ; 0.337        ; 0.000          ; Low Pulse Width ; clk   ; Rise       ; clk~inputclkctrl|outclk     ;
; 0.353  ; 0.353        ; 0.000          ; Low Pulse Width ; clk   ; Rise       ; timer[0]|clk                ;
; 0.353  ; 0.353        ; 0.000          ; Low Pulse Width ; clk   ; Rise       ; timer[17]|clk               ;
; 0.353  ; 0.353        ; 0.000          ; Low Pulse Width ; clk   ; Rise       ; timer[18]|clk               ;
; 0.353  ; 0.353        ; 0.000          ; Low Pulse Width ; clk   ; Rise       ; timer[1]|clk                ;
+--------+--------------+----------------+-----------------+-------+------------+-----------------------------+


+-----------------------------------------------------------------------+
; Setup Times                                                           ;
+-----------+------------+-------+-------+------------+-----------------+
; Data Port ; Clock Port ; Rise  ; Fall  ; Clock Edge ; Clock Reference ;
+-----------+------------+-------+-------+------------+-----------------+
; mode[*]   ; clk        ; 3.600 ; 4.086 ; Rise       ; clk             ;
;  mode[0]  ; clk        ; 3.467 ; 3.840 ; Rise       ; clk             ;
;  mode[1]  ; clk        ; 3.600 ; 4.086 ; Rise       ; clk             ;
+-----------+------------+-------+-------+------------+-----------------+


+-------------------------------------------------------------------------+
; Hold Times                                                              ;
+-----------+------------+--------+--------+------------+-----------------+
; Data Port ; Clock Port ; Rise   ; Fall   ; Clock Edge ; Clock Reference ;
+-----------+------------+--------+--------+------------+-----------------+
; mode[*]   ; clk        ; -1.391 ; -1.827 ; Rise       ; clk             ;
;  mode[0]  ; clk        ; -1.504 ; -1.893 ; Rise       ; clk             ;
;  mode[1]  ; clk        ; -1.391 ; -1.827 ; Rise       ; clk             ;
+-----------+------------+--------+--------+------------+-----------------+


+---------------------------------------------------------------------------+
; Clock to Output Times                                                     ;
+---------------+------------+-------+-------+------------+-----------------+
; Data Port     ; Clock Port ; Rise  ; Fall  ; Clock Edge ; Clock Reference ;
+---------------+------------+-------+-------+------------+-----------------+
; active        ; clk        ; 6.663 ; 6.640 ; Rise       ; clk             ;
; left[*]       ; clk        ; 5.867 ; 5.792 ; Rise       ; clk             ;
;  left[0]      ; clk        ; 5.867 ; 5.792 ; Rise       ; clk             ;
; pwm_value[*]  ; clk        ; 7.921 ; 7.975 ; Rise       ; clk             ;
;  pwm_value[0] ; clk        ; 5.896 ; 5.810 ; Rise       ; clk             ;
;  pwm_value[2] ; clk        ; 7.921 ; 7.975 ; Rise       ; clk             ;
;  pwm_value[3] ; clk        ; 5.896 ; 5.810 ; Rise       ; clk             ;
;  pwm_value[4] ; clk        ; 6.027 ; 5.934 ; Rise       ; clk             ;
;  pwm_value[5] ; clk        ; 7.921 ; 7.975 ; Rise       ; clk             ;
;  pwm_value[6] ; clk        ; 7.431 ; 7.463 ; Rise       ; clk             ;
; right[*]      ; clk        ; 6.860 ; 6.822 ; Rise       ; clk             ;
;  right[0]     ; clk        ; 5.905 ; 5.848 ; Rise       ; clk             ;
;  right[1]     ; clk        ; 6.860 ; 6.822 ; Rise       ; clk             ;
+---------------+------------+-------+-------+------------+-----------------+


+---------------------------------------------------------------------------+
; Minimum Clock to Output Times                                             ;
+---------------+------------+-------+-------+------------+-----------------+
; Data Port     ; Clock Port ; Rise  ; Fall  ; Clock Edge ; Clock Reference ;
+---------------+------------+-------+-------+------------+-----------------+
; active        ; clk        ; 6.476 ; 6.453 ; Rise       ; clk             ;
; left[*]       ; clk        ; 5.677 ; 5.601 ; Rise       ; clk             ;
;  left[0]      ; clk        ; 5.677 ; 5.601 ; Rise       ; clk             ;
; pwm_value[*]  ; clk        ; 5.708 ; 5.621 ; Rise       ; clk             ;
;  pwm_value[0] ; clk        ; 5.708 ; 5.621 ; Rise       ; clk             ;
;  pwm_value[2] ; clk        ; 7.649 ; 7.705 ; Rise       ; clk             ;
;  pwm_value[3] ; clk        ; 5.708 ; 5.621 ; Rise       ; clk             ;
;  pwm_value[4] ; clk        ; 5.831 ; 5.738 ; Rise       ; clk             ;
;  pwm_value[5] ; clk        ; 7.649 ; 7.705 ; Rise       ; clk             ;
;  pwm_value[6] ; clk        ; 7.174 ; 7.209 ; Rise       ; clk             ;
; right[*]      ; clk        ; 5.714 ; 5.656 ; Rise       ; clk             ;
;  right[0]     ; clk        ; 5.714 ; 5.656 ; Rise       ; clk             ;
;  right[1]     ; clk        ; 6.664 ; 6.626 ; Rise       ; clk             ;
+---------------+------------+-------+-------+------------+-----------------+


----------------------------------------------
; Slow 1200mV 85C Model Metastability Report ;
----------------------------------------------
No synchronizer chains to report.


+-----------------------------------------------------------------------------------------------------------+
; Slow 1200mV 0C Model Fmax Summary                                                                         ;
+------------+-----------------+------------+---------------------------------------------------------------+
; Fmax       ; Restricted Fmax ; Clock Name ; Note                                                          ;
+------------+-----------------+------------+---------------------------------------------------------------+
; 264.13 MHz ; 250.0 MHz       ; clk        ; limit due to minimum period restriction (max I/O toggle rate) ;
+------------+-----------------+------------+---------------------------------------------------------------+
This panel reports FMAX for every clock in the design, regardless of the user-specified clock periods.  FMAX is only computed for paths where the source and destination registers or ports are driven by the same clock.  Paths of different clocks, including generated clocks, are ignored.  For paths between a clock and its inversion, FMAX is computed as if the rising and falling edges are scaled along with FMAX, such that the duty cycle (in terms of a percentage) is maintained. Altera recommends that you always use clock constraints and other slack reports for sign-off analysis.


+------------------------------------+
; Slow 1200mV 0C Model Setup Summary ;
+-------+--------+-------------------+
; Clock ; Slack  ; End Point TNS     ;
+-------+--------+-------------------+
; clk   ; -2.786 ; -101.096          ;
+-------+--------+-------------------+


+-----------------------------------+
; Slow 1200mV 0C Model Hold Summary ;
+-------+-------+-------------------+
; Clock ; Slack ; End Point TNS     ;
+-------+-------+-------------------+
; clk   ; 0.297 ; 0.000             ;
+-------+-------+-------------------+


-----------------------------------------
; Slow 1200mV 0C Model Recovery Summary ;
-----------------------------------------
No paths to report.


----------------------------------------
; Slow 1200mV 0C Model Removal Summary ;
----------------------------------------
No paths to report.


+--------------------------------------------------+
; Slow 1200mV 0C Model Minimum Pulse Width Summary ;
+-------+--------+---------------------------------+
; Clock ; Slack  ; End Point TNS                   ;
+-------+--------+---------------------------------+
; clk   ; -3.000 ; -49.000                         ;
+-------+--------+---------------------------------+


+------------------------------------------------------------------------------------------------------------------------+
; Slow 1200mV 0C Model Setup: 'clk'                                                                                      ;
+--------+-----------------------------+-----------+--------------+-------------+--------------+------------+------------+
; Slack  ; From Node                   ; To Node   ; Launch Clock ; Latch Clock ; Relationship ; Clock Skew ; Data Delay ;
+--------+-----------------------------+-----------+--------------+-------------+--------------+------------+------------+
; -2.786 ; timer[18]                   ; timer[26] ; clk          ; clk         ; 1.000        ; -0.384     ; 3.397      ;
; -2.786 ; timer[18]                   ; timer[16] ; clk          ; clk         ; 1.000        ; -0.384     ; 3.397      ;
; -2.786 ; timer[18]                   ; timer[29] ; clk          ; clk         ; 1.000        ; -0.384     ; 3.397      ;
; -2.786 ; timer[18]                   ; timer[28] ; clk          ; clk         ; 1.000        ; -0.384     ; 3.397      ;
; -2.786 ; timer[18]                   ; timer[30] ; clk          ; clk         ; 1.000        ; -0.384     ; 3.397      ;
; -2.786 ; timer[18]                   ; timer[31] ; clk          ; clk         ; 1.000        ; -0.384     ; 3.397      ;
; -2.736 ; timer[16]                   ; timer[26] ; clk          ; clk         ; 1.000        ; -0.057     ; 3.674      ;
; -2.736 ; timer[16]                   ; timer[16] ; clk          ; clk         ; 1.000        ; -0.057     ; 3.674      ;
; -2.736 ; timer[16]                   ; timer[29] ; clk          ; clk         ; 1.000        ; -0.057     ; 3.674      ;
; -2.736 ; timer[16]                   ; timer[28] ; clk          ; clk         ; 1.000        ; -0.057     ; 3.674      ;
; -2.736 ; timer[16]                   ; timer[30] ; clk          ; clk         ; 1.000        ; -0.057     ; 3.674      ;
; -2.736 ; timer[16]                   ; timer[31] ; clk          ; clk         ; 1.000        ; -0.057     ; 3.674      ;
; -2.724 ; timer[23]                   ; timer[26] ; clk          ; clk         ; 1.000        ; -0.384     ; 3.335      ;
; -2.724 ; timer[23]                   ; timer[16] ; clk          ; clk         ; 1.000        ; -0.384     ; 3.335      ;
; -2.724 ; timer[23]                   ; timer[29] ; clk          ; clk         ; 1.000        ; -0.384     ; 3.335      ;
; -2.724 ; timer[23]                   ; timer[28] ; clk          ; clk         ; 1.000        ; -0.384     ; 3.335      ;
; -2.724 ; timer[23]                   ; timer[30] ; clk          ; clk         ; 1.000        ; -0.384     ; 3.335      ;
; -2.724 ; timer[23]                   ; timer[31] ; clk          ; clk         ; 1.000        ; -0.384     ; 3.335      ;
; -2.714 ; timer[21]                   ; timer[26] ; clk          ; clk         ; 1.000        ; -0.384     ; 3.325      ;
; -2.714 ; timer[21]                   ; timer[16] ; clk          ; clk         ; 1.000        ; -0.384     ; 3.325      ;
; -2.714 ; timer[21]                   ; timer[29] ; clk          ; clk         ; 1.000        ; -0.384     ; 3.325      ;
; -2.714 ; timer[21]                   ; timer[28] ; clk          ; clk         ; 1.000        ; -0.384     ; 3.325      ;
; -2.714 ; timer[21]                   ; timer[30] ; clk          ; clk         ; 1.000        ; -0.384     ; 3.325      ;
; -2.714 ; timer[21]                   ; timer[31] ; clk          ; clk         ; 1.000        ; -0.384     ; 3.325      ;
; -2.706 ; timer[27]                   ; timer[26] ; clk          ; clk         ; 1.000        ; -0.384     ; 3.317      ;
; -2.706 ; timer[27]                   ; timer[16] ; clk          ; clk         ; 1.000        ; -0.384     ; 3.317      ;
; -2.706 ; timer[27]                   ; timer[29] ; clk          ; clk         ; 1.000        ; -0.384     ; 3.317      ;
; -2.706 ; timer[27]                   ; timer[28] ; clk          ; clk         ; 1.000        ; -0.384     ; 3.317      ;
; -2.706 ; timer[27]                   ; timer[30] ; clk          ; clk         ; 1.000        ; -0.384     ; 3.317      ;
; -2.706 ; timer[27]                   ; timer[31] ; clk          ; clk         ; 1.000        ; -0.384     ; 3.317      ;
; -2.682 ; timer[28]                   ; timer[26] ; clk          ; clk         ; 1.000        ; -0.057     ; 3.620      ;
; -2.682 ; timer[28]                   ; timer[16] ; clk          ; clk         ; 1.000        ; -0.057     ; 3.620      ;
; -2.682 ; timer[28]                   ; timer[29] ; clk          ; clk         ; 1.000        ; -0.057     ; 3.620      ;
; -2.682 ; timer[28]                   ; timer[28] ; clk          ; clk         ; 1.000        ; -0.057     ; 3.620      ;
; -2.682 ; timer[28]                   ; timer[30] ; clk          ; clk         ; 1.000        ; -0.057     ; 3.620      ;
; -2.682 ; timer[28]                   ; timer[31] ; clk          ; clk         ; 1.000        ; -0.057     ; 3.620      ;
; -2.638 ; timer[18]                   ; timer[19] ; clk          ; clk         ; 1.000        ; -0.384     ; 3.249      ;
; -2.638 ; timer[18]                   ; timer[20] ; clk          ; clk         ; 1.000        ; -0.384     ; 3.249      ;
; -2.634 ; timer[22]                   ; timer[26] ; clk          ; clk         ; 1.000        ; -0.384     ; 3.245      ;
; -2.634 ; timer[22]                   ; timer[16] ; clk          ; clk         ; 1.000        ; -0.384     ; 3.245      ;
; -2.634 ; timer[22]                   ; timer[29] ; clk          ; clk         ; 1.000        ; -0.384     ; 3.245      ;
; -2.634 ; timer[22]                   ; timer[28] ; clk          ; clk         ; 1.000        ; -0.384     ; 3.245      ;
; -2.634 ; timer[22]                   ; timer[30] ; clk          ; clk         ; 1.000        ; -0.384     ; 3.245      ;
; -2.634 ; timer[22]                   ; timer[31] ; clk          ; clk         ; 1.000        ; -0.384     ; 3.245      ;
; -2.605 ; current_state.RIGHT_200MS   ; timer[26] ; clk          ; clk         ; 1.000        ; -0.358     ; 3.242      ;
; -2.605 ; current_state.RIGHT_200MS   ; timer[16] ; clk          ; clk         ; 1.000        ; -0.358     ; 3.242      ;
; -2.605 ; current_state.RIGHT_200MS   ; timer[29] ; clk          ; clk         ; 1.000        ; -0.358     ; 3.242      ;
; -2.605 ; current_state.RIGHT_200MS   ; timer[28] ; clk          ; clk         ; 1.000        ; -0.358     ; 3.242      ;
; -2.605 ; current_state.RIGHT_200MS   ; timer[30] ; clk          ; clk         ; 1.000        ; -0.358     ; 3.242      ;
; -2.605 ; current_state.RIGHT_200MS   ; timer[31] ; clk          ; clk         ; 1.000        ; -0.358     ; 3.242      ;
; -2.598 ; current_state.RIGHT_200MS_4 ; timer[26] ; clk          ; clk         ; 1.000        ; -0.358     ; 3.235      ;
; -2.598 ; current_state.RIGHT_200MS_4 ; timer[16] ; clk          ; clk         ; 1.000        ; -0.358     ; 3.235      ;
; -2.598 ; current_state.RIGHT_200MS_4 ; timer[29] ; clk          ; clk         ; 1.000        ; -0.358     ; 3.235      ;
; -2.598 ; current_state.RIGHT_200MS_4 ; timer[28] ; clk          ; clk         ; 1.000        ; -0.358     ; 3.235      ;
; -2.598 ; current_state.RIGHT_200MS_4 ; timer[30] ; clk          ; clk         ; 1.000        ; -0.358     ; 3.235      ;
; -2.598 ; current_state.RIGHT_200MS_4 ; timer[31] ; clk          ; clk         ; 1.000        ; -0.358     ; 3.235      ;
; -2.597 ; timer[18]                   ; timer[11] ; clk          ; clk         ; 1.000        ; -0.384     ; 3.208      ;
; -2.597 ; timer[18]                   ; timer[8]  ; clk          ; clk         ; 1.000        ; -0.384     ; 3.208      ;
; -2.597 ; timer[18]                   ; timer[9]  ; clk          ; clk         ; 1.000        ; -0.384     ; 3.208      ;
; -2.597 ; timer[18]                   ; timer[10] ; clk          ; clk         ; 1.000        ; -0.384     ; 3.208      ;
; -2.597 ; timer[18]                   ; timer[13] ; clk          ; clk         ; 1.000        ; -0.384     ; 3.208      ;
; -2.597 ; timer[18]                   ; timer[14] ; clk          ; clk         ; 1.000        ; -0.384     ; 3.208      ;
; -2.593 ; timer[19]                   ; timer[26] ; clk          ; clk         ; 1.000        ; -0.058     ; 3.530      ;
; -2.593 ; timer[19]                   ; timer[16] ; clk          ; clk         ; 1.000        ; -0.058     ; 3.530      ;
; -2.593 ; timer[19]                   ; timer[29] ; clk          ; clk         ; 1.000        ; -0.058     ; 3.530      ;
; -2.593 ; timer[19]                   ; timer[28] ; clk          ; clk         ; 1.000        ; -0.058     ; 3.530      ;
; -2.593 ; timer[19]                   ; timer[30] ; clk          ; clk         ; 1.000        ; -0.058     ; 3.530      ;
; -2.593 ; timer[19]                   ; timer[31] ; clk          ; clk         ; 1.000        ; -0.058     ; 3.530      ;
; -2.588 ; timer[16]                   ; timer[19] ; clk          ; clk         ; 1.000        ; -0.057     ; 3.526      ;
; -2.588 ; timer[16]                   ; timer[20] ; clk          ; clk         ; 1.000        ; -0.057     ; 3.526      ;
; -2.586 ; timer[30]                   ; timer[26] ; clk          ; clk         ; 1.000        ; -0.057     ; 3.524      ;
; -2.586 ; timer[30]                   ; timer[16] ; clk          ; clk         ; 1.000        ; -0.057     ; 3.524      ;
; -2.586 ; timer[30]                   ; timer[29] ; clk          ; clk         ; 1.000        ; -0.057     ; 3.524      ;
; -2.586 ; timer[30]                   ; timer[28] ; clk          ; clk         ; 1.000        ; -0.057     ; 3.524      ;
; -2.586 ; timer[30]                   ; timer[30] ; clk          ; clk         ; 1.000        ; -0.057     ; 3.524      ;
; -2.586 ; timer[30]                   ; timer[31] ; clk          ; clk         ; 1.000        ; -0.057     ; 3.524      ;
; -2.586 ; timer[25]                   ; timer[26] ; clk          ; clk         ; 1.000        ; -0.384     ; 3.197      ;
; -2.586 ; timer[25]                   ; timer[16] ; clk          ; clk         ; 1.000        ; -0.384     ; 3.197      ;
; -2.586 ; timer[25]                   ; timer[29] ; clk          ; clk         ; 1.000        ; -0.384     ; 3.197      ;
; -2.586 ; timer[25]                   ; timer[28] ; clk          ; clk         ; 1.000        ; -0.384     ; 3.197      ;
; -2.586 ; timer[25]                   ; timer[30] ; clk          ; clk         ; 1.000        ; -0.384     ; 3.197      ;
; -2.586 ; timer[25]                   ; timer[31] ; clk          ; clk         ; 1.000        ; -0.384     ; 3.197      ;
; -2.576 ; timer[17]                   ; timer[26] ; clk          ; clk         ; 1.000        ; -0.384     ; 3.187      ;
; -2.576 ; timer[17]                   ; timer[16] ; clk          ; clk         ; 1.000        ; -0.384     ; 3.187      ;
; -2.576 ; timer[17]                   ; timer[29] ; clk          ; clk         ; 1.000        ; -0.384     ; 3.187      ;
; -2.576 ; timer[17]                   ; timer[28] ; clk          ; clk         ; 1.000        ; -0.384     ; 3.187      ;
; -2.576 ; timer[17]                   ; timer[30] ; clk          ; clk         ; 1.000        ; -0.384     ; 3.187      ;
; -2.576 ; timer[17]                   ; timer[31] ; clk          ; clk         ; 1.000        ; -0.384     ; 3.187      ;
; -2.576 ; timer[23]                   ; timer[19] ; clk          ; clk         ; 1.000        ; -0.384     ; 3.187      ;
; -2.576 ; timer[23]                   ; timer[20] ; clk          ; clk         ; 1.000        ; -0.384     ; 3.187      ;
; -2.566 ; timer[21]                   ; timer[19] ; clk          ; clk         ; 1.000        ; -0.384     ; 3.177      ;
; -2.566 ; timer[21]                   ; timer[20] ; clk          ; clk         ; 1.000        ; -0.384     ; 3.177      ;
; -2.561 ; timer[24]                   ; timer[26] ; clk          ; clk         ; 1.000        ; -0.384     ; 3.172      ;
; -2.561 ; timer[24]                   ; timer[16] ; clk          ; clk         ; 1.000        ; -0.384     ; 3.172      ;
; -2.561 ; timer[24]                   ; timer[29] ; clk          ; clk         ; 1.000        ; -0.384     ; 3.172      ;
; -2.561 ; timer[24]                   ; timer[28] ; clk          ; clk         ; 1.000        ; -0.384     ; 3.172      ;
; -2.561 ; timer[24]                   ; timer[30] ; clk          ; clk         ; 1.000        ; -0.384     ; 3.172      ;
; -2.561 ; timer[24]                   ; timer[31] ; clk          ; clk         ; 1.000        ; -0.384     ; 3.172      ;
; -2.558 ; timer[27]                   ; timer[19] ; clk          ; clk         ; 1.000        ; -0.384     ; 3.169      ;
; -2.558 ; timer[27]                   ; timer[20] ; clk          ; clk         ; 1.000        ; -0.384     ; 3.169      ;
+--------+-----------------------------+-----------+--------------+-------------+--------------+------------+------------+


+-----------------------------------------------------------------------------------------------------------------------------------------+
; Slow 1200mV 0C Model Hold: 'clk'                                                                                                        ;
+-------+-----------------------------+-----------------------------+--------------+-------------+--------------+------------+------------+
; Slack ; From Node                   ; To Node                     ; Launch Clock ; Latch Clock ; Relationship ; Clock Skew ; Data Delay ;
+-------+-----------------------------+-----------------------------+--------------+-------------+--------------+------------+------------+
; 0.297 ; current_state.FORWARD_2S_2  ; current_state.FORWARD_2S_2  ; clk          ; clk         ; 0.000        ; 0.070      ; 0.511      ;
; 0.297 ; current_state.FORWARD_2S    ; current_state.FORWARD_2S    ; clk          ; clk         ; 0.000        ; 0.070      ; 0.511      ;
; 0.297 ; current_state.FORWARD_2S_4  ; current_state.FORWARD_2S_4  ; clk          ; clk         ; 0.000        ; 0.070      ; 0.511      ;
; 0.297 ; current_state.FORWARD_2S_3  ; current_state.FORWARD_2S_3  ; clk          ; clk         ; 0.000        ; 0.070      ; 0.511      ;
; 0.297 ; current_state.RIGHT_200MS_3 ; current_state.RIGHT_200MS_3 ; clk          ; clk         ; 0.000        ; 0.070      ; 0.511      ;
; 0.297 ; current_state.RIGHT_200MS_4 ; current_state.RIGHT_200MS_4 ; clk          ; clk         ; 0.000        ; 0.070      ; 0.511      ;
; 0.297 ; current_state.RIGHT_200MS   ; current_state.RIGHT_200MS   ; clk          ; clk         ; 0.000        ; 0.070      ; 0.511      ;
; 0.297 ; current_state.RIGHT_200MS_2 ; current_state.RIGHT_200MS_2 ; clk          ; clk         ; 0.000        ; 0.070      ; 0.511      ;
; 0.309 ; pwm_value[0]~reg0           ; pwm_value[0]~reg0           ; clk          ; clk         ; 0.000        ; 0.058      ; 0.511      ;
; 0.309 ; left[0]~reg0                ; left[0]~reg0                ; clk          ; clk         ; 0.000        ; 0.058      ; 0.511      ;
; 0.355 ; current_state.IDLE          ; pwm_value[0]~reg0           ; clk          ; clk         ; 0.000        ; 0.058      ; 0.557      ;
; 0.364 ; current_state.IDLE          ; left[0]~reg0                ; clk          ; clk         ; 0.000        ; 0.058      ; 0.566      ;
; 0.442 ; timer[26]                   ; timer[27]                   ; clk          ; clk         ; 0.000        ; 0.384      ; 0.970      ;
; 0.457 ; timer[16]                   ; timer[17]                   ; clk          ; clk         ; 0.000        ; 0.384      ; 0.985      ;
; 0.464 ; timer[16]                   ; timer[18]                   ; clk          ; clk         ; 0.000        ; 0.384      ; 0.992      ;
; 0.485 ; timer[1]                    ; timer[1]                    ; clk          ; clk         ; 0.000        ; 0.070      ; 0.699      ;
; 0.485 ; timer[3]                    ; timer[3]                    ; clk          ; clk         ; 0.000        ; 0.070      ; 0.699      ;
; 0.486 ; timer[5]                    ; timer[5]                    ; clk          ; clk         ; 0.000        ; 0.070      ; 0.700      ;
; 0.487 ; timer[6]                    ; timer[6]                    ; clk          ; clk         ; 0.000        ; 0.070      ; 0.701      ;
; 0.487 ; timer[7]                    ; timer[7]                    ; clk          ; clk         ; 0.000        ; 0.070      ; 0.701      ;
; 0.488 ; timer[2]                    ; timer[2]                    ; clk          ; clk         ; 0.000        ; 0.070      ; 0.702      ;
; 0.488 ; timer[4]                    ; timer[4]                    ; clk          ; clk         ; 0.000        ; 0.070      ; 0.702      ;
; 0.494 ; current_state.RIGHT_200MS   ; current_state.FORWARD_2S_2  ; clk          ; clk         ; 0.000        ; 0.070      ; 0.708      ;
; 0.496 ; current_state.FORWARD_2S_4  ; current_state.RIGHT_200MS_4 ; clk          ; clk         ; 0.000        ; 0.070      ; 0.710      ;
; 0.499 ; current_state.FORWARD_2S_2  ; current_state.RIGHT_200MS_2 ; clk          ; clk         ; 0.000        ; 0.070      ; 0.713      ;
; 0.503 ; timer[0]                    ; timer[0]                    ; clk          ; clk         ; 0.000        ; 0.070      ; 0.717      ;
; 0.503 ; timer[17]                   ; timer[17]                   ; clk          ; clk         ; 0.000        ; 0.070      ; 0.717      ;
; 0.504 ; timer[21]                   ; timer[21]                   ; clk          ; clk         ; 0.000        ; 0.070      ; 0.718      ;
; 0.504 ; timer[27]                   ; timer[27]                   ; clk          ; clk         ; 0.000        ; 0.070      ; 0.718      ;
; 0.505 ; timer[22]                   ; timer[22]                   ; clk          ; clk         ; 0.000        ; 0.070      ; 0.719      ;
; 0.505 ; timer[23]                   ; timer[23]                   ; clk          ; clk         ; 0.000        ; 0.070      ; 0.719      ;
; 0.505 ; timer[25]                   ; timer[25]                   ; clk          ; clk         ; 0.000        ; 0.070      ; 0.719      ;
; 0.505 ; timer[18]                   ; timer[18]                   ; clk          ; clk         ; 0.000        ; 0.070      ; 0.719      ;
; 0.507 ; timer[24]                   ; timer[24]                   ; clk          ; clk         ; 0.000        ; 0.070      ; 0.721      ;
; 0.515 ; timer[13]                   ; timer[13]                   ; clk          ; clk         ; 0.000        ; 0.058      ; 0.717      ;
; 0.516 ; timer[9]                    ; timer[9]                    ; clk          ; clk         ; 0.000        ; 0.058      ; 0.718      ;
; 0.517 ; timer[14]                   ; timer[14]                   ; clk          ; clk         ; 0.000        ; 0.058      ; 0.719      ;
; 0.517 ; timer[29]                   ; timer[29]                   ; clk          ; clk         ; 0.000        ; 0.057      ; 0.718      ;
; 0.517 ; timer[31]                   ; timer[31]                   ; clk          ; clk         ; 0.000        ; 0.057      ; 0.718      ;
; 0.518 ; timer[8]                    ; timer[8]                    ; clk          ; clk         ; 0.000        ; 0.058      ; 0.720      ;
; 0.518 ; timer[10]                   ; timer[10]                   ; clk          ; clk         ; 0.000        ; 0.058      ; 0.720      ;
; 0.519 ; timer[30]                   ; timer[30]                   ; clk          ; clk         ; 0.000        ; 0.057      ; 0.720      ;
; 0.520 ; timer[26]                   ; timer[26]                   ; clk          ; clk         ; 0.000        ; 0.057      ; 0.721      ;
; 0.520 ; timer[28]                   ; timer[28]                   ; clk          ; clk         ; 0.000        ; 0.057      ; 0.721      ;
; 0.532 ; timer[11]                   ; timer[11]                   ; clk          ; clk         ; 0.000        ; 0.058      ; 0.734      ;
; 0.535 ; timer[16]                   ; timer[16]                   ; clk          ; clk         ; 0.000        ; 0.057      ; 0.736      ;
; 0.536 ; timer[14]                   ; timer[17]                   ; clk          ; clk         ; 0.000        ; 0.384      ; 1.064      ;
; 0.543 ; timer[14]                   ; timer[18]                   ; clk          ; clk         ; 0.000        ; 0.384      ; 1.071      ;
; 0.597 ; timer[20]                   ; timer[21]                   ; clk          ; clk         ; 0.000        ; 0.384      ; 1.125      ;
; 0.604 ; timer[20]                   ; timer[22]                   ; clk          ; clk         ; 0.000        ; 0.384      ; 1.132      ;
; 0.618 ; timer[13]                   ; timer[17]                   ; clk          ; clk         ; 0.000        ; 0.384      ; 1.146      ;
; 0.625 ; timer[13]                   ; timer[18]                   ; clk          ; clk         ; 0.000        ; 0.384      ; 1.153      ;
; 0.647 ; timer[15]                   ; timer[17]                   ; clk          ; clk         ; 0.000        ; 0.383      ; 1.174      ;
; 0.649 ; timer[16]                   ; timer[21]                   ; clk          ; clk         ; 0.000        ; 0.384      ; 1.177      ;
; 0.650 ; timer[19]                   ; timer[21]                   ; clk          ; clk         ; 0.000        ; 0.384      ; 1.178      ;
; 0.656 ; timer[16]                   ; timer[22]                   ; clk          ; clk         ; 0.000        ; 0.384      ; 1.184      ;
; 0.664 ; current_state.IDLE          ; current_state.FORWARD_2S    ; clk          ; clk         ; 0.000        ; 0.358      ; 1.166      ;
; 0.664 ; timer[15]                   ; timer[18]                   ; clk          ; clk         ; 0.000        ; 0.383      ; 1.191      ;
; 0.665 ; current_state.FORWARD_2S_3  ; current_state.RIGHT_200MS_3 ; clk          ; clk         ; 0.000        ; 0.070      ; 0.879      ;
; 0.667 ; current_state.RIGHT_200MS_3 ; current_state.FORWARD_2S_4  ; clk          ; clk         ; 0.000        ; 0.070      ; 0.881      ;
; 0.668 ; timer[19]                   ; timer[22]                   ; clk          ; clk         ; 0.000        ; 0.384      ; 1.196      ;
; 0.672 ; current_state.FORWARD_2S    ; current_state.RIGHT_200MS   ; clk          ; clk         ; 0.000        ; 0.070      ; 0.886      ;
; 0.693 ; timer[20]                   ; timer[23]                   ; clk          ; clk         ; 0.000        ; 0.384      ; 1.221      ;
; 0.696 ; current_state.RIGHT_200MS_2 ; current_state.FORWARD_2S_3  ; clk          ; clk         ; 0.000        ; 0.070      ; 0.910      ;
; 0.700 ; timer[20]                   ; timer[24]                   ; clk          ; clk         ; 0.000        ; 0.384      ; 1.228      ;
; 0.728 ; timer[14]                   ; timer[21]                   ; clk          ; clk         ; 0.000        ; 0.384      ; 1.256      ;
; 0.729 ; timer[3]                    ; timer[4]                    ; clk          ; clk         ; 0.000        ; 0.070      ; 0.943      ;
; 0.729 ; timer[10]                   ; timer[17]                   ; clk          ; clk         ; 0.000        ; 0.384      ; 1.257      ;
; 0.730 ; timer[5]                    ; timer[6]                    ; clk          ; clk         ; 0.000        ; 0.070      ; 0.944      ;
; 0.730 ; timer[1]                    ; timer[2]                    ; clk          ; clk         ; 0.000        ; 0.070      ; 0.944      ;
; 0.731 ; timer[11]                   ; timer[17]                   ; clk          ; clk         ; 0.000        ; 0.384      ; 1.259      ;
; 0.735 ; timer[14]                   ; timer[22]                   ; clk          ; clk         ; 0.000        ; 0.384      ; 1.263      ;
; 0.736 ; timer[0]                    ; timer[1]                    ; clk          ; clk         ; 0.000        ; 0.070      ; 0.950      ;
; 0.736 ; timer[6]                    ; timer[7]                    ; clk          ; clk         ; 0.000        ; 0.070      ; 0.950      ;
; 0.736 ; timer[10]                   ; timer[18]                   ; clk          ; clk         ; 0.000        ; 0.384      ; 1.264      ;
; 0.737 ; timer[2]                    ; timer[3]                    ; clk          ; clk         ; 0.000        ; 0.070      ; 0.951      ;
; 0.737 ; timer[4]                    ; timer[5]                    ; clk          ; clk         ; 0.000        ; 0.070      ; 0.951      ;
; 0.738 ; timer[11]                   ; timer[18]                   ; clk          ; clk         ; 0.000        ; 0.384      ; 1.266      ;
; 0.743 ; timer[0]                    ; timer[2]                    ; clk          ; clk         ; 0.000        ; 0.070      ; 0.957      ;
; 0.744 ; timer[2]                    ; timer[4]                    ; clk          ; clk         ; 0.000        ; 0.070      ; 0.958      ;
; 0.744 ; timer[4]                    ; timer[6]                    ; clk          ; clk         ; 0.000        ; 0.070      ; 0.958      ;
; 0.745 ; timer[16]                   ; timer[23]                   ; clk          ; clk         ; 0.000        ; 0.384      ; 1.273      ;
; 0.746 ; timer[19]                   ; timer[23]                   ; clk          ; clk         ; 0.000        ; 0.384      ; 1.274      ;
; 0.748 ; timer[17]                   ; timer[18]                   ; clk          ; clk         ; 0.000        ; 0.070      ; 0.962      ;
; 0.748 ; timer[21]                   ; timer[22]                   ; clk          ; clk         ; 0.000        ; 0.070      ; 0.962      ;
; 0.750 ; timer[23]                   ; timer[24]                   ; clk          ; clk         ; 0.000        ; 0.070      ; 0.964      ;
; 0.752 ; timer[16]                   ; timer[24]                   ; clk          ; clk         ; 0.000        ; 0.384      ; 1.280      ;
; 0.754 ; timer[22]                   ; timer[23]                   ; clk          ; clk         ; 0.000        ; 0.070      ; 0.968      ;
; 0.756 ; timer[24]                   ; timer[25]                   ; clk          ; clk         ; 0.000        ; 0.070      ; 0.970      ;
; 0.759 ; timer[13]                   ; timer[14]                   ; clk          ; clk         ; 0.000        ; 0.058      ; 0.961      ;
; 0.761 ; timer[9]                    ; timer[10]                   ; clk          ; clk         ; 0.000        ; 0.058      ; 0.963      ;
; 0.761 ; timer[29]                   ; timer[30]                   ; clk          ; clk         ; 0.000        ; 0.057      ; 0.962      ;
; 0.761 ; timer[22]                   ; timer[24]                   ; clk          ; clk         ; 0.000        ; 0.070      ; 0.975      ;
; 0.764 ; timer[19]                   ; timer[24]                   ; clk          ; clk         ; 0.000        ; 0.384      ; 1.292      ;
; 0.767 ; timer[8]                    ; timer[9]                    ; clk          ; clk         ; 0.000        ; 0.058      ; 0.969      ;
; 0.767 ; timer[10]                   ; timer[11]                   ; clk          ; clk         ; 0.000        ; 0.058      ; 0.969      ;
; 0.768 ; timer[30]                   ; timer[31]                   ; clk          ; clk         ; 0.000        ; 0.057      ; 0.969      ;
; 0.769 ; timer[28]                   ; timer[29]                   ; clk          ; clk         ; 0.000        ; 0.057      ; 0.970      ;
; 0.770 ; timer[12]                   ; timer[17]                   ; clk          ; clk         ; 0.000        ; 0.383      ; 1.297      ;
; 0.774 ; timer[14]                   ; timer[16]                   ; clk          ; clk         ; 0.000        ; 0.057      ; 0.975      ;
+-------+-----------------------------+-----------------------------+--------------+-------------+--------------+------------+------------+


+-------------------------------------------------------------------------------------------------------------+
; Slow 1200mV 0C Model Minimum Pulse Width: 'clk'                                                             ;
+--------+--------------+----------------+-----------------+-------+------------+-----------------------------+
; Slack  ; Actual Width ; Required Width ; Type            ; Clock ; Clock Edge ; Target                      ;
+--------+--------------+----------------+-----------------+-------+------------+-----------------------------+
; -3.000 ; 1.000        ; 4.000          ; Port Rate       ; clk   ; Rise       ; clk                         ;
; -1.000 ; 1.000        ; 2.000          ; Min Period      ; clk   ; Rise       ; active~reg0                 ;
; -1.000 ; 1.000        ; 2.000          ; Min Period      ; clk   ; Rise       ; current_state.FORWARD_2S    ;
; -1.000 ; 1.000        ; 2.000          ; Min Period      ; clk   ; Rise       ; current_state.FORWARD_2S_2  ;
; -1.000 ; 1.000        ; 2.000          ; Min Period      ; clk   ; Rise       ; current_state.FORWARD_2S_3  ;
; -1.000 ; 1.000        ; 2.000          ; Min Period      ; clk   ; Rise       ; current_state.FORWARD_2S_4  ;
; -1.000 ; 1.000        ; 2.000          ; Min Period      ; clk   ; Rise       ; current_state.IDLE          ;
; -1.000 ; 1.000        ; 2.000          ; Min Period      ; clk   ; Rise       ; current_state.RIGHT_200MS   ;
; -1.000 ; 1.000        ; 2.000          ; Min Period      ; clk   ; Rise       ; current_state.RIGHT_200MS_2 ;
; -1.000 ; 1.000        ; 2.000          ; Min Period      ; clk   ; Rise       ; current_state.RIGHT_200MS_3 ;
; -1.000 ; 1.000        ; 2.000          ; Min Period      ; clk   ; Rise       ; current_state.RIGHT_200MS_4 ;
; -1.000 ; 1.000        ; 2.000          ; Min Period      ; clk   ; Rise       ; left[0]~reg0                ;
; -1.000 ; 1.000        ; 2.000          ; Min Period      ; clk   ; Rise       ; pwm_value[0]~reg0           ;
; -1.000 ; 1.000        ; 2.000          ; Min Period      ; clk   ; Rise       ; pwm_value[2]~reg0           ;
; -1.000 ; 1.000        ; 2.000          ; Min Period      ; clk   ; Rise       ; right[0]~reg0               ;
; -1.000 ; 1.000        ; 2.000          ; Min Period      ; clk   ; Rise       ; timer[0]                    ;
; -1.000 ; 1.000        ; 2.000          ; Min Period      ; clk   ; Rise       ; timer[10]                   ;
; -1.000 ; 1.000        ; 2.000          ; Min Period      ; clk   ; Rise       ; timer[11]                   ;
; -1.000 ; 1.000        ; 2.000          ; Min Period      ; clk   ; Rise       ; timer[12]                   ;
; -1.000 ; 1.000        ; 2.000          ; Min Period      ; clk   ; Rise       ; timer[13]                   ;
; -1.000 ; 1.000        ; 2.000          ; Min Period      ; clk   ; Rise       ; timer[14]                   ;
; -1.000 ; 1.000        ; 2.000          ; Min Period      ; clk   ; Rise       ; timer[15]                   ;
; -1.000 ; 1.000        ; 2.000          ; Min Period      ; clk   ; Rise       ; timer[16]                   ;
; -1.000 ; 1.000        ; 2.000          ; Min Period      ; clk   ; Rise       ; timer[17]                   ;
; -1.000 ; 1.000        ; 2.000          ; Min Period      ; clk   ; Rise       ; timer[18]                   ;
; -1.000 ; 1.000        ; 2.000          ; Min Period      ; clk   ; Rise       ; timer[19]                   ;
; -1.000 ; 1.000        ; 2.000          ; Min Period      ; clk   ; Rise       ; timer[1]                    ;
; -1.000 ; 1.000        ; 2.000          ; Min Period      ; clk   ; Rise       ; timer[20]                   ;
; -1.000 ; 1.000        ; 2.000          ; Min Period      ; clk   ; Rise       ; timer[21]                   ;
; -1.000 ; 1.000        ; 2.000          ; Min Period      ; clk   ; Rise       ; timer[22]                   ;
; -1.000 ; 1.000        ; 2.000          ; Min Period      ; clk   ; Rise       ; timer[23]                   ;
; -1.000 ; 1.000        ; 2.000          ; Min Period      ; clk   ; Rise       ; timer[24]                   ;
; -1.000 ; 1.000        ; 2.000          ; Min Period      ; clk   ; Rise       ; timer[25]                   ;
; -1.000 ; 1.000        ; 2.000          ; Min Period      ; clk   ; Rise       ; timer[26]                   ;
; -1.000 ; 1.000        ; 2.000          ; Min Period      ; clk   ; Rise       ; timer[27]                   ;
; -1.000 ; 1.000        ; 2.000          ; Min Period      ; clk   ; Rise       ; timer[28]                   ;
; -1.000 ; 1.000        ; 2.000          ; Min Period      ; clk   ; Rise       ; timer[29]                   ;
; -1.000 ; 1.000        ; 2.000          ; Min Period      ; clk   ; Rise       ; timer[2]                    ;
; -1.000 ; 1.000        ; 2.000          ; Min Period      ; clk   ; Rise       ; timer[30]                   ;
; -1.000 ; 1.000        ; 2.000          ; Min Period      ; clk   ; Rise       ; timer[31]                   ;
; -1.000 ; 1.000        ; 2.000          ; Min Period      ; clk   ; Rise       ; timer[3]                    ;
; -1.000 ; 1.000        ; 2.000          ; Min Period      ; clk   ; Rise       ; timer[4]                    ;
; -1.000 ; 1.000        ; 2.000          ; Min Period      ; clk   ; Rise       ; timer[5]                    ;
; -1.000 ; 1.000        ; 2.000          ; Min Period      ; clk   ; Rise       ; timer[6]                    ;
; -1.000 ; 1.000        ; 2.000          ; Min Period      ; clk   ; Rise       ; timer[7]                    ;
; -1.000 ; 1.000        ; 2.000          ; Min Period      ; clk   ; Rise       ; timer[8]                    ;
; -1.000 ; 1.000        ; 2.000          ; Min Period      ; clk   ; Rise       ; timer[9]                    ;
; 0.210  ; 0.394        ; 0.184          ; Low Pulse Width ; clk   ; Rise       ; timer[0]                    ;
; 0.210  ; 0.394        ; 0.184          ; Low Pulse Width ; clk   ; Rise       ; timer[17]                   ;
; 0.210  ; 0.394        ; 0.184          ; Low Pulse Width ; clk   ; Rise       ; timer[18]                   ;
; 0.210  ; 0.394        ; 0.184          ; Low Pulse Width ; clk   ; Rise       ; timer[1]                    ;
; 0.210  ; 0.394        ; 0.184          ; Low Pulse Width ; clk   ; Rise       ; timer[21]                   ;
; 0.210  ; 0.394        ; 0.184          ; Low Pulse Width ; clk   ; Rise       ; timer[22]                   ;
; 0.210  ; 0.394        ; 0.184          ; Low Pulse Width ; clk   ; Rise       ; timer[23]                   ;
; 0.210  ; 0.394        ; 0.184          ; Low Pulse Width ; clk   ; Rise       ; timer[24]                   ;
; 0.210  ; 0.394        ; 0.184          ; Low Pulse Width ; clk   ; Rise       ; timer[25]                   ;
; 0.210  ; 0.394        ; 0.184          ; Low Pulse Width ; clk   ; Rise       ; timer[27]                   ;
; 0.210  ; 0.394        ; 0.184          ; Low Pulse Width ; clk   ; Rise       ; timer[2]                    ;
; 0.210  ; 0.394        ; 0.184          ; Low Pulse Width ; clk   ; Rise       ; timer[3]                    ;
; 0.210  ; 0.394        ; 0.184          ; Low Pulse Width ; clk   ; Rise       ; timer[4]                    ;
; 0.210  ; 0.394        ; 0.184          ; Low Pulse Width ; clk   ; Rise       ; timer[5]                    ;
; 0.210  ; 0.394        ; 0.184          ; Low Pulse Width ; clk   ; Rise       ; timer[6]                    ;
; 0.210  ; 0.394        ; 0.184          ; Low Pulse Width ; clk   ; Rise       ; timer[7]                    ;
; 0.214  ; 0.398        ; 0.184          ; Low Pulse Width ; clk   ; Rise       ; active~reg0                 ;
; 0.214  ; 0.398        ; 0.184          ; Low Pulse Width ; clk   ; Rise       ; current_state.IDLE          ;
; 0.214  ; 0.398        ; 0.184          ; Low Pulse Width ; clk   ; Rise       ; left[0]~reg0                ;
; 0.214  ; 0.398        ; 0.184          ; Low Pulse Width ; clk   ; Rise       ; pwm_value[0]~reg0           ;
; 0.214  ; 0.398        ; 0.184          ; Low Pulse Width ; clk   ; Rise       ; pwm_value[2]~reg0           ;
; 0.214  ; 0.398        ; 0.184          ; Low Pulse Width ; clk   ; Rise       ; right[0]~reg0               ;
; 0.214  ; 0.398        ; 0.184          ; Low Pulse Width ; clk   ; Rise       ; timer[10]                   ;
; 0.214  ; 0.398        ; 0.184          ; Low Pulse Width ; clk   ; Rise       ; timer[11]                   ;
; 0.214  ; 0.398        ; 0.184          ; Low Pulse Width ; clk   ; Rise       ; timer[12]                   ;
; 0.214  ; 0.398        ; 0.184          ; Low Pulse Width ; clk   ; Rise       ; timer[13]                   ;
; 0.214  ; 0.398        ; 0.184          ; Low Pulse Width ; clk   ; Rise       ; timer[14]                   ;
; 0.214  ; 0.398        ; 0.184          ; Low Pulse Width ; clk   ; Rise       ; timer[15]                   ;
; 0.214  ; 0.398        ; 0.184          ; Low Pulse Width ; clk   ; Rise       ; timer[16]                   ;
; 0.214  ; 0.398        ; 0.184          ; Low Pulse Width ; clk   ; Rise       ; timer[19]                   ;
; 0.214  ; 0.398        ; 0.184          ; Low Pulse Width ; clk   ; Rise       ; timer[20]                   ;
; 0.214  ; 0.398        ; 0.184          ; Low Pulse Width ; clk   ; Rise       ; timer[26]                   ;
; 0.214  ; 0.398        ; 0.184          ; Low Pulse Width ; clk   ; Rise       ; timer[28]                   ;
; 0.214  ; 0.398        ; 0.184          ; Low Pulse Width ; clk   ; Rise       ; timer[29]                   ;
; 0.214  ; 0.398        ; 0.184          ; Low Pulse Width ; clk   ; Rise       ; timer[30]                   ;
; 0.214  ; 0.398        ; 0.184          ; Low Pulse Width ; clk   ; Rise       ; timer[31]                   ;
; 0.214  ; 0.398        ; 0.184          ; Low Pulse Width ; clk   ; Rise       ; timer[8]                    ;
; 0.214  ; 0.398        ; 0.184          ; Low Pulse Width ; clk   ; Rise       ; timer[9]                    ;
; 0.220  ; 0.404        ; 0.184          ; Low Pulse Width ; clk   ; Rise       ; current_state.FORWARD_2S    ;
; 0.220  ; 0.404        ; 0.184          ; Low Pulse Width ; clk   ; Rise       ; current_state.FORWARD_2S_2  ;
; 0.220  ; 0.404        ; 0.184          ; Low Pulse Width ; clk   ; Rise       ; current_state.FORWARD_2S_3  ;
; 0.220  ; 0.404        ; 0.184          ; Low Pulse Width ; clk   ; Rise       ; current_state.FORWARD_2S_4  ;
; 0.220  ; 0.404        ; 0.184          ; Low Pulse Width ; clk   ; Rise       ; current_state.RIGHT_200MS   ;
; 0.220  ; 0.404        ; 0.184          ; Low Pulse Width ; clk   ; Rise       ; current_state.RIGHT_200MS_2 ;
; 0.220  ; 0.404        ; 0.184          ; Low Pulse Width ; clk   ; Rise       ; current_state.RIGHT_200MS_3 ;
; 0.220  ; 0.404        ; 0.184          ; Low Pulse Width ; clk   ; Rise       ; current_state.RIGHT_200MS_4 ;
; 0.344  ; 0.344        ; 0.000          ; Low Pulse Width ; clk   ; Rise       ; clk~input|o                 ;
; 0.346  ; 0.346        ; 0.000          ; Low Pulse Width ; clk   ; Rise       ; clk~inputclkctrl|inclk[0]   ;
; 0.346  ; 0.346        ; 0.000          ; Low Pulse Width ; clk   ; Rise       ; clk~inputclkctrl|outclk     ;
; 0.370  ; 0.370        ; 0.000          ; Low Pulse Width ; clk   ; Rise       ; timer[0]|clk                ;
; 0.370  ; 0.370        ; 0.000          ; Low Pulse Width ; clk   ; Rise       ; timer[17]|clk               ;
; 0.370  ; 0.370        ; 0.000          ; Low Pulse Width ; clk   ; Rise       ; timer[18]|clk               ;
; 0.370  ; 0.370        ; 0.000          ; Low Pulse Width ; clk   ; Rise       ; timer[1]|clk                ;
+--------+--------------+----------------+-----------------+-------+------------+-----------------------------+


+-----------------------------------------------------------------------+
; Setup Times                                                           ;
+-----------+------------+-------+-------+------------+-----------------+
; Data Port ; Clock Port ; Rise  ; Fall  ; Clock Edge ; Clock Reference ;
+-----------+------------+-------+-------+------------+-----------------+
; mode[*]   ; clk        ; 3.158 ; 3.566 ; Rise       ; clk             ;
;  mode[0]  ; clk        ; 3.057 ; 3.330 ; Rise       ; clk             ;
;  mode[1]  ; clk        ; 3.158 ; 3.566 ; Rise       ; clk             ;
+-----------+------------+-------+-------+------------+-----------------+


+-------------------------------------------------------------------------+
; Hold Times                                                              ;
+-----------+------------+--------+--------+------------+-----------------+
; Data Port ; Clock Port ; Rise   ; Fall   ; Clock Edge ; Clock Reference ;
+-----------+------------+--------+--------+------------+-----------------+
; mode[*]   ; clk        ; -1.177 ; -1.507 ; Rise       ; clk             ;
;  mode[0]  ; clk        ; -1.259 ; -1.586 ; Rise       ; clk             ;
;  mode[1]  ; clk        ; -1.177 ; -1.507 ; Rise       ; clk             ;
+-----------+------------+--------+--------+------------+-----------------+


+---------------------------------------------------------------------------+
; Clock to Output Times                                                     ;
+---------------+------------+-------+-------+------------+-----------------+
; Data Port     ; Clock Port ; Rise  ; Fall  ; Clock Edge ; Clock Reference ;
+---------------+------------+-------+-------+------------+-----------------+
; active        ; clk        ; 5.927 ; 5.888 ; Rise       ; clk             ;
; left[*]       ; clk        ; 5.241 ; 5.165 ; Rise       ; clk             ;
;  left[0]      ; clk        ; 5.241 ; 5.165 ; Rise       ; clk             ;
; pwm_value[*]  ; clk        ; 7.075 ; 7.197 ; Rise       ; clk             ;
;  pwm_value[0] ; clk        ; 5.288 ; 5.172 ; Rise       ; clk             ;
;  pwm_value[2] ; clk        ; 7.075 ; 7.197 ; Rise       ; clk             ;
;  pwm_value[3] ; clk        ; 5.288 ; 5.172 ; Rise       ; clk             ;
;  pwm_value[4] ; clk        ; 5.390 ; 5.290 ; Rise       ; clk             ;
;  pwm_value[5] ; clk        ; 7.075 ; 7.197 ; Rise       ; clk             ;
;  pwm_value[6] ; clk        ; 6.645 ; 6.697 ; Rise       ; clk             ;
; right[*]      ; clk        ; 6.108 ; 6.050 ; Rise       ; clk             ;
;  right[0]     ; clk        ; 5.272 ; 5.217 ; Rise       ; clk             ;
;  right[1]     ; clk        ; 6.108 ; 6.050 ; Rise       ; clk             ;
+---------------+------------+-------+-------+------------+-----------------+


+---------------------------------------------------------------------------+
; Minimum Clock to Output Times                                             ;
+---------------+------------+-------+-------+------------+-----------------+
; Data Port     ; Clock Port ; Rise  ; Fall  ; Clock Edge ; Clock Reference ;
+---------------+------------+-------+-------+------------+-----------------+
; active        ; clk        ; 5.757 ; 5.719 ; Rise       ; clk             ;
; left[*]       ; clk        ; 5.068 ; 4.993 ; Rise       ; clk             ;
;  left[0]      ; clk        ; 5.068 ; 4.993 ; Rise       ; clk             ;
; pwm_value[*]  ; clk        ; 5.117 ; 5.002 ; Rise       ; clk             ;
;  pwm_value[0] ; clk        ; 5.117 ; 5.002 ; Rise       ; clk             ;
;  pwm_value[2] ; clk        ; 6.829 ; 6.951 ; Rise       ; clk             ;
;  pwm_value[3] ; clk        ; 5.117 ; 5.002 ; Rise       ; clk             ;
;  pwm_value[4] ; clk        ; 5.211 ; 5.113 ; Rise       ; clk             ;
;  pwm_value[5] ; clk        ; 6.829 ; 6.951 ; Rise       ; clk             ;
;  pwm_value[6] ; clk        ; 6.413 ; 6.466 ; Rise       ; clk             ;
; right[*]      ; clk        ; 5.099 ; 5.043 ; Rise       ; clk             ;
;  right[0]     ; clk        ; 5.099 ; 5.043 ; Rise       ; clk             ;
;  right[1]     ; clk        ; 5.929 ; 5.873 ; Rise       ; clk             ;
+---------------+------------+-------+-------+------------+-----------------+


---------------------------------------------
; Slow 1200mV 0C Model Metastability Report ;
---------------------------------------------
No synchronizer chains to report.


+------------------------------------+
; Fast 1200mV 0C Model Setup Summary ;
+-------+--------+-------------------+
; Clock ; Slack  ; End Point TNS     ;
+-------+--------+-------------------+
; clk   ; -1.305 ; -45.253           ;
+-------+--------+-------------------+


+-----------------------------------+
; Fast 1200mV 0C Model Hold Summary ;
+-------+-------+-------------------+
; Clock ; Slack ; End Point TNS     ;
+-------+-------+-------------------+
; clk   ; 0.179 ; 0.000             ;
+-------+-------+-------------------+


-----------------------------------------
; Fast 1200mV 0C Model Recovery Summary ;
-----------------------------------------
No paths to report.


----------------------------------------
; Fast 1200mV 0C Model Removal Summary ;
----------------------------------------
No paths to report.


+--------------------------------------------------+
; Fast 1200mV 0C Model Minimum Pulse Width Summary ;
+-------+--------+---------------------------------+
; Clock ; Slack  ; End Point TNS                   ;
+-------+--------+---------------------------------+
; clk   ; -3.000 ; -51.025                         ;
+-------+--------+---------------------------------+


+------------------------------------------------------------------------------------------------------------------------+
; Fast 1200mV 0C Model Setup: 'clk'                                                                                      ;
+--------+-----------------------------+-----------+--------------+-------------+--------------+------------+------------+
; Slack  ; From Node                   ; To Node   ; Launch Clock ; Latch Clock ; Relationship ; Clock Skew ; Data Delay ;
+--------+-----------------------------+-----------+--------------+-------------+--------------+------------+------------+
; -1.305 ; timer[16]                   ; timer[26] ; clk          ; clk         ; 1.000        ; -0.038     ; 2.254      ;
; -1.305 ; timer[16]                   ; timer[16] ; clk          ; clk         ; 1.000        ; -0.038     ; 2.254      ;
; -1.305 ; timer[16]                   ; timer[29] ; clk          ; clk         ; 1.000        ; -0.038     ; 2.254      ;
; -1.305 ; timer[16]                   ; timer[28] ; clk          ; clk         ; 1.000        ; -0.038     ; 2.254      ;
; -1.305 ; timer[16]                   ; timer[30] ; clk          ; clk         ; 1.000        ; -0.038     ; 2.254      ;
; -1.305 ; timer[16]                   ; timer[31] ; clk          ; clk         ; 1.000        ; -0.038     ; 2.254      ;
; -1.278 ; timer[18]                   ; timer[26] ; clk          ; clk         ; 1.000        ; -0.232     ; 2.033      ;
; -1.278 ; timer[18]                   ; timer[16] ; clk          ; clk         ; 1.000        ; -0.232     ; 2.033      ;
; -1.278 ; timer[18]                   ; timer[29] ; clk          ; clk         ; 1.000        ; -0.232     ; 2.033      ;
; -1.278 ; timer[18]                   ; timer[28] ; clk          ; clk         ; 1.000        ; -0.232     ; 2.033      ;
; -1.278 ; timer[18]                   ; timer[30] ; clk          ; clk         ; 1.000        ; -0.232     ; 2.033      ;
; -1.278 ; timer[18]                   ; timer[31] ; clk          ; clk         ; 1.000        ; -0.232     ; 2.033      ;
; -1.235 ; timer[23]                   ; timer[26] ; clk          ; clk         ; 1.000        ; -0.232     ; 1.990      ;
; -1.235 ; timer[23]                   ; timer[16] ; clk          ; clk         ; 1.000        ; -0.232     ; 1.990      ;
; -1.235 ; timer[23]                   ; timer[29] ; clk          ; clk         ; 1.000        ; -0.232     ; 1.990      ;
; -1.235 ; timer[23]                   ; timer[28] ; clk          ; clk         ; 1.000        ; -0.232     ; 1.990      ;
; -1.235 ; timer[23]                   ; timer[30] ; clk          ; clk         ; 1.000        ; -0.232     ; 1.990      ;
; -1.235 ; timer[23]                   ; timer[31] ; clk          ; clk         ; 1.000        ; -0.232     ; 1.990      ;
; -1.228 ; timer[21]                   ; timer[26] ; clk          ; clk         ; 1.000        ; -0.232     ; 1.983      ;
; -1.228 ; timer[21]                   ; timer[16] ; clk          ; clk         ; 1.000        ; -0.232     ; 1.983      ;
; -1.228 ; timer[21]                   ; timer[29] ; clk          ; clk         ; 1.000        ; -0.232     ; 1.983      ;
; -1.228 ; timer[21]                   ; timer[28] ; clk          ; clk         ; 1.000        ; -0.232     ; 1.983      ;
; -1.228 ; timer[21]                   ; timer[30] ; clk          ; clk         ; 1.000        ; -0.232     ; 1.983      ;
; -1.228 ; timer[21]                   ; timer[31] ; clk          ; clk         ; 1.000        ; -0.232     ; 1.983      ;
; -1.226 ; timer[27]                   ; timer[26] ; clk          ; clk         ; 1.000        ; -0.232     ; 1.981      ;
; -1.226 ; timer[27]                   ; timer[16] ; clk          ; clk         ; 1.000        ; -0.232     ; 1.981      ;
; -1.226 ; timer[27]                   ; timer[29] ; clk          ; clk         ; 1.000        ; -0.232     ; 1.981      ;
; -1.226 ; timer[27]                   ; timer[28] ; clk          ; clk         ; 1.000        ; -0.232     ; 1.981      ;
; -1.226 ; timer[27]                   ; timer[30] ; clk          ; clk         ; 1.000        ; -0.232     ; 1.981      ;
; -1.226 ; timer[27]                   ; timer[31] ; clk          ; clk         ; 1.000        ; -0.232     ; 1.981      ;
; -1.220 ; timer[28]                   ; timer[26] ; clk          ; clk         ; 1.000        ; -0.038     ; 2.169      ;
; -1.220 ; timer[28]                   ; timer[16] ; clk          ; clk         ; 1.000        ; -0.038     ; 2.169      ;
; -1.220 ; timer[28]                   ; timer[29] ; clk          ; clk         ; 1.000        ; -0.038     ; 2.169      ;
; -1.220 ; timer[28]                   ; timer[28] ; clk          ; clk         ; 1.000        ; -0.038     ; 2.169      ;
; -1.220 ; timer[28]                   ; timer[30] ; clk          ; clk         ; 1.000        ; -0.038     ; 2.169      ;
; -1.220 ; timer[28]                   ; timer[31] ; clk          ; clk         ; 1.000        ; -0.038     ; 2.169      ;
; -1.218 ; timer[16]                   ; timer[19] ; clk          ; clk         ; 1.000        ; -0.037     ; 2.168      ;
; -1.218 ; timer[16]                   ; timer[20] ; clk          ; clk         ; 1.000        ; -0.037     ; 2.168      ;
; -1.206 ; timer[30]                   ; timer[26] ; clk          ; clk         ; 1.000        ; -0.038     ; 2.155      ;
; -1.206 ; timer[30]                   ; timer[16] ; clk          ; clk         ; 1.000        ; -0.038     ; 2.155      ;
; -1.206 ; timer[30]                   ; timer[29] ; clk          ; clk         ; 1.000        ; -0.038     ; 2.155      ;
; -1.206 ; timer[30]                   ; timer[28] ; clk          ; clk         ; 1.000        ; -0.038     ; 2.155      ;
; -1.206 ; timer[30]                   ; timer[30] ; clk          ; clk         ; 1.000        ; -0.038     ; 2.155      ;
; -1.206 ; timer[30]                   ; timer[31] ; clk          ; clk         ; 1.000        ; -0.038     ; 2.155      ;
; -1.191 ; timer[18]                   ; timer[19] ; clk          ; clk         ; 1.000        ; -0.231     ; 1.947      ;
; -1.191 ; timer[18]                   ; timer[20] ; clk          ; clk         ; 1.000        ; -0.231     ; 1.947      ;
; -1.182 ; timer[16]                   ; timer[11] ; clk          ; clk         ; 1.000        ; -0.037     ; 2.132      ;
; -1.182 ; timer[16]                   ; timer[8]  ; clk          ; clk         ; 1.000        ; -0.037     ; 2.132      ;
; -1.182 ; timer[16]                   ; timer[9]  ; clk          ; clk         ; 1.000        ; -0.037     ; 2.132      ;
; -1.182 ; timer[16]                   ; timer[10] ; clk          ; clk         ; 1.000        ; -0.037     ; 2.132      ;
; -1.182 ; timer[16]                   ; timer[13] ; clk          ; clk         ; 1.000        ; -0.037     ; 2.132      ;
; -1.182 ; timer[16]                   ; timer[14] ; clk          ; clk         ; 1.000        ; -0.037     ; 2.132      ;
; -1.178 ; timer[22]                   ; timer[26] ; clk          ; clk         ; 1.000        ; -0.232     ; 1.933      ;
; -1.178 ; timer[22]                   ; timer[16] ; clk          ; clk         ; 1.000        ; -0.232     ; 1.933      ;
; -1.178 ; timer[22]                   ; timer[29] ; clk          ; clk         ; 1.000        ; -0.232     ; 1.933      ;
; -1.178 ; timer[22]                   ; timer[28] ; clk          ; clk         ; 1.000        ; -0.232     ; 1.933      ;
; -1.178 ; timer[22]                   ; timer[30] ; clk          ; clk         ; 1.000        ; -0.232     ; 1.933      ;
; -1.178 ; timer[22]                   ; timer[31] ; clk          ; clk         ; 1.000        ; -0.232     ; 1.933      ;
; -1.166 ; timer[17]                   ; timer[26] ; clk          ; clk         ; 1.000        ; -0.232     ; 1.921      ;
; -1.166 ; timer[17]                   ; timer[16] ; clk          ; clk         ; 1.000        ; -0.232     ; 1.921      ;
; -1.166 ; timer[17]                   ; timer[29] ; clk          ; clk         ; 1.000        ; -0.232     ; 1.921      ;
; -1.166 ; timer[17]                   ; timer[28] ; clk          ; clk         ; 1.000        ; -0.232     ; 1.921      ;
; -1.166 ; timer[17]                   ; timer[30] ; clk          ; clk         ; 1.000        ; -0.232     ; 1.921      ;
; -1.166 ; timer[17]                   ; timer[31] ; clk          ; clk         ; 1.000        ; -0.232     ; 1.921      ;
; -1.155 ; current_state.RIGHT_200MS   ; timer[26] ; clk          ; clk         ; 1.000        ; -0.218     ; 1.924      ;
; -1.155 ; current_state.RIGHT_200MS   ; timer[16] ; clk          ; clk         ; 1.000        ; -0.218     ; 1.924      ;
; -1.155 ; current_state.RIGHT_200MS   ; timer[29] ; clk          ; clk         ; 1.000        ; -0.218     ; 1.924      ;
; -1.155 ; current_state.RIGHT_200MS   ; timer[28] ; clk          ; clk         ; 1.000        ; -0.218     ; 1.924      ;
; -1.155 ; current_state.RIGHT_200MS   ; timer[30] ; clk          ; clk         ; 1.000        ; -0.218     ; 1.924      ;
; -1.155 ; current_state.RIGHT_200MS   ; timer[31] ; clk          ; clk         ; 1.000        ; -0.218     ; 1.924      ;
; -1.155 ; timer[18]                   ; timer[11] ; clk          ; clk         ; 1.000        ; -0.231     ; 1.911      ;
; -1.155 ; timer[18]                   ; timer[8]  ; clk          ; clk         ; 1.000        ; -0.231     ; 1.911      ;
; -1.155 ; timer[18]                   ; timer[9]  ; clk          ; clk         ; 1.000        ; -0.231     ; 1.911      ;
; -1.155 ; timer[18]                   ; timer[10] ; clk          ; clk         ; 1.000        ; -0.231     ; 1.911      ;
; -1.155 ; timer[18]                   ; timer[13] ; clk          ; clk         ; 1.000        ; -0.231     ; 1.911      ;
; -1.155 ; timer[18]                   ; timer[14] ; clk          ; clk         ; 1.000        ; -0.231     ; 1.911      ;
; -1.154 ; timer[19]                   ; timer[26] ; clk          ; clk         ; 1.000        ; -0.038     ; 2.103      ;
; -1.154 ; timer[19]                   ; timer[16] ; clk          ; clk         ; 1.000        ; -0.038     ; 2.103      ;
; -1.154 ; timer[19]                   ; timer[29] ; clk          ; clk         ; 1.000        ; -0.038     ; 2.103      ;
; -1.154 ; timer[19]                   ; timer[28] ; clk          ; clk         ; 1.000        ; -0.038     ; 2.103      ;
; -1.154 ; timer[19]                   ; timer[30] ; clk          ; clk         ; 1.000        ; -0.038     ; 2.103      ;
; -1.154 ; timer[19]                   ; timer[31] ; clk          ; clk         ; 1.000        ; -0.038     ; 2.103      ;
; -1.151 ; timer[25]                   ; timer[26] ; clk          ; clk         ; 1.000        ; -0.232     ; 1.906      ;
; -1.151 ; timer[25]                   ; timer[16] ; clk          ; clk         ; 1.000        ; -0.232     ; 1.906      ;
; -1.151 ; timer[25]                   ; timer[29] ; clk          ; clk         ; 1.000        ; -0.232     ; 1.906      ;
; -1.151 ; timer[25]                   ; timer[28] ; clk          ; clk         ; 1.000        ; -0.232     ; 1.906      ;
; -1.151 ; timer[25]                   ; timer[30] ; clk          ; clk         ; 1.000        ; -0.232     ; 1.906      ;
; -1.151 ; timer[25]                   ; timer[31] ; clk          ; clk         ; 1.000        ; -0.232     ; 1.906      ;
; -1.149 ; current_state.RIGHT_200MS_4 ; timer[26] ; clk          ; clk         ; 1.000        ; -0.218     ; 1.918      ;
; -1.149 ; current_state.RIGHT_200MS_4 ; timer[16] ; clk          ; clk         ; 1.000        ; -0.218     ; 1.918      ;
; -1.149 ; current_state.RIGHT_200MS_4 ; timer[29] ; clk          ; clk         ; 1.000        ; -0.218     ; 1.918      ;
; -1.149 ; current_state.RIGHT_200MS_4 ; timer[28] ; clk          ; clk         ; 1.000        ; -0.218     ; 1.918      ;
; -1.149 ; current_state.RIGHT_200MS_4 ; timer[30] ; clk          ; clk         ; 1.000        ; -0.218     ; 1.918      ;
; -1.149 ; current_state.RIGHT_200MS_4 ; timer[31] ; clk          ; clk         ; 1.000        ; -0.218     ; 1.918      ;
; -1.148 ; timer[23]                   ; timer[19] ; clk          ; clk         ; 1.000        ; -0.231     ; 1.904      ;
; -1.148 ; timer[23]                   ; timer[20] ; clk          ; clk         ; 1.000        ; -0.231     ; 1.904      ;
; -1.141 ; timer[1]                    ; timer[12] ; clk          ; clk         ; 1.000        ; -0.232     ; 1.896      ;
; -1.141 ; timer[21]                   ; timer[19] ; clk          ; clk         ; 1.000        ; -0.231     ; 1.897      ;
; -1.141 ; timer[21]                   ; timer[20] ; clk          ; clk         ; 1.000        ; -0.231     ; 1.897      ;
; -1.139 ; timer[27]                   ; timer[19] ; clk          ; clk         ; 1.000        ; -0.231     ; 1.895      ;
+--------+-----------------------------+-----------+--------------+-------------+--------------+------------+------------+


+-----------------------------------------------------------------------------------------------------------------------------------------+
; Fast 1200mV 0C Model Hold: 'clk'                                                                                                        ;
+-------+-----------------------------+-----------------------------+--------------+-------------+--------------+------------+------------+
; Slack ; From Node                   ; To Node                     ; Launch Clock ; Latch Clock ; Relationship ; Clock Skew ; Data Delay ;
+-------+-----------------------------+-----------------------------+--------------+-------------+--------------+------------+------------+
; 0.179 ; current_state.FORWARD_2S_2  ; current_state.FORWARD_2S_2  ; clk          ; clk         ; 0.000        ; 0.044      ; 0.307      ;
; 0.179 ; current_state.FORWARD_2S    ; current_state.FORWARD_2S    ; clk          ; clk         ; 0.000        ; 0.044      ; 0.307      ;
; 0.179 ; current_state.FORWARD_2S_4  ; current_state.FORWARD_2S_4  ; clk          ; clk         ; 0.000        ; 0.044      ; 0.307      ;
; 0.179 ; current_state.FORWARD_2S_3  ; current_state.FORWARD_2S_3  ; clk          ; clk         ; 0.000        ; 0.044      ; 0.307      ;
; 0.179 ; current_state.RIGHT_200MS_3 ; current_state.RIGHT_200MS_3 ; clk          ; clk         ; 0.000        ; 0.044      ; 0.307      ;
; 0.179 ; current_state.RIGHT_200MS_4 ; current_state.RIGHT_200MS_4 ; clk          ; clk         ; 0.000        ; 0.044      ; 0.307      ;
; 0.179 ; current_state.RIGHT_200MS   ; current_state.RIGHT_200MS   ; clk          ; clk         ; 0.000        ; 0.044      ; 0.307      ;
; 0.179 ; current_state.RIGHT_200MS_2 ; current_state.RIGHT_200MS_2 ; clk          ; clk         ; 0.000        ; 0.044      ; 0.307      ;
; 0.186 ; pwm_value[0]~reg0           ; pwm_value[0]~reg0           ; clk          ; clk         ; 0.000        ; 0.037      ; 0.307      ;
; 0.186 ; left[0]~reg0                ; left[0]~reg0                ; clk          ; clk         ; 0.000        ; 0.037      ; 0.307      ;
; 0.212 ; current_state.IDLE          ; left[0]~reg0                ; clk          ; clk         ; 0.000        ; 0.037      ; 0.333      ;
; 0.216 ; current_state.IDLE          ; pwm_value[0]~reg0           ; clk          ; clk         ; 0.000        ; 0.037      ; 0.337      ;
; 0.273 ; timer[26]                   ; timer[27]                   ; clk          ; clk         ; 0.000        ; 0.232      ; 0.589      ;
; 0.282 ; timer[16]                   ; timer[17]                   ; clk          ; clk         ; 0.000        ; 0.232      ; 0.598      ;
; 0.285 ; timer[16]                   ; timer[18]                   ; clk          ; clk         ; 0.000        ; 0.232      ; 0.601      ;
; 0.287 ; timer[1]                    ; timer[1]                    ; clk          ; clk         ; 0.000        ; 0.045      ; 0.416      ;
; 0.288 ; timer[3]                    ; timer[3]                    ; clk          ; clk         ; 0.000        ; 0.045      ; 0.417      ;
; 0.288 ; timer[5]                    ; timer[5]                    ; clk          ; clk         ; 0.000        ; 0.045      ; 0.417      ;
; 0.288 ; timer[7]                    ; timer[7]                    ; clk          ; clk         ; 0.000        ; 0.045      ; 0.417      ;
; 0.289 ; timer[2]                    ; timer[2]                    ; clk          ; clk         ; 0.000        ; 0.045      ; 0.418      ;
; 0.289 ; timer[4]                    ; timer[4]                    ; clk          ; clk         ; 0.000        ; 0.045      ; 0.418      ;
; 0.289 ; timer[6]                    ; timer[6]                    ; clk          ; clk         ; 0.000        ; 0.045      ; 0.418      ;
; 0.294 ; current_state.RIGHT_200MS   ; current_state.FORWARD_2S_2  ; clk          ; clk         ; 0.000        ; 0.044      ; 0.422      ;
; 0.296 ; current_state.FORWARD_2S_4  ; current_state.RIGHT_200MS_4 ; clk          ; clk         ; 0.000        ; 0.044      ; 0.424      ;
; 0.298 ; current_state.FORWARD_2S_2  ; current_state.RIGHT_200MS_2 ; clk          ; clk         ; 0.000        ; 0.044      ; 0.426      ;
; 0.299 ; timer[0]                    ; timer[0]                    ; clk          ; clk         ; 0.000        ; 0.045      ; 0.428      ;
; 0.299 ; timer[17]                   ; timer[17]                   ; clk          ; clk         ; 0.000        ; 0.045      ; 0.428      ;
; 0.300 ; timer[21]                   ; timer[21]                   ; clk          ; clk         ; 0.000        ; 0.045      ; 0.429      ;
; 0.300 ; timer[23]                   ; timer[23]                   ; clk          ; clk         ; 0.000        ; 0.045      ; 0.429      ;
; 0.300 ; timer[25]                   ; timer[25]                   ; clk          ; clk         ; 0.000        ; 0.045      ; 0.429      ;
; 0.300 ; timer[27]                   ; timer[27]                   ; clk          ; clk         ; 0.000        ; 0.045      ; 0.429      ;
; 0.301 ; timer[24]                   ; timer[24]                   ; clk          ; clk         ; 0.000        ; 0.045      ; 0.430      ;
; 0.301 ; timer[22]                   ; timer[22]                   ; clk          ; clk         ; 0.000        ; 0.045      ; 0.430      ;
; 0.301 ; timer[18]                   ; timer[18]                   ; clk          ; clk         ; 0.000        ; 0.045      ; 0.430      ;
; 0.306 ; timer[31]                   ; timer[31]                   ; clk          ; clk         ; 0.000        ; 0.038      ; 0.428      ;
; 0.307 ; timer[13]                   ; timer[13]                   ; clk          ; clk         ; 0.000        ; 0.037      ; 0.428      ;
; 0.307 ; timer[29]                   ; timer[29]                   ; clk          ; clk         ; 0.000        ; 0.038      ; 0.429      ;
; 0.308 ; timer[8]                    ; timer[8]                    ; clk          ; clk         ; 0.000        ; 0.037      ; 0.429      ;
; 0.308 ; timer[9]                    ; timer[9]                    ; clk          ; clk         ; 0.000        ; 0.037      ; 0.429      ;
; 0.308 ; timer[14]                   ; timer[14]                   ; clk          ; clk         ; 0.000        ; 0.037      ; 0.429      ;
; 0.308 ; timer[30]                   ; timer[30]                   ; clk          ; clk         ; 0.000        ; 0.038      ; 0.430      ;
; 0.309 ; timer[26]                   ; timer[26]                   ; clk          ; clk         ; 0.000        ; 0.038      ; 0.431      ;
; 0.309 ; timer[10]                   ; timer[10]                   ; clk          ; clk         ; 0.000        ; 0.037      ; 0.430      ;
; 0.309 ; timer[28]                   ; timer[28]                   ; clk          ; clk         ; 0.000        ; 0.038      ; 0.431      ;
; 0.318 ; timer[16]                   ; timer[16]                   ; clk          ; clk         ; 0.000        ; 0.038      ; 0.440      ;
; 0.319 ; timer[11]                   ; timer[11]                   ; clk          ; clk         ; 0.000        ; 0.037      ; 0.440      ;
; 0.338 ; timer[14]                   ; timer[17]                   ; clk          ; clk         ; 0.000        ; 0.231      ; 0.653      ;
; 0.341 ; timer[14]                   ; timer[18]                   ; clk          ; clk         ; 0.000        ; 0.231      ; 0.656      ;
; 0.352 ; timer[20]                   ; timer[21]                   ; clk          ; clk         ; 0.000        ; 0.231      ; 0.667      ;
; 0.355 ; timer[20]                   ; timer[22]                   ; clk          ; clk         ; 0.000        ; 0.231      ; 0.670      ;
; 0.383 ; current_state.IDLE          ; current_state.FORWARD_2S    ; clk          ; clk         ; 0.000        ; 0.217      ; 0.684      ;
; 0.391 ; timer[15]                   ; timer[17]                   ; clk          ; clk         ; 0.000        ; 0.231      ; 0.706      ;
; 0.391 ; timer[13]                   ; timer[17]                   ; clk          ; clk         ; 0.000        ; 0.231      ; 0.706      ;
; 0.394 ; timer[15]                   ; timer[18]                   ; clk          ; clk         ; 0.000        ; 0.231      ; 0.709      ;
; 0.394 ; timer[13]                   ; timer[18]                   ; clk          ; clk         ; 0.000        ; 0.231      ; 0.709      ;
; 0.395 ; current_state.RIGHT_200MS_3 ; current_state.FORWARD_2S_4  ; clk          ; clk         ; 0.000        ; 0.044      ; 0.523      ;
; 0.395 ; current_state.FORWARD_2S_3  ; current_state.RIGHT_200MS_3 ; clk          ; clk         ; 0.000        ; 0.044      ; 0.523      ;
; 0.398 ; current_state.FORWARD_2S    ; current_state.RIGHT_200MS   ; clk          ; clk         ; 0.000        ; 0.044      ; 0.526      ;
; 0.399 ; timer[19]                   ; timer[21]                   ; clk          ; clk         ; 0.000        ; 0.231      ; 0.714      ;
; 0.402 ; timer[19]                   ; timer[22]                   ; clk          ; clk         ; 0.000        ; 0.231      ; 0.717      ;
; 0.408 ; current_state.RIGHT_200MS_2 ; current_state.FORWARD_2S_3  ; clk          ; clk         ; 0.000        ; 0.044      ; 0.536      ;
; 0.414 ; timer[16]                   ; timer[21]                   ; clk          ; clk         ; 0.000        ; 0.232      ; 0.730      ;
; 0.417 ; timer[16]                   ; timer[22]                   ; clk          ; clk         ; 0.000        ; 0.232      ; 0.733      ;
; 0.418 ; timer[20]                   ; timer[23]                   ; clk          ; clk         ; 0.000        ; 0.231      ; 0.733      ;
; 0.421 ; timer[20]                   ; timer[24]                   ; clk          ; clk         ; 0.000        ; 0.231      ; 0.736      ;
; 0.436 ; timer[1]                    ; timer[2]                    ; clk          ; clk         ; 0.000        ; 0.045      ; 0.565      ;
; 0.437 ; timer[3]                    ; timer[4]                    ; clk          ; clk         ; 0.000        ; 0.045      ; 0.566      ;
; 0.437 ; timer[5]                    ; timer[6]                    ; clk          ; clk         ; 0.000        ; 0.045      ; 0.566      ;
; 0.446 ; timer[0]                    ; timer[1]                    ; clk          ; clk         ; 0.000        ; 0.045      ; 0.575      ;
; 0.447 ; timer[2]                    ; timer[3]                    ; clk          ; clk         ; 0.000        ; 0.045      ; 0.576      ;
; 0.447 ; timer[4]                    ; timer[5]                    ; clk          ; clk         ; 0.000        ; 0.045      ; 0.576      ;
; 0.447 ; timer[6]                    ; timer[7]                    ; clk          ; clk         ; 0.000        ; 0.045      ; 0.576      ;
; 0.448 ; timer[17]                   ; timer[18]                   ; clk          ; clk         ; 0.000        ; 0.045      ; 0.577      ;
; 0.449 ; timer[21]                   ; timer[22]                   ; clk          ; clk         ; 0.000        ; 0.045      ; 0.578      ;
; 0.449 ; timer[23]                   ; timer[24]                   ; clk          ; clk         ; 0.000        ; 0.045      ; 0.578      ;
; 0.449 ; timer[0]                    ; timer[2]                    ; clk          ; clk         ; 0.000        ; 0.045      ; 0.578      ;
; 0.450 ; timer[2]                    ; timer[4]                    ; clk          ; clk         ; 0.000        ; 0.045      ; 0.579      ;
; 0.450 ; timer[4]                    ; timer[6]                    ; clk          ; clk         ; 0.000        ; 0.045      ; 0.579      ;
; 0.456 ; timer[13]                   ; timer[14]                   ; clk          ; clk         ; 0.000        ; 0.037      ; 0.577      ;
; 0.456 ; timer[29]                   ; timer[30]                   ; clk          ; clk         ; 0.000        ; 0.038      ; 0.578      ;
; 0.457 ; timer[9]                    ; timer[10]                   ; clk          ; clk         ; 0.000        ; 0.037      ; 0.578      ;
; 0.459 ; timer[24]                   ; timer[25]                   ; clk          ; clk         ; 0.000        ; 0.045      ; 0.588      ;
; 0.459 ; timer[22]                   ; timer[23]                   ; clk          ; clk         ; 0.000        ; 0.045      ; 0.588      ;
; 0.462 ; timer[22]                   ; timer[24]                   ; clk          ; clk         ; 0.000        ; 0.045      ; 0.591      ;
; 0.465 ; timer[19]                   ; timer[23]                   ; clk          ; clk         ; 0.000        ; 0.231      ; 0.780      ;
; 0.466 ; timer[30]                   ; timer[31]                   ; clk          ; clk         ; 0.000        ; 0.038      ; 0.588      ;
; 0.466 ; timer[8]                    ; timer[9]                    ; clk          ; clk         ; 0.000        ; 0.037      ; 0.587      ;
; 0.467 ; timer[28]                   ; timer[29]                   ; clk          ; clk         ; 0.000        ; 0.038      ; 0.589      ;
; 0.467 ; timer[10]                   ; timer[11]                   ; clk          ; clk         ; 0.000        ; 0.037      ; 0.588      ;
; 0.468 ; timer[19]                   ; timer[24]                   ; clk          ; clk         ; 0.000        ; 0.231      ; 0.783      ;
; 0.469 ; timer[14]                   ; timer[16]                   ; clk          ; clk         ; 0.000        ; 0.037      ; 0.590      ;
; 0.469 ; timer[11]                   ; timer[17]                   ; clk          ; clk         ; 0.000        ; 0.231      ; 0.784      ;
; 0.469 ; timer[8]                    ; timer[10]                   ; clk          ; clk         ; 0.000        ; 0.037      ; 0.590      ;
; 0.470 ; timer[26]                   ; timer[28]                   ; clk          ; clk         ; 0.000        ; 0.038      ; 0.592      ;
; 0.470 ; timer[14]                   ; timer[21]                   ; clk          ; clk         ; 0.000        ; 0.231      ; 0.785      ;
; 0.470 ; timer[28]                   ; timer[30]                   ; clk          ; clk         ; 0.000        ; 0.038      ; 0.592      ;
; 0.471 ; timer[10]                   ; timer[17]                   ; clk          ; clk         ; 0.000        ; 0.231      ; 0.786      ;
; 0.472 ; timer[11]                   ; timer[18]                   ; clk          ; clk         ; 0.000        ; 0.231      ; 0.787      ;
; 0.473 ; timer[14]                   ; timer[22]                   ; clk          ; clk         ; 0.000        ; 0.231      ; 0.788      ;
; 0.474 ; timer[12]                   ; timer[17]                   ; clk          ; clk         ; 0.000        ; 0.231      ; 0.789      ;
+-------+-----------------------------+-----------------------------+--------------+-------------+--------------+------------+------------+


+-------------------------------------------------------------------------------------------------------------+
; Fast 1200mV 0C Model Minimum Pulse Width: 'clk'                                                             ;
+--------+--------------+----------------+-----------------+-------+------------+-----------------------------+
; Slack  ; Actual Width ; Required Width ; Type            ; Clock ; Clock Edge ; Target                      ;
+--------+--------------+----------------+-----------------+-------+------------+-----------------------------+
; -3.000 ; 1.000        ; 4.000          ; Port Rate       ; clk   ; Rise       ; clk                         ;
; -1.000 ; 1.000        ; 2.000          ; Min Period      ; clk   ; Rise       ; active~reg0                 ;
; -1.000 ; 1.000        ; 2.000          ; Min Period      ; clk   ; Rise       ; current_state.FORWARD_2S    ;
; -1.000 ; 1.000        ; 2.000          ; Min Period      ; clk   ; Rise       ; current_state.FORWARD_2S_2  ;
; -1.000 ; 1.000        ; 2.000          ; Min Period      ; clk   ; Rise       ; current_state.FORWARD_2S_3  ;
; -1.000 ; 1.000        ; 2.000          ; Min Period      ; clk   ; Rise       ; current_state.FORWARD_2S_4  ;
; -1.000 ; 1.000        ; 2.000          ; Min Period      ; clk   ; Rise       ; current_state.IDLE          ;
; -1.000 ; 1.000        ; 2.000          ; Min Period      ; clk   ; Rise       ; current_state.RIGHT_200MS   ;
; -1.000 ; 1.000        ; 2.000          ; Min Period      ; clk   ; Rise       ; current_state.RIGHT_200MS_2 ;
; -1.000 ; 1.000        ; 2.000          ; Min Period      ; clk   ; Rise       ; current_state.RIGHT_200MS_3 ;
; -1.000 ; 1.000        ; 2.000          ; Min Period      ; clk   ; Rise       ; current_state.RIGHT_200MS_4 ;
; -1.000 ; 1.000        ; 2.000          ; Min Period      ; clk   ; Rise       ; left[0]~reg0                ;
; -1.000 ; 1.000        ; 2.000          ; Min Period      ; clk   ; Rise       ; pwm_value[0]~reg0           ;
; -1.000 ; 1.000        ; 2.000          ; Min Period      ; clk   ; Rise       ; pwm_value[2]~reg0           ;
; -1.000 ; 1.000        ; 2.000          ; Min Period      ; clk   ; Rise       ; right[0]~reg0               ;
; -1.000 ; 1.000        ; 2.000          ; Min Period      ; clk   ; Rise       ; timer[0]                    ;
; -1.000 ; 1.000        ; 2.000          ; Min Period      ; clk   ; Rise       ; timer[10]                   ;
; -1.000 ; 1.000        ; 2.000          ; Min Period      ; clk   ; Rise       ; timer[11]                   ;
; -1.000 ; 1.000        ; 2.000          ; Min Period      ; clk   ; Rise       ; timer[12]                   ;
; -1.000 ; 1.000        ; 2.000          ; Min Period      ; clk   ; Rise       ; timer[13]                   ;
; -1.000 ; 1.000        ; 2.000          ; Min Period      ; clk   ; Rise       ; timer[14]                   ;
; -1.000 ; 1.000        ; 2.000          ; Min Period      ; clk   ; Rise       ; timer[15]                   ;
; -1.000 ; 1.000        ; 2.000          ; Min Period      ; clk   ; Rise       ; timer[16]                   ;
; -1.000 ; 1.000        ; 2.000          ; Min Period      ; clk   ; Rise       ; timer[17]                   ;
; -1.000 ; 1.000        ; 2.000          ; Min Period      ; clk   ; Rise       ; timer[18]                   ;
; -1.000 ; 1.000        ; 2.000          ; Min Period      ; clk   ; Rise       ; timer[19]                   ;
; -1.000 ; 1.000        ; 2.000          ; Min Period      ; clk   ; Rise       ; timer[1]                    ;
; -1.000 ; 1.000        ; 2.000          ; Min Period      ; clk   ; Rise       ; timer[20]                   ;
; -1.000 ; 1.000        ; 2.000          ; Min Period      ; clk   ; Rise       ; timer[21]                   ;
; -1.000 ; 1.000        ; 2.000          ; Min Period      ; clk   ; Rise       ; timer[22]                   ;
; -1.000 ; 1.000        ; 2.000          ; Min Period      ; clk   ; Rise       ; timer[23]                   ;
; -1.000 ; 1.000        ; 2.000          ; Min Period      ; clk   ; Rise       ; timer[24]                   ;
; -1.000 ; 1.000        ; 2.000          ; Min Period      ; clk   ; Rise       ; timer[25]                   ;
; -1.000 ; 1.000        ; 2.000          ; Min Period      ; clk   ; Rise       ; timer[26]                   ;
; -1.000 ; 1.000        ; 2.000          ; Min Period      ; clk   ; Rise       ; timer[27]                   ;
; -1.000 ; 1.000        ; 2.000          ; Min Period      ; clk   ; Rise       ; timer[28]                   ;
; -1.000 ; 1.000        ; 2.000          ; Min Period      ; clk   ; Rise       ; timer[29]                   ;
; -1.000 ; 1.000        ; 2.000          ; Min Period      ; clk   ; Rise       ; timer[2]                    ;
; -1.000 ; 1.000        ; 2.000          ; Min Period      ; clk   ; Rise       ; timer[30]                   ;
; -1.000 ; 1.000        ; 2.000          ; Min Period      ; clk   ; Rise       ; timer[31]                   ;
; -1.000 ; 1.000        ; 2.000          ; Min Period      ; clk   ; Rise       ; timer[3]                    ;
; -1.000 ; 1.000        ; 2.000          ; Min Period      ; clk   ; Rise       ; timer[4]                    ;
; -1.000 ; 1.000        ; 2.000          ; Min Period      ; clk   ; Rise       ; timer[5]                    ;
; -1.000 ; 1.000        ; 2.000          ; Min Period      ; clk   ; Rise       ; timer[6]                    ;
; -1.000 ; 1.000        ; 2.000          ; Min Period      ; clk   ; Rise       ; timer[7]                    ;
; -1.000 ; 1.000        ; 2.000          ; Min Period      ; clk   ; Rise       ; timer[8]                    ;
; -1.000 ; 1.000        ; 2.000          ; Min Period      ; clk   ; Rise       ; timer[9]                    ;
; -0.059 ; 0.125        ; 0.184          ; Low Pulse Width ; clk   ; Rise       ; timer[17]                   ;
; -0.059 ; 0.125        ; 0.184          ; Low Pulse Width ; clk   ; Rise       ; timer[18]                   ;
; -0.059 ; 0.125        ; 0.184          ; Low Pulse Width ; clk   ; Rise       ; timer[21]                   ;
; -0.059 ; 0.125        ; 0.184          ; Low Pulse Width ; clk   ; Rise       ; timer[22]                   ;
; -0.059 ; 0.125        ; 0.184          ; Low Pulse Width ; clk   ; Rise       ; timer[23]                   ;
; -0.059 ; 0.125        ; 0.184          ; Low Pulse Width ; clk   ; Rise       ; timer[24]                   ;
; -0.059 ; 0.125        ; 0.184          ; Low Pulse Width ; clk   ; Rise       ; timer[25]                   ;
; -0.059 ; 0.125        ; 0.184          ; Low Pulse Width ; clk   ; Rise       ; timer[27]                   ;
; -0.058 ; 0.126        ; 0.184          ; Low Pulse Width ; clk   ; Rise       ; timer[0]                    ;
; -0.058 ; 0.126        ; 0.184          ; Low Pulse Width ; clk   ; Rise       ; timer[1]                    ;
; -0.058 ; 0.126        ; 0.184          ; Low Pulse Width ; clk   ; Rise       ; timer[2]                    ;
; -0.058 ; 0.126        ; 0.184          ; Low Pulse Width ; clk   ; Rise       ; timer[3]                    ;
; -0.058 ; 0.126        ; 0.184          ; Low Pulse Width ; clk   ; Rise       ; timer[4]                    ;
; -0.058 ; 0.126        ; 0.184          ; Low Pulse Width ; clk   ; Rise       ; timer[5]                    ;
; -0.058 ; 0.126        ; 0.184          ; Low Pulse Width ; clk   ; Rise       ; timer[6]                    ;
; -0.058 ; 0.126        ; 0.184          ; Low Pulse Width ; clk   ; Rise       ; timer[7]                    ;
; -0.048 ; 0.136        ; 0.184          ; Low Pulse Width ; clk   ; Rise       ; current_state.FORWARD_2S    ;
; -0.048 ; 0.136        ; 0.184          ; Low Pulse Width ; clk   ; Rise       ; current_state.FORWARD_2S_2  ;
; -0.048 ; 0.136        ; 0.184          ; Low Pulse Width ; clk   ; Rise       ; current_state.FORWARD_2S_3  ;
; -0.048 ; 0.136        ; 0.184          ; Low Pulse Width ; clk   ; Rise       ; current_state.FORWARD_2S_4  ;
; -0.048 ; 0.136        ; 0.184          ; Low Pulse Width ; clk   ; Rise       ; current_state.RIGHT_200MS   ;
; -0.048 ; 0.136        ; 0.184          ; Low Pulse Width ; clk   ; Rise       ; current_state.RIGHT_200MS_2 ;
; -0.048 ; 0.136        ; 0.184          ; Low Pulse Width ; clk   ; Rise       ; current_state.RIGHT_200MS_3 ;
; -0.048 ; 0.136        ; 0.184          ; Low Pulse Width ; clk   ; Rise       ; current_state.RIGHT_200MS_4 ;
; -0.033 ; 0.151        ; 0.184          ; Low Pulse Width ; clk   ; Rise       ; right[0]~reg0               ;
; -0.032 ; 0.152        ; 0.184          ; Low Pulse Width ; clk   ; Rise       ; active~reg0                 ;
; -0.032 ; 0.152        ; 0.184          ; Low Pulse Width ; clk   ; Rise       ; current_state.IDLE          ;
; -0.032 ; 0.152        ; 0.184          ; Low Pulse Width ; clk   ; Rise       ; left[0]~reg0                ;
; -0.032 ; 0.152        ; 0.184          ; Low Pulse Width ; clk   ; Rise       ; pwm_value[0]~reg0           ;
; -0.032 ; 0.152        ; 0.184          ; Low Pulse Width ; clk   ; Rise       ; pwm_value[2]~reg0           ;
; -0.032 ; 0.152        ; 0.184          ; Low Pulse Width ; clk   ; Rise       ; timer[10]                   ;
; -0.032 ; 0.152        ; 0.184          ; Low Pulse Width ; clk   ; Rise       ; timer[11]                   ;
; -0.032 ; 0.152        ; 0.184          ; Low Pulse Width ; clk   ; Rise       ; timer[12]                   ;
; -0.032 ; 0.152        ; 0.184          ; Low Pulse Width ; clk   ; Rise       ; timer[13]                   ;
; -0.032 ; 0.152        ; 0.184          ; Low Pulse Width ; clk   ; Rise       ; timer[14]                   ;
; -0.032 ; 0.152        ; 0.184          ; Low Pulse Width ; clk   ; Rise       ; timer[15]                   ;
; -0.032 ; 0.152        ; 0.184          ; Low Pulse Width ; clk   ; Rise       ; timer[16]                   ;
; -0.032 ; 0.152        ; 0.184          ; Low Pulse Width ; clk   ; Rise       ; timer[19]                   ;
; -0.032 ; 0.152        ; 0.184          ; Low Pulse Width ; clk   ; Rise       ; timer[20]                   ;
; -0.032 ; 0.152        ; 0.184          ; Low Pulse Width ; clk   ; Rise       ; timer[26]                   ;
; -0.032 ; 0.152        ; 0.184          ; Low Pulse Width ; clk   ; Rise       ; timer[28]                   ;
; -0.032 ; 0.152        ; 0.184          ; Low Pulse Width ; clk   ; Rise       ; timer[29]                   ;
; -0.032 ; 0.152        ; 0.184          ; Low Pulse Width ; clk   ; Rise       ; timer[30]                   ;
; -0.032 ; 0.152        ; 0.184          ; Low Pulse Width ; clk   ; Rise       ; timer[31]                   ;
; -0.032 ; 0.152        ; 0.184          ; Low Pulse Width ; clk   ; Rise       ; timer[8]                    ;
; -0.032 ; 0.152        ; 0.184          ; Low Pulse Width ; clk   ; Rise       ; timer[9]                    ;
; 0.121  ; 0.121        ; 0.000          ; Low Pulse Width ; clk   ; Rise       ; timer[17]|clk               ;
; 0.121  ; 0.121        ; 0.000          ; Low Pulse Width ; clk   ; Rise       ; timer[18]|clk               ;
; 0.121  ; 0.121        ; 0.000          ; Low Pulse Width ; clk   ; Rise       ; timer[21]|clk               ;
; 0.121  ; 0.121        ; 0.000          ; Low Pulse Width ; clk   ; Rise       ; timer[22]|clk               ;
; 0.121  ; 0.121        ; 0.000          ; Low Pulse Width ; clk   ; Rise       ; timer[23]|clk               ;
; 0.121  ; 0.121        ; 0.000          ; Low Pulse Width ; clk   ; Rise       ; timer[24]|clk               ;
; 0.121  ; 0.121        ; 0.000          ; Low Pulse Width ; clk   ; Rise       ; timer[25]|clk               ;
+--------+--------------+----------------+-----------------+-------+------------+-----------------------------+


+-----------------------------------------------------------------------+
; Setup Times                                                           ;
+-----------+------------+-------+-------+------------+-----------------+
; Data Port ; Clock Port ; Rise  ; Fall  ; Clock Edge ; Clock Reference ;
+-----------+------------+-------+-------+------------+-----------------+
; mode[*]   ; clk        ; 2.060 ; 2.602 ; Rise       ; clk             ;
;  mode[0]  ; clk        ; 1.912 ; 2.526 ; Rise       ; clk             ;
;  mode[1]  ; clk        ; 2.060 ; 2.602 ; Rise       ; clk             ;
+-----------+------------+-------+-------+------------+-----------------+


+-------------------------------------------------------------------------+
; Hold Times                                                              ;
+-----------+------------+--------+--------+------------+-----------------+
; Data Port ; Clock Port ; Rise   ; Fall   ; Clock Edge ; Clock Reference ;
+-----------+------------+--------+--------+------------+-----------------+
; mode[*]   ; clk        ; -0.783 ; -1.372 ; Rise       ; clk             ;
;  mode[0]  ; clk        ; -0.846 ; -1.394 ; Rise       ; clk             ;
;  mode[1]  ; clk        ; -0.783 ; -1.372 ; Rise       ; clk             ;
+-----------+------------+--------+--------+------------+-----------------+


+---------------------------------------------------------------------------+
; Clock to Output Times                                                     ;
+---------------+------------+-------+-------+------------+-----------------+
; Data Port     ; Clock Port ; Rise  ; Fall  ; Clock Edge ; Clock Reference ;
+---------------+------------+-------+-------+------------+-----------------+
; active        ; clk        ; 4.023 ; 4.065 ; Rise       ; clk             ;
; left[*]       ; clk        ; 3.423 ; 3.454 ; Rise       ; clk             ;
;  left[0]      ; clk        ; 3.423 ; 3.454 ; Rise       ; clk             ;
; pwm_value[*]  ; clk        ; 4.808 ; 4.624 ; Rise       ; clk             ;
;  pwm_value[0] ; clk        ; 3.431 ; 3.470 ; Rise       ; clk             ;
;  pwm_value[2] ; clk        ; 4.808 ; 4.624 ; Rise       ; clk             ;
;  pwm_value[3] ; clk        ; 3.431 ; 3.470 ; Rise       ; clk             ;
;  pwm_value[4] ; clk        ; 3.504 ; 3.534 ; Rise       ; clk             ;
;  pwm_value[5] ; clk        ; 4.808 ; 4.624 ; Rise       ; clk             ;
;  pwm_value[6] ; clk        ; 4.501 ; 4.351 ; Rise       ; clk             ;
; right[*]      ; clk        ; 4.119 ; 4.167 ; Rise       ; clk             ;
;  right[0]     ; clk        ; 3.457 ; 3.496 ; Rise       ; clk             ;
;  right[1]     ; clk        ; 4.119 ; 4.167 ; Rise       ; clk             ;
+---------------+------------+-------+-------+------------+-----------------+


+---------------------------------------------------------------------------+
; Minimum Clock to Output Times                                             ;
+---------------+------------+-------+-------+------------+-----------------+
; Data Port     ; Clock Port ; Rise  ; Fall  ; Clock Edge ; Clock Reference ;
+---------------+------------+-------+-------+------------+-----------------+
; active        ; clk        ; 3.910 ; 3.951 ; Rise       ; clk             ;
; left[*]       ; clk        ; 3.309 ; 3.338 ; Rise       ; clk             ;
;  left[0]      ; clk        ; 3.309 ; 3.338 ; Rise       ; clk             ;
; pwm_value[*]  ; clk        ; 3.319 ; 3.356 ; Rise       ; clk             ;
;  pwm_value[0] ; clk        ; 3.319 ; 3.356 ; Rise       ; clk             ;
;  pwm_value[2] ; clk        ; 4.640 ; 4.464 ; Rise       ; clk             ;
;  pwm_value[3] ; clk        ; 3.319 ; 3.356 ; Rise       ; clk             ;
;  pwm_value[4] ; clk        ; 3.387 ; 3.415 ; Rise       ; clk             ;
;  pwm_value[5] ; clk        ; 4.640 ; 4.464 ; Rise       ; clk             ;
;  pwm_value[6] ; clk        ; 4.343 ; 4.200 ; Rise       ; clk             ;
; right[*]      ; clk        ; 3.343 ; 3.379 ; Rise       ; clk             ;
;  right[0]     ; clk        ; 3.343 ; 3.379 ; Rise       ; clk             ;
;  right[1]     ; clk        ; 4.002 ; 4.048 ; Rise       ; clk             ;
+---------------+------------+-------+-------+------------+-----------------+


---------------------------------------------
; Fast 1200mV 0C Model Metastability Report ;
---------------------------------------------
No synchronizer chains to report.


+--------------------------------------------------------------------------------+
; Multicorner Timing Analysis Summary                                            ;
+------------------+----------+-------+----------+---------+---------------------+
; Clock            ; Setup    ; Hold  ; Recovery ; Removal ; Minimum Pulse Width ;
+------------------+----------+-------+----------+---------+---------------------+
; Worst-case Slack ; -3.170   ; 0.179 ; N/A      ; N/A     ; -3.000              ;
;  clk             ; -3.170   ; 0.179 ; N/A      ; N/A     ; -3.000              ;
; Design-wide TNS  ; -116.084 ; 0.0   ; 0.0      ; 0.0     ; -51.025             ;
;  clk             ; -116.084 ; 0.000 ; N/A      ; N/A     ; -51.025             ;
+------------------+----------+-------+----------+---------+---------------------+


+-----------------------------------------------------------------------+
; Setup Times                                                           ;
+-----------+------------+-------+-------+------------+-----------------+
; Data Port ; Clock Port ; Rise  ; Fall  ; Clock Edge ; Clock Reference ;
+-----------+------------+-------+-------+------------+-----------------+
; mode[*]   ; clk        ; 3.600 ; 4.086 ; Rise       ; clk             ;
;  mode[0]  ; clk        ; 3.467 ; 3.840 ; Rise       ; clk             ;
;  mode[1]  ; clk        ; 3.600 ; 4.086 ; Rise       ; clk             ;
+-----------+------------+-------+-------+------------+-----------------+


+-------------------------------------------------------------------------+
; Hold Times                                                              ;
+-----------+------------+--------+--------+------------+-----------------+
; Data Port ; Clock Port ; Rise   ; Fall   ; Clock Edge ; Clock Reference ;
+-----------+------------+--------+--------+------------+-----------------+
; mode[*]   ; clk        ; -0.783 ; -1.372 ; Rise       ; clk             ;
;  mode[0]  ; clk        ; -0.846 ; -1.394 ; Rise       ; clk             ;
;  mode[1]  ; clk        ; -0.783 ; -1.372 ; Rise       ; clk             ;
+-----------+------------+--------+--------+------------+-----------------+


+---------------------------------------------------------------------------+
; Clock to Output Times                                                     ;
+---------------+------------+-------+-------+------------+-----------------+
; Data Port     ; Clock Port ; Rise  ; Fall  ; Clock Edge ; Clock Reference ;
+---------------+------------+-------+-------+------------+-----------------+
; active        ; clk        ; 6.663 ; 6.640 ; Rise       ; clk             ;
; left[*]       ; clk        ; 5.867 ; 5.792 ; Rise       ; clk             ;
;  left[0]      ; clk        ; 5.867 ; 5.792 ; Rise       ; clk             ;
; pwm_value[*]  ; clk        ; 7.921 ; 7.975 ; Rise       ; clk             ;
;  pwm_value[0] ; clk        ; 5.896 ; 5.810 ; Rise       ; clk             ;
;  pwm_value[2] ; clk        ; 7.921 ; 7.975 ; Rise       ; clk             ;
;  pwm_value[3] ; clk        ; 5.896 ; 5.810 ; Rise       ; clk             ;
;  pwm_value[4] ; clk        ; 6.027 ; 5.934 ; Rise       ; clk             ;
;  pwm_value[5] ; clk        ; 7.921 ; 7.975 ; Rise       ; clk             ;
;  pwm_value[6] ; clk        ; 7.431 ; 7.463 ; Rise       ; clk             ;
; right[*]      ; clk        ; 6.860 ; 6.822 ; Rise       ; clk             ;
;  right[0]     ; clk        ; 5.905 ; 5.848 ; Rise       ; clk             ;
;  right[1]     ; clk        ; 6.860 ; 6.822 ; Rise       ; clk             ;
+---------------+------------+-------+-------+------------+-----------------+


+---------------------------------------------------------------------------+
; Minimum Clock to Output Times                                             ;
+---------------+------------+-------+-------+------------+-----------------+
; Data Port     ; Clock Port ; Rise  ; Fall  ; Clock Edge ; Clock Reference ;
+---------------+------------+-------+-------+------------+-----------------+
; active        ; clk        ; 3.910 ; 3.951 ; Rise       ; clk             ;
; left[*]       ; clk        ; 3.309 ; 3.338 ; Rise       ; clk             ;
;  left[0]      ; clk        ; 3.309 ; 3.338 ; Rise       ; clk             ;
; pwm_value[*]  ; clk        ; 3.319 ; 3.356 ; Rise       ; clk             ;
;  pwm_value[0] ; clk        ; 3.319 ; 3.356 ; Rise       ; clk             ;
;  pwm_value[2] ; clk        ; 4.640 ; 4.464 ; Rise       ; clk             ;
;  pwm_value[3] ; clk        ; 3.319 ; 3.356 ; Rise       ; clk             ;
;  pwm_value[4] ; clk        ; 3.387 ; 3.415 ; Rise       ; clk             ;
;  pwm_value[5] ; clk        ; 4.640 ; 4.464 ; Rise       ; clk             ;
;  pwm_value[6] ; clk        ; 4.343 ; 4.200 ; Rise       ; clk             ;
; right[*]      ; clk        ; 3.343 ; 3.379 ; Rise       ; clk             ;
;  right[0]     ; clk        ; 3.343 ; 3.379 ; Rise       ; clk             ;
;  right[1]     ; clk        ; 4.002 ; 4.048 ; Rise       ; clk             ;
+---------------+------------+-------+-------+------------+-----------------+


+------------------------------------------------------------------------------------------------------------------------------------------------------------------------------------------------------------------------------------------------------------------------------------------------------------------------------------------------------------------------------------------------------------------+
; Board Trace Model Assignments                                                                                                                                                                                                                                                                                                                                                                                    ;
+---------------+--------------+-------------------+-------------------------+-------------------------+---------------+---------------------+----------------+------------------+--------+------------------+------------------------+------------------------+--------------+---------------+-----------------+-------+---------------------+--------------------+---------------+-----------------+-------------+
; Pin           ; I/O Standard ; Near Tline Length ; Near Tline L per Length ; Near Tline C per Length ; Near Series R ; Near Differential R ; Near Pull-up R ; Near Pull-down R ; Near C ; Far Tline Length ; Far Tline L per Length ; Far Tline C per Length ; Far Series R ; Far Pull-up R ; Far Pull-down R ; Far C ; Termination Voltage ; Far Differential R ; EBD File Name ; EBD Signal Name ; EBD Far-end ;
+---------------+--------------+-------------------+-------------------------+-------------------------+---------------+---------------------+----------------+------------------+--------+------------------+------------------------+------------------------+--------------+---------------+-----------------+-------+---------------------+--------------------+---------------+-----------------+-------------+
; left[0]       ; 2.5 V        ; 0 in              ; 0 H/in                  ; 0 F/in                  ; short         ; -                   ; open           ; open             ; open   ; 0 in             ; 0 H/in                 ; 0 F/in                 ; short        ; open          ; open            ; open  ; 0 V                 ; -                  ; n/a           ; n/a             ; n/a         ;
; left[1]       ; 2.5 V        ; 0 in              ; 0 H/in                  ; 0 F/in                  ; short         ; -                   ; open           ; open             ; open   ; 0 in             ; 0 H/in                 ; 0 F/in                 ; short        ; open          ; open            ; open  ; 0 V                 ; -                  ; n/a           ; n/a             ; n/a         ;
; right[0]      ; 2.5 V        ; 0 in              ; 0 H/in                  ; 0 F/in                  ; short         ; -                   ; open           ; open             ; open   ; 0 in             ; 0 H/in                 ; 0 F/in                 ; short        ; open          ; open            ; open  ; 0 V                 ; -                  ; n/a           ; n/a             ; n/a         ;
; right[1]      ; 2.5 V        ; 0 in              ; 0 H/in                  ; 0 F/in                  ; short         ; -                   ; open           ; open             ; open   ; 0 in             ; 0 H/in                 ; 0 F/in                 ; short        ; open          ; open            ; open  ; 0 V                 ; -                  ; n/a           ; n/a             ; n/a         ;
; pwm_value[0]  ; 2.5 V        ; 0 in              ; 0 H/in                  ; 0 F/in                  ; short         ; -                   ; open           ; open             ; open   ; 0 in             ; 0 H/in                 ; 0 F/in                 ; short        ; open          ; open            ; open  ; 0 V                 ; -                  ; n/a           ; n/a             ; n/a         ;
; pwm_value[1]  ; 2.5 V        ; 0 in              ; 0 H/in                  ; 0 F/in                  ; short         ; -                   ; open           ; open             ; open   ; 0 in             ; 0 H/in                 ; 0 F/in                 ; short        ; open          ; open            ; open  ; 0 V                 ; -                  ; n/a           ; n/a             ; n/a         ;
; pwm_value[2]  ; 2.5 V        ; 0 in              ; 0 H/in                  ; 0 F/in                  ; short         ; -                   ; open           ; open             ; open   ; 0 in             ; 0 H/in                 ; 0 F/in                 ; short        ; open          ; open            ; open  ; 0 V                 ; -                  ; n/a           ; n/a             ; n/a         ;
; pwm_value[3]  ; 2.5 V        ; 0 in              ; 0 H/in                  ; 0 F/in                  ; short         ; -                   ; open           ; open             ; open   ; 0 in             ; 0 H/in                 ; 0 F/in                 ; short        ; open          ; open            ; open  ; 0 V                 ; -                  ; n/a           ; n/a             ; n/a         ;
; pwm_value[4]  ; 2.5 V        ; 0 in              ; 0 H/in                  ; 0 F/in                  ; short         ; -                   ; open           ; open             ; open   ; 0 in             ; 0 H/in                 ; 0 F/in                 ; short        ; open          ; open            ; open  ; 0 V                 ; -                  ; n/a           ; n/a             ; n/a         ;
; pwm_value[5]  ; 2.5 V        ; 0 in              ; 0 H/in                  ; 0 F/in                  ; short         ; -                   ; open           ; open             ; open   ; 0 in             ; 0 H/in                 ; 0 F/in                 ; short        ; open          ; open            ; open  ; 0 V                 ; -                  ; n/a           ; n/a             ; n/a         ;
; pwm_value[6]  ; 2.5 V        ; 0 in              ; 0 H/in                  ; 0 F/in                  ; short         ; -                   ; open           ; open             ; open   ; 0 in             ; 0 H/in                 ; 0 F/in                 ; short        ; open          ; open            ; open  ; 0 V                 ; -                  ; n/a           ; n/a             ; n/a         ;
; pwm_value[7]  ; 2.5 V        ; 0 in              ; 0 H/in                  ; 0 F/in                  ; short         ; -                   ; open           ; open             ; open   ; 0 in             ; 0 H/in                 ; 0 F/in                 ; short        ; open          ; open            ; open  ; 0 V                 ; -                  ; n/a           ; n/a             ; n/a         ;
; active        ; 2.5 V        ; 0 in              ; 0 H/in                  ; 0 F/in                  ; short         ; -                   ; open           ; open             ; open   ; 0 in             ; 0 H/in                 ; 0 F/in                 ; short        ; open          ; open            ; open  ; 0 V                 ; -                  ; n/a           ; n/a             ; n/a         ;
; ~ALTERA_NCEO~ ; 2.5 V        ; 0 in              ; 0 H/in                  ; 0 F/in                  ; short         ; -                   ; open           ; open             ; open   ; 0 in             ; 0 H/in                 ; 0 F/in                 ; short        ; open          ; open            ; open  ; 0 V                 ; -                  ; n/a           ; n/a             ; n/a         ;
; ~ALTERA_DCLK~ ; 2.5 V        ; 0 in              ; 0 H/in                  ; 0 F/in                  ; short         ; -                   ; open           ; open             ; open   ; 0 in             ; 0 H/in                 ; 0 F/in                 ; short        ; open          ; open            ; open  ; 0 V                 ; -                  ; n/a           ; n/a             ; n/a         ;
+---------------+--------------+-------------------+-------------------------+-------------------------+---------------+---------------------+----------------+------------------+--------+------------------+------------------------+------------------------+--------------+---------------+-----------------+-------+---------------------+--------------------+---------------+-----------------+-------------+


+-------------------------------------------------------------------+
; Input Transition Times                                            ;
+----------------+--------------+-----------------+-----------------+
; Pin            ; I/O Standard ; 10-90 Rise Time ; 90-10 Fall Time ;
+----------------+--------------+-----------------+-----------------+
; mode[1]        ; 2.5 V        ; 2000 ps         ; 2000 ps         ;
; mode[0]        ; 2.5 V        ; 2000 ps         ; 2000 ps         ;
; clk            ; 2.5 V        ; 2000 ps         ; 2000 ps         ;
; reset          ; 2.5 V        ; 2000 ps         ; 2000 ps         ;
; ~ALTERA_DATA0~ ; 2.5 V        ; 2000 ps         ; 2000 ps         ;
; ~ALTERA_ASDO~  ; 2.5 V        ; 2000 ps         ; 2000 ps         ;
; ~ALTERA_NCSO~  ; 2.5 V        ; 2000 ps         ; 2000 ps         ;
+----------------+--------------+-----------------+-----------------+


+--------------------------------------------------------------------------------------------------------------------------------------------------------------------------------------------------------------------------------------------------------------------------------------------------------------------------------------------------------------------------------------------------------------------------------------------------------------------------------------------------------------------------------------------------------------------------------------------------------------------------------------------------------------------------------------------+
; Signal Integrity Metrics (Slow 1200mv 0c Model)                                                                                                                                                                                                                                                                                                                                                                                                                                                                                                                                                                                                                                            ;
+---------------+--------------+---------------------+---------------------+------------------------------+------------------------------+---------------------+---------------------+--------------------------------------+--------------------------------------+-----------------------------+-----------------------------+----------------------------+----------------------------+-----------------------------+-----------------------------+--------------------+--------------------+-------------------------------------+-------------------------------------+----------------------------+----------------------------+---------------------------+---------------------------+
; Pin           ; I/O Standard ; Board Delay on Rise ; Board Delay on Fall ; Steady State Voh at FPGA Pin ; Steady State Vol at FPGA Pin ; Voh Max at FPGA Pin ; Vol Min at FPGA Pin ; Ringback Voltage on Rise at FPGA Pin ; Ringback Voltage on Fall at FPGA Pin ; 10-90 Rise Time at FPGA Pin ; 90-10 Fall Time at FPGA Pin ; Monotonic Rise at FPGA Pin ; Monotonic Fall at FPGA Pin ; Steady State Voh at Far-end ; Steady State Vol at Far-end ; Voh Max at Far-end ; Vol Min at Far-end ; Ringback Voltage on Rise at Far-end ; Ringback Voltage on Fall at Far-end ; 10-90 Rise Time at Far-end ; 90-10 Fall Time at Far-end ; Monotonic Rise at Far-end ; Monotonic Fall at Far-end ;
+---------------+--------------+---------------------+---------------------+------------------------------+------------------------------+---------------------+---------------------+--------------------------------------+--------------------------------------+-----------------------------+-----------------------------+----------------------------+----------------------------+-----------------------------+-----------------------------+--------------------+--------------------+-------------------------------------+-------------------------------------+----------------------------+----------------------------+---------------------------+---------------------------+
; left[0]       ; 2.5 V        ; 0 s                 ; 0 s                 ; 2.32 V                       ; 7.29e-09 V                   ; 2.39 V              ; -0.00339 V          ; 0.206 V                              ; 0.007 V                              ; 2.77e-10 s                  ; 3.24e-10 s                  ; Yes                        ; Yes                        ; 2.32 V                      ; 7.29e-09 V                  ; 2.39 V             ; -0.00339 V         ; 0.206 V                             ; 0.007 V                             ; 2.77e-10 s                 ; 3.24e-10 s                 ; Yes                       ; Yes                       ;
; left[1]       ; 2.5 V        ; 0 s                 ; 0 s                 ; 2.32 V                       ; 5.16e-09 V                   ; 2.37 V              ; -0.00861 V          ; 0.168 V                              ; 0.038 V                              ; 6.79e-10 s                  ; 6.49e-10 s                  ; No                         ; Yes                        ; 2.32 V                      ; 5.16e-09 V                  ; 2.37 V             ; -0.00861 V         ; 0.168 V                             ; 0.038 V                             ; 6.79e-10 s                 ; 6.49e-10 s                 ; No                        ; Yes                       ;
; right[0]      ; 2.5 V        ; 0 s                 ; 0 s                 ; 2.32 V                       ; 7.29e-09 V                   ; 2.39 V              ; -0.00339 V          ; 0.206 V                              ; 0.007 V                              ; 2.77e-10 s                  ; 3.24e-10 s                  ; Yes                        ; Yes                        ; 2.32 V                      ; 7.29e-09 V                  ; 2.39 V             ; -0.00339 V         ; 0.206 V                             ; 0.007 V                             ; 2.77e-10 s                 ; 3.24e-10 s                 ; Yes                       ; Yes                       ;
; right[1]      ; 2.5 V        ; 0 s                 ; 0 s                 ; 2.32 V                       ; 7.29e-09 V                   ; 2.34 V              ; -0.00668 V          ; 0.218 V                              ; 0.076 V                              ; 1.92e-09 s                  ; 1.81e-09 s                  ; No                         ; Yes                        ; 2.32 V                      ; 7.29e-09 V                  ; 2.34 V             ; -0.00668 V         ; 0.218 V                             ; 0.076 V                             ; 1.92e-09 s                 ; 1.81e-09 s                 ; No                        ; Yes                       ;
; pwm_value[0]  ; 2.5 V        ; 0 s                 ; 0 s                 ; 2.32 V                       ; 7.29e-09 V                   ; 2.39 V              ; -0.00317 V          ; 0.179 V                              ; 0.007 V                              ; 4.7e-10 s                   ; 4.72e-10 s                  ; No                         ; Yes                        ; 2.32 V                      ; 7.29e-09 V                  ; 2.39 V             ; -0.00317 V         ; 0.179 V                             ; 0.007 V                             ; 4.7e-10 s                  ; 4.72e-10 s                 ; No                        ; Yes                       ;
; pwm_value[1]  ; 2.5 V        ; 0 s                 ; 0 s                 ; 2.32 V                       ; 7.29e-09 V                   ; 2.39 V              ; -0.00317 V          ; 0.179 V                              ; 0.007 V                              ; 4.7e-10 s                   ; 4.72e-10 s                  ; No                         ; Yes                        ; 2.32 V                      ; 7.29e-09 V                  ; 2.39 V             ; -0.00317 V         ; 0.179 V                             ; 0.007 V                             ; 4.7e-10 s                  ; 4.72e-10 s                 ; No                        ; Yes                       ;
; pwm_value[2]  ; 2.5 V        ; 0 s                 ; 0 s                 ; 2.32 V                       ; 7.29e-09 V                   ; 2.39 V              ; -0.00317 V          ; 0.179 V                              ; 0.007 V                              ; 4.7e-10 s                   ; 4.72e-10 s                  ; No                         ; Yes                        ; 2.32 V                      ; 7.29e-09 V                  ; 2.39 V             ; -0.00317 V         ; 0.179 V                             ; 0.007 V                             ; 4.7e-10 s                  ; 4.72e-10 s                 ; No                        ; Yes                       ;
; pwm_value[3]  ; 2.5 V        ; 0 s                 ; 0 s                 ; 2.32 V                       ; 7.29e-09 V                   ; 2.39 V              ; -0.00317 V          ; 0.179 V                              ; 0.007 V                              ; 4.7e-10 s                   ; 4.72e-10 s                  ; No                         ; Yes                        ; 2.32 V                      ; 7.29e-09 V                  ; 2.39 V             ; -0.00317 V         ; 0.179 V                             ; 0.007 V                             ; 4.7e-10 s                  ; 4.72e-10 s                 ; No                        ; Yes                       ;
; pwm_value[4]  ; 2.5 V        ; 0 s                 ; 0 s                 ; 2.32 V                       ; 7.29e-09 V                   ; 2.39 V              ; -0.00339 V          ; 0.206 V                              ; 0.007 V                              ; 2.77e-10 s                  ; 3.24e-10 s                  ; Yes                        ; Yes                        ; 2.32 V                      ; 7.29e-09 V                  ; 2.39 V             ; -0.00339 V         ; 0.206 V                             ; 0.007 V                             ; 2.77e-10 s                 ; 3.24e-10 s                 ; Yes                       ; Yes                       ;
; pwm_value[5]  ; 2.5 V        ; 0 s                 ; 0 s                 ; 2.32 V                       ; 7.29e-09 V                   ; 2.39 V              ; -0.00317 V          ; 0.179 V                              ; 0.007 V                              ; 4.7e-10 s                   ; 4.72e-10 s                  ; No                         ; Yes                        ; 2.32 V                      ; 7.29e-09 V                  ; 2.39 V             ; -0.00317 V         ; 0.179 V                             ; 0.007 V                             ; 4.7e-10 s                  ; 4.72e-10 s                 ; No                        ; Yes                       ;
; pwm_value[6]  ; 2.5 V        ; 0 s                 ; 0 s                 ; 2.32 V                       ; 7.29e-09 V                   ; 2.39 V              ; -0.00339 V          ; 0.206 V                              ; 0.007 V                              ; 2.77e-10 s                  ; 3.24e-10 s                  ; Yes                        ; Yes                        ; 2.32 V                      ; 7.29e-09 V                  ; 2.39 V             ; -0.00339 V         ; 0.206 V                             ; 0.007 V                             ; 2.77e-10 s                 ; 3.24e-10 s                 ; Yes                       ; Yes                       ;
; pwm_value[7]  ; 2.5 V        ; 0 s                 ; 0 s                 ; 2.32 V                       ; 7.29e-09 V                   ; 2.39 V              ; -0.00339 V          ; 0.206 V                              ; 0.007 V                              ; 2.77e-10 s                  ; 3.24e-10 s                  ; Yes                        ; Yes                        ; 2.32 V                      ; 7.29e-09 V                  ; 2.39 V             ; -0.00339 V         ; 0.206 V                             ; 0.007 V                             ; 2.77e-10 s                 ; 3.24e-10 s                 ; Yes                       ; Yes                       ;
; active        ; 2.5 V        ; 0 s                 ; 0 s                 ; 2.32 V                       ; 7.29e-09 V                   ; 2.34 V              ; -0.00668 V          ; 0.218 V                              ; 0.076 V                              ; 1.92e-09 s                  ; 1.81e-09 s                  ; No                         ; Yes                        ; 2.32 V                      ; 7.29e-09 V                  ; 2.34 V             ; -0.00668 V         ; 0.218 V                             ; 0.076 V                             ; 1.92e-09 s                 ; 1.81e-09 s                 ; No                        ; Yes                       ;
; ~ALTERA_NCEO~ ; 2.5 V        ; 0 s                 ; 0 s                 ; 2.32 V                       ; 4.76e-09 V                   ; 2.4 V               ; -0.034 V            ; 0.102 V                              ; 0.065 V                              ; 2.49e-10 s                  ; 3.49e-10 s                  ; Yes                        ; Yes                        ; 2.32 V                      ; 4.76e-09 V                  ; 2.4 V              ; -0.034 V           ; 0.102 V                             ; 0.065 V                             ; 2.49e-10 s                 ; 3.49e-10 s                 ; Yes                       ; Yes                       ;
; ~ALTERA_DCLK~ ; 2.5 V        ; 0 s                 ; 0 s                 ; 2.32 V                       ; 5.94e-09 V                   ; 2.39 V              ; -0.0344 V           ; 0.156 V                              ; 0.089 V                              ; 2.68e-10 s                  ; 2.6e-10 s                   ; Yes                        ; Yes                        ; 2.32 V                      ; 5.94e-09 V                  ; 2.39 V             ; -0.0344 V          ; 0.156 V                             ; 0.089 V                             ; 2.68e-10 s                 ; 2.6e-10 s                  ; Yes                       ; Yes                       ;
+---------------+--------------+---------------------+---------------------+------------------------------+------------------------------+---------------------+---------------------+--------------------------------------+--------------------------------------+-----------------------------+-----------------------------+----------------------------+----------------------------+-----------------------------+-----------------------------+--------------------+--------------------+-------------------------------------+-------------------------------------+----------------------------+----------------------------+---------------------------+---------------------------+


+--------------------------------------------------------------------------------------------------------------------------------------------------------------------------------------------------------------------------------------------------------------------------------------------------------------------------------------------------------------------------------------------------------------------------------------------------------------------------------------------------------------------------------------------------------------------------------------------------------------------------------------------------------------------------------------------+
; Signal Integrity Metrics (Slow 1200mv 85c Model)                                                                                                                                                                                                                                                                                                                                                                                                                                                                                                                                                                                                                                           ;
+---------------+--------------+---------------------+---------------------+------------------------------+------------------------------+---------------------+---------------------+--------------------------------------+--------------------------------------+-----------------------------+-----------------------------+----------------------------+----------------------------+-----------------------------+-----------------------------+--------------------+--------------------+-------------------------------------+-------------------------------------+----------------------------+----------------------------+---------------------------+---------------------------+
; Pin           ; I/O Standard ; Board Delay on Rise ; Board Delay on Fall ; Steady State Voh at FPGA Pin ; Steady State Vol at FPGA Pin ; Voh Max at FPGA Pin ; Vol Min at FPGA Pin ; Ringback Voltage on Rise at FPGA Pin ; Ringback Voltage on Fall at FPGA Pin ; 10-90 Rise Time at FPGA Pin ; 90-10 Fall Time at FPGA Pin ; Monotonic Rise at FPGA Pin ; Monotonic Fall at FPGA Pin ; Steady State Voh at Far-end ; Steady State Vol at Far-end ; Voh Max at Far-end ; Vol Min at Far-end ; Ringback Voltage on Rise at Far-end ; Ringback Voltage on Fall at Far-end ; 10-90 Rise Time at Far-end ; 90-10 Fall Time at Far-end ; Monotonic Rise at Far-end ; Monotonic Fall at Far-end ;
+---------------+--------------+---------------------+---------------------+------------------------------+------------------------------+---------------------+---------------------+--------------------------------------+--------------------------------------+-----------------------------+-----------------------------+----------------------------+----------------------------+-----------------------------+-----------------------------+--------------------+--------------------+-------------------------------------+-------------------------------------+----------------------------+----------------------------+---------------------------+---------------------------+
; left[0]       ; 2.5 V        ; 0 s                 ; 0 s                 ; 2.32 V                       ; 1.21e-06 V                   ; 2.37 V              ; -0.00606 V          ; 0.107 V                              ; 0.021 V                              ; 4.26e-10 s                  ; 4.03e-10 s                  ; Yes                        ; Yes                        ; 2.32 V                      ; 1.21e-06 V                  ; 2.37 V             ; -0.00606 V         ; 0.107 V                             ; 0.021 V                             ; 4.26e-10 s                 ; 4.03e-10 s                 ; Yes                       ; Yes                       ;
; left[1]       ; 2.5 V        ; 0 s                 ; 0 s                 ; 2.32 V                       ; 8.13e-07 V                   ; 2.35 V              ; -0.00662 V          ; 0.129 V                              ; 0.049 V                              ; 8.55e-10 s                  ; 8.01e-10 s                  ; No                         ; Yes                        ; 2.32 V                      ; 8.13e-07 V                  ; 2.35 V             ; -0.00662 V         ; 0.129 V                             ; 0.049 V                             ; 8.55e-10 s                 ; 8.01e-10 s                 ; No                        ; Yes                       ;
; right[0]      ; 2.5 V        ; 0 s                 ; 0 s                 ; 2.32 V                       ; 1.21e-06 V                   ; 2.37 V              ; -0.00606 V          ; 0.107 V                              ; 0.021 V                              ; 4.26e-10 s                  ; 4.03e-10 s                  ; Yes                        ; Yes                        ; 2.32 V                      ; 1.21e-06 V                  ; 2.37 V             ; -0.00606 V         ; 0.107 V                             ; 0.021 V                             ; 4.26e-10 s                 ; 4.03e-10 s                 ; Yes                       ; Yes                       ;
; right[1]      ; 2.5 V        ; 0 s                 ; 0 s                 ; 2.32 V                       ; 1.21e-06 V                   ; 2.33 V              ; -0.00286 V          ; 0.193 V                              ; 0.042 V                              ; 2.32e-09 s                  ; 2.21e-09 s                  ; Yes                        ; Yes                        ; 2.32 V                      ; 1.21e-06 V                  ; 2.33 V             ; -0.00286 V         ; 0.193 V                             ; 0.042 V                             ; 2.32e-09 s                 ; 2.21e-09 s                 ; Yes                       ; Yes                       ;
; pwm_value[0]  ; 2.5 V        ; 0 s                 ; 0 s                 ; 2.32 V                       ; 1.21e-06 V                   ; 2.36 V              ; -0.00833 V          ; 0.113 V                              ; 0.035 V                              ; 6.32e-10 s                  ; 5.89e-10 s                  ; No                         ; Yes                        ; 2.32 V                      ; 1.21e-06 V                  ; 2.36 V             ; -0.00833 V         ; 0.113 V                             ; 0.035 V                             ; 6.32e-10 s                 ; 5.89e-10 s                 ; No                        ; Yes                       ;
; pwm_value[1]  ; 2.5 V        ; 0 s                 ; 0 s                 ; 2.32 V                       ; 1.21e-06 V                   ; 2.36 V              ; -0.00833 V          ; 0.113 V                              ; 0.035 V                              ; 6.32e-10 s                  ; 5.89e-10 s                  ; No                         ; Yes                        ; 2.32 V                      ; 1.21e-06 V                  ; 2.36 V             ; -0.00833 V         ; 0.113 V                             ; 0.035 V                             ; 6.32e-10 s                 ; 5.89e-10 s                 ; No                        ; Yes                       ;
; pwm_value[2]  ; 2.5 V        ; 0 s                 ; 0 s                 ; 2.32 V                       ; 1.21e-06 V                   ; 2.36 V              ; -0.00833 V          ; 0.113 V                              ; 0.035 V                              ; 6.32e-10 s                  ; 5.89e-10 s                  ; No                         ; Yes                        ; 2.32 V                      ; 1.21e-06 V                  ; 2.36 V             ; -0.00833 V         ; 0.113 V                             ; 0.035 V                             ; 6.32e-10 s                 ; 5.89e-10 s                 ; No                        ; Yes                       ;
; pwm_value[3]  ; 2.5 V        ; 0 s                 ; 0 s                 ; 2.32 V                       ; 1.21e-06 V                   ; 2.36 V              ; -0.00833 V          ; 0.113 V                              ; 0.035 V                              ; 6.32e-10 s                  ; 5.89e-10 s                  ; No                         ; Yes                        ; 2.32 V                      ; 1.21e-06 V                  ; 2.36 V             ; -0.00833 V         ; 0.113 V                             ; 0.035 V                             ; 6.32e-10 s                 ; 5.89e-10 s                 ; No                        ; Yes                       ;
; pwm_value[4]  ; 2.5 V        ; 0 s                 ; 0 s                 ; 2.32 V                       ; 1.21e-06 V                   ; 2.37 V              ; -0.00606 V          ; 0.107 V                              ; 0.021 V                              ; 4.26e-10 s                  ; 4.03e-10 s                  ; Yes                        ; Yes                        ; 2.32 V                      ; 1.21e-06 V                  ; 2.37 V             ; -0.00606 V         ; 0.107 V                             ; 0.021 V                             ; 4.26e-10 s                 ; 4.03e-10 s                 ; Yes                       ; Yes                       ;
; pwm_value[5]  ; 2.5 V        ; 0 s                 ; 0 s                 ; 2.32 V                       ; 1.21e-06 V                   ; 2.36 V              ; -0.00833 V          ; 0.113 V                              ; 0.035 V                              ; 6.32e-10 s                  ; 5.89e-10 s                  ; No                         ; Yes                        ; 2.32 V                      ; 1.21e-06 V                  ; 2.36 V             ; -0.00833 V         ; 0.113 V                             ; 0.035 V                             ; 6.32e-10 s                 ; 5.89e-10 s                 ; No                        ; Yes                       ;
; pwm_value[6]  ; 2.5 V        ; 0 s                 ; 0 s                 ; 2.32 V                       ; 1.21e-06 V                   ; 2.37 V              ; -0.00606 V          ; 0.107 V                              ; 0.021 V                              ; 4.26e-10 s                  ; 4.03e-10 s                  ; Yes                        ; Yes                        ; 2.32 V                      ; 1.21e-06 V                  ; 2.37 V             ; -0.00606 V         ; 0.107 V                             ; 0.021 V                             ; 4.26e-10 s                 ; 4.03e-10 s                 ; Yes                       ; Yes                       ;
; pwm_value[7]  ; 2.5 V        ; 0 s                 ; 0 s                 ; 2.32 V                       ; 1.21e-06 V                   ; 2.37 V              ; -0.00606 V          ; 0.107 V                              ; 0.021 V                              ; 4.26e-10 s                  ; 4.03e-10 s                  ; Yes                        ; Yes                        ; 2.32 V                      ; 1.21e-06 V                  ; 2.37 V             ; -0.00606 V         ; 0.107 V                             ; 0.021 V                             ; 4.26e-10 s                 ; 4.03e-10 s                 ; Yes                       ; Yes                       ;
; active        ; 2.5 V        ; 0 s                 ; 0 s                 ; 2.32 V                       ; 1.21e-06 V                   ; 2.33 V              ; -0.00286 V          ; 0.193 V                              ; 0.042 V                              ; 2.32e-09 s                  ; 2.21e-09 s                  ; Yes                        ; Yes                        ; 2.32 V                      ; 1.21e-06 V                  ; 2.33 V             ; -0.00286 V         ; 0.193 V                             ; 0.042 V                             ; 2.32e-09 s                 ; 2.21e-09 s                 ; Yes                       ; Yes                       ;
; ~ALTERA_NCEO~ ; 2.5 V        ; 0 s                 ; 0 s                 ; 2.32 V                       ; 7.93e-07 V                   ; 2.37 V              ; -0.0278 V           ; 0.106 V                              ; 0.115 V                              ; 2.69e-10 s                  ; 4.05e-10 s                  ; Yes                        ; Yes                        ; 2.32 V                      ; 7.93e-07 V                  ; 2.37 V             ; -0.0278 V          ; 0.106 V                             ; 0.115 V                             ; 2.69e-10 s                 ; 4.05e-10 s                 ; Yes                       ; Yes                       ;
; ~ALTERA_DCLK~ ; 2.5 V        ; 0 s                 ; 0 s                 ; 2.32 V                       ; 9.76e-07 V                   ; 2.36 V              ; -0.00439 V          ; 0.088 V                              ; 0.007 V                              ; 4.05e-10 s                  ; 3.35e-10 s                  ; Yes                        ; Yes                        ; 2.32 V                      ; 9.76e-07 V                  ; 2.36 V             ; -0.00439 V         ; 0.088 V                             ; 0.007 V                             ; 4.05e-10 s                 ; 3.35e-10 s                 ; Yes                       ; Yes                       ;
+---------------+--------------+---------------------+---------------------+------------------------------+------------------------------+---------------------+---------------------+--------------------------------------+--------------------------------------+-----------------------------+-----------------------------+----------------------------+----------------------------+-----------------------------+-----------------------------+--------------------+--------------------+-------------------------------------+-------------------------------------+----------------------------+----------------------------+---------------------------+---------------------------+


+--------------------------------------------------------------------------------------------------------------------------------------------------------------------------------------------------------------------------------------------------------------------------------------------------------------------------------------------------------------------------------------------------------------------------------------------------------------------------------------------------------------------------------------------------------------------------------------------------------------------------------------------------------------------------------------------+
; Signal Integrity Metrics (Fast 1200mv 0c Model)                                                                                                                                                                                                                                                                                                                                                                                                                                                                                                                                                                                                                                            ;
+---------------+--------------+---------------------+---------------------+------------------------------+------------------------------+---------------------+---------------------+--------------------------------------+--------------------------------------+-----------------------------+-----------------------------+----------------------------+----------------------------+-----------------------------+-----------------------------+--------------------+--------------------+-------------------------------------+-------------------------------------+----------------------------+----------------------------+---------------------------+---------------------------+
; Pin           ; I/O Standard ; Board Delay on Rise ; Board Delay on Fall ; Steady State Voh at FPGA Pin ; Steady State Vol at FPGA Pin ; Voh Max at FPGA Pin ; Vol Min at FPGA Pin ; Ringback Voltage on Rise at FPGA Pin ; Ringback Voltage on Fall at FPGA Pin ; 10-90 Rise Time at FPGA Pin ; 90-10 Fall Time at FPGA Pin ; Monotonic Rise at FPGA Pin ; Monotonic Fall at FPGA Pin ; Steady State Voh at Far-end ; Steady State Vol at Far-end ; Voh Max at Far-end ; Vol Min at Far-end ; Ringback Voltage on Rise at Far-end ; Ringback Voltage on Fall at Far-end ; 10-90 Rise Time at Far-end ; 90-10 Fall Time at Far-end ; Monotonic Rise at Far-end ; Monotonic Fall at Far-end ;
+---------------+--------------+---------------------+---------------------+------------------------------+------------------------------+---------------------+---------------------+--------------------------------------+--------------------------------------+-----------------------------+-----------------------------+----------------------------+----------------------------+-----------------------------+-----------------------------+--------------------+--------------------+-------------------------------------+-------------------------------------+----------------------------+----------------------------+---------------------------+---------------------------+
; left[0]       ; 2.5 V        ; 0 s                 ; 0 s                 ; 2.62 V                       ; 4.66e-08 V                   ; 2.73 V              ; -0.0205 V           ; 0.17 V                               ; 0.027 V                              ; 2.58e-10 s                  ; 2.57e-10 s                  ; Yes                        ; Yes                        ; 2.62 V                      ; 4.66e-08 V                  ; 2.73 V             ; -0.0205 V          ; 0.17 V                              ; 0.027 V                             ; 2.58e-10 s                 ; 2.57e-10 s                 ; Yes                       ; Yes                       ;
; left[1]       ; 2.5 V        ; 0 s                 ; 0 s                 ; 2.62 V                       ; 3.16e-08 V                   ; 2.71 V              ; -0.0171 V           ; 0.273 V                              ; 0.065 V                              ; 4.95e-10 s                  ; 5.37e-10 s                  ; No                         ; Yes                        ; 2.62 V                      ; 3.16e-08 V                  ; 2.71 V             ; -0.0171 V          ; 0.273 V                             ; 0.065 V                             ; 4.95e-10 s                 ; 5.37e-10 s                 ; No                        ; Yes                       ;
; right[0]      ; 2.5 V        ; 0 s                 ; 0 s                 ; 2.62 V                       ; 4.66e-08 V                   ; 2.73 V              ; -0.0205 V           ; 0.17 V                               ; 0.027 V                              ; 2.58e-10 s                  ; 2.57e-10 s                  ; Yes                        ; Yes                        ; 2.62 V                      ; 4.66e-08 V                  ; 2.73 V             ; -0.0205 V          ; 0.17 V                              ; 0.027 V                             ; 2.58e-10 s                 ; 2.57e-10 s                 ; Yes                       ; Yes                       ;
; right[1]      ; 2.5 V        ; 0 s                 ; 0 s                 ; 2.62 V                       ; 4.66e-08 V                   ; 2.65 V              ; -0.0115 V           ; 0.219 V                              ; 0.115 V                              ; 1.64e-09 s                  ; 1.57e-09 s                  ; No                         ; Yes                        ; 2.62 V                      ; 4.66e-08 V                  ; 2.65 V             ; -0.0115 V          ; 0.219 V                             ; 0.115 V                             ; 1.64e-09 s                 ; 1.57e-09 s                 ; No                        ; Yes                       ;
; pwm_value[0]  ; 2.5 V        ; 0 s                 ; 0 s                 ; 2.62 V                       ; 4.66e-08 V                   ; 2.72 V              ; -0.0215 V           ; 0.161 V                              ; 0.061 V                              ; 4.44e-10 s                  ; 4.06e-10 s                  ; No                         ; Yes                        ; 2.62 V                      ; 4.66e-08 V                  ; 2.72 V             ; -0.0215 V          ; 0.161 V                             ; 0.061 V                             ; 4.44e-10 s                 ; 4.06e-10 s                 ; No                        ; Yes                       ;
; pwm_value[1]  ; 2.5 V        ; 0 s                 ; 0 s                 ; 2.62 V                       ; 4.66e-08 V                   ; 2.72 V              ; -0.0215 V           ; 0.161 V                              ; 0.061 V                              ; 4.44e-10 s                  ; 4.06e-10 s                  ; No                         ; Yes                        ; 2.62 V                      ; 4.66e-08 V                  ; 2.72 V             ; -0.0215 V          ; 0.161 V                             ; 0.061 V                             ; 4.44e-10 s                 ; 4.06e-10 s                 ; No                        ; Yes                       ;
; pwm_value[2]  ; 2.5 V        ; 0 s                 ; 0 s                 ; 2.62 V                       ; 4.66e-08 V                   ; 2.72 V              ; -0.0215 V           ; 0.161 V                              ; 0.061 V                              ; 4.44e-10 s                  ; 4.06e-10 s                  ; No                         ; Yes                        ; 2.62 V                      ; 4.66e-08 V                  ; 2.72 V             ; -0.0215 V          ; 0.161 V                             ; 0.061 V                             ; 4.44e-10 s                 ; 4.06e-10 s                 ; No                        ; Yes                       ;
; pwm_value[3]  ; 2.5 V        ; 0 s                 ; 0 s                 ; 2.62 V                       ; 4.66e-08 V                   ; 2.72 V              ; -0.0215 V           ; 0.161 V                              ; 0.061 V                              ; 4.44e-10 s                  ; 4.06e-10 s                  ; No                         ; Yes                        ; 2.62 V                      ; 4.66e-08 V                  ; 2.72 V             ; -0.0215 V          ; 0.161 V                             ; 0.061 V                             ; 4.44e-10 s                 ; 4.06e-10 s                 ; No                        ; Yes                       ;
; pwm_value[4]  ; 2.5 V        ; 0 s                 ; 0 s                 ; 2.62 V                       ; 4.66e-08 V                   ; 2.73 V              ; -0.0205 V           ; 0.17 V                               ; 0.027 V                              ; 2.58e-10 s                  ; 2.57e-10 s                  ; Yes                        ; Yes                        ; 2.62 V                      ; 4.66e-08 V                  ; 2.73 V             ; -0.0205 V          ; 0.17 V                              ; 0.027 V                             ; 2.58e-10 s                 ; 2.57e-10 s                 ; Yes                       ; Yes                       ;
; pwm_value[5]  ; 2.5 V        ; 0 s                 ; 0 s                 ; 2.62 V                       ; 4.66e-08 V                   ; 2.72 V              ; -0.0215 V           ; 0.161 V                              ; 0.061 V                              ; 4.44e-10 s                  ; 4.06e-10 s                  ; No                         ; Yes                        ; 2.62 V                      ; 4.66e-08 V                  ; 2.72 V             ; -0.0215 V          ; 0.161 V                             ; 0.061 V                             ; 4.44e-10 s                 ; 4.06e-10 s                 ; No                        ; Yes                       ;
; pwm_value[6]  ; 2.5 V        ; 0 s                 ; 0 s                 ; 2.62 V                       ; 4.66e-08 V                   ; 2.73 V              ; -0.0205 V           ; 0.17 V                               ; 0.027 V                              ; 2.58e-10 s                  ; 2.57e-10 s                  ; Yes                        ; Yes                        ; 2.62 V                      ; 4.66e-08 V                  ; 2.73 V             ; -0.0205 V          ; 0.17 V                              ; 0.027 V                             ; 2.58e-10 s                 ; 2.57e-10 s                 ; Yes                       ; Yes                       ;
; pwm_value[7]  ; 2.5 V        ; 0 s                 ; 0 s                 ; 2.62 V                       ; 4.66e-08 V                   ; 2.73 V              ; -0.0205 V           ; 0.17 V                               ; 0.027 V                              ; 2.58e-10 s                  ; 2.57e-10 s                  ; Yes                        ; Yes                        ; 2.62 V                      ; 4.66e-08 V                  ; 2.73 V             ; -0.0205 V          ; 0.17 V                              ; 0.027 V                             ; 2.58e-10 s                 ; 2.57e-10 s                 ; Yes                       ; Yes                       ;
; active        ; 2.5 V        ; 0 s                 ; 0 s                 ; 2.62 V                       ; 4.66e-08 V                   ; 2.65 V              ; -0.0115 V           ; 0.219 V                              ; 0.115 V                              ; 1.64e-09 s                  ; 1.57e-09 s                  ; No                         ; Yes                        ; 2.62 V                      ; 4.66e-08 V                  ; 2.65 V             ; -0.0115 V          ; 0.219 V                             ; 0.115 V                             ; 1.64e-09 s                 ; 1.57e-09 s                 ; No                        ; Yes                       ;
; ~ALTERA_NCEO~ ; 2.5 V        ; 0 s                 ; 0 s                 ; 2.62 V                       ; 3.06e-08 V                   ; 2.86 V              ; -0.0341 V           ; 0.364 V                              ; 0.046 V                              ; 1.17e-10 s                  ; 2.6e-10 s                   ; No                         ; Yes                        ; 2.62 V                      ; 3.06e-08 V                  ; 2.86 V             ; -0.0341 V          ; 0.364 V                             ; 0.046 V                             ; 1.17e-10 s                 ; 2.6e-10 s                  ; No                        ; Yes                       ;
; ~ALTERA_DCLK~ ; 2.5 V        ; 0 s                 ; 0 s                 ; 2.62 V                       ; 3.81e-08 V                   ; 2.72 V              ; -0.0542 V           ; 0.144 V                              ; 0.087 V                              ; 2.55e-10 s                  ; 2.14e-10 s                  ; Yes                        ; Yes                        ; 2.62 V                      ; 3.81e-08 V                  ; 2.72 V             ; -0.0542 V          ; 0.144 V                             ; 0.087 V                             ; 2.55e-10 s                 ; 2.14e-10 s                 ; Yes                       ; Yes                       ;
+---------------+--------------+---------------------+---------------------+------------------------------+------------------------------+---------------------+---------------------+--------------------------------------+--------------------------------------+-----------------------------+-----------------------------+----------------------------+----------------------------+-----------------------------+-----------------------------+--------------------+--------------------+-------------------------------------+-------------------------------------+----------------------------+----------------------------+---------------------------+---------------------------+


+-------------------------------------------------------------------+
; Setup Transfers                                                   ;
+------------+----------+----------+----------+----------+----------+
; From Clock ; To Clock ; RR Paths ; FR Paths ; RF Paths ; FF Paths ;
+------------+----------+----------+----------+----------+----------+
; clk        ; clk      ; 2891     ; 0        ; 0        ; 0        ;
+------------+----------+----------+----------+----------+----------+
Entries labeled "false path" only account for clock-to-clock false paths and not path-based false paths. As a result, actual path counts may be lower than reported.


+-------------------------------------------------------------------+
; Hold Transfers                                                    ;
+------------+----------+----------+----------+----------+----------+
; From Clock ; To Clock ; RR Paths ; FR Paths ; RF Paths ; FF Paths ;
+------------+----------+----------+----------+----------+----------+
; clk        ; clk      ; 2891     ; 0        ; 0        ; 0        ;
+------------+----------+----------+----------+----------+----------+
Entries labeled "false path" only account for clock-to-clock false paths and not path-based false paths. As a result, actual path counts may be lower than reported.


---------------
; Report TCCS ;
---------------
No dedicated SERDES Transmitter circuitry present in device or used in design


---------------
; Report RSKM ;
---------------
No non-DPA dedicated SERDES Receiver circuitry present in device or used in design


+------------------------------------------------+
; Unconstrained Paths                            ;
+---------------------------------+-------+------+
; Property                        ; Setup ; Hold ;
+---------------------------------+-------+------+
; Illegal Clocks                  ; 0     ; 0    ;
; Unconstrained Clocks            ; 0     ; 0    ;
; Unconstrained Input Ports       ; 3     ; 3    ;
; Unconstrained Input Port Paths  ; 138   ; 138  ;
; Unconstrained Output Ports      ; 10    ; 10   ;
; Unconstrained Output Port Paths ; 10    ; 10   ;
+---------------------------------+-------+------+


+------------------------------------+
; TimeQuest Timing Analyzer Messages ;
+------------------------------------+
Info: *******************************************************************
Info: Running Quartus II 64-Bit TimeQuest Timing Analyzer
    Info: Version 13.1.0 Build 162 10/23/2013 SJ Full Version
    Info: Processing started: Tue Sep 09 15:30:07 2025
Info: Command: quartus_sta everything -c everything
Info: qsta_default_script.tcl version: #1
Info (11104): Parallel Compilation has detected 24 hyper-threaded processors. However, the extra hyper-threaded processors will not be used by default. Parallel Compilation will use 16 of the 16 physical processors detected instead.
Info (21076): High junction temperature operating condition is not set. Assuming a default value of '85'.
Info (21076): Low junction temperature operating condition is not set. Assuming a default value of '0'.
Critical Warning (332012): Synopsys Design Constraints File file not found: 'everything.sdc'. A Synopsys Design Constraints File is required by the TimeQuest Timing Analyzer to get proper timing constraints. Without it, the Compiler will not properly optimize the design.
Info (332142): No user constrained base clocks found in the design. Calling "derive_clocks -period 1.0"
Info (332105): Deriving Clocks
    Info (332105): create_clock -period 1.000 -name clk clk
Info (332143): No user constrained clock uncertainty found in the design. Calling "derive_clock_uncertainty"
Info (332123): Deriving Clock Uncertainty. Please refer to report_sdc in TimeQuest to see clock uncertainties.
Info: Found TIMEQUEST_REPORT_SCRIPT_INCLUDE_DEFAULT_ANALYSIS = ON
Info: Analyzing Slow 1200mV 85C Model
Critical Warning (332148): Timing requirements not met
    Info (11105): For recommendations on closing timing, run Report Timing Closure Recommendations in the TimeQuest Timing Analyzer.
Info (332146): Worst-case setup slack is -3.170
    Info (332119):     Slack       End Point TNS Clock 
    Info (332119): ========= =================== =====================
    Info (332119):    -3.170            -116.084 clk 
Info (332146): Worst-case hold slack is 0.342
    Info (332119):     Slack       End Point TNS Clock 
    Info (332119): ========= =================== =====================
    Info (332119):     0.342               0.000 clk 
Info (332140): No Recovery paths to report
Info (332140): No Removal paths to report
Info (332146): Worst-case minimum pulse width slack is -3.000
    Info (332119):     Slack       End Point TNS Clock 
    Info (332119): ========= =================== =====================
    Info (332119):    -3.000             -49.000 clk 
Info: Analyzing Slow 1200mV 0C Model
Info (334003): Started post-fitting delay annotation
Info (334004): Delay annotation completed successfully
Info (332123): Deriving Clock Uncertainty. Please refer to report_sdc in TimeQuest to see clock uncertainties.
Critical Warning (332148): Timing requirements not met
    Info (11105): For recommendations on closing timing, run Report Timing Closure Recommendations in the TimeQuest Timing Analyzer.
Info (332146): Worst-case setup slack is -2.786
    Info (332119):     Slack       End Point TNS Clock 
    Info (332119): ========= =================== =====================
    Info (332119):    -2.786            -101.096 clk 
Info (332146): Worst-case hold slack is 0.297
    Info (332119):     Slack       End Point TNS Clock 
    Info (332119): ========= =================== =====================
    Info (332119):     0.297               0.000 clk 
Info (332140): No Recovery paths to report
Info (332140): No Removal paths to report
Info (332146): Worst-case minimum pulse width slack is -3.000
    Info (332119):     Slack       End Point TNS Clock 
    Info (332119): ========= =================== =====================
    Info (332119):    -3.000             -49.000 clk 
Info: Analyzing Fast 1200mV 0C Model
Info (332123): Deriving Clock Uncertainty. Please refer to report_sdc in TimeQuest to see clock uncertainties.
Critical Warning (332148): Timing requirements not met
    Info (11105): For recommendations on closing timing, run Report Timing Closure Recommendations in the TimeQuest Timing Analyzer.
Info (332146): Worst-case setup slack is -1.305
    Info (332119):     Slack       End Point TNS Clock 
    Info (332119): ========= =================== =====================
    Info (332119):    -1.305             -45.253 clk 
Info (332146): Worst-case hold slack is 0.179
    Info (332119):     Slack       End Point TNS Clock 
    Info (332119): ========= =================== =====================
    Info (332119):     0.179               0.000 clk 
Info (332140): No Recovery paths to report
Info (332140): No Removal paths to report
Info (332146): Worst-case minimum pulse width slack is -3.000
    Info (332119):     Slack       End Point TNS Clock 
    Info (332119): ========= =================== =====================
    Info (332119):    -3.000             -51.025 clk 
Info (332102): Design is not fully constrained for setup requirements
Info (332102): Design is not fully constrained for hold requirements
Info: Quartus II 64-Bit TimeQuest Timing Analyzer was successful. 0 errors, 4 warnings
    Info: Peak virtual memory: 4817 megabytes
    Info: Processing ended: Tue Sep 09 15:30:08 2025
    Info: Elapsed time: 00:00:01
    Info: Total CPU time (on all processors): 00:00:01


