TimeQuest Timing Analyzer report for PosCounter
Wed Sep 03 14:53:14 2025
Quartus II 64-Bit Version 13.1.0 Build 162 10/23/2013 SJ Full Version


---------------------
; Table of Contents ;
---------------------
  1. Legal Notice
  2. TimeQuest Timing Analyzer Summary
  3. Parallel Compilation
  4. Clocks
  5. Slow 1200mV 85C Model Fmax Summary
  6. Timing Closure Recommendations
  7. Slow 1200mV 85C Model Setup Summary
  8. Slow 1200mV 85C Model Hold Summary
  9. Slow 1200mV 85C Model Recovery Summary
 10. Slow 1200mV 85C Model Removal Summary
 11. Slow 1200mV 85C Model Minimum Pulse Width Summary
 12. Slow 1200mV 85C Model Setup: 'clk_1m'
 13. Slow 1200mV 85C Model Hold: 'clk_1m'
 14. Slow 1200mV 85C Model Minimum Pulse Width: 'clk_1m'
 15. Setup Times
 16. Hold Times
 17. Clock to Output Times
 18. Minimum Clock to Output Times
 19. Slow 1200mV 85C Model Metastability Report
 20. Slow 1200mV 0C Model Fmax Summary
 21. Slow 1200mV 0C Model Setup Summary
 22. Slow 1200mV 0C Model Hold Summary
 23. Slow 1200mV 0C Model Recovery Summary
 24. Slow 1200mV 0C Model Removal Summary
 25. Slow 1200mV 0C Model Minimum Pulse Width Summary
 26. Slow 1200mV 0C Model Setup: 'clk_1m'
 27. Slow 1200mV 0C Model Hold: 'clk_1m'
 28. Slow 1200mV 0C Model Minimum Pulse Width: 'clk_1m'
 29. Setup Times
 30. Hold Times
 31. Clock to Output Times
 32. Minimum Clock to Output Times
 33. Slow 1200mV 0C Model Metastability Report
 34. Fast 1200mV 0C Model Setup Summary
 35. Fast 1200mV 0C Model Hold Summary
 36. Fast 1200mV 0C Model Recovery Summary
 37. Fast 1200mV 0C Model Removal Summary
 38. Fast 1200mV 0C Model Minimum Pulse Width Summary
 39. Fast 1200mV 0C Model Setup: 'clk_1m'
 40. Fast 1200mV 0C Model Hold: 'clk_1m'
 41. Fast 1200mV 0C Model Minimum Pulse Width: 'clk_1m'
 42. Setup Times
 43. Hold Times
 44. Clock to Output Times
 45. Minimum Clock to Output Times
 46. Fast 1200mV 0C Model Metastability Report
 47. Multicorner Timing Analysis Summary
 48. Setup Times
 49. Hold Times
 50. Clock to Output Times
 51. Minimum Clock to Output Times
 52. Board Trace Model Assignments
 53. Input Transition Times
 54. Signal Integrity Metrics (Slow 1200mv 0c Model)
 55. Signal Integrity Metrics (Slow 1200mv 85c Model)
 56. Signal Integrity Metrics (Fast 1200mv 0c Model)
 57. Setup Transfers
 58. Hold Transfers
 59. Report TCCS
 60. Report RSKM
 61. Unconstrained Paths
 62. TimeQuest Timing Analyzer Messages



----------------
; Legal Notice ;
----------------
Copyright (C) 1991-2013 Altera Corporation
Your use of Altera Corporation's design tools, logic functions 
and other software and tools, and its AMPP partner logic 
functions, and any output files from any of the foregoing 
(including device programming or simulation files), and any 
associated documentation or information are expressly subject 
to the terms and conditions of the Altera Program License 
Subscription Agreement, Altera MegaCore Function License 
Agreement, or other applicable license agreement, including, 
without limitation, that your use is for the sole purpose of 
programming logic devices manufactured by Altera and sold by 
Altera or its authorized distributors.  Please refer to the 
applicable agreement for further details.



+--------------------------------------------------------------------------+
; TimeQuest Timing Analyzer Summary                                        ;
+--------------------+-----------------------------------------------------+
; Quartus II Version ; Version 13.1.0 Build 162 10/23/2013 SJ Full Version ;
; Revision Name      ; PosCounter                                          ;
; Device Family      ; Cyclone IV GX                                       ;
; Device Name        ; EP4CGX15BF14C6                                      ;
; Timing Models      ; Final                                               ;
; Delay Model        ; Combined                                            ;
; Rise/Fall Delays   ; Enabled                                             ;
+--------------------+-----------------------------------------------------+


+------------------------------------------+
; Parallel Compilation                     ;
+----------------------------+-------------+
; Processors                 ; Number      ;
+----------------------------+-------------+
; Number detected on machine ; 24          ;
; Maximum allowed            ; 16          ;
;                            ;             ;
; Average used               ; 1.00        ;
; Maximum used               ; 16          ;
;                            ;             ;
; Usage by Processor         ; % Time Used ;
;     Processor 1            ; 100.0%      ;
;     Processors 2-16        ; < 0.1%      ;
;     Processors 17-24       ;   0.0%      ;
+----------------------------+-------------+


+------------------------------------------------------------------------------------------------------------------------------------------------------------------------------------+
; Clocks                                                                                                                                                                             ;
+------------+------+--------+------------+-------+-------+------------+-----------+-------------+-------+--------+-----------+------------+----------+--------+--------+------------+
; Clock Name ; Type ; Period ; Frequency  ; Rise  ; Fall  ; Duty Cycle ; Divide by ; Multiply by ; Phase ; Offset ; Edge List ; Edge Shift ; Inverted ; Master ; Source ; Targets    ;
+------------+------+--------+------------+-------+-------+------------+-----------+-------------+-------+--------+-----------+------------+----------+--------+--------+------------+
; clk_1m     ; Base ; 1.000  ; 1000.0 MHz ; 0.000 ; 0.500 ;            ;           ;             ;       ;        ;           ;            ;          ;        ;        ; { clk_1m } ;
+------------+------+--------+------------+-------+-------+------------+-----------+-------------+-------+--------+-----------+------------+----------+--------+--------+------------+


+-----------------------------------------------------------------------------------------------------------+
; Slow 1200mV 85C Model Fmax Summary                                                                        ;
+------------+-----------------+------------+---------------------------------------------------------------+
; Fmax       ; Restricted Fmax ; Clock Name ; Note                                                          ;
+------------+-----------------+------------+---------------------------------------------------------------+
; 335.35 MHz ; 250.0 MHz       ; clk_1m     ; limit due to minimum period restriction (max I/O toggle rate) ;
+------------+-----------------+------------+---------------------------------------------------------------+
This panel reports FMAX for every clock in the design, regardless of the user-specified clock periods.  FMAX is only computed for paths where the source and destination registers or ports are driven by the same clock.  Paths of different clocks, including generated clocks, are ignored.  For paths between a clock and its inversion, FMAX is computed as if the rising and falling edges are scaled along with FMAX, such that the duty cycle (in terms of a percentage) is maintained. Altera recommends that you always use clock constraints and other slack reports for sign-off analysis.


----------------------------------
; Timing Closure Recommendations ;
----------------------------------
HTML report is unavailable in plain text report export.


+-------------------------------------+
; Slow 1200mV 85C Model Setup Summary ;
+--------+--------+-------------------+
; Clock  ; Slack  ; End Point TNS     ;
+--------+--------+-------------------+
; clk_1m ; -1.982 ; -51.631           ;
+--------+--------+-------------------+


+------------------------------------+
; Slow 1200mV 85C Model Hold Summary ;
+--------+-------+-------------------+
; Clock  ; Slack ; End Point TNS     ;
+--------+-------+-------------------+
; clk_1m ; 0.340 ; 0.000             ;
+--------+-------+-------------------+


------------------------------------------
; Slow 1200mV 85C Model Recovery Summary ;
------------------------------------------
No paths to report.


-----------------------------------------
; Slow 1200mV 85C Model Removal Summary ;
-----------------------------------------
No paths to report.


+---------------------------------------------------+
; Slow 1200mV 85C Model Minimum Pulse Width Summary ;
+--------+--------+---------------------------------+
; Clock  ; Slack  ; End Point TNS                   ;
+--------+--------+---------------------------------+
; clk_1m ; -3.000 ; -47.000                         ;
+--------+--------+---------------------------------+


+----------------------------------------------------------------------------------------------------------+
; Slow 1200mV 85C Model Setup: 'clk_1m'                                                                    ;
+--------+---------------+-----------+--------------+-------------+--------------+------------+------------+
; Slack  ; From Node     ; To Node   ; Launch Clock ; Latch Clock ; Relationship ; Clock Skew ; Data Delay ;
+--------+---------------+-----------+--------------+-------------+--------------+------------+------------+
; -1.982 ; echo_reg1     ; count[16] ; clk_1m       ; clk_1m      ; 1.000        ; 0.250      ; 3.227      ;
; -1.973 ; echo_reg2     ; count[16] ; clk_1m       ; clk_1m      ; 1.000        ; 0.250      ; 3.218      ;
; -1.966 ; echo_reg1     ; count[15] ; clk_1m       ; clk_1m      ; 1.000        ; 0.250      ; 3.211      ;
; -1.957 ; echo_reg2     ; count[15] ; clk_1m       ; clk_1m      ; 1.000        ; 0.250      ; 3.202      ;
; -1.937 ; count[7]      ; count[16] ; clk_1m       ; clk_1m      ; 1.000        ; -0.134     ; 2.798      ;
; -1.906 ; curr_state.S0 ; count[0]  ; clk_1m       ; clk_1m      ; 1.000        ; -0.392     ; 2.509      ;
; -1.900 ; echo_reg2     ; count[0]  ; clk_1m       ; clk_1m      ; 1.000        ; -0.064     ; 2.831      ;
; -1.894 ; echo_reg1     ; count[17] ; clk_1m       ; clk_1m      ; 1.000        ; 0.246      ; 3.135      ;
; -1.885 ; echo_reg2     ; count[17] ; clk_1m       ; clk_1m      ; 1.000        ; 0.246      ; 3.126      ;
; -1.878 ; echo_reg1     ; count[0]  ; clk_1m       ; clk_1m      ; 1.000        ; -0.064     ; 2.809      ;
; -1.874 ; echo_reg1     ; count[18] ; clk_1m       ; clk_1m      ; 1.000        ; 0.250      ; 3.119      ;
; -1.869 ; echo_reg1     ; count[19] ; clk_1m       ; clk_1m      ; 1.000        ; 0.246      ; 3.110      ;
; -1.865 ; echo_reg2     ; count[18] ; clk_1m       ; clk_1m      ; 1.000        ; 0.250      ; 3.110      ;
; -1.860 ; echo_reg2     ; count[19] ; clk_1m       ; clk_1m      ; 1.000        ; 0.246      ; 3.101      ;
; -1.821 ; count[7]      ; count[18] ; clk_1m       ; clk_1m      ; 1.000        ; -0.134     ; 2.682      ;
; -1.766 ; count[7]      ; count[15] ; clk_1m       ; clk_1m      ; 1.000        ; -0.134     ; 2.627      ;
; -1.755 ; count[1]      ; count[16] ; clk_1m       ; clk_1m      ; 1.000        ; 0.250      ; 3.000      ;
; -1.722 ; echo_reg1     ; count[9]  ; clk_1m       ; clk_1m      ; 1.000        ; -0.065     ; 2.652      ;
; -1.713 ; echo_reg2     ; count[9]  ; clk_1m       ; clk_1m      ; 1.000        ; -0.065     ; 2.643      ;
; -1.694 ; count[7]      ; count[17] ; clk_1m       ; clk_1m      ; 1.000        ; -0.138     ; 2.551      ;
; -1.684 ; count[7]      ; count[19] ; clk_1m       ; clk_1m      ; 1.000        ; -0.138     ; 2.541      ;
; -1.680 ; echo_reg1     ; count[4]  ; clk_1m       ; clk_1m      ; 1.000        ; -0.064     ; 2.611      ;
; -1.672 ; echo_reg1     ; count[5]  ; clk_1m       ; clk_1m      ; 1.000        ; -0.064     ; 2.603      ;
; -1.671 ; count[0]      ; count[16] ; clk_1m       ; clk_1m      ; 1.000        ; 0.250      ; 2.916      ;
; -1.671 ; echo_reg2     ; count[4]  ; clk_1m       ; clk_1m      ; 1.000        ; -0.064     ; 2.602      ;
; -1.663 ; echo_reg2     ; count[5]  ; clk_1m       ; clk_1m      ; 1.000        ; -0.064     ; 2.594      ;
; -1.662 ; echo_reg1     ; count[6]  ; clk_1m       ; clk_1m      ; 1.000        ; -0.064     ; 2.593      ;
; -1.656 ; echo_reg1     ; count[13] ; clk_1m       ; clk_1m      ; 1.000        ; 0.250      ; 2.901      ;
; -1.653 ; echo_reg2     ; count[6]  ; clk_1m       ; clk_1m      ; 1.000        ; -0.064     ; 2.584      ;
; -1.647 ; echo_reg2     ; count[13] ; clk_1m       ; clk_1m      ; 1.000        ; 0.250      ; 2.892      ;
; -1.640 ; count[3]      ; count[16] ; clk_1m       ; clk_1m      ; 1.000        ; 0.250      ; 2.885      ;
; -1.639 ; count[1]      ; count[18] ; clk_1m       ; clk_1m      ; 1.000        ; 0.250      ; 2.884      ;
; -1.636 ; echo_reg1     ; count[14] ; clk_1m       ; clk_1m      ; 1.000        ; 0.246      ; 2.877      ;
; -1.627 ; echo_reg2     ; count[14] ; clk_1m       ; clk_1m      ; 1.000        ; 0.246      ; 2.868      ;
; -1.613 ; echo_reg1     ; count[8]  ; clk_1m       ; clk_1m      ; 1.000        ; -0.065     ; 2.543      ;
; -1.610 ; count[0]      ; count[15] ; clk_1m       ; clk_1m      ; 1.000        ; 0.250      ; 2.855      ;
; -1.606 ; curr_state.S1 ; count[0]  ; clk_1m       ; clk_1m      ; 1.000        ; -0.392     ; 2.209      ;
; -1.604 ; echo_reg2     ; count[8]  ; clk_1m       ; clk_1m      ; 1.000        ; -0.065     ; 2.534      ;
; -1.586 ; count[7]      ; count[14] ; clk_1m       ; clk_1m      ; 1.000        ; -0.138     ; 2.443      ;
; -1.584 ; count[1]      ; count[15] ; clk_1m       ; clk_1m      ; 1.000        ; 0.250      ; 2.829      ;
; -1.575 ; curr_state.S0 ; count[9]  ; clk_1m       ; clk_1m      ; 1.000        ; -0.393     ; 2.177      ;
; -1.575 ; curr_state.S0 ; count[8]  ; clk_1m       ; clk_1m      ; 1.000        ; -0.393     ; 2.177      ;
; -1.562 ; echo_reg1     ; count[7]  ; clk_1m       ; clk_1m      ; 1.000        ; 0.304      ; 2.861      ;
; -1.562 ; count[7]      ; count[8]  ; clk_1m       ; clk_1m      ; 1.000        ; -0.449     ; 2.108      ;
; -1.556 ; echo_reg1     ; count[2]  ; clk_1m       ; clk_1m      ; 1.000        ; -0.064     ; 2.487      ;
; -1.555 ; count[0]      ; count[18] ; clk_1m       ; clk_1m      ; 1.000        ; 0.250      ; 2.800      ;
; -1.553 ; echo_reg2     ; count[7]  ; clk_1m       ; clk_1m      ; 1.000        ; 0.304      ; 2.852      ;
; -1.551 ; echo_reg1     ; count[3]  ; clk_1m       ; clk_1m      ; 1.000        ; -0.064     ; 2.482      ;
; -1.547 ; count[2]      ; count[16] ; clk_1m       ; clk_1m      ; 1.000        ; 0.250      ; 2.792      ;
; -1.547 ; echo_reg2     ; count[2]  ; clk_1m       ; clk_1m      ; 1.000        ; -0.064     ; 2.478      ;
; -1.545 ; count[4]      ; count[16] ; clk_1m       ; clk_1m      ; 1.000        ; 0.250      ; 2.790      ;
; -1.542 ; echo_reg2     ; count[3]  ; clk_1m       ; clk_1m      ; 1.000        ; -0.064     ; 2.473      ;
; -1.538 ; count[0]      ; count[17] ; clk_1m       ; clk_1m      ; 1.000        ; 0.246      ; 2.779      ;
; -1.526 ; count[5]      ; count[16] ; clk_1m       ; clk_1m      ; 1.000        ; 0.250      ; 2.771      ;
; -1.525 ; count[7]      ; count[9]  ; clk_1m       ; clk_1m      ; 1.000        ; -0.449     ; 2.071      ;
; -1.524 ; count[3]      ; count[18] ; clk_1m       ; clk_1m      ; 1.000        ; 0.250      ; 2.769      ;
; -1.520 ; echo_reg1     ; count[12] ; clk_1m       ; clk_1m      ; 1.000        ; 0.246      ; 2.761      ;
; -1.520 ; count[13]     ; count[16] ; clk_1m       ; clk_1m      ; 1.000        ; -0.078     ; 2.437      ;
; -1.513 ; count[0]      ; count[19] ; clk_1m       ; clk_1m      ; 1.000        ; 0.246      ; 2.754      ;
; -1.512 ; count[1]      ; count[17] ; clk_1m       ; clk_1m      ; 1.000        ; 0.246      ; 2.753      ;
; -1.511 ; echo_reg2     ; count[12] ; clk_1m       ; clk_1m      ; 1.000        ; 0.246      ; 2.752      ;
; -1.502 ; count[1]      ; count[19] ; clk_1m       ; clk_1m      ; 1.000        ; 0.246      ; 2.743      ;
; -1.499 ; count[4]      ; count[15] ; clk_1m       ; clk_1m      ; 1.000        ; 0.250      ; 2.744      ;
; -1.491 ; count[11]     ; count[16] ; clk_1m       ; clk_1m      ; 1.000        ; -0.074     ; 2.412      ;
; -1.481 ; count[2]      ; count[15] ; clk_1m       ; clk_1m      ; 1.000        ; 0.250      ; 2.726      ;
; -1.470 ; count[7]      ; count[12] ; clk_1m       ; clk_1m      ; 1.000        ; -0.138     ; 2.327      ;
; -1.469 ; count[3]      ; count[15] ; clk_1m       ; clk_1m      ; 1.000        ; 0.250      ; 2.714      ;
; -1.467 ; count[7]      ; count[13] ; clk_1m       ; clk_1m      ; 1.000        ; -0.134     ; 2.328      ;
; -1.439 ; count[1]      ; count[4]  ; clk_1m       ; clk_1m      ; 1.000        ; -0.064     ; 2.370      ;
; -1.433 ; echo_reg1     ; count[1]  ; clk_1m       ; clk_1m      ; 1.000        ; -0.064     ; 2.364      ;
; -1.431 ; count[2]      ; count[18] ; clk_1m       ; clk_1m      ; 1.000        ; 0.250      ; 2.676      ;
; -1.429 ; count[4]      ; count[18] ; clk_1m       ; clk_1m      ; 1.000        ; 0.250      ; 2.674      ;
; -1.427 ; count[4]      ; count[17] ; clk_1m       ; clk_1m      ; 1.000        ; 0.246      ; 2.668      ;
; -1.424 ; echo_reg2     ; count[1]  ; clk_1m       ; clk_1m      ; 1.000        ; -0.064     ; 2.355      ;
; -1.421 ; count[1]      ; count[6]  ; clk_1m       ; clk_1m      ; 1.000        ; -0.064     ; 2.352      ;
; -1.420 ; count[10]     ; count[16] ; clk_1m       ; clk_1m      ; 1.000        ; -0.074     ; 2.341      ;
; -1.410 ; echo_reg1     ; count[11] ; clk_1m       ; clk_1m      ; 1.000        ; 0.246      ; 2.651      ;
; -1.410 ; count[5]      ; count[18] ; clk_1m       ; clk_1m      ; 1.000        ; 0.250      ; 2.655      ;
; -1.409 ; count[9]      ; count[16] ; clk_1m       ; clk_1m      ; 1.000        ; 0.250      ; 2.654      ;
; -1.409 ; count[2]      ; count[17] ; clk_1m       ; clk_1m      ; 1.000        ; 0.246      ; 2.650      ;
; -1.404 ; count[13]     ; count[18] ; clk_1m       ; clk_1m      ; 1.000        ; -0.078     ; 2.321      ;
; -1.404 ; count[1]      ; count[14] ; clk_1m       ; clk_1m      ; 1.000        ; 0.246      ; 2.645      ;
; -1.402 ; count[4]      ; count[19] ; clk_1m       ; clk_1m      ; 1.000        ; 0.246      ; 2.643      ;
; -1.401 ; echo_reg2     ; count[11] ; clk_1m       ; clk_1m      ; 1.000        ; 0.246      ; 2.642      ;
; -1.397 ; count[3]      ; count[17] ; clk_1m       ; clk_1m      ; 1.000        ; 0.246      ; 2.638      ;
; -1.387 ; count[3]      ; count[19] ; clk_1m       ; clk_1m      ; 1.000        ; 0.246      ; 2.628      ;
; -1.384 ; count[2]      ; count[19] ; clk_1m       ; clk_1m      ; 1.000        ; 0.246      ; 2.625      ;
; -1.382 ; count[15]     ; count[16] ; clk_1m       ; clk_1m      ; 1.000        ; -0.078     ; 2.299      ;
; -1.382 ; count[0]      ; count[0]  ; clk_1m       ; clk_1m      ; 1.000        ; -0.064     ; 2.313      ;
; -1.380 ; count[1]      ; count[8]  ; clk_1m       ; clk_1m      ; 1.000        ; -0.065     ; 2.310      ;
; -1.375 ; count[11]     ; count[18] ; clk_1m       ; clk_1m      ; 1.000        ; -0.074     ; 2.296      ;
; -1.366 ; count[0]      ; count[9]  ; clk_1m       ; clk_1m      ; 1.000        ; -0.065     ; 2.296      ;
; -1.360 ; count[8]      ; count[16] ; clk_1m       ; clk_1m      ; 1.000        ; 0.250      ; 2.605      ;
; -1.357 ; count[10]     ; count[15] ; clk_1m       ; clk_1m      ; 1.000        ; -0.074     ; 2.278      ;
; -1.355 ; count[5]      ; count[15] ; clk_1m       ; clk_1m      ; 1.000        ; 0.250      ; 2.600      ;
; -1.355 ; count[0]      ; count[4]  ; clk_1m       ; clk_1m      ; 1.000        ; -0.064     ; 2.286      ;
; -1.349 ; count[13]     ; count[15] ; clk_1m       ; clk_1m      ; 1.000        ; -0.078     ; 2.266      ;
; -1.343 ; count[1]      ; count[9]  ; clk_1m       ; clk_1m      ; 1.000        ; -0.065     ; 2.273      ;
; -1.337 ; count[0]      ; count[6]  ; clk_1m       ; clk_1m      ; 1.000        ; -0.064     ; 2.268      ;
; -1.327 ; count[6]      ; count[16] ; clk_1m       ; clk_1m      ; 1.000        ; 0.250      ; 2.572      ;
+--------+---------------+-----------+--------------+-------------+--------------+------------+------------+


+-------------------------------------------------------------------------------------------------------------+
; Slow 1200mV 85C Model Hold: 'clk_1m'                                                                        ;
+-------+---------------+---------------+--------------+-------------+--------------+------------+------------+
; Slack ; From Node     ; To Node       ; Launch Clock ; Latch Clock ; Relationship ; Clock Skew ; Data Delay ;
+-------+---------------+---------------+--------------+-------------+--------------+------------+------------+
; 0.340 ; count[7]      ; count[7]      ; clk_1m       ; clk_1m      ; 0.000        ; 0.080      ; 0.577      ;
; 0.342 ; count[19]     ; count[19]     ; clk_1m       ; clk_1m      ; 0.000        ; 0.078      ; 0.577      ;
; 0.342 ; count[18]     ; count[18]     ; clk_1m       ; clk_1m      ; 0.000        ; 0.078      ; 0.577      ;
; 0.342 ; count[17]     ; count[17]     ; clk_1m       ; clk_1m      ; 0.000        ; 0.078      ; 0.577      ;
; 0.342 ; count[16]     ; count[16]     ; clk_1m       ; clk_1m      ; 0.000        ; 0.078      ; 0.577      ;
; 0.342 ; count[15]     ; count[15]     ; clk_1m       ; clk_1m      ; 0.000        ; 0.078      ; 0.577      ;
; 0.342 ; count[14]     ; count[14]     ; clk_1m       ; clk_1m      ; 0.000        ; 0.078      ; 0.577      ;
; 0.342 ; count[13]     ; count[13]     ; clk_1m       ; clk_1m      ; 0.000        ; 0.078      ; 0.577      ;
; 0.342 ; count[12]     ; count[12]     ; clk_1m       ; clk_1m      ; 0.000        ; 0.078      ; 0.577      ;
; 0.342 ; count[11]     ; count[11]     ; clk_1m       ; clk_1m      ; 0.000        ; 0.078      ; 0.577      ;
; 0.342 ; count[10]     ; count[10]     ; clk_1m       ; clk_1m      ; 0.000        ; 0.078      ; 0.577      ;
; 0.342 ; curr_state.S0 ; curr_state.S0 ; clk_1m       ; clk_1m      ; 0.000        ; 0.078      ; 0.577      ;
; 0.342 ; curr_state.S1 ; curr_state.S1 ; clk_1m       ; clk_1m      ; 0.000        ; 0.078      ; 0.577      ;
; 0.342 ; curr_state.S2 ; curr_state.S2 ; clk_1m       ; clk_1m      ; 0.000        ; 0.078      ; 0.577      ;
; 0.355 ; count[9]      ; count[9]      ; clk_1m       ; clk_1m      ; 0.000        ; 0.065      ; 0.577      ;
; 0.355 ; count[8]      ; count[8]      ; clk_1m       ; clk_1m      ; 0.000        ; 0.065      ; 0.577      ;
; 0.356 ; count[6]      ; count[6]      ; clk_1m       ; clk_1m      ; 0.000        ; 0.064      ; 0.577      ;
; 0.356 ; count[5]      ; count[5]      ; clk_1m       ; clk_1m      ; 0.000        ; 0.064      ; 0.577      ;
; 0.356 ; count[4]      ; count[4]      ; clk_1m       ; clk_1m      ; 0.000        ; 0.064      ; 0.577      ;
; 0.356 ; count[3]      ; count[3]      ; clk_1m       ; clk_1m      ; 0.000        ; 0.064      ; 0.577      ;
; 0.356 ; count[2]      ; count[2]      ; clk_1m       ; clk_1m      ; 0.000        ; 0.064      ; 0.577      ;
; 0.356 ; count[1]      ; count[1]      ; clk_1m       ; clk_1m      ; 0.000        ; 0.064      ; 0.577      ;
; 0.405 ; curr_state.S2 ; curr_state.S1 ; clk_1m       ; clk_1m      ; 0.000        ; 0.078      ; 0.640      ;
; 0.525 ; count[2]      ; dis_reg[2]    ; clk_1m       ; clk_1m      ; 0.000        ; 0.064      ; 0.746      ;
; 0.569 ; curr_state.S0 ; curr_state.S1 ; clk_1m       ; clk_1m      ; 0.000        ; 0.078      ; 0.804      ;
; 0.601 ; curr_state.S1 ; curr_state.S2 ; clk_1m       ; clk_1m      ; 0.000        ; 0.078      ; 0.836      ;
; 0.602 ; curr_state.S1 ; count[16]     ; clk_1m       ; clk_1m      ; 0.000        ; 0.078      ; 0.837      ;
; 0.603 ; curr_state.S1 ; count[18]     ; clk_1m       ; clk_1m      ; 0.000        ; 0.078      ; 0.838      ;
; 0.604 ; curr_state.S1 ; count[13]     ; clk_1m       ; clk_1m      ; 0.000        ; 0.078      ; 0.839      ;
; 0.606 ; curr_state.S1 ; count[15]     ; clk_1m       ; clk_1m      ; 0.000        ; 0.078      ; 0.841      ;
; 0.615 ; curr_state.S2 ; curr_state.S0 ; clk_1m       ; clk_1m      ; 0.000        ; 0.078      ; 0.850      ;
; 0.644 ; echo_reg2     ; curr_state.S2 ; clk_1m       ; clk_1m      ; 0.000        ; 0.392      ; 1.193      ;
; 0.661 ; count[9]      ; dis_reg[9]    ; clk_1m       ; clk_1m      ; 0.000        ; 0.065      ; 0.883      ;
; 0.678 ; count[6]      ; dis_reg[6]    ; clk_1m       ; clk_1m      ; 0.000        ; 0.064      ; 0.899      ;
; 0.682 ; count[8]      ; dis_reg[8]    ; clk_1m       ; clk_1m      ; 0.000        ; 0.065      ; 0.904      ;
; 0.697 ; count[1]      ; dis_reg[1]    ; clk_1m       ; clk_1m      ; 0.000        ; 0.064      ; 0.918      ;
; 0.712 ; count[15]     ; dis_reg[15]   ; clk_1m       ; clk_1m      ; 0.000        ; -0.255     ; 0.614      ;
; 0.832 ; count[4]      ; dis_reg[4]    ; clk_1m       ; clk_1m      ; 0.000        ; 0.064      ; 1.053      ;
; 0.842 ; count[12]     ; dis_reg[12]   ; clk_1m       ; clk_1m      ; 0.000        ; -0.252     ; 0.747      ;
; 0.846 ; count[11]     ; dis_reg[11]   ; clk_1m       ; clk_1m      ; 0.000        ; -0.252     ; 0.751      ;
; 0.852 ; count[3]      ; dis_reg[3]    ; clk_1m       ; clk_1m      ; 0.000        ; 0.064      ; 1.073      ;
; 0.866 ; count[5]      ; dis_reg[5]    ; clk_1m       ; clk_1m      ; 0.000        ; 0.064      ; 1.087      ;
; 0.884 ; echo_reg1     ; curr_state.S2 ; clk_1m       ; clk_1m      ; 0.000        ; 0.392      ; 1.433      ;
; 0.919 ; curr_state.S1 ; curr_state.S0 ; clk_1m       ; clk_1m      ; 0.000        ; 0.078      ; 1.154      ;
; 0.940 ; count[9]      ; count[10]     ; clk_1m       ; clk_1m      ; 0.000        ; 0.389      ; 1.486      ;
; 0.944 ; echo_reg2     ; curr_state.S0 ; clk_1m       ; clk_1m      ; 0.000        ; 0.392      ; 1.493      ;
; 0.945 ; echo_reg1     ; echo_reg2     ; clk_1m       ; clk_1m      ; 0.000        ; 0.064      ; 1.166      ;
; 0.947 ; count[6]      ; count[10]     ; clk_1m       ; clk_1m      ; 0.000        ; 0.388      ; 1.492      ;
; 0.948 ; curr_state.S1 ; count[17]     ; clk_1m       ; clk_1m      ; 0.000        ; 0.074      ; 1.179      ;
; 0.948 ; curr_state.S1 ; count[14]     ; clk_1m       ; clk_1m      ; 0.000        ; 0.074      ; 1.179      ;
; 0.948 ; curr_state.S1 ; count[11]     ; clk_1m       ; clk_1m      ; 0.000        ; 0.074      ; 1.179      ;
; 0.948 ; curr_state.S1 ; count[10]     ; clk_1m       ; clk_1m      ; 0.000        ; 0.074      ; 1.179      ;
; 0.949 ; curr_state.S1 ; count[19]     ; clk_1m       ; clk_1m      ; 0.000        ; 0.074      ; 1.180      ;
; 0.949 ; curr_state.S1 ; count[12]     ; clk_1m       ; clk_1m      ; 0.000        ; 0.074      ; 1.180      ;
; 0.983 ; count[8]      ; count[10]     ; clk_1m       ; clk_1m      ; 0.000        ; 0.389      ; 1.529      ;
; 1.014 ; count[13]     ; dis_reg[13]   ; clk_1m       ; clk_1m      ; 0.000        ; -0.255     ; 0.916      ;
; 1.037 ; count[19]     ; dis_reg[19]   ; clk_1m       ; clk_1m      ; 0.000        ; -0.251     ; 0.943      ;
; 1.043 ; count[5]      ; count[10]     ; clk_1m       ; clk_1m      ; 0.000        ; 0.388      ; 1.588      ;
; 1.051 ; count[9]      ; count[11]     ; clk_1m       ; clk_1m      ; 0.000        ; 0.389      ; 1.597      ;
; 1.058 ; count[6]      ; count[11]     ; clk_1m       ; clk_1m      ; 0.000        ; 0.388      ; 1.603      ;
; 1.094 ; count[8]      ; count[11]     ; clk_1m       ; clk_1m      ; 0.000        ; 0.389      ; 1.640      ;
; 1.107 ; count[6]      ; count[7]      ; clk_1m       ; clk_1m      ; 0.000        ; 0.448      ; 1.712      ;
; 1.117 ; curr_state.S1 ; count[7]      ; clk_1m       ; clk_1m      ; 0.000        ; 0.134      ; 1.408      ;
; 1.146 ; count[10]     ; count[11]     ; clk_1m       ; clk_1m      ; 0.000        ; 0.078      ; 1.381      ;
; 1.147 ; echo_reg1     ; count[15]     ; clk_1m       ; clk_1m      ; 0.000        ; 0.392      ; 1.696      ;
; 1.148 ; echo_reg1     ; count[18]     ; clk_1m       ; clk_1m      ; 0.000        ; 0.392      ; 1.697      ;
; 1.148 ; echo_reg1     ; count[13]     ; clk_1m       ; clk_1m      ; 0.000        ; 0.392      ; 1.697      ;
; 1.149 ; echo_reg1     ; count[16]     ; clk_1m       ; clk_1m      ; 0.000        ; 0.392      ; 1.698      ;
; 1.154 ; count[3]      ; count[10]     ; clk_1m       ; clk_1m      ; 0.000        ; 0.388      ; 1.699      ;
; 1.154 ; count[5]      ; count[11]     ; clk_1m       ; clk_1m      ; 0.000        ; 0.388      ; 1.699      ;
; 1.158 ; count[2]      ; count[10]     ; clk_1m       ; clk_1m      ; 0.000        ; 0.388      ; 1.703      ;
; 1.160 ; count[18]     ; dis_reg[18]   ; clk_1m       ; clk_1m      ; 0.000        ; -0.255     ; 1.062      ;
; 1.163 ; count[16]     ; dis_reg[16]   ; clk_1m       ; clk_1m      ; 0.000        ; -0.255     ; 1.065      ;
; 1.171 ; count[10]     ; dis_reg[10]   ; clk_1m       ; clk_1m      ; 0.000        ; -0.251     ; 1.077      ;
; 1.174 ; count[14]     ; dis_reg[14]   ; clk_1m       ; clk_1m      ; 0.000        ; -0.251     ; 1.080      ;
; 1.175 ; count[9]      ; count[12]     ; clk_1m       ; clk_1m      ; 0.000        ; 0.389      ; 1.721      ;
; 1.175 ; count[4]      ; count[10]     ; clk_1m       ; clk_1m      ; 0.000        ; 0.388      ; 1.720      ;
; 1.178 ; curr_state.S0 ; count[15]     ; clk_1m       ; clk_1m      ; 0.000        ; 0.078      ; 1.413      ;
; 1.180 ; curr_state.S0 ; count[13]     ; clk_1m       ; clk_1m      ; 0.000        ; 0.078      ; 1.415      ;
; 1.181 ; curr_state.S0 ; count[18]     ; clk_1m       ; clk_1m      ; 0.000        ; 0.078      ; 1.416      ;
; 1.181 ; curr_state.S0 ; count[16]     ; clk_1m       ; clk_1m      ; 0.000        ; 0.078      ; 1.416      ;
; 1.182 ; count[6]      ; count[12]     ; clk_1m       ; clk_1m      ; 0.000        ; 0.388      ; 1.727      ;
; 1.190 ; echo_reg2     ; curr_state.S1 ; clk_1m       ; clk_1m      ; 0.000        ; 0.392      ; 1.739      ;
; 1.192 ; echo_reg1     ; curr_state.S0 ; clk_1m       ; clk_1m      ; 0.000        ; 0.392      ; 1.741      ;
; 1.203 ; count[5]      ; count[7]      ; clk_1m       ; clk_1m      ; 0.000        ; 0.448      ; 1.808      ;
; 1.207 ; echo_reg2     ; count[15]     ; clk_1m       ; clk_1m      ; 0.000        ; 0.392      ; 1.756      ;
; 1.209 ; echo_reg2     ; count[13]     ; clk_1m       ; clk_1m      ; 0.000        ; 0.392      ; 1.758      ;
; 1.210 ; count[17]     ; dis_reg[17]   ; clk_1m       ; clk_1m      ; 0.000        ; -0.251     ; 1.116      ;
; 1.210 ; echo_reg2     ; count[18]     ; clk_1m       ; clk_1m      ; 0.000        ; 0.392      ; 1.759      ;
; 1.210 ; echo_reg2     ; count[16]     ; clk_1m       ; clk_1m      ; 0.000        ; 0.392      ; 1.759      ;
; 1.218 ; count[8]      ; count[12]     ; clk_1m       ; clk_1m      ; 0.000        ; 0.389      ; 1.764      ;
; 1.223 ; count[0]      ; count[0]      ; clk_1m       ; clk_1m      ; 0.000        ; 0.064      ; 1.444      ;
; 1.226 ; count[7]      ; dis_reg[7]    ; clk_1m       ; clk_1m      ; 0.000        ; -0.304     ; 1.079      ;
; 1.237 ; count[17]     ; count[19]     ; clk_1m       ; clk_1m      ; 0.000        ; 0.078      ; 1.472      ;
; 1.242 ; count[11]     ; count[12]     ; clk_1m       ; clk_1m      ; 0.000        ; 0.078      ; 1.477      ;
; 1.255 ; count[17]     ; count[18]     ; clk_1m       ; clk_1m      ; 0.000        ; 0.082      ; 1.494      ;
; 1.256 ; curr_state.S2 ; dis_reg[19]   ; clk_1m       ; clk_1m      ; 0.000        ; -0.255     ; 1.158      ;
; 1.256 ; curr_state.S2 ; dis_reg[15]   ; clk_1m       ; clk_1m      ; 0.000        ; -0.255     ; 1.158      ;
; 1.256 ; curr_state.S2 ; dis_reg[10]   ; clk_1m       ; clk_1m      ; 0.000        ; -0.255     ; 1.158      ;
; 1.256 ; count[12]     ; count[14]     ; clk_1m       ; clk_1m      ; 0.000        ; 0.078      ; 1.491      ;
+-------+---------------+---------------+--------------+-------------+--------------+------------+------------+


+---------------------------------------------------------------------------------------------------------------+
; Slow 1200mV 85C Model Minimum Pulse Width: 'clk_1m'                                                           ;
+--------+--------------+----------------+-----------------+--------+------------+------------------------------+
; Slack  ; Actual Width ; Required Width ; Type            ; Clock  ; Clock Edge ; Target                       ;
+--------+--------------+----------------+-----------------+--------+------------+------------------------------+
; -3.000 ; 1.000        ; 4.000          ; Port Rate       ; clk_1m ; Rise       ; clk_1m                       ;
; -1.000 ; 1.000        ; 2.000          ; Min Period      ; clk_1m ; Rise       ; count[0]                     ;
; -1.000 ; 1.000        ; 2.000          ; Min Period      ; clk_1m ; Rise       ; count[10]                    ;
; -1.000 ; 1.000        ; 2.000          ; Min Period      ; clk_1m ; Rise       ; count[11]                    ;
; -1.000 ; 1.000        ; 2.000          ; Min Period      ; clk_1m ; Rise       ; count[12]                    ;
; -1.000 ; 1.000        ; 2.000          ; Min Period      ; clk_1m ; Rise       ; count[13]                    ;
; -1.000 ; 1.000        ; 2.000          ; Min Period      ; clk_1m ; Rise       ; count[14]                    ;
; -1.000 ; 1.000        ; 2.000          ; Min Period      ; clk_1m ; Rise       ; count[15]                    ;
; -1.000 ; 1.000        ; 2.000          ; Min Period      ; clk_1m ; Rise       ; count[16]                    ;
; -1.000 ; 1.000        ; 2.000          ; Min Period      ; clk_1m ; Rise       ; count[17]                    ;
; -1.000 ; 1.000        ; 2.000          ; Min Period      ; clk_1m ; Rise       ; count[18]                    ;
; -1.000 ; 1.000        ; 2.000          ; Min Period      ; clk_1m ; Rise       ; count[19]                    ;
; -1.000 ; 1.000        ; 2.000          ; Min Period      ; clk_1m ; Rise       ; count[1]                     ;
; -1.000 ; 1.000        ; 2.000          ; Min Period      ; clk_1m ; Rise       ; count[2]                     ;
; -1.000 ; 1.000        ; 2.000          ; Min Period      ; clk_1m ; Rise       ; count[3]                     ;
; -1.000 ; 1.000        ; 2.000          ; Min Period      ; clk_1m ; Rise       ; count[4]                     ;
; -1.000 ; 1.000        ; 2.000          ; Min Period      ; clk_1m ; Rise       ; count[5]                     ;
; -1.000 ; 1.000        ; 2.000          ; Min Period      ; clk_1m ; Rise       ; count[6]                     ;
; -1.000 ; 1.000        ; 2.000          ; Min Period      ; clk_1m ; Rise       ; count[7]                     ;
; -1.000 ; 1.000        ; 2.000          ; Min Period      ; clk_1m ; Rise       ; count[8]                     ;
; -1.000 ; 1.000        ; 2.000          ; Min Period      ; clk_1m ; Rise       ; count[9]                     ;
; -1.000 ; 1.000        ; 2.000          ; Min Period      ; clk_1m ; Rise       ; curr_state.S0                ;
; -1.000 ; 1.000        ; 2.000          ; Min Period      ; clk_1m ; Rise       ; curr_state.S1                ;
; -1.000 ; 1.000        ; 2.000          ; Min Period      ; clk_1m ; Rise       ; curr_state.S2                ;
; -1.000 ; 1.000        ; 2.000          ; Min Period      ; clk_1m ; Rise       ; dis_reg[10]                  ;
; -1.000 ; 1.000        ; 2.000          ; Min Period      ; clk_1m ; Rise       ; dis_reg[11]                  ;
; -1.000 ; 1.000        ; 2.000          ; Min Period      ; clk_1m ; Rise       ; dis_reg[12]                  ;
; -1.000 ; 1.000        ; 2.000          ; Min Period      ; clk_1m ; Rise       ; dis_reg[13]                  ;
; -1.000 ; 1.000        ; 2.000          ; Min Period      ; clk_1m ; Rise       ; dis_reg[14]                  ;
; -1.000 ; 1.000        ; 2.000          ; Min Period      ; clk_1m ; Rise       ; dis_reg[15]                  ;
; -1.000 ; 1.000        ; 2.000          ; Min Period      ; clk_1m ; Rise       ; dis_reg[16]                  ;
; -1.000 ; 1.000        ; 2.000          ; Min Period      ; clk_1m ; Rise       ; dis_reg[17]                  ;
; -1.000 ; 1.000        ; 2.000          ; Min Period      ; clk_1m ; Rise       ; dis_reg[18]                  ;
; -1.000 ; 1.000        ; 2.000          ; Min Period      ; clk_1m ; Rise       ; dis_reg[19]                  ;
; -1.000 ; 1.000        ; 2.000          ; Min Period      ; clk_1m ; Rise       ; dis_reg[1]                   ;
; -1.000 ; 1.000        ; 2.000          ; Min Period      ; clk_1m ; Rise       ; dis_reg[2]                   ;
; -1.000 ; 1.000        ; 2.000          ; Min Period      ; clk_1m ; Rise       ; dis_reg[3]                   ;
; -1.000 ; 1.000        ; 2.000          ; Min Period      ; clk_1m ; Rise       ; dis_reg[4]                   ;
; -1.000 ; 1.000        ; 2.000          ; Min Period      ; clk_1m ; Rise       ; dis_reg[5]                   ;
; -1.000 ; 1.000        ; 2.000          ; Min Period      ; clk_1m ; Rise       ; dis_reg[6]                   ;
; -1.000 ; 1.000        ; 2.000          ; Min Period      ; clk_1m ; Rise       ; dis_reg[7]                   ;
; -1.000 ; 1.000        ; 2.000          ; Min Period      ; clk_1m ; Rise       ; dis_reg[8]                   ;
; -1.000 ; 1.000        ; 2.000          ; Min Period      ; clk_1m ; Rise       ; dis_reg[9]                   ;
; -1.000 ; 1.000        ; 2.000          ; Min Period      ; clk_1m ; Rise       ; echo_reg1                    ;
; -1.000 ; 1.000        ; 2.000          ; Min Period      ; clk_1m ; Rise       ; echo_reg2                    ;
; 0.187  ; 0.371        ; 0.184          ; Low Pulse Width ; clk_1m ; Rise       ; count[7]                     ;
; 0.198  ; 0.382        ; 0.184          ; Low Pulse Width ; clk_1m ; Rise       ; count[13]                    ;
; 0.198  ; 0.382        ; 0.184          ; Low Pulse Width ; clk_1m ; Rise       ; count[15]                    ;
; 0.198  ; 0.382        ; 0.184          ; Low Pulse Width ; clk_1m ; Rise       ; count[16]                    ;
; 0.198  ; 0.382        ; 0.184          ; Low Pulse Width ; clk_1m ; Rise       ; count[18]                    ;
; 0.198  ; 0.382        ; 0.184          ; Low Pulse Width ; clk_1m ; Rise       ; curr_state.S0                ;
; 0.198  ; 0.382        ; 0.184          ; Low Pulse Width ; clk_1m ; Rise       ; curr_state.S1                ;
; 0.198  ; 0.382        ; 0.184          ; Low Pulse Width ; clk_1m ; Rise       ; curr_state.S2                ;
; 0.203  ; 0.387        ; 0.184          ; Low Pulse Width ; clk_1m ; Rise       ; count[10]                    ;
; 0.203  ; 0.387        ; 0.184          ; Low Pulse Width ; clk_1m ; Rise       ; count[11]                    ;
; 0.203  ; 0.387        ; 0.184          ; Low Pulse Width ; clk_1m ; Rise       ; count[12]                    ;
; 0.203  ; 0.387        ; 0.184          ; Low Pulse Width ; clk_1m ; Rise       ; count[14]                    ;
; 0.203  ; 0.387        ; 0.184          ; Low Pulse Width ; clk_1m ; Rise       ; count[17]                    ;
; 0.203  ; 0.387        ; 0.184          ; Low Pulse Width ; clk_1m ; Rise       ; count[19]                    ;
; 0.208  ; 0.392        ; 0.184          ; Low Pulse Width ; clk_1m ; Rise       ; dis_reg[10]                  ;
; 0.208  ; 0.392        ; 0.184          ; Low Pulse Width ; clk_1m ; Rise       ; dis_reg[11]                  ;
; 0.208  ; 0.392        ; 0.184          ; Low Pulse Width ; clk_1m ; Rise       ; dis_reg[12]                  ;
; 0.208  ; 0.392        ; 0.184          ; Low Pulse Width ; clk_1m ; Rise       ; dis_reg[13]                  ;
; 0.208  ; 0.392        ; 0.184          ; Low Pulse Width ; clk_1m ; Rise       ; dis_reg[14]                  ;
; 0.208  ; 0.392        ; 0.184          ; Low Pulse Width ; clk_1m ; Rise       ; dis_reg[15]                  ;
; 0.208  ; 0.392        ; 0.184          ; Low Pulse Width ; clk_1m ; Rise       ; dis_reg[16]                  ;
; 0.208  ; 0.392        ; 0.184          ; Low Pulse Width ; clk_1m ; Rise       ; dis_reg[17]                  ;
; 0.208  ; 0.392        ; 0.184          ; Low Pulse Width ; clk_1m ; Rise       ; dis_reg[18]                  ;
; 0.208  ; 0.392        ; 0.184          ; Low Pulse Width ; clk_1m ; Rise       ; dis_reg[19]                  ;
; 0.209  ; 0.393        ; 0.184          ; Low Pulse Width ; clk_1m ; Rise       ; count[4]                     ;
; 0.209  ; 0.393        ; 0.184          ; Low Pulse Width ; clk_1m ; Rise       ; count[8]                     ;
; 0.209  ; 0.393        ; 0.184          ; Low Pulse Width ; clk_1m ; Rise       ; count[9]                     ;
; 0.209  ; 0.393        ; 0.184          ; Low Pulse Width ; clk_1m ; Rise       ; dis_reg[1]                   ;
; 0.209  ; 0.393        ; 0.184          ; Low Pulse Width ; clk_1m ; Rise       ; dis_reg[3]                   ;
; 0.209  ; 0.393        ; 0.184          ; Low Pulse Width ; clk_1m ; Rise       ; dis_reg[4]                   ;
; 0.209  ; 0.393        ; 0.184          ; Low Pulse Width ; clk_1m ; Rise       ; dis_reg[6]                   ;
; 0.210  ; 0.394        ; 0.184          ; Low Pulse Width ; clk_1m ; Rise       ; count[0]                     ;
; 0.210  ; 0.394        ; 0.184          ; Low Pulse Width ; clk_1m ; Rise       ; count[1]                     ;
; 0.210  ; 0.394        ; 0.184          ; Low Pulse Width ; clk_1m ; Rise       ; count[2]                     ;
; 0.210  ; 0.394        ; 0.184          ; Low Pulse Width ; clk_1m ; Rise       ; count[3]                     ;
; 0.210  ; 0.394        ; 0.184          ; Low Pulse Width ; clk_1m ; Rise       ; count[5]                     ;
; 0.210  ; 0.394        ; 0.184          ; Low Pulse Width ; clk_1m ; Rise       ; count[6]                     ;
; 0.210  ; 0.394        ; 0.184          ; Low Pulse Width ; clk_1m ; Rise       ; dis_reg[2]                   ;
; 0.210  ; 0.394        ; 0.184          ; Low Pulse Width ; clk_1m ; Rise       ; dis_reg[5]                   ;
; 0.210  ; 0.394        ; 0.184          ; Low Pulse Width ; clk_1m ; Rise       ; dis_reg[7]                   ;
; 0.210  ; 0.394        ; 0.184          ; Low Pulse Width ; clk_1m ; Rise       ; dis_reg[8]                   ;
; 0.210  ; 0.394        ; 0.184          ; Low Pulse Width ; clk_1m ; Rise       ; dis_reg[9]                   ;
; 0.210  ; 0.394        ; 0.184          ; Low Pulse Width ; clk_1m ; Rise       ; echo_reg1                    ;
; 0.210  ; 0.394        ; 0.184          ; Low Pulse Width ; clk_1m ; Rise       ; echo_reg2                    ;
; 0.326  ; 0.326        ; 0.000          ; Low Pulse Width ; clk_1m ; Rise       ; clk_1m~input|o               ;
; 0.337  ; 0.337        ; 0.000          ; Low Pulse Width ; clk_1m ; Rise       ; clk_1m~inputclkctrl|inclk[0] ;
; 0.337  ; 0.337        ; 0.000          ; Low Pulse Width ; clk_1m ; Rise       ; clk_1m~inputclkctrl|outclk   ;
; 0.348  ; 0.348        ; 0.000          ; Low Pulse Width ; clk_1m ; Rise       ; count[7]|clk                 ;
; 0.358  ; 0.358        ; 0.000          ; Low Pulse Width ; clk_1m ; Rise       ; count[13]|clk                ;
; 0.358  ; 0.358        ; 0.000          ; Low Pulse Width ; clk_1m ; Rise       ; count[15]|clk                ;
; 0.358  ; 0.358        ; 0.000          ; Low Pulse Width ; clk_1m ; Rise       ; count[16]|clk                ;
; 0.358  ; 0.358        ; 0.000          ; Low Pulse Width ; clk_1m ; Rise       ; count[18]|clk                ;
; 0.358  ; 0.358        ; 0.000          ; Low Pulse Width ; clk_1m ; Rise       ; curr_state.S0|clk            ;
; 0.358  ; 0.358        ; 0.000          ; Low Pulse Width ; clk_1m ; Rise       ; curr_state.S1|clk            ;
; 0.358  ; 0.358        ; 0.000          ; Low Pulse Width ; clk_1m ; Rise       ; curr_state.S2|clk            ;
+--------+--------------+----------------+-----------------+--------+------------+------------------------------+


+-----------------------------------------------------------------------+
; Setup Times                                                           ;
+-----------+------------+-------+-------+------------+-----------------+
; Data Port ; Clock Port ; Rise  ; Fall  ; Clock Edge ; Clock Reference ;
+-----------+------------+-------+-------+------------+-----------------+
; echo      ; clk_1m     ; 2.028 ; 2.519 ; Rise       ; clk_1m          ;
+-----------+------------+-------+-------+------------+-----------------+


+-------------------------------------------------------------------------+
; Hold Times                                                              ;
+-----------+------------+--------+--------+------------+-----------------+
; Data Port ; Clock Port ; Rise   ; Fall   ; Clock Edge ; Clock Reference ;
+-----------+------------+--------+--------+------------+-----------------+
; echo      ; clk_1m     ; -1.638 ; -2.115 ; Rise       ; clk_1m          ;
+-----------+------------+--------+--------+------------+-----------------+


+------------------------------------------------------------------------------+
; Clock to Output Times                                                        ;
+----------------+------------+--------+--------+------------+-----------------+
; Data Port      ; Clock Port ; Rise   ; Fall   ; Clock Edge ; Clock Reference ;
+----------------+------------+--------+--------+------------+-----------------+
; dis_count[*]   ; clk_1m     ; 45.802 ; 45.862 ; Rise       ; clk_1m          ;
;  dis_count[0]  ; clk_1m     ; 45.802 ; 45.862 ; Rise       ; clk_1m          ;
;  dis_count[1]  ; clk_1m     ; 42.406 ; 42.768 ; Rise       ; clk_1m          ;
;  dis_count[2]  ; clk_1m     ; 39.698 ; 39.748 ; Rise       ; clk_1m          ;
;  dis_count[3]  ; clk_1m     ; 36.828 ; 37.022 ; Rise       ; clk_1m          ;
;  dis_count[4]  ; clk_1m     ; 34.362 ; 34.389 ; Rise       ; clk_1m          ;
;  dis_count[5]  ; clk_1m     ; 31.675 ; 32.020 ; Rise       ; clk_1m          ;
;  dis_count[6]  ; clk_1m     ; 29.318 ; 29.456 ; Rise       ; clk_1m          ;
;  dis_count[7]  ; clk_1m     ; 26.916 ; 27.021 ; Rise       ; clk_1m          ;
;  dis_count[8]  ; clk_1m     ; 24.413 ; 24.503 ; Rise       ; clk_1m          ;
;  dis_count[9]  ; clk_1m     ; 21.160 ; 21.236 ; Rise       ; clk_1m          ;
;  dis_count[10] ; clk_1m     ; 18.368 ; 18.523 ; Rise       ; clk_1m          ;
;  dis_count[11] ; clk_1m     ; 15.239 ; 15.334 ; Rise       ; clk_1m          ;
;  dis_count[12] ; clk_1m     ; 12.805 ; 12.899 ; Rise       ; clk_1m          ;
;  dis_count[13] ; clk_1m     ; 10.081 ; 10.324 ; Rise       ; clk_1m          ;
;  dis_count[14] ; clk_1m     ; 7.676  ; 7.601  ; Rise       ; clk_1m          ;
+----------------+------------+--------+--------+------------+-----------------+


+----------------------------------------------------------------------------+
; Minimum Clock to Output Times                                              ;
+----------------+------------+-------+-------+------------+-----------------+
; Data Port      ; Clock Port ; Rise  ; Fall  ; Clock Edge ; Clock Reference ;
+----------------+------------+-------+-------+------------+-----------------+
; dis_count[*]   ; clk_1m     ; 6.890 ; 6.982 ; Rise       ; clk_1m          ;
;  dis_count[0]  ; clk_1m     ; 8.792 ; 8.967 ; Rise       ; clk_1m          ;
;  dis_count[1]  ; clk_1m     ; 7.996 ; 8.178 ; Rise       ; clk_1m          ;
;  dis_count[2]  ; clk_1m     ; 7.819 ; 8.026 ; Rise       ; clk_1m          ;
;  dis_count[3]  ; clk_1m     ; 7.836 ; 8.103 ; Rise       ; clk_1m          ;
;  dis_count[4]  ; clk_1m     ; 7.893 ; 8.119 ; Rise       ; clk_1m          ;
;  dis_count[5]  ; clk_1m     ; 7.709 ; 7.975 ; Rise       ; clk_1m          ;
;  dis_count[6]  ; clk_1m     ; 7.860 ; 8.107 ; Rise       ; clk_1m          ;
;  dis_count[7]  ; clk_1m     ; 7.898 ; 8.173 ; Rise       ; clk_1m          ;
;  dis_count[8]  ; clk_1m     ; 8.083 ; 8.253 ; Rise       ; clk_1m          ;
;  dis_count[9]  ; clk_1m     ; 7.934 ; 8.131 ; Rise       ; clk_1m          ;
;  dis_count[10] ; clk_1m     ; 8.024 ; 8.203 ; Rise       ; clk_1m          ;
;  dis_count[11] ; clk_1m     ; 7.684 ; 7.839 ; Rise       ; clk_1m          ;
;  dis_count[12] ; clk_1m     ; 7.196 ; 7.364 ; Rise       ; clk_1m          ;
;  dis_count[13] ; clk_1m     ; 7.415 ; 7.594 ; Rise       ; clk_1m          ;
;  dis_count[14] ; clk_1m     ; 6.890 ; 6.982 ; Rise       ; clk_1m          ;
+----------------+------------+-------+-------+------------+-----------------+


----------------------------------------------
; Slow 1200mV 85C Model Metastability Report ;
----------------------------------------------
No synchronizer chains to report.


+-----------------------------------------------------------------------------------------------------------+
; Slow 1200mV 0C Model Fmax Summary                                                                         ;
+------------+-----------------+------------+---------------------------------------------------------------+
; Fmax       ; Restricted Fmax ; Clock Name ; Note                                                          ;
+------------+-----------------+------------+---------------------------------------------------------------+
; 376.08 MHz ; 250.0 MHz       ; clk_1m     ; limit due to minimum period restriction (max I/O toggle rate) ;
+------------+-----------------+------------+---------------------------------------------------------------+
This panel reports FMAX for every clock in the design, regardless of the user-specified clock periods.  FMAX is only computed for paths where the source and destination registers or ports are driven by the same clock.  Paths of different clocks, including generated clocks, are ignored.  For paths between a clock and its inversion, FMAX is computed as if the rising and falling edges are scaled along with FMAX, such that the duty cycle (in terms of a percentage) is maintained. Altera recommends that you always use clock constraints and other slack reports for sign-off analysis.


+------------------------------------+
; Slow 1200mV 0C Model Setup Summary ;
+--------+--------+------------------+
; Clock  ; Slack  ; End Point TNS    ;
+--------+--------+------------------+
; clk_1m ; -1.659 ; -41.492          ;
+--------+--------+------------------+


+-----------------------------------+
; Slow 1200mV 0C Model Hold Summary ;
+--------+-------+------------------+
; Clock  ; Slack ; End Point TNS    ;
+--------+-------+------------------+
; clk_1m ; 0.296 ; 0.000            ;
+--------+-------+------------------+


-----------------------------------------
; Slow 1200mV 0C Model Recovery Summary ;
-----------------------------------------
No paths to report.


----------------------------------------
; Slow 1200mV 0C Model Removal Summary ;
----------------------------------------
No paths to report.


+--------------------------------------------------+
; Slow 1200mV 0C Model Minimum Pulse Width Summary ;
+--------+--------+--------------------------------+
; Clock  ; Slack  ; End Point TNS                  ;
+--------+--------+--------------------------------+
; clk_1m ; -3.000 ; -47.000                        ;
+--------+--------+--------------------------------+


+----------------------------------------------------------------------------------------------------------+
; Slow 1200mV 0C Model Setup: 'clk_1m'                                                                     ;
+--------+---------------+-----------+--------------+-------------+--------------+------------+------------+
; Slack  ; From Node     ; To Node   ; Launch Clock ; Latch Clock ; Relationship ; Clock Skew ; Data Delay ;
+--------+---------------+-----------+--------------+-------------+--------------+------------+------------+
; -1.659 ; echo_reg1     ; count[16] ; clk_1m       ; clk_1m      ; 1.000        ; 0.231      ; 2.885      ;
; -1.650 ; curr_state.S0 ; count[0]  ; clk_1m       ; clk_1m      ; 1.000        ; -0.357     ; 2.288      ;
; -1.638 ; echo_reg1     ; count[15] ; clk_1m       ; clk_1m      ; 1.000        ; 0.231      ; 2.864      ;
; -1.638 ; echo_reg2     ; count[0]  ; clk_1m       ; clk_1m      ; 1.000        ; -0.057     ; 2.576      ;
; -1.625 ; count[7]      ; count[16] ; clk_1m       ; clk_1m      ; 1.000        ; -0.120     ; 2.500      ;
; -1.622 ; echo_reg2     ; count[15] ; clk_1m       ; clk_1m      ; 1.000        ; 0.231      ; 2.848      ;
; -1.606 ; echo_reg2     ; count[16] ; clk_1m       ; clk_1m      ; 1.000        ; 0.231      ; 2.832      ;
; -1.576 ; echo_reg1     ; count[0]  ; clk_1m       ; clk_1m      ; 1.000        ; -0.057     ; 2.514      ;
; -1.555 ; echo_reg1     ; count[17] ; clk_1m       ; clk_1m      ; 1.000        ; 0.227      ; 2.777      ;
; -1.540 ; echo_reg1     ; count[18] ; clk_1m       ; clk_1m      ; 1.000        ; 0.231      ; 2.766      ;
; -1.539 ; echo_reg2     ; count[17] ; clk_1m       ; clk_1m      ; 1.000        ; 0.227      ; 2.761      ;
; -1.521 ; echo_reg1     ; count[19] ; clk_1m       ; clk_1m      ; 1.000        ; 0.227      ; 2.743      ;
; -1.506 ; count[7]      ; count[18] ; clk_1m       ; clk_1m      ; 1.000        ; -0.120     ; 2.381      ;
; -1.505 ; echo_reg2     ; count[19] ; clk_1m       ; clk_1m      ; 1.000        ; 0.227      ; 2.727      ;
; -1.492 ; echo_reg2     ; count[18] ; clk_1m       ; clk_1m      ; 1.000        ; 0.231      ; 2.718      ;
; -1.446 ; count[1]      ; count[16] ; clk_1m       ; clk_1m      ; 1.000        ; 0.231      ; 2.672      ;
; -1.445 ; count[7]      ; count[15] ; clk_1m       ; clk_1m      ; 1.000        ; -0.120     ; 2.320      ;
; -1.424 ; echo_reg1     ; count[9]  ; clk_1m       ; clk_1m      ; 1.000        ; -0.057     ; 2.362      ;
; -1.408 ; echo_reg2     ; count[9]  ; clk_1m       ; clk_1m      ; 1.000        ; -0.057     ; 2.346      ;
; -1.375 ; count[0]      ; count[16] ; clk_1m       ; clk_1m      ; 1.000        ; 0.231      ; 2.601      ;
; -1.365 ; echo_reg1     ; count[4]  ; clk_1m       ; clk_1m      ; 1.000        ; -0.057     ; 2.303      ;
; -1.365 ; count[7]      ; count[17] ; clk_1m       ; clk_1m      ; 1.000        ; -0.124     ; 2.236      ;
; -1.361 ; echo_reg1     ; count[5]  ; clk_1m       ; clk_1m      ; 1.000        ; -0.057     ; 2.299      ;
; -1.354 ; echo_reg1     ; count[13] ; clk_1m       ; clk_1m      ; 1.000        ; 0.231      ; 2.580      ;
; -1.353 ; count[7]      ; count[19] ; clk_1m       ; clk_1m      ; 1.000        ; -0.124     ; 2.224      ;
; -1.349 ; echo_reg2     ; count[4]  ; clk_1m       ; clk_1m      ; 1.000        ; -0.057     ; 2.287      ;
; -1.348 ; count[3]      ; count[16] ; clk_1m       ; clk_1m      ; 1.000        ; 0.231      ; 2.574      ;
; -1.347 ; echo_reg1     ; count[6]  ; clk_1m       ; clk_1m      ; 1.000        ; -0.057     ; 2.285      ;
; -1.345 ; echo_reg2     ; count[5]  ; clk_1m       ; clk_1m      ; 1.000        ; -0.057     ; 2.283      ;
; -1.339 ; echo_reg1     ; count[14] ; clk_1m       ; clk_1m      ; 1.000        ; 0.227      ; 2.561      ;
; -1.338 ; echo_reg2     ; count[13] ; clk_1m       ; clk_1m      ; 1.000        ; 0.231      ; 2.564      ;
; -1.335 ; curr_state.S0 ; count[8]  ; clk_1m       ; clk_1m      ; 1.000        ; -0.357     ; 1.973      ;
; -1.335 ; curr_state.S0 ; count[9]  ; clk_1m       ; clk_1m      ; 1.000        ; -0.357     ; 1.973      ;
; -1.333 ; echo_reg1     ; count[8]  ; clk_1m       ; clk_1m      ; 1.000        ; -0.057     ; 2.271      ;
; -1.331 ; curr_state.S1 ; count[0]  ; clk_1m       ; clk_1m      ; 1.000        ; -0.357     ; 1.969      ;
; -1.331 ; echo_reg2     ; count[6]  ; clk_1m       ; clk_1m      ; 1.000        ; -0.057     ; 2.269      ;
; -1.327 ; count[1]      ; count[18] ; clk_1m       ; clk_1m      ; 1.000        ; 0.231      ; 2.553      ;
; -1.325 ; count[0]      ; count[15] ; clk_1m       ; clk_1m      ; 1.000        ; 0.231      ; 2.551      ;
; -1.323 ; echo_reg2     ; count[8]  ; clk_1m       ; clk_1m      ; 1.000        ; -0.057     ; 2.261      ;
; -1.305 ; count[7]      ; count[14] ; clk_1m       ; clk_1m      ; 1.000        ; -0.124     ; 2.176      ;
; -1.299 ; count[7]      ; count[8]  ; clk_1m       ; clk_1m      ; 1.000        ; -0.408     ; 1.886      ;
; -1.288 ; echo_reg2     ; count[14] ; clk_1m       ; clk_1m      ; 1.000        ; 0.227      ; 2.510      ;
; -1.272 ; count[4]      ; count[16] ; clk_1m       ; clk_1m      ; 1.000        ; 0.231      ; 2.498      ;
; -1.268 ; count[2]      ; count[16] ; clk_1m       ; clk_1m      ; 1.000        ; 0.231      ; 2.494      ;
; -1.266 ; count[13]     ; count[16] ; clk_1m       ; clk_1m      ; 1.000        ; -0.069     ; 2.192      ;
; -1.266 ; count[1]      ; count[15] ; clk_1m       ; clk_1m      ; 1.000        ; 0.231      ; 2.492      ;
; -1.259 ; echo_reg1     ; count[2]  ; clk_1m       ; clk_1m      ; 1.000        ; -0.057     ; 2.197      ;
; -1.256 ; count[0]      ; count[18] ; clk_1m       ; clk_1m      ; 1.000        ; 0.231      ; 2.482      ;
; -1.255 ; echo_reg1     ; count[3]  ; clk_1m       ; clk_1m      ; 1.000        ; -0.057     ; 2.193      ;
; -1.251 ; echo_reg1     ; count[7]  ; clk_1m       ; clk_1m      ; 1.000        ; 0.280      ; 2.526      ;
; -1.249 ; count[5]      ; count[16] ; clk_1m       ; clk_1m      ; 1.000        ; 0.231      ; 2.475      ;
; -1.243 ; echo_reg2     ; count[2]  ; clk_1m       ; clk_1m      ; 1.000        ; -0.057     ; 2.181      ;
; -1.242 ; count[0]      ; count[17] ; clk_1m       ; clk_1m      ; 1.000        ; 0.227      ; 2.464      ;
; -1.239 ; echo_reg1     ; count[12] ; clk_1m       ; clk_1m      ; 1.000        ; 0.227      ; 2.461      ;
; -1.239 ; count[4]      ; count[15] ; clk_1m       ; clk_1m      ; 1.000        ; 0.231      ; 2.465      ;
; -1.239 ; echo_reg2     ; count[3]  ; clk_1m       ; clk_1m      ; 1.000        ; -0.057     ; 2.177      ;
; -1.236 ; count[7]      ; count[9]  ; clk_1m       ; clk_1m      ; 1.000        ; -0.408     ; 1.823      ;
; -1.235 ; count[11]     ; count[16] ; clk_1m       ; clk_1m      ; 1.000        ; -0.065     ; 2.165      ;
; -1.235 ; echo_reg2     ; count[7]  ; clk_1m       ; clk_1m      ; 1.000        ; 0.280      ; 2.510      ;
; -1.229 ; count[3]      ; count[18] ; clk_1m       ; clk_1m      ; 1.000        ; 0.231      ; 2.455      ;
; -1.214 ; count[2]      ; count[15] ; clk_1m       ; clk_1m      ; 1.000        ; 0.231      ; 2.440      ;
; -1.208 ; count[0]      ; count[19] ; clk_1m       ; clk_1m      ; 1.000        ; 0.227      ; 2.430      ;
; -1.205 ; count[7]      ; count[12] ; clk_1m       ; clk_1m      ; 1.000        ; -0.124     ; 2.076      ;
; -1.188 ; echo_reg2     ; count[12] ; clk_1m       ; clk_1m      ; 1.000        ; 0.227      ; 2.410      ;
; -1.186 ; count[1]      ; count[17] ; clk_1m       ; clk_1m      ; 1.000        ; 0.227      ; 2.408      ;
; -1.176 ; count[10]     ; count[16] ; clk_1m       ; clk_1m      ; 1.000        ; -0.065     ; 2.106      ;
; -1.174 ; count[1]      ; count[19] ; clk_1m       ; clk_1m      ; 1.000        ; 0.227      ; 2.396      ;
; -1.168 ; count[3]      ; count[15] ; clk_1m       ; clk_1m      ; 1.000        ; 0.231      ; 2.394      ;
; -1.168 ; count[7]      ; count[13] ; clk_1m       ; clk_1m      ; 1.000        ; -0.120     ; 2.043      ;
; -1.156 ; count[4]      ; count[17] ; clk_1m       ; clk_1m      ; 1.000        ; 0.227      ; 2.378      ;
; -1.154 ; echo_reg1     ; count[1]  ; clk_1m       ; clk_1m      ; 1.000        ; -0.057     ; 2.092      ;
; -1.153 ; count[4]      ; count[18] ; clk_1m       ; clk_1m      ; 1.000        ; 0.231      ; 2.379      ;
; -1.149 ; count[9]      ; count[16] ; clk_1m       ; clk_1m      ; 1.000        ; 0.231      ; 2.375      ;
; -1.149 ; count[2]      ; count[18] ; clk_1m       ; clk_1m      ; 1.000        ; 0.231      ; 2.375      ;
; -1.149 ; count[1]      ; count[4]  ; clk_1m       ; clk_1m      ; 1.000        ; -0.057     ; 2.087      ;
; -1.147 ; count[13]     ; count[18] ; clk_1m       ; clk_1m      ; 1.000        ; -0.069     ; 2.073      ;
; -1.146 ; count[15]     ; count[16] ; clk_1m       ; clk_1m      ; 1.000        ; -0.069     ; 2.072      ;
; -1.138 ; echo_reg2     ; count[1]  ; clk_1m       ; clk_1m      ; 1.000        ; -0.057     ; 2.076      ;
; -1.131 ; count[2]      ; count[17] ; clk_1m       ; clk_1m      ; 1.000        ; 0.227      ; 2.353      ;
; -1.131 ; count[1]      ; count[6]  ; clk_1m       ; clk_1m      ; 1.000        ; -0.057     ; 2.069      ;
; -1.130 ; count[5]      ; count[18] ; clk_1m       ; clk_1m      ; 1.000        ; 0.231      ; 2.356      ;
; -1.126 ; count[1]      ; count[14] ; clk_1m       ; clk_1m      ; 1.000        ; 0.227      ; 2.348      ;
; -1.125 ; echo_reg1     ; count[11] ; clk_1m       ; clk_1m      ; 1.000        ; 0.227      ; 2.347      ;
; -1.124 ; count[10]     ; count[15] ; clk_1m       ; clk_1m      ; 1.000        ; -0.065     ; 2.054      ;
; -1.122 ; count[4]      ; count[19] ; clk_1m       ; clk_1m      ; 1.000        ; 0.227      ; 2.344      ;
; -1.120 ; count[0]      ; count[0]  ; clk_1m       ; clk_1m      ; 1.000        ; -0.057     ; 2.058      ;
; -1.120 ; count[1]      ; count[8]  ; clk_1m       ; clk_1m      ; 1.000        ; -0.057     ; 2.058      ;
; -1.116 ; count[11]     ; count[18] ; clk_1m       ; clk_1m      ; 1.000        ; -0.065     ; 2.046      ;
; -1.111 ; count[8]      ; count[16] ; clk_1m       ; clk_1m      ; 1.000        ; 0.231      ; 2.337      ;
; -1.111 ; count[0]      ; count[9]  ; clk_1m       ; clk_1m      ; 1.000        ; -0.057     ; 2.049      ;
; -1.109 ; echo_reg2     ; count[11] ; clk_1m       ; clk_1m      ; 1.000        ; 0.227      ; 2.331      ;
; -1.097 ; count[2]      ; count[19] ; clk_1m       ; clk_1m      ; 1.000        ; 0.227      ; 2.319      ;
; -1.088 ; count[3]      ; count[17] ; clk_1m       ; clk_1m      ; 1.000        ; 0.227      ; 2.310      ;
; -1.086 ; count[13]     ; count[15] ; clk_1m       ; clk_1m      ; 1.000        ; -0.069     ; 2.012      ;
; -1.082 ; count[6]      ; count[16] ; clk_1m       ; clk_1m      ; 1.000        ; 0.231      ; 2.308      ;
; -1.078 ; count[0]      ; count[4]  ; clk_1m       ; clk_1m      ; 1.000        ; -0.057     ; 2.016      ;
; -1.076 ; count[3]      ; count[19] ; clk_1m       ; clk_1m      ; 1.000        ; 0.227      ; 2.298      ;
; -1.075 ; count[8]      ; count[15] ; clk_1m       ; clk_1m      ; 1.000        ; 0.231      ; 2.301      ;
; -1.070 ; count[12]     ; count[16] ; clk_1m       ; clk_1m      ; 1.000        ; -0.065     ; 2.000      ;
; -1.069 ; count[5]      ; count[15] ; clk_1m       ; clk_1m      ; 1.000        ; 0.231      ; 2.295      ;
+--------+---------------+-----------+--------------+-------------+--------------+------------+------------+


+-------------------------------------------------------------------------------------------------------------+
; Slow 1200mV 0C Model Hold: 'clk_1m'                                                                         ;
+-------+---------------+---------------+--------------+-------------+--------------+------------+------------+
; Slack ; From Node     ; To Node       ; Launch Clock ; Latch Clock ; Relationship ; Clock Skew ; Data Delay ;
+-------+---------------+---------------+--------------+-------------+--------------+------------+------------+
; 0.296 ; count[7]      ; count[7]      ; clk_1m       ; clk_1m      ; 0.000        ; 0.071      ; 0.511      ;
; 0.298 ; count[19]     ; count[19]     ; clk_1m       ; clk_1m      ; 0.000        ; 0.069      ; 0.511      ;
; 0.298 ; count[18]     ; count[18]     ; clk_1m       ; clk_1m      ; 0.000        ; 0.069      ; 0.511      ;
; 0.298 ; count[17]     ; count[17]     ; clk_1m       ; clk_1m      ; 0.000        ; 0.069      ; 0.511      ;
; 0.298 ; count[16]     ; count[16]     ; clk_1m       ; clk_1m      ; 0.000        ; 0.069      ; 0.511      ;
; 0.298 ; count[15]     ; count[15]     ; clk_1m       ; clk_1m      ; 0.000        ; 0.069      ; 0.511      ;
; 0.298 ; count[14]     ; count[14]     ; clk_1m       ; clk_1m      ; 0.000        ; 0.069      ; 0.511      ;
; 0.298 ; count[13]     ; count[13]     ; clk_1m       ; clk_1m      ; 0.000        ; 0.069      ; 0.511      ;
; 0.298 ; count[12]     ; count[12]     ; clk_1m       ; clk_1m      ; 0.000        ; 0.069      ; 0.511      ;
; 0.298 ; count[11]     ; count[11]     ; clk_1m       ; clk_1m      ; 0.000        ; 0.069      ; 0.511      ;
; 0.298 ; count[10]     ; count[10]     ; clk_1m       ; clk_1m      ; 0.000        ; 0.069      ; 0.511      ;
; 0.298 ; curr_state.S0 ; curr_state.S0 ; clk_1m       ; clk_1m      ; 0.000        ; 0.069      ; 0.511      ;
; 0.298 ; curr_state.S1 ; curr_state.S1 ; clk_1m       ; clk_1m      ; 0.000        ; 0.069      ; 0.511      ;
; 0.298 ; curr_state.S2 ; curr_state.S2 ; clk_1m       ; clk_1m      ; 0.000        ; 0.069      ; 0.511      ;
; 0.310 ; count[9]      ; count[9]      ; clk_1m       ; clk_1m      ; 0.000        ; 0.057      ; 0.511      ;
; 0.310 ; count[8]      ; count[8]      ; clk_1m       ; clk_1m      ; 0.000        ; 0.057      ; 0.511      ;
; 0.310 ; count[6]      ; count[6]      ; clk_1m       ; clk_1m      ; 0.000        ; 0.057      ; 0.511      ;
; 0.310 ; count[5]      ; count[5]      ; clk_1m       ; clk_1m      ; 0.000        ; 0.057      ; 0.511      ;
; 0.310 ; count[4]      ; count[4]      ; clk_1m       ; clk_1m      ; 0.000        ; 0.057      ; 0.511      ;
; 0.310 ; count[3]      ; count[3]      ; clk_1m       ; clk_1m      ; 0.000        ; 0.057      ; 0.511      ;
; 0.310 ; count[2]      ; count[2]      ; clk_1m       ; clk_1m      ; 0.000        ; 0.057      ; 0.511      ;
; 0.310 ; count[1]      ; count[1]      ; clk_1m       ; clk_1m      ; 0.000        ; 0.057      ; 0.511      ;
; 0.361 ; curr_state.S2 ; curr_state.S1 ; clk_1m       ; clk_1m      ; 0.000        ; 0.069      ; 0.574      ;
; 0.475 ; count[2]      ; dis_reg[2]    ; clk_1m       ; clk_1m      ; 0.000        ; 0.057      ; 0.676      ;
; 0.512 ; curr_state.S0 ; curr_state.S1 ; clk_1m       ; clk_1m      ; 0.000        ; 0.069      ; 0.725      ;
; 0.543 ; curr_state.S1 ; curr_state.S2 ; clk_1m       ; clk_1m      ; 0.000        ; 0.069      ; 0.756      ;
; 0.544 ; curr_state.S1 ; count[16]     ; clk_1m       ; clk_1m      ; 0.000        ; 0.069      ; 0.757      ;
; 0.546 ; curr_state.S1 ; count[18]     ; clk_1m       ; clk_1m      ; 0.000        ; 0.069      ; 0.759      ;
; 0.546 ; curr_state.S1 ; count[13]     ; clk_1m       ; clk_1m      ; 0.000        ; 0.069      ; 0.759      ;
; 0.548 ; curr_state.S1 ; count[15]     ; clk_1m       ; clk_1m      ; 0.000        ; 0.069      ; 0.761      ;
; 0.554 ; curr_state.S2 ; curr_state.S0 ; clk_1m       ; clk_1m      ; 0.000        ; 0.069      ; 0.767      ;
; 0.591 ; echo_reg2     ; curr_state.S2 ; clk_1m       ; clk_1m      ; 0.000        ; 0.357      ; 1.092      ;
; 0.607 ; count[9]      ; dis_reg[9]    ; clk_1m       ; clk_1m      ; 0.000        ; 0.057      ; 0.808      ;
; 0.621 ; count[6]      ; dis_reg[6]    ; clk_1m       ; clk_1m      ; 0.000        ; 0.057      ; 0.822      ;
; 0.625 ; count[8]      ; dis_reg[8]    ; clk_1m       ; clk_1m      ; 0.000        ; 0.057      ; 0.826      ;
; 0.639 ; count[1]      ; dis_reg[1]    ; clk_1m       ; clk_1m      ; 0.000        ; 0.057      ; 0.840      ;
; 0.647 ; count[15]     ; dis_reg[15]   ; clk_1m       ; clk_1m      ; 0.000        ; -0.235     ; 0.556      ;
; 0.763 ; count[4]      ; dis_reg[4]    ; clk_1m       ; clk_1m      ; 0.000        ; 0.057      ; 0.964      ;
; 0.764 ; count[12]     ; dis_reg[12]   ; clk_1m       ; clk_1m      ; 0.000        ; -0.231     ; 0.677      ;
; 0.768 ; count[11]     ; dis_reg[11]   ; clk_1m       ; clk_1m      ; 0.000        ; -0.231     ; 0.681      ;
; 0.784 ; count[3]      ; dis_reg[3]    ; clk_1m       ; clk_1m      ; 0.000        ; 0.057      ; 0.985      ;
; 0.794 ; count[5]      ; dis_reg[5]    ; clk_1m       ; clk_1m      ; 0.000        ; 0.057      ; 0.995      ;
; 0.806 ; echo_reg1     ; curr_state.S2 ; clk_1m       ; clk_1m      ; 0.000        ; 0.357      ; 1.307      ;
; 0.836 ; curr_state.S1 ; curr_state.S0 ; clk_1m       ; clk_1m      ; 0.000        ; 0.069      ; 1.049      ;
; 0.843 ; count[6]      ; count[10]     ; clk_1m       ; clk_1m      ; 0.000        ; 0.353      ; 1.340      ;
; 0.853 ; count[9]      ; count[10]     ; clk_1m       ; clk_1m      ; 0.000        ; 0.353      ; 1.350      ;
; 0.855 ; echo_reg1     ; echo_reg2     ; clk_1m       ; clk_1m      ; 0.000        ; 0.057      ; 1.056      ;
; 0.856 ; echo_reg2     ; curr_state.S0 ; clk_1m       ; clk_1m      ; 0.000        ; 0.357      ; 1.357      ;
; 0.878 ; curr_state.S1 ; count[17]     ; clk_1m       ; clk_1m      ; 0.000        ; 0.065      ; 1.087      ;
; 0.878 ; curr_state.S1 ; count[14]     ; clk_1m       ; clk_1m      ; 0.000        ; 0.065      ; 1.087      ;
; 0.878 ; curr_state.S1 ; count[12]     ; clk_1m       ; clk_1m      ; 0.000        ; 0.065      ; 1.087      ;
; 0.878 ; curr_state.S1 ; count[11]     ; clk_1m       ; clk_1m      ; 0.000        ; 0.065      ; 1.087      ;
; 0.878 ; curr_state.S1 ; count[10]     ; clk_1m       ; clk_1m      ; 0.000        ; 0.065      ; 1.087      ;
; 0.879 ; curr_state.S1 ; count[19]     ; clk_1m       ; clk_1m      ; 0.000        ; 0.065      ; 1.088      ;
; 0.891 ; count[8]      ; count[10]     ; clk_1m       ; clk_1m      ; 0.000        ; 0.353      ; 1.388      ;
; 0.928 ; count[5]      ; count[10]     ; clk_1m       ; clk_1m      ; 0.000        ; 0.353      ; 1.425      ;
; 0.929 ; count[13]     ; dis_reg[13]   ; clk_1m       ; clk_1m      ; 0.000        ; -0.234     ; 0.839      ;
; 0.929 ; count[6]      ; count[11]     ; clk_1m       ; clk_1m      ; 0.000        ; 0.353      ; 1.426      ;
; 0.934 ; count[9]      ; count[11]     ; clk_1m       ; clk_1m      ; 0.000        ; 0.353      ; 1.431      ;
; 0.955 ; count[19]     ; dis_reg[19]   ; clk_1m       ; clk_1m      ; 0.000        ; -0.231     ; 0.868      ;
; 0.977 ; count[8]      ; count[11]     ; clk_1m       ; clk_1m      ; 0.000        ; 0.353      ; 1.474      ;
; 0.998 ; count[6]      ; count[7]      ; clk_1m       ; clk_1m      ; 0.000        ; 0.408      ; 1.550      ;
; 1.014 ; count[5]      ; count[11]     ; clk_1m       ; clk_1m      ; 0.000        ; 0.353      ; 1.511      ;
; 1.019 ; curr_state.S1 ; count[7]      ; clk_1m       ; clk_1m      ; 0.000        ; 0.120      ; 1.283      ;
; 1.023 ; count[3]      ; count[10]     ; clk_1m       ; clk_1m      ; 0.000        ; 0.353      ; 1.520      ;
; 1.024 ; count[10]     ; count[11]     ; clk_1m       ; clk_1m      ; 0.000        ; 0.069      ; 1.237      ;
; 1.024 ; count[2]      ; count[10]     ; clk_1m       ; clk_1m      ; 0.000        ; 0.353      ; 1.521      ;
; 1.042 ; echo_reg1     ; count[15]     ; clk_1m       ; clk_1m      ; 0.000        ; 0.357      ; 1.543      ;
; 1.043 ; echo_reg1     ; count[13]     ; clk_1m       ; clk_1m      ; 0.000        ; 0.357      ; 1.544      ;
; 1.044 ; echo_reg1     ; count[18]     ; clk_1m       ; clk_1m      ; 0.000        ; 0.357      ; 1.545      ;
; 1.045 ; echo_reg1     ; count[16]     ; clk_1m       ; clk_1m      ; 0.000        ; 0.357      ; 1.546      ;
; 1.048 ; count[4]      ; count[10]     ; clk_1m       ; clk_1m      ; 0.000        ; 0.353      ; 1.545      ;
; 1.052 ; count[6]      ; count[12]     ; clk_1m       ; clk_1m      ; 0.000        ; 0.353      ; 1.549      ;
; 1.053 ; curr_state.S0 ; count[15]     ; clk_1m       ; clk_1m      ; 0.000        ; 0.069      ; 1.266      ;
; 1.055 ; curr_state.S0 ; count[13]     ; clk_1m       ; clk_1m      ; 0.000        ; 0.069      ; 1.268      ;
; 1.056 ; curr_state.S0 ; count[18]     ; clk_1m       ; clk_1m      ; 0.000        ; 0.069      ; 1.269      ;
; 1.057 ; curr_state.S0 ; count[16]     ; clk_1m       ; clk_1m      ; 0.000        ; 0.069      ; 1.270      ;
; 1.062 ; count[9]      ; count[12]     ; clk_1m       ; clk_1m      ; 0.000        ; 0.353      ; 1.559      ;
; 1.064 ; count[18]     ; dis_reg[18]   ; clk_1m       ; clk_1m      ; 0.000        ; -0.234     ; 0.974      ;
; 1.065 ; count[16]     ; dis_reg[16]   ; clk_1m       ; clk_1m      ; 0.000        ; -0.234     ; 0.975      ;
; 1.074 ; count[10]     ; dis_reg[10]   ; clk_1m       ; clk_1m      ; 0.000        ; -0.231     ; 0.987      ;
; 1.075 ; count[14]     ; dis_reg[14]   ; clk_1m       ; clk_1m      ; 0.000        ; -0.230     ; 0.989      ;
; 1.081 ; echo_reg1     ; curr_state.S0 ; clk_1m       ; clk_1m      ; 0.000        ; 0.357      ; 1.582      ;
; 1.083 ; count[5]      ; count[7]      ; clk_1m       ; clk_1m      ; 0.000        ; 0.408      ; 1.635      ;
; 1.084 ; echo_reg2     ; count[15]     ; clk_1m       ; clk_1m      ; 0.000        ; 0.357      ; 1.585      ;
; 1.086 ; echo_reg2     ; count[13]     ; clk_1m       ; clk_1m      ; 0.000        ; 0.357      ; 1.587      ;
; 1.087 ; echo_reg2     ; count[18]     ; clk_1m       ; clk_1m      ; 0.000        ; 0.357      ; 1.588      ;
; 1.088 ; echo_reg2     ; count[16]     ; clk_1m       ; clk_1m      ; 0.000        ; 0.357      ; 1.589      ;
; 1.088 ; echo_reg2     ; curr_state.S1 ; clk_1m       ; clk_1m      ; 0.000        ; 0.357      ; 1.589      ;
; 1.100 ; count[17]     ; count[19]     ; clk_1m       ; clk_1m      ; 0.000        ; 0.069      ; 1.313      ;
; 1.100 ; count[8]      ; count[12]     ; clk_1m       ; clk_1m      ; 0.000        ; 0.353      ; 1.597      ;
; 1.109 ; count[3]      ; count[11]     ; clk_1m       ; clk_1m      ; 0.000        ; 0.353      ; 1.606      ;
; 1.110 ; count[2]      ; count[11]     ; clk_1m       ; clk_1m      ; 0.000        ; 0.353      ; 1.607      ;
; 1.111 ; count[17]     ; dis_reg[17]   ; clk_1m       ; clk_1m      ; 0.000        ; -0.230     ; 1.025      ;
; 1.116 ; count[12]     ; count[13]     ; clk_1m       ; clk_1m      ; 0.000        ; 0.073      ; 1.333      ;
; 1.118 ; count[1]      ; count[10]     ; clk_1m       ; clk_1m      ; 0.000        ; 0.353      ; 1.615      ;
; 1.122 ; count[11]     ; count[12]     ; clk_1m       ; clk_1m      ; 0.000        ; 0.069      ; 1.335      ;
; 1.123 ; count[0]      ; count[0]      ; clk_1m       ; clk_1m      ; 0.000        ; 0.057      ; 1.324      ;
; 1.126 ; count[7]      ; dis_reg[7]    ; clk_1m       ; clk_1m      ; 0.000        ; -0.280     ; 0.990      ;
; 1.127 ; count[18]     ; count[19]     ; clk_1m       ; clk_1m      ; 0.000        ; 0.065      ; 1.336      ;
+-------+---------------+---------------+--------------+-------------+--------------+------------+------------+


+---------------------------------------------------------------------------------------------------------------+
; Slow 1200mV 0C Model Minimum Pulse Width: 'clk_1m'                                                            ;
+--------+--------------+----------------+-----------------+--------+------------+------------------------------+
; Slack  ; Actual Width ; Required Width ; Type            ; Clock  ; Clock Edge ; Target                       ;
+--------+--------------+----------------+-----------------+--------+------------+------------------------------+
; -3.000 ; 1.000        ; 4.000          ; Port Rate       ; clk_1m ; Rise       ; clk_1m                       ;
; -1.000 ; 1.000        ; 2.000          ; Min Period      ; clk_1m ; Rise       ; count[0]                     ;
; -1.000 ; 1.000        ; 2.000          ; Min Period      ; clk_1m ; Rise       ; count[10]                    ;
; -1.000 ; 1.000        ; 2.000          ; Min Period      ; clk_1m ; Rise       ; count[11]                    ;
; -1.000 ; 1.000        ; 2.000          ; Min Period      ; clk_1m ; Rise       ; count[12]                    ;
; -1.000 ; 1.000        ; 2.000          ; Min Period      ; clk_1m ; Rise       ; count[13]                    ;
; -1.000 ; 1.000        ; 2.000          ; Min Period      ; clk_1m ; Rise       ; count[14]                    ;
; -1.000 ; 1.000        ; 2.000          ; Min Period      ; clk_1m ; Rise       ; count[15]                    ;
; -1.000 ; 1.000        ; 2.000          ; Min Period      ; clk_1m ; Rise       ; count[16]                    ;
; -1.000 ; 1.000        ; 2.000          ; Min Period      ; clk_1m ; Rise       ; count[17]                    ;
; -1.000 ; 1.000        ; 2.000          ; Min Period      ; clk_1m ; Rise       ; count[18]                    ;
; -1.000 ; 1.000        ; 2.000          ; Min Period      ; clk_1m ; Rise       ; count[19]                    ;
; -1.000 ; 1.000        ; 2.000          ; Min Period      ; clk_1m ; Rise       ; count[1]                     ;
; -1.000 ; 1.000        ; 2.000          ; Min Period      ; clk_1m ; Rise       ; count[2]                     ;
; -1.000 ; 1.000        ; 2.000          ; Min Period      ; clk_1m ; Rise       ; count[3]                     ;
; -1.000 ; 1.000        ; 2.000          ; Min Period      ; clk_1m ; Rise       ; count[4]                     ;
; -1.000 ; 1.000        ; 2.000          ; Min Period      ; clk_1m ; Rise       ; count[5]                     ;
; -1.000 ; 1.000        ; 2.000          ; Min Period      ; clk_1m ; Rise       ; count[6]                     ;
; -1.000 ; 1.000        ; 2.000          ; Min Period      ; clk_1m ; Rise       ; count[7]                     ;
; -1.000 ; 1.000        ; 2.000          ; Min Period      ; clk_1m ; Rise       ; count[8]                     ;
; -1.000 ; 1.000        ; 2.000          ; Min Period      ; clk_1m ; Rise       ; count[9]                     ;
; -1.000 ; 1.000        ; 2.000          ; Min Period      ; clk_1m ; Rise       ; curr_state.S0                ;
; -1.000 ; 1.000        ; 2.000          ; Min Period      ; clk_1m ; Rise       ; curr_state.S1                ;
; -1.000 ; 1.000        ; 2.000          ; Min Period      ; clk_1m ; Rise       ; curr_state.S2                ;
; -1.000 ; 1.000        ; 2.000          ; Min Period      ; clk_1m ; Rise       ; dis_reg[10]                  ;
; -1.000 ; 1.000        ; 2.000          ; Min Period      ; clk_1m ; Rise       ; dis_reg[11]                  ;
; -1.000 ; 1.000        ; 2.000          ; Min Period      ; clk_1m ; Rise       ; dis_reg[12]                  ;
; -1.000 ; 1.000        ; 2.000          ; Min Period      ; clk_1m ; Rise       ; dis_reg[13]                  ;
; -1.000 ; 1.000        ; 2.000          ; Min Period      ; clk_1m ; Rise       ; dis_reg[14]                  ;
; -1.000 ; 1.000        ; 2.000          ; Min Period      ; clk_1m ; Rise       ; dis_reg[15]                  ;
; -1.000 ; 1.000        ; 2.000          ; Min Period      ; clk_1m ; Rise       ; dis_reg[16]                  ;
; -1.000 ; 1.000        ; 2.000          ; Min Period      ; clk_1m ; Rise       ; dis_reg[17]                  ;
; -1.000 ; 1.000        ; 2.000          ; Min Period      ; clk_1m ; Rise       ; dis_reg[18]                  ;
; -1.000 ; 1.000        ; 2.000          ; Min Period      ; clk_1m ; Rise       ; dis_reg[19]                  ;
; -1.000 ; 1.000        ; 2.000          ; Min Period      ; clk_1m ; Rise       ; dis_reg[1]                   ;
; -1.000 ; 1.000        ; 2.000          ; Min Period      ; clk_1m ; Rise       ; dis_reg[2]                   ;
; -1.000 ; 1.000        ; 2.000          ; Min Period      ; clk_1m ; Rise       ; dis_reg[3]                   ;
; -1.000 ; 1.000        ; 2.000          ; Min Period      ; clk_1m ; Rise       ; dis_reg[4]                   ;
; -1.000 ; 1.000        ; 2.000          ; Min Period      ; clk_1m ; Rise       ; dis_reg[5]                   ;
; -1.000 ; 1.000        ; 2.000          ; Min Period      ; clk_1m ; Rise       ; dis_reg[6]                   ;
; -1.000 ; 1.000        ; 2.000          ; Min Period      ; clk_1m ; Rise       ; dis_reg[7]                   ;
; -1.000 ; 1.000        ; 2.000          ; Min Period      ; clk_1m ; Rise       ; dis_reg[8]                   ;
; -1.000 ; 1.000        ; 2.000          ; Min Period      ; clk_1m ; Rise       ; dis_reg[9]                   ;
; -1.000 ; 1.000        ; 2.000          ; Min Period      ; clk_1m ; Rise       ; echo_reg1                    ;
; -1.000 ; 1.000        ; 2.000          ; Min Period      ; clk_1m ; Rise       ; echo_reg2                    ;
; 0.209  ; 0.393        ; 0.184          ; Low Pulse Width ; clk_1m ; Rise       ; count[7]                     ;
; 0.214  ; 0.398        ; 0.184          ; Low Pulse Width ; clk_1m ; Rise       ; count[4]                     ;
; 0.214  ; 0.398        ; 0.184          ; Low Pulse Width ; clk_1m ; Rise       ; dis_reg[1]                   ;
; 0.214  ; 0.398        ; 0.184          ; Low Pulse Width ; clk_1m ; Rise       ; dis_reg[3]                   ;
; 0.214  ; 0.398        ; 0.184          ; Low Pulse Width ; clk_1m ; Rise       ; dis_reg[4]                   ;
; 0.214  ; 0.398        ; 0.184          ; Low Pulse Width ; clk_1m ; Rise       ; dis_reg[6]                   ;
; 0.215  ; 0.399        ; 0.184          ; Low Pulse Width ; clk_1m ; Rise       ; count[0]                     ;
; 0.215  ; 0.399        ; 0.184          ; Low Pulse Width ; clk_1m ; Rise       ; count[1]                     ;
; 0.215  ; 0.399        ; 0.184          ; Low Pulse Width ; clk_1m ; Rise       ; count[2]                     ;
; 0.215  ; 0.399        ; 0.184          ; Low Pulse Width ; clk_1m ; Rise       ; count[3]                     ;
; 0.215  ; 0.399        ; 0.184          ; Low Pulse Width ; clk_1m ; Rise       ; count[5]                     ;
; 0.215  ; 0.399        ; 0.184          ; Low Pulse Width ; clk_1m ; Rise       ; count[6]                     ;
; 0.215  ; 0.399        ; 0.184          ; Low Pulse Width ; clk_1m ; Rise       ; count[8]                     ;
; 0.215  ; 0.399        ; 0.184          ; Low Pulse Width ; clk_1m ; Rise       ; count[9]                     ;
; 0.215  ; 0.399        ; 0.184          ; Low Pulse Width ; clk_1m ; Rise       ; dis_reg[11]                  ;
; 0.215  ; 0.399        ; 0.184          ; Low Pulse Width ; clk_1m ; Rise       ; dis_reg[12]                  ;
; 0.215  ; 0.399        ; 0.184          ; Low Pulse Width ; clk_1m ; Rise       ; dis_reg[14]                  ;
; 0.215  ; 0.399        ; 0.184          ; Low Pulse Width ; clk_1m ; Rise       ; dis_reg[16]                  ;
; 0.215  ; 0.399        ; 0.184          ; Low Pulse Width ; clk_1m ; Rise       ; dis_reg[17]                  ;
; 0.215  ; 0.399        ; 0.184          ; Low Pulse Width ; clk_1m ; Rise       ; dis_reg[18]                  ;
; 0.215  ; 0.399        ; 0.184          ; Low Pulse Width ; clk_1m ; Rise       ; dis_reg[2]                   ;
; 0.215  ; 0.399        ; 0.184          ; Low Pulse Width ; clk_1m ; Rise       ; dis_reg[5]                   ;
; 0.215  ; 0.399        ; 0.184          ; Low Pulse Width ; clk_1m ; Rise       ; dis_reg[7]                   ;
; 0.215  ; 0.399        ; 0.184          ; Low Pulse Width ; clk_1m ; Rise       ; dis_reg[8]                   ;
; 0.215  ; 0.399        ; 0.184          ; Low Pulse Width ; clk_1m ; Rise       ; dis_reg[9]                   ;
; 0.215  ; 0.399        ; 0.184          ; Low Pulse Width ; clk_1m ; Rise       ; echo_reg1                    ;
; 0.215  ; 0.399        ; 0.184          ; Low Pulse Width ; clk_1m ; Rise       ; echo_reg2                    ;
; 0.216  ; 0.400        ; 0.184          ; Low Pulse Width ; clk_1m ; Rise       ; dis_reg[10]                  ;
; 0.216  ; 0.400        ; 0.184          ; Low Pulse Width ; clk_1m ; Rise       ; dis_reg[13]                  ;
; 0.216  ; 0.400        ; 0.184          ; Low Pulse Width ; clk_1m ; Rise       ; dis_reg[15]                  ;
; 0.216  ; 0.400        ; 0.184          ; Low Pulse Width ; clk_1m ; Rise       ; dis_reg[19]                  ;
; 0.217  ; 0.401        ; 0.184          ; Low Pulse Width ; clk_1m ; Rise       ; count[13]                    ;
; 0.217  ; 0.401        ; 0.184          ; Low Pulse Width ; clk_1m ; Rise       ; count[15]                    ;
; 0.217  ; 0.401        ; 0.184          ; Low Pulse Width ; clk_1m ; Rise       ; count[16]                    ;
; 0.217  ; 0.401        ; 0.184          ; Low Pulse Width ; clk_1m ; Rise       ; count[18]                    ;
; 0.217  ; 0.401        ; 0.184          ; Low Pulse Width ; clk_1m ; Rise       ; curr_state.S0                ;
; 0.217  ; 0.401        ; 0.184          ; Low Pulse Width ; clk_1m ; Rise       ; curr_state.S1                ;
; 0.217  ; 0.401        ; 0.184          ; Low Pulse Width ; clk_1m ; Rise       ; curr_state.S2                ;
; 0.222  ; 0.406        ; 0.184          ; Low Pulse Width ; clk_1m ; Rise       ; count[10]                    ;
; 0.222  ; 0.406        ; 0.184          ; Low Pulse Width ; clk_1m ; Rise       ; count[11]                    ;
; 0.222  ; 0.406        ; 0.184          ; Low Pulse Width ; clk_1m ; Rise       ; count[12]                    ;
; 0.222  ; 0.406        ; 0.184          ; Low Pulse Width ; clk_1m ; Rise       ; count[14]                    ;
; 0.222  ; 0.406        ; 0.184          ; Low Pulse Width ; clk_1m ; Rise       ; count[17]                    ;
; 0.222  ; 0.406        ; 0.184          ; Low Pulse Width ; clk_1m ; Rise       ; count[19]                    ;
; 0.344  ; 0.344        ; 0.000          ; Low Pulse Width ; clk_1m ; Rise       ; clk_1m~input|o               ;
; 0.346  ; 0.346        ; 0.000          ; Low Pulse Width ; clk_1m ; Rise       ; clk_1m~inputclkctrl|inclk[0] ;
; 0.346  ; 0.346        ; 0.000          ; Low Pulse Width ; clk_1m ; Rise       ; clk_1m~inputclkctrl|outclk   ;
; 0.369  ; 0.369        ; 0.000          ; Low Pulse Width ; clk_1m ; Rise       ; count[7]|clk                 ;
; 0.374  ; 0.374        ; 0.000          ; Low Pulse Width ; clk_1m ; Rise       ; count[4]|clk                 ;
; 0.374  ; 0.374        ; 0.000          ; Low Pulse Width ; clk_1m ; Rise       ; dis_reg[1]|clk               ;
; 0.374  ; 0.374        ; 0.000          ; Low Pulse Width ; clk_1m ; Rise       ; dis_reg[3]|clk               ;
; 0.374  ; 0.374        ; 0.000          ; Low Pulse Width ; clk_1m ; Rise       ; dis_reg[4]|clk               ;
; 0.374  ; 0.374        ; 0.000          ; Low Pulse Width ; clk_1m ; Rise       ; dis_reg[6]|clk               ;
; 0.375  ; 0.375        ; 0.000          ; Low Pulse Width ; clk_1m ; Rise       ; count[0]|clk                 ;
; 0.375  ; 0.375        ; 0.000          ; Low Pulse Width ; clk_1m ; Rise       ; count[1]|clk                 ;
+--------+--------------+----------------+-----------------+--------+------------+------------------------------+


+-----------------------------------------------------------------------+
; Setup Times                                                           ;
+-----------+------------+-------+-------+------------+-----------------+
; Data Port ; Clock Port ; Rise  ; Fall  ; Clock Edge ; Clock Reference ;
+-----------+------------+-------+-------+------------+-----------------+
; echo      ; clk_1m     ; 1.741 ; 2.145 ; Rise       ; clk_1m          ;
+-----------+------------+-------+-------+------------+-----------------+


+-------------------------------------------------------------------------+
; Hold Times                                                              ;
+-----------+------------+--------+--------+------------+-----------------+
; Data Port ; Clock Port ; Rise   ; Fall   ; Clock Edge ; Clock Reference ;
+-----------+------------+--------+--------+------------+-----------------+
; echo      ; clk_1m     ; -1.394 ; -1.787 ; Rise       ; clk_1m          ;
+-----------+------------+--------+--------+------------+-----------------+


+------------------------------------------------------------------------------+
; Clock to Output Times                                                        ;
+----------------+------------+--------+--------+------------+-----------------+
; Data Port      ; Clock Port ; Rise   ; Fall   ; Clock Edge ; Clock Reference ;
+----------------+------------+--------+--------+------------+-----------------+
; dis_count[*]   ; clk_1m     ; 40.953 ; 41.006 ; Rise       ; clk_1m          ;
;  dis_count[0]  ; clk_1m     ; 40.953 ; 41.006 ; Rise       ; clk_1m          ;
;  dis_count[1]  ; clk_1m     ; 37.927 ; 38.280 ; Rise       ; clk_1m          ;
;  dis_count[2]  ; clk_1m     ; 35.512 ; 35.562 ; Rise       ; clk_1m          ;
;  dis_count[3]  ; clk_1m     ; 32.931 ; 33.117 ; Rise       ; clk_1m          ;
;  dis_count[4]  ; clk_1m     ; 30.731 ; 30.761 ; Rise       ; clk_1m          ;
;  dis_count[5]  ; clk_1m     ; 28.361 ; 28.655 ; Rise       ; clk_1m          ;
;  dis_count[6]  ; clk_1m     ; 26.220 ; 26.369 ; Rise       ; clk_1m          ;
;  dis_count[7]  ; clk_1m     ; 24.078 ; 24.184 ; Rise       ; clk_1m          ;
;  dis_count[8]  ; clk_1m     ; 21.802 ; 21.859 ; Rise       ; clk_1m          ;
;  dis_count[9]  ; clk_1m     ; 18.911 ; 19.009 ; Rise       ; clk_1m          ;
;  dis_count[10] ; clk_1m     ; 16.382 ; 16.573 ; Rise       ; clk_1m          ;
;  dis_count[11] ; clk_1m     ; 13.617 ; 13.687 ; Rise       ; clk_1m          ;
;  dis_count[12] ; clk_1m     ; 11.433 ; 11.543 ; Rise       ; clk_1m          ;
;  dis_count[13] ; clk_1m     ; 8.991  ; 9.239  ; Rise       ; clk_1m          ;
;  dis_count[14] ; clk_1m     ; 6.835  ; 6.805  ; Rise       ; clk_1m          ;
+----------------+------------+--------+--------+------------+-----------------+


+----------------------------------------------------------------------------+
; Minimum Clock to Output Times                                              ;
+----------------+------------+-------+-------+------------+-----------------+
; Data Port      ; Clock Port ; Rise  ; Fall  ; Clock Edge ; Clock Reference ;
+----------------+------------+-------+-------+------------+-----------------+
; dis_count[*]   ; clk_1m     ; 6.141 ; 6.258 ; Rise       ; clk_1m          ;
;  dis_count[0]  ; clk_1m     ; 7.828 ; 7.983 ; Rise       ; clk_1m          ;
;  dis_count[1]  ; clk_1m     ; 7.157 ; 7.321 ; Rise       ; clk_1m          ;
;  dis_count[2]  ; clk_1m     ; 6.998 ; 7.176 ; Rise       ; clk_1m          ;
;  dis_count[3]  ; clk_1m     ; 7.024 ; 7.241 ; Rise       ; clk_1m          ;
;  dis_count[4]  ; clk_1m     ; 7.064 ; 7.248 ; Rise       ; clk_1m          ;
;  dis_count[5]  ; clk_1m     ; 6.891 ; 7.139 ; Rise       ; clk_1m          ;
;  dis_count[6]  ; clk_1m     ; 7.036 ; 7.243 ; Rise       ; clk_1m          ;
;  dis_count[7]  ; clk_1m     ; 7.067 ; 7.315 ; Rise       ; clk_1m          ;
;  dis_count[8]  ; clk_1m     ; 7.197 ; 7.315 ; Rise       ; clk_1m          ;
;  dis_count[9]  ; clk_1m     ; 7.093 ; 7.277 ; Rise       ; clk_1m          ;
;  dis_count[10] ; clk_1m     ; 7.169 ; 7.353 ; Rise       ; clk_1m          ;
;  dis_count[11] ; clk_1m     ; 6.882 ; 6.991 ; Rise       ; clk_1m          ;
;  dis_count[12] ; clk_1m     ; 6.429 ; 6.596 ; Rise       ; clk_1m          ;
;  dis_count[13] ; clk_1m     ; 6.635 ; 6.812 ; Rise       ; clk_1m          ;
;  dis_count[14] ; clk_1m     ; 6.141 ; 6.258 ; Rise       ; clk_1m          ;
+----------------+------------+-------+-------+------------+-----------------+


---------------------------------------------
; Slow 1200mV 0C Model Metastability Report ;
---------------------------------------------
No synchronizer chains to report.


+------------------------------------+
; Fast 1200mV 0C Model Setup Summary ;
+--------+--------+------------------+
; Clock  ; Slack  ; End Point TNS    ;
+--------+--------+------------------+
; clk_1m ; -0.707 ; -11.468          ;
+--------+--------+------------------+


+-----------------------------------+
; Fast 1200mV 0C Model Hold Summary ;
+--------+-------+------------------+
; Clock  ; Slack ; End Point TNS    ;
+--------+-------+------------------+
; clk_1m ; 0.178 ; 0.000            ;
+--------+-------+------------------+


-----------------------------------------
; Fast 1200mV 0C Model Recovery Summary ;
-----------------------------------------
No paths to report.


----------------------------------------
; Fast 1200mV 0C Model Removal Summary ;
----------------------------------------
No paths to report.


+--------------------------------------------------+
; Fast 1200mV 0C Model Minimum Pulse Width Summary ;
+--------+--------+--------------------------------+
; Clock  ; Slack  ; End Point TNS                  ;
+--------+--------+--------------------------------+
; clk_1m ; -3.000 ; -48.640                        ;
+--------+--------+--------------------------------+


+----------------------------------------------------------------------------------------------------------+
; Fast 1200mV 0C Model Setup: 'clk_1m'                                                                     ;
+--------+---------------+-----------+--------------+-------------+--------------+------------+------------+
; Slack  ; From Node     ; To Node   ; Launch Clock ; Latch Clock ; Relationship ; Clock Skew ; Data Delay ;
+--------+---------------+-----------+--------------+-------------+--------------+------------+------------+
; -0.707 ; echo_reg2     ; count[16] ; clk_1m       ; clk_1m      ; 1.000        ; 0.134      ; 1.828      ;
; -0.706 ; echo_reg1     ; count[16] ; clk_1m       ; clk_1m      ; 1.000        ; 0.134      ; 1.827      ;
; -0.682 ; echo_reg2     ; count[15] ; clk_1m       ; clk_1m      ; 1.000        ; 0.134      ; 1.803      ;
; -0.681 ; echo_reg1     ; count[15] ; clk_1m       ; clk_1m      ; 1.000        ; 0.134      ; 1.802      ;
; -0.658 ; count[7]      ; count[16] ; clk_1m       ; clk_1m      ; 1.000        ; -0.072     ; 1.573      ;
; -0.652 ; echo_reg1     ; count[0]  ; clk_1m       ; clk_1m      ; 1.000        ; -0.037     ; 1.602      ;
; -0.642 ; echo_reg2     ; count[18] ; clk_1m       ; clk_1m      ; 1.000        ; 0.134      ; 1.763      ;
; -0.641 ; echo_reg1     ; count[18] ; clk_1m       ; clk_1m      ; 1.000        ; 0.134      ; 1.762      ;
; -0.638 ; echo_reg2     ; count[17] ; clk_1m       ; clk_1m      ; 1.000        ; 0.132      ; 1.757      ;
; -0.637 ; echo_reg1     ; count[17] ; clk_1m       ; clk_1m      ; 1.000        ; 0.132      ; 1.756      ;
; -0.631 ; echo_reg2     ; count[19] ; clk_1m       ; clk_1m      ; 1.000        ; 0.132      ; 1.750      ;
; -0.630 ; echo_reg1     ; count[19] ; clk_1m       ; clk_1m      ; 1.000        ; 0.132      ; 1.749      ;
; -0.605 ; curr_state.S0 ; count[0]  ; clk_1m       ; clk_1m      ; 1.000        ; -0.215     ; 1.377      ;
; -0.602 ; echo_reg2     ; count[0]  ; clk_1m       ; clk_1m      ; 1.000        ; -0.037     ; 1.552      ;
; -0.593 ; count[7]      ; count[18] ; clk_1m       ; clk_1m      ; 1.000        ; -0.072     ; 1.508      ;
; -0.573 ; count[7]      ; count[15] ; clk_1m       ; clk_1m      ; 1.000        ; -0.072     ; 1.488      ;
; -0.569 ; count[1]      ; count[16] ; clk_1m       ; clk_1m      ; 1.000        ; 0.134      ; 1.690      ;
; -0.529 ; count[7]      ; count[17] ; clk_1m       ; clk_1m      ; 1.000        ; -0.074     ; 1.442      ;
; -0.523 ; echo_reg2     ; count[9]  ; clk_1m       ; clk_1m      ; 1.000        ; -0.037     ; 1.473      ;
; -0.522 ; count[7]      ; count[19] ; clk_1m       ; clk_1m      ; 1.000        ; -0.074     ; 1.435      ;
; -0.522 ; echo_reg1     ; count[9]  ; clk_1m       ; clk_1m      ; 1.000        ; -0.037     ; 1.472      ;
; -0.520 ; count[0]      ; count[16] ; clk_1m       ; clk_1m      ; 1.000        ; 0.134      ; 1.641      ;
; -0.505 ; echo_reg2     ; count[13] ; clk_1m       ; clk_1m      ; 1.000        ; 0.134      ; 1.626      ;
; -0.505 ; echo_reg2     ; count[4]  ; clk_1m       ; clk_1m      ; 1.000        ; -0.036     ; 1.456      ;
; -0.504 ; count[1]      ; count[18] ; clk_1m       ; clk_1m      ; 1.000        ; 0.134      ; 1.625      ;
; -0.504 ; echo_reg1     ; count[13] ; clk_1m       ; clk_1m      ; 1.000        ; 0.134      ; 1.625      ;
; -0.504 ; echo_reg1     ; count[4]  ; clk_1m       ; clk_1m      ; 1.000        ; -0.036     ; 1.455      ;
; -0.503 ; echo_reg2     ; count[14] ; clk_1m       ; clk_1m      ; 1.000        ; 0.132      ; 1.622      ;
; -0.503 ; count[3]      ; count[16] ; clk_1m       ; clk_1m      ; 1.000        ; 0.134      ; 1.624      ;
; -0.502 ; echo_reg1     ; count[14] ; clk_1m       ; clk_1m      ; 1.000        ; 0.132      ; 1.621      ;
; -0.497 ; echo_reg2     ; count[6]  ; clk_1m       ; clk_1m      ; 1.000        ; -0.037     ; 1.447      ;
; -0.496 ; echo_reg1     ; count[6]  ; clk_1m       ; clk_1m      ; 1.000        ; -0.037     ; 1.446      ;
; -0.495 ; echo_reg2     ; count[5]  ; clk_1m       ; clk_1m      ; 1.000        ; -0.037     ; 1.445      ;
; -0.494 ; echo_reg1     ; count[5]  ; clk_1m       ; clk_1m      ; 1.000        ; -0.037     ; 1.444      ;
; -0.491 ; echo_reg1     ; count[8]  ; clk_1m       ; clk_1m      ; 1.000        ; -0.037     ; 1.441      ;
; -0.484 ; count[1]      ; count[15] ; clk_1m       ; clk_1m      ; 1.000        ; 0.134      ; 1.605      ;
; -0.474 ; count[0]      ; count[15] ; clk_1m       ; clk_1m      ; 1.000        ; 0.134      ; 1.595      ;
; -0.474 ; curr_state.S1 ; count[0]  ; clk_1m       ; clk_1m      ; 1.000        ; -0.215     ; 1.246      ;
; -0.472 ; echo_reg2     ; count[8]  ; clk_1m       ; clk_1m      ; 1.000        ; -0.037     ; 1.422      ;
; -0.455 ; count[0]      ; count[18] ; clk_1m       ; clk_1m      ; 1.000        ; 0.134      ; 1.576      ;
; -0.454 ; count[7]      ; count[14] ; clk_1m       ; clk_1m      ; 1.000        ; -0.074     ; 1.367      ;
; -0.450 ; count[2]      ; count[16] ; clk_1m       ; clk_1m      ; 1.000        ; 0.134      ; 1.571      ;
; -0.447 ; echo_reg2     ; count[7]  ; clk_1m       ; clk_1m      ; 1.000        ; 0.161      ; 1.595      ;
; -0.446 ; count[4]      ; count[16] ; clk_1m       ; clk_1m      ; 1.000        ; 0.134      ; 1.567      ;
; -0.446 ; echo_reg1     ; count[7]  ; clk_1m       ; clk_1m      ; 1.000        ; 0.161      ; 1.594      ;
; -0.444 ; curr_state.S0 ; count[8]  ; clk_1m       ; clk_1m      ; 1.000        ; -0.215     ; 1.216      ;
; -0.443 ; curr_state.S0 ; count[9]  ; clk_1m       ; clk_1m      ; 1.000        ; -0.215     ; 1.215      ;
; -0.440 ; count[1]      ; count[17] ; clk_1m       ; clk_1m      ; 1.000        ; 0.132      ; 1.559      ;
; -0.438 ; count[3]      ; count[18] ; clk_1m       ; clk_1m      ; 1.000        ; 0.134      ; 1.559      ;
; -0.436 ; count[5]      ; count[16] ; clk_1m       ; clk_1m      ; 1.000        ; 0.134      ; 1.557      ;
; -0.435 ; echo_reg2     ; count[12] ; clk_1m       ; clk_1m      ; 1.000        ; 0.132      ; 1.554      ;
; -0.434 ; echo_reg2     ; count[2]  ; clk_1m       ; clk_1m      ; 1.000        ; -0.037     ; 1.384      ;
; -0.434 ; echo_reg1     ; count[12] ; clk_1m       ; clk_1m      ; 1.000        ; 0.132      ; 1.553      ;
; -0.433 ; count[1]      ; count[19] ; clk_1m       ; clk_1m      ; 1.000        ; 0.132      ; 1.552      ;
; -0.433 ; echo_reg1     ; count[2]  ; clk_1m       ; clk_1m      ; 1.000        ; -0.037     ; 1.383      ;
; -0.430 ; count[0]      ; count[17] ; clk_1m       ; clk_1m      ; 1.000        ; 0.132      ; 1.549      ;
; -0.425 ; echo_reg2     ; count[3]  ; clk_1m       ; clk_1m      ; 1.000        ; -0.037     ; 1.375      ;
; -0.424 ; echo_reg1     ; count[3]  ; clk_1m       ; clk_1m      ; 1.000        ; -0.037     ; 1.374      ;
; -0.423 ; count[0]      ; count[19] ; clk_1m       ; clk_1m      ; 1.000        ; 0.132      ; 1.542      ;
; -0.423 ; count[7]      ; count[8]  ; clk_1m       ; clk_1m      ; 1.000        ; -0.243     ; 1.167      ;
; -0.418 ; count[3]      ; count[15] ; clk_1m       ; clk_1m      ; 1.000        ; 0.134      ; 1.539      ;
; -0.415 ; count[13]     ; count[16] ; clk_1m       ; clk_1m      ; 1.000        ; -0.044     ; 1.358      ;
; -0.414 ; count[7]      ; count[9]  ; clk_1m       ; clk_1m      ; 1.000        ; -0.243     ; 1.158      ;
; -0.403 ; count[11]     ; count[16] ; clk_1m       ; clk_1m      ; 1.000        ; -0.042     ; 1.348      ;
; -0.401 ; count[2]      ; count[15] ; clk_1m       ; clk_1m      ; 1.000        ; 0.134      ; 1.522      ;
; -0.397 ; count[4]      ; count[15] ; clk_1m       ; clk_1m      ; 1.000        ; 0.134      ; 1.518      ;
; -0.396 ; count[7]      ; count[13] ; clk_1m       ; clk_1m      ; 1.000        ; -0.072     ; 1.311      ;
; -0.386 ; count[7]      ; count[12] ; clk_1m       ; clk_1m      ; 1.000        ; -0.074     ; 1.299      ;
; -0.385 ; count[2]      ; count[18] ; clk_1m       ; clk_1m      ; 1.000        ; 0.134      ; 1.506      ;
; -0.381 ; count[4]      ; count[18] ; clk_1m       ; clk_1m      ; 1.000        ; 0.134      ; 1.502      ;
; -0.374 ; count[3]      ; count[17] ; clk_1m       ; clk_1m      ; 1.000        ; 0.132      ; 1.493      ;
; -0.371 ; count[5]      ; count[18] ; clk_1m       ; clk_1m      ; 1.000        ; 0.134      ; 1.492      ;
; -0.367 ; count[3]      ; count[19] ; clk_1m       ; clk_1m      ; 1.000        ; 0.132      ; 1.486      ;
; -0.367 ; count[1]      ; count[4]  ; clk_1m       ; clk_1m      ; 1.000        ; -0.036     ; 1.318      ;
; -0.366 ; count[9]      ; count[16] ; clk_1m       ; clk_1m      ; 1.000        ; 0.135      ; 1.488      ;
; -0.365 ; count[1]      ; count[14] ; clk_1m       ; clk_1m      ; 1.000        ; 0.132      ; 1.484      ;
; -0.363 ; echo_reg2     ; count[11] ; clk_1m       ; clk_1m      ; 1.000        ; 0.132      ; 1.482      ;
; -0.362 ; echo_reg1     ; count[11] ; clk_1m       ; clk_1m      ; 1.000        ; 0.132      ; 1.481      ;
; -0.361 ; count[10]     ; count[16] ; clk_1m       ; clk_1m      ; 1.000        ; -0.042     ; 1.306      ;
; -0.359 ; count[1]      ; count[6]  ; clk_1m       ; clk_1m      ; 1.000        ; -0.037     ; 1.309      ;
; -0.357 ; count[2]      ; count[17] ; clk_1m       ; clk_1m      ; 1.000        ; 0.132      ; 1.476      ;
; -0.355 ; echo_reg2     ; count[1]  ; clk_1m       ; clk_1m      ; 1.000        ; -0.037     ; 1.305      ;
; -0.354 ; echo_reg1     ; count[1]  ; clk_1m       ; clk_1m      ; 1.000        ; -0.037     ; 1.304      ;
; -0.353 ; count[4]      ; count[17] ; clk_1m       ; clk_1m      ; 1.000        ; 0.132      ; 1.472      ;
; -0.351 ; count[5]      ; count[15] ; clk_1m       ; clk_1m      ; 1.000        ; 0.134      ; 1.472      ;
; -0.350 ; count[2]      ; count[19] ; clk_1m       ; clk_1m      ; 1.000        ; 0.132      ; 1.469      ;
; -0.350 ; count[13]     ; count[18] ; clk_1m       ; clk_1m      ; 1.000        ; -0.044     ; 1.293      ;
; -0.346 ; count[4]      ; count[19] ; clk_1m       ; clk_1m      ; 1.000        ; 0.132      ; 1.465      ;
; -0.338 ; count[11]     ; count[18] ; clk_1m       ; clk_1m      ; 1.000        ; -0.042     ; 1.283      ;
; -0.337 ; count[15]     ; count[16] ; clk_1m       ; clk_1m      ; 1.000        ; -0.044     ; 1.280      ;
; -0.336 ; count[8]      ; count[16] ; clk_1m       ; clk_1m      ; 1.000        ; 0.135      ; 1.458      ;
; -0.334 ; count[1]      ; count[8]  ; clk_1m       ; clk_1m      ; 1.000        ; -0.037     ; 1.284      ;
; -0.330 ; count[13]     ; count[15] ; clk_1m       ; clk_1m      ; 1.000        ; -0.044     ; 1.273      ;
; -0.325 ; count[1]      ; count[9]  ; clk_1m       ; clk_1m      ; 1.000        ; -0.037     ; 1.275      ;
; -0.319 ; count[0]      ; count[0]  ; clk_1m       ; clk_1m      ; 1.000        ; -0.037     ; 1.269      ;
; -0.318 ; count[6]      ; count[16] ; clk_1m       ; clk_1m      ; 1.000        ; 0.134      ; 1.439      ;
; -0.318 ; count[11]     ; count[15] ; clk_1m       ; clk_1m      ; 1.000        ; -0.042     ; 1.263      ;
; -0.318 ; count[0]      ; count[4]  ; clk_1m       ; clk_1m      ; 1.000        ; -0.036     ; 1.269      ;
; -0.316 ; count[0]      ; count[14] ; clk_1m       ; clk_1m      ; 1.000        ; 0.132      ; 1.435      ;
; -0.315 ; count[0]      ; count[9]  ; clk_1m       ; clk_1m      ; 1.000        ; -0.037     ; 1.265      ;
+--------+---------------+-----------+--------------+-------------+--------------+------------+------------+


+-------------------------------------------------------------------------------------------------------------+
; Fast 1200mV 0C Model Hold: 'clk_1m'                                                                         ;
+-------+---------------+---------------+--------------+-------------+--------------+------------+------------+
; Slack ; From Node     ; To Node       ; Launch Clock ; Latch Clock ; Relationship ; Clock Skew ; Data Delay ;
+-------+---------------+---------------+--------------+-------------+--------------+------------+------------+
; 0.178 ; count[7]      ; count[7]      ; clk_1m       ; clk_1m      ; 0.000        ; 0.045      ; 0.307      ;
; 0.179 ; count[19]     ; count[19]     ; clk_1m       ; clk_1m      ; 0.000        ; 0.044      ; 0.307      ;
; 0.179 ; count[18]     ; count[18]     ; clk_1m       ; clk_1m      ; 0.000        ; 0.044      ; 0.307      ;
; 0.179 ; count[17]     ; count[17]     ; clk_1m       ; clk_1m      ; 0.000        ; 0.044      ; 0.307      ;
; 0.179 ; count[16]     ; count[16]     ; clk_1m       ; clk_1m      ; 0.000        ; 0.044      ; 0.307      ;
; 0.179 ; count[15]     ; count[15]     ; clk_1m       ; clk_1m      ; 0.000        ; 0.044      ; 0.307      ;
; 0.179 ; count[14]     ; count[14]     ; clk_1m       ; clk_1m      ; 0.000        ; 0.044      ; 0.307      ;
; 0.179 ; count[13]     ; count[13]     ; clk_1m       ; clk_1m      ; 0.000        ; 0.044      ; 0.307      ;
; 0.179 ; count[12]     ; count[12]     ; clk_1m       ; clk_1m      ; 0.000        ; 0.044      ; 0.307      ;
; 0.179 ; count[11]     ; count[11]     ; clk_1m       ; clk_1m      ; 0.000        ; 0.044      ; 0.307      ;
; 0.179 ; count[10]     ; count[10]     ; clk_1m       ; clk_1m      ; 0.000        ; 0.044      ; 0.307      ;
; 0.179 ; curr_state.S0 ; curr_state.S0 ; clk_1m       ; clk_1m      ; 0.000        ; 0.044      ; 0.307      ;
; 0.179 ; curr_state.S1 ; curr_state.S1 ; clk_1m       ; clk_1m      ; 0.000        ; 0.044      ; 0.307      ;
; 0.179 ; curr_state.S2 ; curr_state.S2 ; clk_1m       ; clk_1m      ; 0.000        ; 0.044      ; 0.307      ;
; 0.186 ; count[6]      ; count[6]      ; clk_1m       ; clk_1m      ; 0.000        ; 0.037      ; 0.307      ;
; 0.186 ; count[5]      ; count[5]      ; clk_1m       ; clk_1m      ; 0.000        ; 0.037      ; 0.307      ;
; 0.186 ; count[3]      ; count[3]      ; clk_1m       ; clk_1m      ; 0.000        ; 0.037      ; 0.307      ;
; 0.186 ; count[2]      ; count[2]      ; clk_1m       ; clk_1m      ; 0.000        ; 0.037      ; 0.307      ;
; 0.186 ; count[1]      ; count[1]      ; clk_1m       ; clk_1m      ; 0.000        ; 0.037      ; 0.307      ;
; 0.187 ; count[9]      ; count[9]      ; clk_1m       ; clk_1m      ; 0.000        ; 0.036      ; 0.307      ;
; 0.187 ; count[8]      ; count[8]      ; clk_1m       ; clk_1m      ; 0.000        ; 0.036      ; 0.307      ;
; 0.187 ; count[4]      ; count[4]      ; clk_1m       ; clk_1m      ; 0.000        ; 0.036      ; 0.307      ;
; 0.216 ; curr_state.S2 ; curr_state.S1 ; clk_1m       ; clk_1m      ; 0.000        ; 0.044      ; 0.344      ;
; 0.274 ; count[2]      ; dis_reg[2]    ; clk_1m       ; clk_1m      ; 0.000        ; 0.037      ; 0.395      ;
; 0.305 ; curr_state.S0 ; curr_state.S1 ; clk_1m       ; clk_1m      ; 0.000        ; 0.044      ; 0.433      ;
; 0.329 ; curr_state.S1 ; curr_state.S2 ; clk_1m       ; clk_1m      ; 0.000        ; 0.044      ; 0.457      ;
; 0.331 ; curr_state.S1 ; count[16]     ; clk_1m       ; clk_1m      ; 0.000        ; 0.044      ; 0.459      ;
; 0.331 ; echo_reg2     ; curr_state.S2 ; clk_1m       ; clk_1m      ; 0.000        ; 0.215      ; 0.630      ;
; 0.333 ; curr_state.S1 ; count[18]     ; clk_1m       ; clk_1m      ; 0.000        ; 0.044      ; 0.461      ;
; 0.333 ; curr_state.S1 ; count[13]     ; clk_1m       ; clk_1m      ; 0.000        ; 0.044      ; 0.461      ;
; 0.333 ; curr_state.S2 ; curr_state.S0 ; clk_1m       ; clk_1m      ; 0.000        ; 0.044      ; 0.461      ;
; 0.334 ; curr_state.S1 ; count[15]     ; clk_1m       ; clk_1m      ; 0.000        ; 0.044      ; 0.462      ;
; 0.342 ; count[9]      ; dis_reg[9]    ; clk_1m       ; clk_1m      ; 0.000        ; 0.037      ; 0.463      ;
; 0.349 ; count[8]      ; dis_reg[8]    ; clk_1m       ; clk_1m      ; 0.000        ; 0.037      ; 0.470      ;
; 0.350 ; count[6]      ; dis_reg[6]    ; clk_1m       ; clk_1m      ; 0.000        ; 0.037      ; 0.471      ;
; 0.357 ; count[1]      ; dis_reg[1]    ; clk_1m       ; clk_1m      ; 0.000        ; 0.037      ; 0.478      ;
; 0.381 ; count[15]     ; dis_reg[15]   ; clk_1m       ; clk_1m      ; 0.000        ; -0.138     ; 0.327      ;
; 0.430 ; count[4]      ; dis_reg[4]    ; clk_1m       ; clk_1m      ; 0.000        ; 0.036      ; 0.550      ;
; 0.441 ; count[3]      ; dis_reg[3]    ; clk_1m       ; clk_1m      ; 0.000        ; 0.037      ; 0.562      ;
; 0.442 ; count[5]      ; dis_reg[5]    ; clk_1m       ; clk_1m      ; 0.000        ; 0.037      ; 0.563      ;
; 0.448 ; count[12]     ; dis_reg[12]   ; clk_1m       ; clk_1m      ; 0.000        ; -0.136     ; 0.396      ;
; 0.451 ; count[11]     ; dis_reg[11]   ; clk_1m       ; clk_1m      ; 0.000        ; -0.136     ; 0.399      ;
; 0.471 ; echo_reg1     ; curr_state.S2 ; clk_1m       ; clk_1m      ; 0.000        ; 0.215      ; 0.770      ;
; 0.483 ; echo_reg1     ; echo_reg2     ; clk_1m       ; clk_1m      ; 0.000        ; 0.037      ; 0.604      ;
; 0.489 ; echo_reg2     ; curr_state.S0 ; clk_1m       ; clk_1m      ; 0.000        ; 0.215      ; 0.788      ;
; 0.496 ; count[9]      ; count[10]     ; clk_1m       ; clk_1m      ; 0.000        ; 0.213      ; 0.793      ;
; 0.500 ; curr_state.S1 ; curr_state.S0 ; clk_1m       ; clk_1m      ; 0.000        ; 0.044      ; 0.628      ;
; 0.507 ; curr_state.S1 ; count[11]     ; clk_1m       ; clk_1m      ; 0.000        ; 0.042      ; 0.633      ;
; 0.508 ; curr_state.S1 ; count[19]     ; clk_1m       ; clk_1m      ; 0.000        ; 0.042      ; 0.634      ;
; 0.508 ; curr_state.S1 ; count[17]     ; clk_1m       ; clk_1m      ; 0.000        ; 0.042      ; 0.634      ;
; 0.508 ; curr_state.S1 ; count[14]     ; clk_1m       ; clk_1m      ; 0.000        ; 0.042      ; 0.634      ;
; 0.508 ; curr_state.S1 ; count[12]     ; clk_1m       ; clk_1m      ; 0.000        ; 0.042      ; 0.634      ;
; 0.508 ; curr_state.S1 ; count[10]     ; clk_1m       ; clk_1m      ; 0.000        ; 0.042      ; 0.634      ;
; 0.515 ; count[6]      ; count[10]     ; clk_1m       ; clk_1m      ; 0.000        ; 0.213      ; 0.812      ;
; 0.519 ; count[8]      ; count[10]     ; clk_1m       ; clk_1m      ; 0.000        ; 0.213      ; 0.816      ;
; 0.529 ; count[13]     ; dis_reg[13]   ; clk_1m       ; clk_1m      ; 0.000        ; -0.137     ; 0.476      ;
; 0.548 ; count[19]     ; dis_reg[19]   ; clk_1m       ; clk_1m      ; 0.000        ; -0.136     ; 0.496      ;
; 0.559 ; count[9]      ; count[11]     ; clk_1m       ; clk_1m      ; 0.000        ; 0.213      ; 0.856      ;
; 0.569 ; count[5]      ; count[10]     ; clk_1m       ; clk_1m      ; 0.000        ; 0.213      ; 0.866      ;
; 0.578 ; count[6]      ; count[11]     ; clk_1m       ; clk_1m      ; 0.000        ; 0.213      ; 0.875      ;
; 0.582 ; count[8]      ; count[11]     ; clk_1m       ; clk_1m      ; 0.000        ; 0.213      ; 0.879      ;
; 0.591 ; count[6]      ; count[7]      ; clk_1m       ; clk_1m      ; 0.000        ; 0.243      ; 0.918      ;
; 0.602 ; curr_state.S1 ; count[7]      ; clk_1m       ; clk_1m      ; 0.000        ; 0.072      ; 0.758      ;
; 0.609 ; count[18]     ; dis_reg[18]   ; clk_1m       ; clk_1m      ; 0.000        ; -0.137     ; 0.556      ;
; 0.611 ; count[16]     ; dis_reg[16]   ; clk_1m       ; clk_1m      ; 0.000        ; -0.137     ; 0.558      ;
; 0.612 ; echo_reg1     ; count[15]     ; clk_1m       ; clk_1m      ; 0.000        ; 0.215      ; 0.911      ;
; 0.614 ; echo_reg1     ; count[13]     ; clk_1m       ; clk_1m      ; 0.000        ; 0.215      ; 0.913      ;
; 0.615 ; echo_reg1     ; count[18]     ; clk_1m       ; clk_1m      ; 0.000        ; 0.215      ; 0.914      ;
; 0.616 ; echo_reg1     ; count[16]     ; clk_1m       ; clk_1m      ; 0.000        ; 0.215      ; 0.915      ;
; 0.617 ; count[14]     ; dis_reg[14]   ; clk_1m       ; clk_1m      ; 0.000        ; -0.135     ; 0.566      ;
; 0.617 ; count[10]     ; dis_reg[10]   ; clk_1m       ; clk_1m      ; 0.000        ; -0.136     ; 0.565      ;
; 0.617 ; count[10]     ; count[11]     ; clk_1m       ; clk_1m      ; 0.000        ; 0.044      ; 0.745      ;
; 0.622 ; count[9]      ; count[12]     ; clk_1m       ; clk_1m      ; 0.000        ; 0.213      ; 0.919      ;
; 0.628 ; echo_reg2     ; curr_state.S1 ; clk_1m       ; clk_1m      ; 0.000        ; 0.215      ; 0.927      ;
; 0.632 ; count[5]      ; count[11]     ; clk_1m       ; clk_1m      ; 0.000        ; 0.213      ; 0.929      ;
; 0.633 ; count[17]     ; dis_reg[17]   ; clk_1m       ; clk_1m      ; 0.000        ; -0.135     ; 0.582      ;
; 0.633 ; count[0]      ; count[0]      ; clk_1m       ; clk_1m      ; 0.000        ; 0.037      ; 0.754      ;
; 0.634 ; count[3]      ; count[10]     ; clk_1m       ; clk_1m      ; 0.000        ; 0.213      ; 0.931      ;
; 0.636 ; echo_reg1     ; curr_state.S0 ; clk_1m       ; clk_1m      ; 0.000        ; 0.215      ; 0.935      ;
; 0.636 ; count[4]      ; count[10]     ; clk_1m       ; clk_1m      ; 0.000        ; 0.212      ; 0.932      ;
; 0.639 ; count[7]      ; dis_reg[7]    ; clk_1m       ; clk_1m      ; 0.000        ; -0.161     ; 0.562      ;
; 0.641 ; count[6]      ; count[12]     ; clk_1m       ; clk_1m      ; 0.000        ; 0.213      ; 0.938      ;
; 0.641 ; count[2]      ; count[10]     ; clk_1m       ; clk_1m      ; 0.000        ; 0.213      ; 0.938      ;
; 0.645 ; count[5]      ; count[7]      ; clk_1m       ; clk_1m      ; 0.000        ; 0.243      ; 0.972      ;
; 0.645 ; count[8]      ; count[12]     ; clk_1m       ; clk_1m      ; 0.000        ; 0.213      ; 0.942      ;
; 0.648 ; curr_state.S0 ; count[15]     ; clk_1m       ; clk_1m      ; 0.000        ; 0.044      ; 0.776      ;
; 0.650 ; curr_state.S0 ; count[13]     ; clk_1m       ; clk_1m      ; 0.000        ; 0.044      ; 0.778      ;
; 0.651 ; curr_state.S0 ; count[18]     ; clk_1m       ; clk_1m      ; 0.000        ; 0.044      ; 0.779      ;
; 0.652 ; curr_state.S0 ; count[16]     ; clk_1m       ; clk_1m      ; 0.000        ; 0.044      ; 0.780      ;
; 0.653 ; echo_reg2     ; count[15]     ; clk_1m       ; clk_1m      ; 0.000        ; 0.215      ; 0.952      ;
; 0.655 ; echo_reg2     ; count[13]     ; clk_1m       ; clk_1m      ; 0.000        ; 0.215      ; 0.954      ;
; 0.656 ; echo_reg2     ; count[18]     ; clk_1m       ; clk_1m      ; 0.000        ; 0.215      ; 0.955      ;
; 0.657 ; echo_reg2     ; count[16]     ; clk_1m       ; clk_1m      ; 0.000        ; 0.215      ; 0.956      ;
; 0.661 ; count[11]     ; count[12]     ; clk_1m       ; clk_1m      ; 0.000        ; 0.044      ; 0.789      ;
; 0.665 ; count[17]     ; count[19]     ; clk_1m       ; clk_1m      ; 0.000        ; 0.044      ; 0.793      ;
; 0.667 ; count[17]     ; count[18]     ; clk_1m       ; clk_1m      ; 0.000        ; 0.046      ; 0.797      ;
; 0.667 ; count[18]     ; count[19]     ; clk_1m       ; clk_1m      ; 0.000        ; 0.042      ; 0.793      ;
; 0.672 ; count[12]     ; count[14]     ; clk_1m       ; clk_1m      ; 0.000        ; 0.044      ; 0.800      ;
; 0.672 ; count[12]     ; count[13]     ; clk_1m       ; clk_1m      ; 0.000        ; 0.046      ; 0.802      ;
; 0.680 ; count[10]     ; count[12]     ; clk_1m       ; clk_1m      ; 0.000        ; 0.044      ; 0.808      ;
+-------+---------------+---------------+--------------+-------------+--------------+------------+------------+


+----------------------------------------------------------------------------------------------------+
; Fast 1200mV 0C Model Minimum Pulse Width: 'clk_1m'                                                 ;
+--------+--------------+----------------+-----------------+--------+------------+-------------------+
; Slack  ; Actual Width ; Required Width ; Type            ; Clock  ; Clock Edge ; Target            ;
+--------+--------------+----------------+-----------------+--------+------------+-------------------+
; -3.000 ; 1.000        ; 4.000          ; Port Rate       ; clk_1m ; Rise       ; clk_1m            ;
; -1.000 ; 1.000        ; 2.000          ; Min Period      ; clk_1m ; Rise       ; count[0]          ;
; -1.000 ; 1.000        ; 2.000          ; Min Period      ; clk_1m ; Rise       ; count[10]         ;
; -1.000 ; 1.000        ; 2.000          ; Min Period      ; clk_1m ; Rise       ; count[11]         ;
; -1.000 ; 1.000        ; 2.000          ; Min Period      ; clk_1m ; Rise       ; count[12]         ;
; -1.000 ; 1.000        ; 2.000          ; Min Period      ; clk_1m ; Rise       ; count[13]         ;
; -1.000 ; 1.000        ; 2.000          ; Min Period      ; clk_1m ; Rise       ; count[14]         ;
; -1.000 ; 1.000        ; 2.000          ; Min Period      ; clk_1m ; Rise       ; count[15]         ;
; -1.000 ; 1.000        ; 2.000          ; Min Period      ; clk_1m ; Rise       ; count[16]         ;
; -1.000 ; 1.000        ; 2.000          ; Min Period      ; clk_1m ; Rise       ; count[17]         ;
; -1.000 ; 1.000        ; 2.000          ; Min Period      ; clk_1m ; Rise       ; count[18]         ;
; -1.000 ; 1.000        ; 2.000          ; Min Period      ; clk_1m ; Rise       ; count[19]         ;
; -1.000 ; 1.000        ; 2.000          ; Min Period      ; clk_1m ; Rise       ; count[1]          ;
; -1.000 ; 1.000        ; 2.000          ; Min Period      ; clk_1m ; Rise       ; count[2]          ;
; -1.000 ; 1.000        ; 2.000          ; Min Period      ; clk_1m ; Rise       ; count[3]          ;
; -1.000 ; 1.000        ; 2.000          ; Min Period      ; clk_1m ; Rise       ; count[4]          ;
; -1.000 ; 1.000        ; 2.000          ; Min Period      ; clk_1m ; Rise       ; count[5]          ;
; -1.000 ; 1.000        ; 2.000          ; Min Period      ; clk_1m ; Rise       ; count[6]          ;
; -1.000 ; 1.000        ; 2.000          ; Min Period      ; clk_1m ; Rise       ; count[7]          ;
; -1.000 ; 1.000        ; 2.000          ; Min Period      ; clk_1m ; Rise       ; count[8]          ;
; -1.000 ; 1.000        ; 2.000          ; Min Period      ; clk_1m ; Rise       ; count[9]          ;
; -1.000 ; 1.000        ; 2.000          ; Min Period      ; clk_1m ; Rise       ; curr_state.S0     ;
; -1.000 ; 1.000        ; 2.000          ; Min Period      ; clk_1m ; Rise       ; curr_state.S1     ;
; -1.000 ; 1.000        ; 2.000          ; Min Period      ; clk_1m ; Rise       ; curr_state.S2     ;
; -1.000 ; 1.000        ; 2.000          ; Min Period      ; clk_1m ; Rise       ; dis_reg[10]       ;
; -1.000 ; 1.000        ; 2.000          ; Min Period      ; clk_1m ; Rise       ; dis_reg[11]       ;
; -1.000 ; 1.000        ; 2.000          ; Min Period      ; clk_1m ; Rise       ; dis_reg[12]       ;
; -1.000 ; 1.000        ; 2.000          ; Min Period      ; clk_1m ; Rise       ; dis_reg[13]       ;
; -1.000 ; 1.000        ; 2.000          ; Min Period      ; clk_1m ; Rise       ; dis_reg[14]       ;
; -1.000 ; 1.000        ; 2.000          ; Min Period      ; clk_1m ; Rise       ; dis_reg[15]       ;
; -1.000 ; 1.000        ; 2.000          ; Min Period      ; clk_1m ; Rise       ; dis_reg[16]       ;
; -1.000 ; 1.000        ; 2.000          ; Min Period      ; clk_1m ; Rise       ; dis_reg[17]       ;
; -1.000 ; 1.000        ; 2.000          ; Min Period      ; clk_1m ; Rise       ; dis_reg[18]       ;
; -1.000 ; 1.000        ; 2.000          ; Min Period      ; clk_1m ; Rise       ; dis_reg[19]       ;
; -1.000 ; 1.000        ; 2.000          ; Min Period      ; clk_1m ; Rise       ; dis_reg[1]        ;
; -1.000 ; 1.000        ; 2.000          ; Min Period      ; clk_1m ; Rise       ; dis_reg[2]        ;
; -1.000 ; 1.000        ; 2.000          ; Min Period      ; clk_1m ; Rise       ; dis_reg[3]        ;
; -1.000 ; 1.000        ; 2.000          ; Min Period      ; clk_1m ; Rise       ; dis_reg[4]        ;
; -1.000 ; 1.000        ; 2.000          ; Min Period      ; clk_1m ; Rise       ; dis_reg[5]        ;
; -1.000 ; 1.000        ; 2.000          ; Min Period      ; clk_1m ; Rise       ; dis_reg[6]        ;
; -1.000 ; 1.000        ; 2.000          ; Min Period      ; clk_1m ; Rise       ; dis_reg[7]        ;
; -1.000 ; 1.000        ; 2.000          ; Min Period      ; clk_1m ; Rise       ; dis_reg[8]        ;
; -1.000 ; 1.000        ; 2.000          ; Min Period      ; clk_1m ; Rise       ; dis_reg[9]        ;
; -1.000 ; 1.000        ; 2.000          ; Min Period      ; clk_1m ; Rise       ; echo_reg1         ;
; -1.000 ; 1.000        ; 2.000          ; Min Period      ; clk_1m ; Rise       ; echo_reg2         ;
; -0.061 ; 0.123        ; 0.184          ; Low Pulse Width ; clk_1m ; Rise       ; count[7]          ;
; -0.050 ; 0.134        ; 0.184          ; Low Pulse Width ; clk_1m ; Rise       ; count[13]         ;
; -0.050 ; 0.134        ; 0.184          ; Low Pulse Width ; clk_1m ; Rise       ; count[15]         ;
; -0.050 ; 0.134        ; 0.184          ; Low Pulse Width ; clk_1m ; Rise       ; count[16]         ;
; -0.050 ; 0.134        ; 0.184          ; Low Pulse Width ; clk_1m ; Rise       ; count[18]         ;
; -0.050 ; 0.134        ; 0.184          ; Low Pulse Width ; clk_1m ; Rise       ; curr_state.S0     ;
; -0.050 ; 0.134        ; 0.184          ; Low Pulse Width ; clk_1m ; Rise       ; curr_state.S1     ;
; -0.050 ; 0.134        ; 0.184          ; Low Pulse Width ; clk_1m ; Rise       ; curr_state.S2     ;
; -0.046 ; 0.138        ; 0.184          ; Low Pulse Width ; clk_1m ; Rise       ; count[10]         ;
; -0.046 ; 0.138        ; 0.184          ; Low Pulse Width ; clk_1m ; Rise       ; count[11]         ;
; -0.046 ; 0.138        ; 0.184          ; Low Pulse Width ; clk_1m ; Rise       ; count[12]         ;
; -0.046 ; 0.138        ; 0.184          ; Low Pulse Width ; clk_1m ; Rise       ; count[14]         ;
; -0.046 ; 0.138        ; 0.184          ; Low Pulse Width ; clk_1m ; Rise       ; count[17]         ;
; -0.046 ; 0.138        ; 0.184          ; Low Pulse Width ; clk_1m ; Rise       ; count[19]         ;
; -0.032 ; 0.152        ; 0.184          ; Low Pulse Width ; clk_1m ; Rise       ; count[0]          ;
; -0.032 ; 0.152        ; 0.184          ; Low Pulse Width ; clk_1m ; Rise       ; count[1]          ;
; -0.032 ; 0.152        ; 0.184          ; Low Pulse Width ; clk_1m ; Rise       ; count[2]          ;
; -0.032 ; 0.152        ; 0.184          ; Low Pulse Width ; clk_1m ; Rise       ; count[3]          ;
; -0.032 ; 0.152        ; 0.184          ; Low Pulse Width ; clk_1m ; Rise       ; count[4]          ;
; -0.032 ; 0.152        ; 0.184          ; Low Pulse Width ; clk_1m ; Rise       ; count[5]          ;
; -0.032 ; 0.152        ; 0.184          ; Low Pulse Width ; clk_1m ; Rise       ; count[6]          ;
; -0.032 ; 0.152        ; 0.184          ; Low Pulse Width ; clk_1m ; Rise       ; count[8]          ;
; -0.032 ; 0.152        ; 0.184          ; Low Pulse Width ; clk_1m ; Rise       ; count[9]          ;
; -0.032 ; 0.152        ; 0.184          ; Low Pulse Width ; clk_1m ; Rise       ; dis_reg[10]       ;
; -0.032 ; 0.152        ; 0.184          ; Low Pulse Width ; clk_1m ; Rise       ; dis_reg[15]       ;
; -0.032 ; 0.152        ; 0.184          ; Low Pulse Width ; clk_1m ; Rise       ; dis_reg[19]       ;
; -0.032 ; 0.152        ; 0.184          ; Low Pulse Width ; clk_1m ; Rise       ; dis_reg[1]        ;
; -0.032 ; 0.152        ; 0.184          ; Low Pulse Width ; clk_1m ; Rise       ; dis_reg[2]        ;
; -0.032 ; 0.152        ; 0.184          ; Low Pulse Width ; clk_1m ; Rise       ; dis_reg[3]        ;
; -0.032 ; 0.152        ; 0.184          ; Low Pulse Width ; clk_1m ; Rise       ; dis_reg[4]        ;
; -0.032 ; 0.152        ; 0.184          ; Low Pulse Width ; clk_1m ; Rise       ; dis_reg[5]        ;
; -0.032 ; 0.152        ; 0.184          ; Low Pulse Width ; clk_1m ; Rise       ; dis_reg[6]        ;
; -0.032 ; 0.152        ; 0.184          ; Low Pulse Width ; clk_1m ; Rise       ; dis_reg[7]        ;
; -0.032 ; 0.152        ; 0.184          ; Low Pulse Width ; clk_1m ; Rise       ; dis_reg[8]        ;
; -0.032 ; 0.152        ; 0.184          ; Low Pulse Width ; clk_1m ; Rise       ; dis_reg[9]        ;
; -0.032 ; 0.152        ; 0.184          ; Low Pulse Width ; clk_1m ; Rise       ; echo_reg1         ;
; -0.032 ; 0.152        ; 0.184          ; Low Pulse Width ; clk_1m ; Rise       ; echo_reg2         ;
; -0.031 ; 0.153        ; 0.184          ; Low Pulse Width ; clk_1m ; Rise       ; dis_reg[11]       ;
; -0.031 ; 0.153        ; 0.184          ; Low Pulse Width ; clk_1m ; Rise       ; dis_reg[12]       ;
; -0.031 ; 0.153        ; 0.184          ; Low Pulse Width ; clk_1m ; Rise       ; dis_reg[13]       ;
; -0.031 ; 0.153        ; 0.184          ; Low Pulse Width ; clk_1m ; Rise       ; dis_reg[14]       ;
; -0.031 ; 0.153        ; 0.184          ; Low Pulse Width ; clk_1m ; Rise       ; dis_reg[16]       ;
; -0.031 ; 0.153        ; 0.184          ; Low Pulse Width ; clk_1m ; Rise       ; dis_reg[17]       ;
; -0.031 ; 0.153        ; 0.184          ; Low Pulse Width ; clk_1m ; Rise       ; dis_reg[18]       ;
; 0.119  ; 0.119        ; 0.000          ; Low Pulse Width ; clk_1m ; Rise       ; count[7]|clk      ;
; 0.125  ; 0.125        ; 0.000          ; Low Pulse Width ; clk_1m ; Rise       ; clk_1m~input|o    ;
; 0.130  ; 0.130        ; 0.000          ; Low Pulse Width ; clk_1m ; Rise       ; count[13]|clk     ;
; 0.130  ; 0.130        ; 0.000          ; Low Pulse Width ; clk_1m ; Rise       ; count[15]|clk     ;
; 0.130  ; 0.130        ; 0.000          ; Low Pulse Width ; clk_1m ; Rise       ; count[16]|clk     ;
; 0.130  ; 0.130        ; 0.000          ; Low Pulse Width ; clk_1m ; Rise       ; count[18]|clk     ;
; 0.130  ; 0.130        ; 0.000          ; Low Pulse Width ; clk_1m ; Rise       ; curr_state.S0|clk ;
; 0.130  ; 0.130        ; 0.000          ; Low Pulse Width ; clk_1m ; Rise       ; curr_state.S1|clk ;
; 0.130  ; 0.130        ; 0.000          ; Low Pulse Width ; clk_1m ; Rise       ; curr_state.S2|clk ;
; 0.133  ; 0.133        ; 0.000          ; Low Pulse Width ; clk_1m ; Rise       ; count[10]|clk     ;
; 0.133  ; 0.133        ; 0.000          ; Low Pulse Width ; clk_1m ; Rise       ; count[11]|clk     ;
+--------+--------------+----------------+-----------------+--------+------------+-------------------+


+-----------------------------------------------------------------------+
; Setup Times                                                           ;
+-----------+------------+-------+-------+------------+-----------------+
; Data Port ; Clock Port ; Rise  ; Fall  ; Clock Edge ; Clock Reference ;
+-----------+------------+-------+-------+------------+-----------------+
; echo      ; clk_1m     ; 1.152 ; 1.767 ; Rise       ; clk_1m          ;
+-----------+------------+-------+-------+------------+-----------------+


+-------------------------------------------------------------------------+
; Hold Times                                                              ;
+-----------+------------+--------+--------+------------+-----------------+
; Data Port ; Clock Port ; Rise   ; Fall   ; Clock Edge ; Clock Reference ;
+-----------+------------+--------+--------+------------+-----------------+
; echo      ; clk_1m     ; -0.930 ; -1.537 ; Rise       ; clk_1m          ;
+-----------+------------+--------+--------+------------+-----------------+


+------------------------------------------------------------------------------+
; Clock to Output Times                                                        ;
+----------------+------------+--------+--------+------------+-----------------+
; Data Port      ; Clock Port ; Rise   ; Fall   ; Clock Edge ; Clock Reference ;
+----------------+------------+--------+--------+------------+-----------------+
; dis_count[*]   ; clk_1m     ; 25.922 ; 25.901 ; Rise       ; clk_1m          ;
;  dis_count[0]  ; clk_1m     ; 25.922 ; 25.901 ; Rise       ; clk_1m          ;
;  dis_count[1]  ; clk_1m     ; 23.895 ; 24.085 ; Rise       ; clk_1m          ;
;  dis_count[2]  ; clk_1m     ; 22.359 ; 22.364 ; Rise       ; clk_1m          ;
;  dis_count[3]  ; clk_1m     ; 20.750 ; 20.796 ; Rise       ; clk_1m          ;
;  dis_count[4]  ; clk_1m     ; 19.362 ; 19.295 ; Rise       ; clk_1m          ;
;  dis_count[5]  ; clk_1m     ; 17.891 ; 18.016 ; Rise       ; clk_1m          ;
;  dis_count[6]  ; clk_1m     ; 16.579 ; 16.602 ; Rise       ; clk_1m          ;
;  dis_count[7]  ; clk_1m     ; 15.254 ; 15.252 ; Rise       ; clk_1m          ;
;  dis_count[8]  ; clk_1m     ; 13.945 ; 14.001 ; Rise       ; clk_1m          ;
;  dis_count[9]  ; clk_1m     ; 12.055 ; 12.092 ; Rise       ; clk_1m          ;
;  dis_count[10] ; clk_1m     ; 10.499 ; 10.562 ; Rise       ; clk_1m          ;
;  dis_count[11] ; clk_1m     ; 8.736  ; 8.737  ; Rise       ; clk_1m          ;
;  dis_count[12] ; clk_1m     ; 7.373  ; 7.350  ; Rise       ; clk_1m          ;
;  dis_count[13] ; clk_1m     ; 5.858  ; 5.981  ; Rise       ; clk_1m          ;
;  dis_count[14] ; clk_1m     ; 4.505  ; 4.470  ; Rise       ; clk_1m          ;
+----------------+------------+--------+--------+------------+-----------------+


+----------------------------------------------------------------------------+
; Minimum Clock to Output Times                                              ;
+----------------+------------+-------+-------+------------+-----------------+
; Data Port      ; Clock Port ; Rise  ; Fall  ; Clock Edge ; Clock Reference ;
+----------------+------------+-------+-------+------------+-----------------+
; dis_count[*]   ; clk_1m     ; 4.062 ; 4.109 ; Rise       ; clk_1m          ;
;  dis_count[0]  ; clk_1m     ; 5.282 ; 5.334 ; Rise       ; clk_1m          ;
;  dis_count[1]  ; clk_1m     ; 4.682 ; 4.805 ; Rise       ; clk_1m          ;
;  dis_count[2]  ; clk_1m     ; 4.592 ; 4.677 ; Rise       ; clk_1m          ;
;  dis_count[3]  ; clk_1m     ; 4.585 ; 4.709 ; Rise       ; clk_1m          ;
;  dis_count[4]  ; clk_1m     ; 4.626 ; 4.704 ; Rise       ; clk_1m          ;
;  dis_count[5]  ; clk_1m     ; 4.545 ; 4.634 ; Rise       ; clk_1m          ;
;  dis_count[6]  ; clk_1m     ; 4.601 ; 4.715 ; Rise       ; clk_1m          ;
;  dis_count[7]  ; clk_1m     ; 4.635 ; 4.746 ; Rise       ; clk_1m          ;
;  dis_count[8]  ; clk_1m     ; 4.840 ; 4.937 ; Rise       ; clk_1m          ;
;  dis_count[9]  ; clk_1m     ; 4.645 ; 4.791 ; Rise       ; clk_1m          ;
;  dis_count[10] ; clk_1m     ; 4.705 ; 4.796 ; Rise       ; clk_1m          ;
;  dis_count[11] ; clk_1m     ; 4.483 ; 4.547 ; Rise       ; clk_1m          ;
;  dis_count[12] ; clk_1m     ; 4.241 ; 4.250 ; Rise       ; clk_1m          ;
;  dis_count[13] ; clk_1m     ; 4.363 ; 4.458 ; Rise       ; clk_1m          ;
;  dis_count[14] ; clk_1m     ; 4.062 ; 4.109 ; Rise       ; clk_1m          ;
+----------------+------------+-------+-------+------------+-----------------+


---------------------------------------------
; Fast 1200mV 0C Model Metastability Report ;
---------------------------------------------
No synchronizer chains to report.


+-------------------------------------------------------------------------------+
; Multicorner Timing Analysis Summary                                           ;
+------------------+---------+-------+----------+---------+---------------------+
; Clock            ; Setup   ; Hold  ; Recovery ; Removal ; Minimum Pulse Width ;
+------------------+---------+-------+----------+---------+---------------------+
; Worst-case Slack ; -1.982  ; 0.178 ; N/A      ; N/A     ; -3.000              ;
;  clk_1m          ; -1.982  ; 0.178 ; N/A      ; N/A     ; -3.000              ;
; Design-wide TNS  ; -51.631 ; 0.0   ; 0.0      ; 0.0     ; -48.64              ;
;  clk_1m          ; -51.631 ; 0.000 ; N/A      ; N/A     ; -48.640             ;
+------------------+---------+-------+----------+---------+---------------------+


+-----------------------------------------------------------------------+
; Setup Times                                                           ;
+-----------+------------+-------+-------+------------+-----------------+
; Data Port ; Clock Port ; Rise  ; Fall  ; Clock Edge ; Clock Reference ;
+-----------+------------+-------+-------+------------+-----------------+
; echo      ; clk_1m     ; 2.028 ; 2.519 ; Rise       ; clk_1m          ;
+-----------+------------+-------+-------+------------+-----------------+


+-------------------------------------------------------------------------+
; Hold Times                                                              ;
+-----------+------------+--------+--------+------------+-----------------+
; Data Port ; Clock Port ; Rise   ; Fall   ; Clock Edge ; Clock Reference ;
+-----------+------------+--------+--------+------------+-----------------+
; echo      ; clk_1m     ; -0.930 ; -1.537 ; Rise       ; clk_1m          ;
+-----------+------------+--------+--------+------------+-----------------+


+------------------------------------------------------------------------------+
; Clock to Output Times                                                        ;
+----------------+------------+--------+--------+------------+-----------------+
; Data Port      ; Clock Port ; Rise   ; Fall   ; Clock Edge ; Clock Reference ;
+----------------+------------+--------+--------+------------+-----------------+
; dis_count[*]   ; clk_1m     ; 45.802 ; 45.862 ; Rise       ; clk_1m          ;
;  dis_count[0]  ; clk_1m     ; 45.802 ; 45.862 ; Rise       ; clk_1m          ;
;  dis_count[1]  ; clk_1m     ; 42.406 ; 42.768 ; Rise       ; clk_1m          ;
;  dis_count[2]  ; clk_1m     ; 39.698 ; 39.748 ; Rise       ; clk_1m          ;
;  dis_count[3]  ; clk_1m     ; 36.828 ; 37.022 ; Rise       ; clk_1m          ;
;  dis_count[4]  ; clk_1m     ; 34.362 ; 34.389 ; Rise       ; clk_1m          ;
;  dis_count[5]  ; clk_1m     ; 31.675 ; 32.020 ; Rise       ; clk_1m          ;
;  dis_count[6]  ; clk_1m     ; 29.318 ; 29.456 ; Rise       ; clk_1m          ;
;  dis_count[7]  ; clk_1m     ; 26.916 ; 27.021 ; Rise       ; clk_1m          ;
;  dis_count[8]  ; clk_1m     ; 24.413 ; 24.503 ; Rise       ; clk_1m          ;
;  dis_count[9]  ; clk_1m     ; 21.160 ; 21.236 ; Rise       ; clk_1m          ;
;  dis_count[10] ; clk_1m     ; 18.368 ; 18.523 ; Rise       ; clk_1m          ;
;  dis_count[11] ; clk_1m     ; 15.239 ; 15.334 ; Rise       ; clk_1m          ;
;  dis_count[12] ; clk_1m     ; 12.805 ; 12.899 ; Rise       ; clk_1m          ;
;  dis_count[13] ; clk_1m     ; 10.081 ; 10.324 ; Rise       ; clk_1m          ;
;  dis_count[14] ; clk_1m     ; 7.676  ; 7.601  ; Rise       ; clk_1m          ;
+----------------+------------+--------+--------+------------+-----------------+


+----------------------------------------------------------------------------+
; Minimum Clock to Output Times                                              ;
+----------------+------------+-------+-------+------------+-----------------+
; Data Port      ; Clock Port ; Rise  ; Fall  ; Clock Edge ; Clock Reference ;
+----------------+------------+-------+-------+------------+-----------------+
; dis_count[*]   ; clk_1m     ; 4.062 ; 4.109 ; Rise       ; clk_1m          ;
;  dis_count[0]  ; clk_1m     ; 5.282 ; 5.334 ; Rise       ; clk_1m          ;
;  dis_count[1]  ; clk_1m     ; 4.682 ; 4.805 ; Rise       ; clk_1m          ;
;  dis_count[2]  ; clk_1m     ; 4.592 ; 4.677 ; Rise       ; clk_1m          ;
;  dis_count[3]  ; clk_1m     ; 4.585 ; 4.709 ; Rise       ; clk_1m          ;
;  dis_count[4]  ; clk_1m     ; 4.626 ; 4.704 ; Rise       ; clk_1m          ;
;  dis_count[5]  ; clk_1m     ; 4.545 ; 4.634 ; Rise       ; clk_1m          ;
;  dis_count[6]  ; clk_1m     ; 4.601 ; 4.715 ; Rise       ; clk_1m          ;
;  dis_count[7]  ; clk_1m     ; 4.635 ; 4.746 ; Rise       ; clk_1m          ;
;  dis_count[8]  ; clk_1m     ; 4.840 ; 4.937 ; Rise       ; clk_1m          ;
;  dis_count[9]  ; clk_1m     ; 4.645 ; 4.791 ; Rise       ; clk_1m          ;
;  dis_count[10] ; clk_1m     ; 4.705 ; 4.796 ; Rise       ; clk_1m          ;
;  dis_count[11] ; clk_1m     ; 4.483 ; 4.547 ; Rise       ; clk_1m          ;
;  dis_count[12] ; clk_1m     ; 4.241 ; 4.250 ; Rise       ; clk_1m          ;
;  dis_count[13] ; clk_1m     ; 4.363 ; 4.458 ; Rise       ; clk_1m          ;
;  dis_count[14] ; clk_1m     ; 4.062 ; 4.109 ; Rise       ; clk_1m          ;
+----------------+------------+-------+-------+------------+-----------------+


+------------------------------------------------------------------------------------------------------------------------------------------------------------------------------------------------------------------------------------------------------------------------------------------------------------------------------------------------------------------------------------------------------------------+
; Board Trace Model Assignments                                                                                                                                                                                                                                                                                                                                                                                    ;
+---------------+--------------+-------------------+-------------------------+-------------------------+---------------+---------------------+----------------+------------------+--------+------------------+------------------------+------------------------+--------------+---------------+-----------------+-------+---------------------+--------------------+---------------+-----------------+-------------+
; Pin           ; I/O Standard ; Near Tline Length ; Near Tline L per Length ; Near Tline C per Length ; Near Series R ; Near Differential R ; Near Pull-up R ; Near Pull-down R ; Near C ; Far Tline Length ; Far Tline L per Length ; Far Tline C per Length ; Far Series R ; Far Pull-up R ; Far Pull-down R ; Far C ; Termination Voltage ; Far Differential R ; EBD File Name ; EBD Signal Name ; EBD Far-end ;
+---------------+--------------+-------------------+-------------------------+-------------------------+---------------+---------------------+----------------+------------------+--------+------------------+------------------------+------------------------+--------------+---------------+-----------------+-------+---------------------+--------------------+---------------+-----------------+-------------+
; dis_count[0]  ; 2.5 V        ; 0 in              ; 0 H/in                  ; 0 F/in                  ; short         ; -                   ; open           ; open             ; open   ; 0 in             ; 0 H/in                 ; 0 F/in                 ; short        ; open          ; open            ; open  ; 0 V                 ; -                  ; n/a           ; n/a             ; n/a         ;
; dis_count[1]  ; 2.5 V        ; 0 in              ; 0 H/in                  ; 0 F/in                  ; short         ; -                   ; open           ; open             ; open   ; 0 in             ; 0 H/in                 ; 0 F/in                 ; short        ; open          ; open            ; open  ; 0 V                 ; -                  ; n/a           ; n/a             ; n/a         ;
; dis_count[2]  ; 2.5 V        ; 0 in              ; 0 H/in                  ; 0 F/in                  ; short         ; -                   ; open           ; open             ; open   ; 0 in             ; 0 H/in                 ; 0 F/in                 ; short        ; open          ; open            ; open  ; 0 V                 ; -                  ; n/a           ; n/a             ; n/a         ;
; dis_count[3]  ; 2.5 V        ; 0 in              ; 0 H/in                  ; 0 F/in                  ; short         ; -                   ; open           ; open             ; open   ; 0 in             ; 0 H/in                 ; 0 F/in                 ; short        ; open          ; open            ; open  ; 0 V                 ; -                  ; n/a           ; n/a             ; n/a         ;
; dis_count[4]  ; 2.5 V        ; 0 in              ; 0 H/in                  ; 0 F/in                  ; short         ; -                   ; open           ; open             ; open   ; 0 in             ; 0 H/in                 ; 0 F/in                 ; short        ; open          ; open            ; open  ; 0 V                 ; -                  ; n/a           ; n/a             ; n/a         ;
; dis_count[5]  ; 2.5 V        ; 0 in              ; 0 H/in                  ; 0 F/in                  ; short         ; -                   ; open           ; open             ; open   ; 0 in             ; 0 H/in                 ; 0 F/in                 ; short        ; open          ; open            ; open  ; 0 V                 ; -                  ; n/a           ; n/a             ; n/a         ;
; dis_count[6]  ; 2.5 V        ; 0 in              ; 0 H/in                  ; 0 F/in                  ; short         ; -                   ; open           ; open             ; open   ; 0 in             ; 0 H/in                 ; 0 F/in                 ; short        ; open          ; open            ; open  ; 0 V                 ; -                  ; n/a           ; n/a             ; n/a         ;
; dis_count[7]  ; 2.5 V        ; 0 in              ; 0 H/in                  ; 0 F/in                  ; short         ; -                   ; open           ; open             ; open   ; 0 in             ; 0 H/in                 ; 0 F/in                 ; short        ; open          ; open            ; open  ; 0 V                 ; -                  ; n/a           ; n/a             ; n/a         ;
; dis_count[8]  ; 2.5 V        ; 0 in              ; 0 H/in                  ; 0 F/in                  ; short         ; -                   ; open           ; open             ; open   ; 0 in             ; 0 H/in                 ; 0 F/in                 ; short        ; open          ; open            ; open  ; 0 V                 ; -                  ; n/a           ; n/a             ; n/a         ;
; dis_count[9]  ; 2.5 V        ; 0 in              ; 0 H/in                  ; 0 F/in                  ; short         ; -                   ; open           ; open             ; open   ; 0 in             ; 0 H/in                 ; 0 F/in                 ; short        ; open          ; open            ; open  ; 0 V                 ; -                  ; n/a           ; n/a             ; n/a         ;
; dis_count[10] ; 2.5 V        ; 0 in              ; 0 H/in                  ; 0 F/in                  ; short         ; -                   ; open           ; open             ; open   ; 0 in             ; 0 H/in                 ; 0 F/in                 ; short        ; open          ; open            ; open  ; 0 V                 ; -                  ; n/a           ; n/a             ; n/a         ;
; dis_count[11] ; 2.5 V        ; 0 in              ; 0 H/in                  ; 0 F/in                  ; short         ; -                   ; open           ; open             ; open   ; 0 in             ; 0 H/in                 ; 0 F/in                 ; short        ; open          ; open            ; open  ; 0 V                 ; -                  ; n/a           ; n/a             ; n/a         ;
; dis_count[12] ; 2.5 V        ; 0 in              ; 0 H/in                  ; 0 F/in                  ; short         ; -                   ; open           ; open             ; open   ; 0 in             ; 0 H/in                 ; 0 F/in                 ; short        ; open          ; open            ; open  ; 0 V                 ; -                  ; n/a           ; n/a             ; n/a         ;
; dis_count[13] ; 2.5 V        ; 0 in              ; 0 H/in                  ; 0 F/in                  ; short         ; -                   ; open           ; open             ; open   ; 0 in             ; 0 H/in                 ; 0 F/in                 ; short        ; open          ; open            ; open  ; 0 V                 ; -                  ; n/a           ; n/a             ; n/a         ;
; dis_count[14] ; 2.5 V        ; 0 in              ; 0 H/in                  ; 0 F/in                  ; short         ; -                   ; open           ; open             ; open   ; 0 in             ; 0 H/in                 ; 0 F/in                 ; short        ; open          ; open            ; open  ; 0 V                 ; -                  ; n/a           ; n/a             ; n/a         ;
; dis_count[15] ; 2.5 V        ; 0 in              ; 0 H/in                  ; 0 F/in                  ; short         ; -                   ; open           ; open             ; open   ; 0 in             ; 0 H/in                 ; 0 F/in                 ; short        ; open          ; open            ; open  ; 0 V                 ; -                  ; n/a           ; n/a             ; n/a         ;
; dis_count[16] ; 2.5 V        ; 0 in              ; 0 H/in                  ; 0 F/in                  ; short         ; -                   ; open           ; open             ; open   ; 0 in             ; 0 H/in                 ; 0 F/in                 ; short        ; open          ; open            ; open  ; 0 V                 ; -                  ; n/a           ; n/a             ; n/a         ;
; dis_count[17] ; 2.5 V        ; 0 in              ; 0 H/in                  ; 0 F/in                  ; short         ; -                   ; open           ; open             ; open   ; 0 in             ; 0 H/in                 ; 0 F/in                 ; short        ; open          ; open            ; open  ; 0 V                 ; -                  ; n/a           ; n/a             ; n/a         ;
; dis_count[18] ; 2.5 V        ; 0 in              ; 0 H/in                  ; 0 F/in                  ; short         ; -                   ; open           ; open             ; open   ; 0 in             ; 0 H/in                 ; 0 F/in                 ; short        ; open          ; open            ; open  ; 0 V                 ; -                  ; n/a           ; n/a             ; n/a         ;
; dis_count[19] ; 2.5 V        ; 0 in              ; 0 H/in                  ; 0 F/in                  ; short         ; -                   ; open           ; open             ; open   ; 0 in             ; 0 H/in                 ; 0 F/in                 ; short        ; open          ; open            ; open  ; 0 V                 ; -                  ; n/a           ; n/a             ; n/a         ;
; ~ALTERA_NCEO~ ; 2.5 V        ; 0 in              ; 0 H/in                  ; 0 F/in                  ; short         ; -                   ; open           ; open             ; open   ; 0 in             ; 0 H/in                 ; 0 F/in                 ; short        ; open          ; open            ; open  ; 0 V                 ; -                  ; n/a           ; n/a             ; n/a         ;
; ~ALTERA_DCLK~ ; 2.5 V        ; 0 in              ; 0 H/in                  ; 0 F/in                  ; short         ; -                   ; open           ; open             ; open   ; 0 in             ; 0 H/in                 ; 0 F/in                 ; short        ; open          ; open            ; open  ; 0 V                 ; -                  ; n/a           ; n/a             ; n/a         ;
+---------------+--------------+-------------------+-------------------------+-------------------------+---------------+---------------------+----------------+------------------+--------+------------------+------------------------+------------------------+--------------+---------------+-----------------+-------+---------------------+--------------------+---------------+-----------------+-------------+


+-------------------------------------------------------------------+
; Input Transition Times                                            ;
+----------------+--------------+-----------------+-----------------+
; Pin            ; I/O Standard ; 10-90 Rise Time ; 90-10 Fall Time ;
+----------------+--------------+-----------------+-----------------+
; clk_1m         ; 2.5 V        ; 2000 ps         ; 2000 ps         ;
; rst            ; 2.5 V        ; 2000 ps         ; 2000 ps         ;
; echo           ; 2.5 V        ; 2000 ps         ; 2000 ps         ;
; ~ALTERA_DATA0~ ; 2.5 V        ; 2000 ps         ; 2000 ps         ;
; ~ALTERA_ASDO~  ; 2.5 V        ; 2000 ps         ; 2000 ps         ;
; ~ALTERA_NCSO~  ; 2.5 V        ; 2000 ps         ; 2000 ps         ;
+----------------+--------------+-----------------+-----------------+


+--------------------------------------------------------------------------------------------------------------------------------------------------------------------------------------------------------------------------------------------------------------------------------------------------------------------------------------------------------------------------------------------------------------------------------------------------------------------------------------------------------------------------------------------------------------------------------------------------------------------------------------------------------------------------------------------+
; Signal Integrity Metrics (Slow 1200mv 0c Model)                                                                                                                                                                                                                                                                                                                                                                                                                                                                                                                                                                                                                                            ;
+---------------+--------------+---------------------+---------------------+------------------------------+------------------------------+---------------------+---------------------+--------------------------------------+--------------------------------------+-----------------------------+-----------------------------+----------------------------+----------------------------+-----------------------------+-----------------------------+--------------------+--------------------+-------------------------------------+-------------------------------------+----------------------------+----------------------------+---------------------------+---------------------------+
; Pin           ; I/O Standard ; Board Delay on Rise ; Board Delay on Fall ; Steady State Voh at FPGA Pin ; Steady State Vol at FPGA Pin ; Voh Max at FPGA Pin ; Vol Min at FPGA Pin ; Ringback Voltage on Rise at FPGA Pin ; Ringback Voltage on Fall at FPGA Pin ; 10-90 Rise Time at FPGA Pin ; 90-10 Fall Time at FPGA Pin ; Monotonic Rise at FPGA Pin ; Monotonic Fall at FPGA Pin ; Steady State Voh at Far-end ; Steady State Vol at Far-end ; Voh Max at Far-end ; Vol Min at Far-end ; Ringback Voltage on Rise at Far-end ; Ringback Voltage on Fall at Far-end ; 10-90 Rise Time at Far-end ; 90-10 Fall Time at Far-end ; Monotonic Rise at Far-end ; Monotonic Fall at Far-end ;
+---------------+--------------+---------------------+---------------------+------------------------------+------------------------------+---------------------+---------------------+--------------------------------------+--------------------------------------+-----------------------------+-----------------------------+----------------------------+----------------------------+-----------------------------+-----------------------------+--------------------+--------------------+-------------------------------------+-------------------------------------+----------------------------+----------------------------+---------------------------+---------------------------+
; dis_count[0]  ; 2.5 V        ; 0 s                 ; 0 s                 ; 2.32 V                       ; 7.29e-09 V                   ; 2.34 V              ; -0.00668 V          ; 0.218 V                              ; 0.076 V                              ; 1.92e-09 s                  ; 1.81e-09 s                  ; No                         ; Yes                        ; 2.32 V                      ; 7.29e-09 V                  ; 2.34 V             ; -0.00668 V         ; 0.218 V                             ; 0.076 V                             ; 1.92e-09 s                 ; 1.81e-09 s                 ; No                        ; Yes                       ;
; dis_count[1]  ; 2.5 V        ; 0 s                 ; 0 s                 ; 2.32 V                       ; 5.16e-09 V                   ; 2.37 V              ; -0.00861 V          ; 0.168 V                              ; 0.038 V                              ; 6.79e-10 s                  ; 6.49e-10 s                  ; No                         ; Yes                        ; 2.32 V                      ; 5.16e-09 V                  ; 2.37 V             ; -0.00861 V         ; 0.168 V                             ; 0.038 V                             ; 6.79e-10 s                 ; 6.49e-10 s                 ; No                        ; Yes                       ;
; dis_count[2]  ; 2.5 V        ; 0 s                 ; 0 s                 ; 2.32 V                       ; 7.29e-09 V                   ; 2.39 V              ; -0.00317 V          ; 0.179 V                              ; 0.007 V                              ; 4.7e-10 s                   ; 4.72e-10 s                  ; No                         ; Yes                        ; 2.32 V                      ; 7.29e-09 V                  ; 2.39 V             ; -0.00317 V         ; 0.179 V                             ; 0.007 V                             ; 4.7e-10 s                  ; 4.72e-10 s                 ; No                        ; Yes                       ;
; dis_count[3]  ; 2.5 V        ; 0 s                 ; 0 s                 ; 2.32 V                       ; 7.29e-09 V                   ; 2.39 V              ; -0.00317 V          ; 0.179 V                              ; 0.007 V                              ; 4.7e-10 s                   ; 4.72e-10 s                  ; No                         ; Yes                        ; 2.32 V                      ; 7.29e-09 V                  ; 2.39 V             ; -0.00317 V         ; 0.179 V                             ; 0.007 V                             ; 4.7e-10 s                  ; 4.72e-10 s                 ; No                        ; Yes                       ;
; dis_count[4]  ; 2.5 V        ; 0 s                 ; 0 s                 ; 2.32 V                       ; 7.29e-09 V                   ; 2.39 V              ; -0.00339 V          ; 0.206 V                              ; 0.007 V                              ; 2.77e-10 s                  ; 3.24e-10 s                  ; Yes                        ; Yes                        ; 2.32 V                      ; 7.29e-09 V                  ; 2.39 V             ; -0.00339 V         ; 0.206 V                             ; 0.007 V                             ; 2.77e-10 s                 ; 3.24e-10 s                 ; Yes                       ; Yes                       ;
; dis_count[5]  ; 2.5 V        ; 0 s                 ; 0 s                 ; 2.32 V                       ; 7.29e-09 V                   ; 2.39 V              ; -0.00317 V          ; 0.179 V                              ; 0.007 V                              ; 4.7e-10 s                   ; 4.72e-10 s                  ; No                         ; Yes                        ; 2.32 V                      ; 7.29e-09 V                  ; 2.39 V             ; -0.00317 V         ; 0.179 V                             ; 0.007 V                             ; 4.7e-10 s                  ; 4.72e-10 s                 ; No                        ; Yes                       ;
; dis_count[6]  ; 2.5 V        ; 0 s                 ; 0 s                 ; 2.32 V                       ; 7.29e-09 V                   ; 2.39 V              ; -0.00317 V          ; 0.179 V                              ; 0.007 V                              ; 4.7e-10 s                   ; 4.72e-10 s                  ; No                         ; Yes                        ; 2.32 V                      ; 7.29e-09 V                  ; 2.39 V             ; -0.00317 V         ; 0.179 V                             ; 0.007 V                             ; 4.7e-10 s                  ; 4.72e-10 s                 ; No                        ; Yes                       ;
; dis_count[7]  ; 2.5 V        ; 0 s                 ; 0 s                 ; 2.32 V                       ; 7.29e-09 V                   ; 2.39 V              ; -0.00317 V          ; 0.179 V                              ; 0.007 V                              ; 4.7e-10 s                   ; 4.72e-10 s                  ; No                         ; Yes                        ; 2.32 V                      ; 7.29e-09 V                  ; 2.39 V             ; -0.00317 V         ; 0.179 V                             ; 0.007 V                             ; 4.7e-10 s                  ; 4.72e-10 s                 ; No                        ; Yes                       ;
; dis_count[8]  ; 2.5 V        ; 0 s                 ; 0 s                 ; 2.32 V                       ; 7.29e-09 V                   ; 2.34 V              ; -0.00668 V          ; 0.218 V                              ; 0.076 V                              ; 1.92e-09 s                  ; 1.81e-09 s                  ; No                         ; Yes                        ; 2.32 V                      ; 7.29e-09 V                  ; 2.34 V             ; -0.00668 V         ; 0.218 V                             ; 0.076 V                             ; 1.92e-09 s                 ; 1.81e-09 s                 ; No                        ; Yes                       ;
; dis_count[9]  ; 2.5 V        ; 0 s                 ; 0 s                 ; 2.32 V                       ; 5.16e-09 V                   ; 2.37 V              ; -0.00861 V          ; 0.168 V                              ; 0.038 V                              ; 6.79e-10 s                  ; 6.49e-10 s                  ; No                         ; Yes                        ; 2.32 V                      ; 5.16e-09 V                  ; 2.37 V             ; -0.00861 V         ; 0.168 V                             ; 0.038 V                             ; 6.79e-10 s                 ; 6.49e-10 s                 ; No                        ; Yes                       ;
; dis_count[10] ; 2.5 V        ; 0 s                 ; 0 s                 ; 2.32 V                       ; 5.16e-09 V                   ; 2.37 V              ; -0.00861 V          ; 0.168 V                              ; 0.038 V                              ; 6.79e-10 s                  ; 6.49e-10 s                  ; No                         ; Yes                        ; 2.32 V                      ; 5.16e-09 V                  ; 2.37 V             ; -0.00861 V         ; 0.168 V                             ; 0.038 V                             ; 6.79e-10 s                 ; 6.49e-10 s                 ; No                        ; Yes                       ;
; dis_count[11] ; 2.5 V        ; 0 s                 ; 0 s                 ; 2.32 V                       ; 7.29e-09 V                   ; 2.39 V              ; -0.00339 V          ; 0.206 V                              ; 0.007 V                              ; 2.77e-10 s                  ; 3.24e-10 s                  ; Yes                        ; Yes                        ; 2.32 V                      ; 7.29e-09 V                  ; 2.39 V             ; -0.00339 V         ; 0.206 V                             ; 0.007 V                             ; 2.77e-10 s                 ; 3.24e-10 s                 ; Yes                       ; Yes                       ;
; dis_count[12] ; 2.5 V        ; 0 s                 ; 0 s                 ; 2.32 V                       ; 7.29e-09 V                   ; 2.39 V              ; -0.00317 V          ; 0.179 V                              ; 0.007 V                              ; 4.7e-10 s                   ; 4.72e-10 s                  ; No                         ; Yes                        ; 2.32 V                      ; 7.29e-09 V                  ; 2.39 V             ; -0.00317 V         ; 0.179 V                             ; 0.007 V                             ; 4.7e-10 s                  ; 4.72e-10 s                 ; No                        ; Yes                       ;
; dis_count[13] ; 2.5 V        ; 0 s                 ; 0 s                 ; 2.32 V                       ; 5.16e-09 V                   ; 2.37 V              ; -0.00861 V          ; 0.168 V                              ; 0.038 V                              ; 6.79e-10 s                  ; 6.49e-10 s                  ; No                         ; Yes                        ; 2.32 V                      ; 5.16e-09 V                  ; 2.37 V             ; -0.00861 V         ; 0.168 V                             ; 0.038 V                             ; 6.79e-10 s                 ; 6.49e-10 s                 ; No                        ; Yes                       ;
; dis_count[14] ; 2.5 V        ; 0 s                 ; 0 s                 ; 2.32 V                       ; 5.16e-09 V                   ; 2.37 V              ; -0.00861 V          ; 0.168 V                              ; 0.038 V                              ; 6.79e-10 s                  ; 6.49e-10 s                  ; No                         ; Yes                        ; 2.32 V                      ; 5.16e-09 V                  ; 2.37 V             ; -0.00861 V         ; 0.168 V                             ; 0.038 V                             ; 6.79e-10 s                 ; 6.49e-10 s                 ; No                        ; Yes                       ;
; dis_count[15] ; 2.5 V        ; 0 s                 ; 0 s                 ; 2.32 V                       ; 7.29e-09 V                   ; 2.39 V              ; -0.00339 V          ; 0.206 V                              ; 0.007 V                              ; 2.77e-10 s                  ; 3.24e-10 s                  ; Yes                        ; Yes                        ; 2.32 V                      ; 7.29e-09 V                  ; 2.39 V             ; -0.00339 V         ; 0.206 V                             ; 0.007 V                             ; 2.77e-10 s                 ; 3.24e-10 s                 ; Yes                       ; Yes                       ;
; dis_count[16] ; 2.5 V        ; 0 s                 ; 0 s                 ; 2.32 V                       ; 7.29e-09 V                   ; 2.39 V              ; -0.00317 V          ; 0.179 V                              ; 0.007 V                              ; 4.7e-10 s                   ; 4.72e-10 s                  ; No                         ; Yes                        ; 2.32 V                      ; 7.29e-09 V                  ; 2.39 V             ; -0.00317 V         ; 0.179 V                             ; 0.007 V                             ; 4.7e-10 s                  ; 4.72e-10 s                 ; No                        ; Yes                       ;
; dis_count[17] ; 2.5 V        ; 0 s                 ; 0 s                 ; 2.32 V                       ; 7.29e-09 V                   ; 2.39 V              ; -0.00317 V          ; 0.179 V                              ; 0.007 V                              ; 4.7e-10 s                   ; 4.72e-10 s                  ; No                         ; Yes                        ; 2.32 V                      ; 7.29e-09 V                  ; 2.39 V             ; -0.00317 V         ; 0.179 V                             ; 0.007 V                             ; 4.7e-10 s                  ; 4.72e-10 s                 ; No                        ; Yes                       ;
; dis_count[18] ; 2.5 V        ; 0 s                 ; 0 s                 ; 2.32 V                       ; 7.29e-09 V                   ; 2.39 V              ; -0.00317 V          ; 0.179 V                              ; 0.007 V                              ; 4.7e-10 s                   ; 4.72e-10 s                  ; No                         ; Yes                        ; 2.32 V                      ; 7.29e-09 V                  ; 2.39 V             ; -0.00317 V         ; 0.179 V                             ; 0.007 V                             ; 4.7e-10 s                  ; 4.72e-10 s                 ; No                        ; Yes                       ;
; dis_count[19] ; 2.5 V        ; 0 s                 ; 0 s                 ; 2.32 V                       ; 7.29e-09 V                   ; 2.39 V              ; -0.00339 V          ; 0.206 V                              ; 0.007 V                              ; 2.77e-10 s                  ; 3.24e-10 s                  ; Yes                        ; Yes                        ; 2.32 V                      ; 7.29e-09 V                  ; 2.39 V             ; -0.00339 V         ; 0.206 V                             ; 0.007 V                             ; 2.77e-10 s                 ; 3.24e-10 s                 ; Yes                       ; Yes                       ;
; ~ALTERA_NCEO~ ; 2.5 V        ; 0 s                 ; 0 s                 ; 2.32 V                       ; 4.76e-09 V                   ; 2.4 V               ; -0.034 V            ; 0.102 V                              ; 0.065 V                              ; 2.49e-10 s                  ; 3.49e-10 s                  ; Yes                        ; Yes                        ; 2.32 V                      ; 4.76e-09 V                  ; 2.4 V              ; -0.034 V           ; 0.102 V                             ; 0.065 V                             ; 2.49e-10 s                 ; 3.49e-10 s                 ; Yes                       ; Yes                       ;
; ~ALTERA_DCLK~ ; 2.5 V        ; 0 s                 ; 0 s                 ; 2.32 V                       ; 5.94e-09 V                   ; 2.39 V              ; -0.0344 V           ; 0.156 V                              ; 0.089 V                              ; 2.68e-10 s                  ; 2.6e-10 s                   ; Yes                        ; Yes                        ; 2.32 V                      ; 5.94e-09 V                  ; 2.39 V             ; -0.0344 V          ; 0.156 V                             ; 0.089 V                             ; 2.68e-10 s                 ; 2.6e-10 s                  ; Yes                       ; Yes                       ;
+---------------+--------------+---------------------+---------------------+------------------------------+------------------------------+---------------------+---------------------+--------------------------------------+--------------------------------------+-----------------------------+-----------------------------+----------------------------+----------------------------+-----------------------------+-----------------------------+--------------------+--------------------+-------------------------------------+-------------------------------------+----------------------------+----------------------------+---------------------------+---------------------------+


+--------------------------------------------------------------------------------------------------------------------------------------------------------------------------------------------------------------------------------------------------------------------------------------------------------------------------------------------------------------------------------------------------------------------------------------------------------------------------------------------------------------------------------------------------------------------------------------------------------------------------------------------------------------------------------------------+
; Signal Integrity Metrics (Slow 1200mv 85c Model)                                                                                                                                                                                                                                                                                                                                                                                                                                                                                                                                                                                                                                           ;
+---------------+--------------+---------------------+---------------------+------------------------------+------------------------------+---------------------+---------------------+--------------------------------------+--------------------------------------+-----------------------------+-----------------------------+----------------------------+----------------------------+-----------------------------+-----------------------------+--------------------+--------------------+-------------------------------------+-------------------------------------+----------------------------+----------------------------+---------------------------+---------------------------+
; Pin           ; I/O Standard ; Board Delay on Rise ; Board Delay on Fall ; Steady State Voh at FPGA Pin ; Steady State Vol at FPGA Pin ; Voh Max at FPGA Pin ; Vol Min at FPGA Pin ; Ringback Voltage on Rise at FPGA Pin ; Ringback Voltage on Fall at FPGA Pin ; 10-90 Rise Time at FPGA Pin ; 90-10 Fall Time at FPGA Pin ; Monotonic Rise at FPGA Pin ; Monotonic Fall at FPGA Pin ; Steady State Voh at Far-end ; Steady State Vol at Far-end ; Voh Max at Far-end ; Vol Min at Far-end ; Ringback Voltage on Rise at Far-end ; Ringback Voltage on Fall at Far-end ; 10-90 Rise Time at Far-end ; 90-10 Fall Time at Far-end ; Monotonic Rise at Far-end ; Monotonic Fall at Far-end ;
+---------------+--------------+---------------------+---------------------+------------------------------+------------------------------+---------------------+---------------------+--------------------------------------+--------------------------------------+-----------------------------+-----------------------------+----------------------------+----------------------------+-----------------------------+-----------------------------+--------------------+--------------------+-------------------------------------+-------------------------------------+----------------------------+----------------------------+---------------------------+---------------------------+
; dis_count[0]  ; 2.5 V        ; 0 s                 ; 0 s                 ; 2.32 V                       ; 1.21e-06 V                   ; 2.33 V              ; -0.00286 V          ; 0.193 V                              ; 0.042 V                              ; 2.32e-09 s                  ; 2.21e-09 s                  ; Yes                        ; Yes                        ; 2.32 V                      ; 1.21e-06 V                  ; 2.33 V             ; -0.00286 V         ; 0.193 V                             ; 0.042 V                             ; 2.32e-09 s                 ; 2.21e-09 s                 ; Yes                       ; Yes                       ;
; dis_count[1]  ; 2.5 V        ; 0 s                 ; 0 s                 ; 2.32 V                       ; 8.13e-07 V                   ; 2.35 V              ; -0.00662 V          ; 0.129 V                              ; 0.049 V                              ; 8.55e-10 s                  ; 8.01e-10 s                  ; No                         ; Yes                        ; 2.32 V                      ; 8.13e-07 V                  ; 2.35 V             ; -0.00662 V         ; 0.129 V                             ; 0.049 V                             ; 8.55e-10 s                 ; 8.01e-10 s                 ; No                        ; Yes                       ;
; dis_count[2]  ; 2.5 V        ; 0 s                 ; 0 s                 ; 2.32 V                       ; 1.21e-06 V                   ; 2.36 V              ; -0.00833 V          ; 0.113 V                              ; 0.035 V                              ; 6.32e-10 s                  ; 5.89e-10 s                  ; No                         ; Yes                        ; 2.32 V                      ; 1.21e-06 V                  ; 2.36 V             ; -0.00833 V         ; 0.113 V                             ; 0.035 V                             ; 6.32e-10 s                 ; 5.89e-10 s                 ; No                        ; Yes                       ;
; dis_count[3]  ; 2.5 V        ; 0 s                 ; 0 s                 ; 2.32 V                       ; 1.21e-06 V                   ; 2.36 V              ; -0.00833 V          ; 0.113 V                              ; 0.035 V                              ; 6.32e-10 s                  ; 5.89e-10 s                  ; No                         ; Yes                        ; 2.32 V                      ; 1.21e-06 V                  ; 2.36 V             ; -0.00833 V         ; 0.113 V                             ; 0.035 V                             ; 6.32e-10 s                 ; 5.89e-10 s                 ; No                        ; Yes                       ;
; dis_count[4]  ; 2.5 V        ; 0 s                 ; 0 s                 ; 2.32 V                       ; 1.21e-06 V                   ; 2.37 V              ; -0.00606 V          ; 0.107 V                              ; 0.021 V                              ; 4.26e-10 s                  ; 4.03e-10 s                  ; Yes                        ; Yes                        ; 2.32 V                      ; 1.21e-06 V                  ; 2.37 V             ; -0.00606 V         ; 0.107 V                             ; 0.021 V                             ; 4.26e-10 s                 ; 4.03e-10 s                 ; Yes                       ; Yes                       ;
; dis_count[5]  ; 2.5 V        ; 0 s                 ; 0 s                 ; 2.32 V                       ; 1.21e-06 V                   ; 2.36 V              ; -0.00833 V          ; 0.113 V                              ; 0.035 V                              ; 6.32e-10 s                  ; 5.89e-10 s                  ; No                         ; Yes                        ; 2.32 V                      ; 1.21e-06 V                  ; 2.36 V             ; -0.00833 V         ; 0.113 V                             ; 0.035 V                             ; 6.32e-10 s                 ; 5.89e-10 s                 ; No                        ; Yes                       ;
; dis_count[6]  ; 2.5 V        ; 0 s                 ; 0 s                 ; 2.32 V                       ; 1.21e-06 V                   ; 2.36 V              ; -0.00833 V          ; 0.113 V                              ; 0.035 V                              ; 6.32e-10 s                  ; 5.89e-10 s                  ; No                         ; Yes                        ; 2.32 V                      ; 1.21e-06 V                  ; 2.36 V             ; -0.00833 V         ; 0.113 V                             ; 0.035 V                             ; 6.32e-10 s                 ; 5.89e-10 s                 ; No                        ; Yes                       ;
; dis_count[7]  ; 2.5 V        ; 0 s                 ; 0 s                 ; 2.32 V                       ; 1.21e-06 V                   ; 2.36 V              ; -0.00833 V          ; 0.113 V                              ; 0.035 V                              ; 6.32e-10 s                  ; 5.89e-10 s                  ; No                         ; Yes                        ; 2.32 V                      ; 1.21e-06 V                  ; 2.36 V             ; -0.00833 V         ; 0.113 V                             ; 0.035 V                             ; 6.32e-10 s                 ; 5.89e-10 s                 ; No                        ; Yes                       ;
; dis_count[8]  ; 2.5 V        ; 0 s                 ; 0 s                 ; 2.32 V                       ; 1.21e-06 V                   ; 2.33 V              ; -0.00286 V          ; 0.193 V                              ; 0.042 V                              ; 2.32e-09 s                  ; 2.21e-09 s                  ; Yes                        ; Yes                        ; 2.32 V                      ; 1.21e-06 V                  ; 2.33 V             ; -0.00286 V         ; 0.193 V                             ; 0.042 V                             ; 2.32e-09 s                 ; 2.21e-09 s                 ; Yes                       ; Yes                       ;
; dis_count[9]  ; 2.5 V        ; 0 s                 ; 0 s                 ; 2.32 V                       ; 8.13e-07 V                   ; 2.35 V              ; -0.00662 V          ; 0.129 V                              ; 0.049 V                              ; 8.55e-10 s                  ; 8.01e-10 s                  ; No                         ; Yes                        ; 2.32 V                      ; 8.13e-07 V                  ; 2.35 V             ; -0.00662 V         ; 0.129 V                             ; 0.049 V                             ; 8.55e-10 s                 ; 8.01e-10 s                 ; No                        ; Yes                       ;
; dis_count[10] ; 2.5 V        ; 0 s                 ; 0 s                 ; 2.32 V                       ; 8.13e-07 V                   ; 2.35 V              ; -0.00662 V          ; 0.129 V                              ; 0.049 V                              ; 8.55e-10 s                  ; 8.01e-10 s                  ; No                         ; Yes                        ; 2.32 V                      ; 8.13e-07 V                  ; 2.35 V             ; -0.00662 V         ; 0.129 V                             ; 0.049 V                             ; 8.55e-10 s                 ; 8.01e-10 s                 ; No                        ; Yes                       ;
; dis_count[11] ; 2.5 V        ; 0 s                 ; 0 s                 ; 2.32 V                       ; 1.21e-06 V                   ; 2.37 V              ; -0.00606 V          ; 0.107 V                              ; 0.021 V                              ; 4.26e-10 s                  ; 4.03e-10 s                  ; Yes                        ; Yes                        ; 2.32 V                      ; 1.21e-06 V                  ; 2.37 V             ; -0.00606 V         ; 0.107 V                             ; 0.021 V                             ; 4.26e-10 s                 ; 4.03e-10 s                 ; Yes                       ; Yes                       ;
; dis_count[12] ; 2.5 V        ; 0 s                 ; 0 s                 ; 2.32 V                       ; 1.21e-06 V                   ; 2.36 V              ; -0.00833 V          ; 0.113 V                              ; 0.035 V                              ; 6.32e-10 s                  ; 5.89e-10 s                  ; No                         ; Yes                        ; 2.32 V                      ; 1.21e-06 V                  ; 2.36 V             ; -0.00833 V         ; 0.113 V                             ; 0.035 V                             ; 6.32e-10 s                 ; 5.89e-10 s                 ; No                        ; Yes                       ;
; dis_count[13] ; 2.5 V        ; 0 s                 ; 0 s                 ; 2.32 V                       ; 8.13e-07 V                   ; 2.35 V              ; -0.00662 V          ; 0.129 V                              ; 0.049 V                              ; 8.55e-10 s                  ; 8.01e-10 s                  ; No                         ; Yes                        ; 2.32 V                      ; 8.13e-07 V                  ; 2.35 V             ; -0.00662 V         ; 0.129 V                             ; 0.049 V                             ; 8.55e-10 s                 ; 8.01e-10 s                 ; No                        ; Yes                       ;
; dis_count[14] ; 2.5 V        ; 0 s                 ; 0 s                 ; 2.32 V                       ; 8.13e-07 V                   ; 2.35 V              ; -0.00662 V          ; 0.129 V                              ; 0.049 V                              ; 8.55e-10 s                  ; 8.01e-10 s                  ; No                         ; Yes                        ; 2.32 V                      ; 8.13e-07 V                  ; 2.35 V             ; -0.00662 V         ; 0.129 V                             ; 0.049 V                             ; 8.55e-10 s                 ; 8.01e-10 s                 ; No                        ; Yes                       ;
; dis_count[15] ; 2.5 V        ; 0 s                 ; 0 s                 ; 2.32 V                       ; 1.21e-06 V                   ; 2.37 V              ; -0.00606 V          ; 0.107 V                              ; 0.021 V                              ; 4.26e-10 s                  ; 4.03e-10 s                  ; Yes                        ; Yes                        ; 2.32 V                      ; 1.21e-06 V                  ; 2.37 V             ; -0.00606 V         ; 0.107 V                             ; 0.021 V                             ; 4.26e-10 s                 ; 4.03e-10 s                 ; Yes                       ; Yes                       ;
; dis_count[16] ; 2.5 V        ; 0 s                 ; 0 s                 ; 2.32 V                       ; 1.21e-06 V                   ; 2.36 V              ; -0.00833 V          ; 0.113 V                              ; 0.035 V                              ; 6.32e-10 s                  ; 5.89e-10 s                  ; No                         ; Yes                        ; 2.32 V                      ; 1.21e-06 V                  ; 2.36 V             ; -0.00833 V         ; 0.113 V                             ; 0.035 V                             ; 6.32e-10 s                 ; 5.89e-10 s                 ; No                        ; Yes                       ;
; dis_count[17] ; 2.5 V        ; 0 s                 ; 0 s                 ; 2.32 V                       ; 1.21e-06 V                   ; 2.36 V              ; -0.00833 V          ; 0.113 V                              ; 0.035 V                              ; 6.32e-10 s                  ; 5.89e-10 s                  ; No                         ; Yes                        ; 2.32 V                      ; 1.21e-06 V                  ; 2.36 V             ; -0.00833 V         ; 0.113 V                             ; 0.035 V                             ; 6.32e-10 s                 ; 5.89e-10 s                 ; No                        ; Yes                       ;
; dis_count[18] ; 2.5 V        ; 0 s                 ; 0 s                 ; 2.32 V                       ; 1.21e-06 V                   ; 2.36 V              ; -0.00833 V          ; 0.113 V                              ; 0.035 V                              ; 6.32e-10 s                  ; 5.89e-10 s                  ; No                         ; Yes                        ; 2.32 V                      ; 1.21e-06 V                  ; 2.36 V             ; -0.00833 V         ; 0.113 V                             ; 0.035 V                             ; 6.32e-10 s                 ; 5.89e-10 s                 ; No                        ; Yes                       ;
; dis_count[19] ; 2.5 V        ; 0 s                 ; 0 s                 ; 2.32 V                       ; 1.21e-06 V                   ; 2.37 V              ; -0.00606 V          ; 0.107 V                              ; 0.021 V                              ; 4.26e-10 s                  ; 4.03e-10 s                  ; Yes                        ; Yes                        ; 2.32 V                      ; 1.21e-06 V                  ; 2.37 V             ; -0.00606 V         ; 0.107 V                             ; 0.021 V                             ; 4.26e-10 s                 ; 4.03e-10 s                 ; Yes                       ; Yes                       ;
; ~ALTERA_NCEO~ ; 2.5 V        ; 0 s                 ; 0 s                 ; 2.32 V                       ; 7.93e-07 V                   ; 2.37 V              ; -0.0278 V           ; 0.106 V                              ; 0.115 V                              ; 2.69e-10 s                  ; 4.05e-10 s                  ; Yes                        ; Yes                        ; 2.32 V                      ; 7.93e-07 V                  ; 2.37 V             ; -0.0278 V          ; 0.106 V                             ; 0.115 V                             ; 2.69e-10 s                 ; 4.05e-10 s                 ; Yes                       ; Yes                       ;
; ~ALTERA_DCLK~ ; 2.5 V        ; 0 s                 ; 0 s                 ; 2.32 V                       ; 9.76e-07 V                   ; 2.36 V              ; -0.00439 V          ; 0.088 V                              ; 0.007 V                              ; 4.05e-10 s                  ; 3.35e-10 s                  ; Yes                        ; Yes                        ; 2.32 V                      ; 9.76e-07 V                  ; 2.36 V             ; -0.00439 V         ; 0.088 V                             ; 0.007 V                             ; 4.05e-10 s                 ; 3.35e-10 s                 ; Yes                       ; Yes                       ;
+---------------+--------------+---------------------+---------------------+------------------------------+------------------------------+---------------------+---------------------+--------------------------------------+--------------------------------------+-----------------------------+-----------------------------+----------------------------+----------------------------+-----------------------------+-----------------------------+--------------------+--------------------+-------------------------------------+-------------------------------------+----------------------------+----------------------------+---------------------------+---------------------------+


+--------------------------------------------------------------------------------------------------------------------------------------------------------------------------------------------------------------------------------------------------------------------------------------------------------------------------------------------------------------------------------------------------------------------------------------------------------------------------------------------------------------------------------------------------------------------------------------------------------------------------------------------------------------------------------------------+
; Signal Integrity Metrics (Fast 1200mv 0c Model)                                                                                                                                                                                                                                                                                                                                                                                                                                                                                                                                                                                                                                            ;
+---------------+--------------+---------------------+---------------------+------------------------------+------------------------------+---------------------+---------------------+--------------------------------------+--------------------------------------+-----------------------------+-----------------------------+----------------------------+----------------------------+-----------------------------+-----------------------------+--------------------+--------------------+-------------------------------------+-------------------------------------+----------------------------+----------------------------+---------------------------+---------------------------+
; Pin           ; I/O Standard ; Board Delay on Rise ; Board Delay on Fall ; Steady State Voh at FPGA Pin ; Steady State Vol at FPGA Pin ; Voh Max at FPGA Pin ; Vol Min at FPGA Pin ; Ringback Voltage on Rise at FPGA Pin ; Ringback Voltage on Fall at FPGA Pin ; 10-90 Rise Time at FPGA Pin ; 90-10 Fall Time at FPGA Pin ; Monotonic Rise at FPGA Pin ; Monotonic Fall at FPGA Pin ; Steady State Voh at Far-end ; Steady State Vol at Far-end ; Voh Max at Far-end ; Vol Min at Far-end ; Ringback Voltage on Rise at Far-end ; Ringback Voltage on Fall at Far-end ; 10-90 Rise Time at Far-end ; 90-10 Fall Time at Far-end ; Monotonic Rise at Far-end ; Monotonic Fall at Far-end ;
+---------------+--------------+---------------------+---------------------+------------------------------+------------------------------+---------------------+---------------------+--------------------------------------+--------------------------------------+-----------------------------+-----------------------------+----------------------------+----------------------------+-----------------------------+-----------------------------+--------------------+--------------------+-------------------------------------+-------------------------------------+----------------------------+----------------------------+---------------------------+---------------------------+
; dis_count[0]  ; 2.5 V        ; 0 s                 ; 0 s                 ; 2.62 V                       ; 4.66e-08 V                   ; 2.65 V              ; -0.0115 V           ; 0.219 V                              ; 0.115 V                              ; 1.64e-09 s                  ; 1.57e-09 s                  ; No                         ; Yes                        ; 2.62 V                      ; 4.66e-08 V                  ; 2.65 V             ; -0.0115 V          ; 0.219 V                             ; 0.115 V                             ; 1.64e-09 s                 ; 1.57e-09 s                 ; No                        ; Yes                       ;
; dis_count[1]  ; 2.5 V        ; 0 s                 ; 0 s                 ; 2.62 V                       ; 3.16e-08 V                   ; 2.71 V              ; -0.0171 V           ; 0.273 V                              ; 0.065 V                              ; 4.95e-10 s                  ; 5.37e-10 s                  ; No                         ; Yes                        ; 2.62 V                      ; 3.16e-08 V                  ; 2.71 V             ; -0.0171 V          ; 0.273 V                             ; 0.065 V                             ; 4.95e-10 s                 ; 5.37e-10 s                 ; No                        ; Yes                       ;
; dis_count[2]  ; 2.5 V        ; 0 s                 ; 0 s                 ; 2.62 V                       ; 4.66e-08 V                   ; 2.72 V              ; -0.0215 V           ; 0.161 V                              ; 0.061 V                              ; 4.44e-10 s                  ; 4.06e-10 s                  ; No                         ; Yes                        ; 2.62 V                      ; 4.66e-08 V                  ; 2.72 V             ; -0.0215 V          ; 0.161 V                             ; 0.061 V                             ; 4.44e-10 s                 ; 4.06e-10 s                 ; No                        ; Yes                       ;
; dis_count[3]  ; 2.5 V        ; 0 s                 ; 0 s                 ; 2.62 V                       ; 4.66e-08 V                   ; 2.72 V              ; -0.0215 V           ; 0.161 V                              ; 0.061 V                              ; 4.44e-10 s                  ; 4.06e-10 s                  ; No                         ; Yes                        ; 2.62 V                      ; 4.66e-08 V                  ; 2.72 V             ; -0.0215 V          ; 0.161 V                             ; 0.061 V                             ; 4.44e-10 s                 ; 4.06e-10 s                 ; No                        ; Yes                       ;
; dis_count[4]  ; 2.5 V        ; 0 s                 ; 0 s                 ; 2.62 V                       ; 4.66e-08 V                   ; 2.73 V              ; -0.0205 V           ; 0.17 V                               ; 0.027 V                              ; 2.58e-10 s                  ; 2.57e-10 s                  ; Yes                        ; Yes                        ; 2.62 V                      ; 4.66e-08 V                  ; 2.73 V             ; -0.0205 V          ; 0.17 V                              ; 0.027 V                             ; 2.58e-10 s                 ; 2.57e-10 s                 ; Yes                       ; Yes                       ;
; dis_count[5]  ; 2.5 V        ; 0 s                 ; 0 s                 ; 2.62 V                       ; 4.66e-08 V                   ; 2.72 V              ; -0.0215 V           ; 0.161 V                              ; 0.061 V                              ; 4.44e-10 s                  ; 4.06e-10 s                  ; No                         ; Yes                        ; 2.62 V                      ; 4.66e-08 V                  ; 2.72 V             ; -0.0215 V          ; 0.161 V                             ; 0.061 V                             ; 4.44e-10 s                 ; 4.06e-10 s                 ; No                        ; Yes                       ;
; dis_count[6]  ; 2.5 V        ; 0 s                 ; 0 s                 ; 2.62 V                       ; 4.66e-08 V                   ; 2.72 V              ; -0.0215 V           ; 0.161 V                              ; 0.061 V                              ; 4.44e-10 s                  ; 4.06e-10 s                  ; No                         ; Yes                        ; 2.62 V                      ; 4.66e-08 V                  ; 2.72 V             ; -0.0215 V          ; 0.161 V                             ; 0.061 V                             ; 4.44e-10 s                 ; 4.06e-10 s                 ; No                        ; Yes                       ;
; dis_count[7]  ; 2.5 V        ; 0 s                 ; 0 s                 ; 2.62 V                       ; 4.66e-08 V                   ; 2.72 V              ; -0.0215 V           ; 0.161 V                              ; 0.061 V                              ; 4.44e-10 s                  ; 4.06e-10 s                  ; No                         ; Yes                        ; 2.62 V                      ; 4.66e-08 V                  ; 2.72 V             ; -0.0215 V          ; 0.161 V                             ; 0.061 V                             ; 4.44e-10 s                 ; 4.06e-10 s                 ; No                        ; Yes                       ;
; dis_count[8]  ; 2.5 V        ; 0 s                 ; 0 s                 ; 2.62 V                       ; 4.66e-08 V                   ; 2.65 V              ; -0.0115 V           ; 0.219 V                              ; 0.115 V                              ; 1.64e-09 s                  ; 1.57e-09 s                  ; No                         ; Yes                        ; 2.62 V                      ; 4.66e-08 V                  ; 2.65 V             ; -0.0115 V          ; 0.219 V                             ; 0.115 V                             ; 1.64e-09 s                 ; 1.57e-09 s                 ; No                        ; Yes                       ;
; dis_count[9]  ; 2.5 V        ; 0 s                 ; 0 s                 ; 2.62 V                       ; 3.16e-08 V                   ; 2.71 V              ; -0.0171 V           ; 0.273 V                              ; 0.065 V                              ; 4.95e-10 s                  ; 5.37e-10 s                  ; No                         ; Yes                        ; 2.62 V                      ; 3.16e-08 V                  ; 2.71 V             ; -0.0171 V          ; 0.273 V                             ; 0.065 V                             ; 4.95e-10 s                 ; 5.37e-10 s                 ; No                        ; Yes                       ;
; dis_count[10] ; 2.5 V        ; 0 s                 ; 0 s                 ; 2.62 V                       ; 3.16e-08 V                   ; 2.71 V              ; -0.0171 V           ; 0.273 V                              ; 0.065 V                              ; 4.95e-10 s                  ; 5.37e-10 s                  ; No                         ; Yes                        ; 2.62 V                      ; 3.16e-08 V                  ; 2.71 V             ; -0.0171 V          ; 0.273 V                             ; 0.065 V                             ; 4.95e-10 s                 ; 5.37e-10 s                 ; No                        ; Yes                       ;
; dis_count[11] ; 2.5 V        ; 0 s                 ; 0 s                 ; 2.62 V                       ; 4.66e-08 V                   ; 2.73 V              ; -0.0205 V           ; 0.17 V                               ; 0.027 V                              ; 2.58e-10 s                  ; 2.57e-10 s                  ; Yes                        ; Yes                        ; 2.62 V                      ; 4.66e-08 V                  ; 2.73 V             ; -0.0205 V          ; 0.17 V                              ; 0.027 V                             ; 2.58e-10 s                 ; 2.57e-10 s                 ; Yes                       ; Yes                       ;
; dis_count[12] ; 2.5 V        ; 0 s                 ; 0 s                 ; 2.62 V                       ; 4.66e-08 V                   ; 2.72 V              ; -0.0215 V           ; 0.161 V                              ; 0.061 V                              ; 4.44e-10 s                  ; 4.06e-10 s                  ; No                         ; Yes                        ; 2.62 V                      ; 4.66e-08 V                  ; 2.72 V             ; -0.0215 V          ; 0.161 V                             ; 0.061 V                             ; 4.44e-10 s                 ; 4.06e-10 s                 ; No                        ; Yes                       ;
; dis_count[13] ; 2.5 V        ; 0 s                 ; 0 s                 ; 2.62 V                       ; 3.16e-08 V                   ; 2.71 V              ; -0.0171 V           ; 0.273 V                              ; 0.065 V                              ; 4.95e-10 s                  ; 5.37e-10 s                  ; No                         ; Yes                        ; 2.62 V                      ; 3.16e-08 V                  ; 2.71 V             ; -0.0171 V          ; 0.273 V                             ; 0.065 V                             ; 4.95e-10 s                 ; 5.37e-10 s                 ; No                        ; Yes                       ;
; dis_count[14] ; 2.5 V        ; 0 s                 ; 0 s                 ; 2.62 V                       ; 3.16e-08 V                   ; 2.71 V              ; -0.0171 V           ; 0.273 V                              ; 0.065 V                              ; 4.95e-10 s                  ; 5.37e-10 s                  ; No                         ; Yes                        ; 2.62 V                      ; 3.16e-08 V                  ; 2.71 V             ; -0.0171 V          ; 0.273 V                             ; 0.065 V                             ; 4.95e-10 s                 ; 5.37e-10 s                 ; No                        ; Yes                       ;
; dis_count[15] ; 2.5 V        ; 0 s                 ; 0 s                 ; 2.62 V                       ; 4.66e-08 V                   ; 2.73 V              ; -0.0205 V           ; 0.17 V                               ; 0.027 V                              ; 2.58e-10 s                  ; 2.57e-10 s                  ; Yes                        ; Yes                        ; 2.62 V                      ; 4.66e-08 V                  ; 2.73 V             ; -0.0205 V          ; 0.17 V                              ; 0.027 V                             ; 2.58e-10 s                 ; 2.57e-10 s                 ; Yes                       ; Yes                       ;
; dis_count[16] ; 2.5 V        ; 0 s                 ; 0 s                 ; 2.62 V                       ; 4.66e-08 V                   ; 2.72 V              ; -0.0215 V           ; 0.161 V                              ; 0.061 V                              ; 4.44e-10 s                  ; 4.06e-10 s                  ; No                         ; Yes                        ; 2.62 V                      ; 4.66e-08 V                  ; 2.72 V             ; -0.0215 V          ; 0.161 V                             ; 0.061 V                             ; 4.44e-10 s                 ; 4.06e-10 s                 ; No                        ; Yes                       ;
; dis_count[17] ; 2.5 V        ; 0 s                 ; 0 s                 ; 2.62 V                       ; 4.66e-08 V                   ; 2.72 V              ; -0.0215 V           ; 0.161 V                              ; 0.061 V                              ; 4.44e-10 s                  ; 4.06e-10 s                  ; No                         ; Yes                        ; 2.62 V                      ; 4.66e-08 V                  ; 2.72 V             ; -0.0215 V          ; 0.161 V                             ; 0.061 V                             ; 4.44e-10 s                 ; 4.06e-10 s                 ; No                        ; Yes                       ;
; dis_count[18] ; 2.5 V        ; 0 s                 ; 0 s                 ; 2.62 V                       ; 4.66e-08 V                   ; 2.72 V              ; -0.0215 V           ; 0.161 V                              ; 0.061 V                              ; 4.44e-10 s                  ; 4.06e-10 s                  ; No                         ; Yes                        ; 2.62 V                      ; 4.66e-08 V                  ; 2.72 V             ; -0.0215 V          ; 0.161 V                             ; 0.061 V                             ; 4.44e-10 s                 ; 4.06e-10 s                 ; No                        ; Yes                       ;
; dis_count[19] ; 2.5 V        ; 0 s                 ; 0 s                 ; 2.62 V                       ; 4.66e-08 V                   ; 2.73 V              ; -0.0205 V           ; 0.17 V                               ; 0.027 V                              ; 2.58e-10 s                  ; 2.57e-10 s                  ; Yes                        ; Yes                        ; 2.62 V                      ; 4.66e-08 V                  ; 2.73 V             ; -0.0205 V          ; 0.17 V                              ; 0.027 V                             ; 2.58e-10 s                 ; 2.57e-10 s                 ; Yes                       ; Yes                       ;
; ~ALTERA_NCEO~ ; 2.5 V        ; 0 s                 ; 0 s                 ; 2.62 V                       ; 3.06e-08 V                   ; 2.86 V              ; -0.0341 V           ; 0.364 V                              ; 0.046 V                              ; 1.17e-10 s                  ; 2.6e-10 s                   ; No                         ; Yes                        ; 2.62 V                      ; 3.06e-08 V                  ; 2.86 V             ; -0.0341 V          ; 0.364 V                             ; 0.046 V                             ; 1.17e-10 s                 ; 2.6e-10 s                  ; No                        ; Yes                       ;
; ~ALTERA_DCLK~ ; 2.5 V        ; 0 s                 ; 0 s                 ; 2.62 V                       ; 3.81e-08 V                   ; 2.72 V              ; -0.0542 V           ; 0.144 V                              ; 0.087 V                              ; 2.55e-10 s                  ; 2.14e-10 s                  ; Yes                        ; Yes                        ; 2.62 V                      ; 3.81e-08 V                  ; 2.72 V             ; -0.0542 V          ; 0.144 V                             ; 0.087 V                             ; 2.55e-10 s                 ; 2.14e-10 s                 ; Yes                       ; Yes                       ;
+---------------+--------------+---------------------+---------------------+------------------------------+------------------------------+---------------------+---------------------+--------------------------------------+--------------------------------------+-----------------------------+-----------------------------+----------------------------+----------------------------+-----------------------------+-----------------------------+--------------------+--------------------+-------------------------------------+-------------------------------------+----------------------------+----------------------------+---------------------------+---------------------------+


+-------------------------------------------------------------------+
; Setup Transfers                                                   ;
+------------+----------+----------+----------+----------+----------+
; From Clock ; To Clock ; RR Paths ; FR Paths ; RF Paths ; FF Paths ;
+------------+----------+----------+----------+----------+----------+
; clk_1m     ; clk_1m   ; 404      ; 0        ; 0        ; 0        ;
+------------+----------+----------+----------+----------+----------+
Entries labeled "false path" only account for clock-to-clock false paths and not path-based false paths. As a result, actual path counts may be lower than reported.


+-------------------------------------------------------------------+
; Hold Transfers                                                    ;
+------------+----------+----------+----------+----------+----------+
; From Clock ; To Clock ; RR Paths ; FR Paths ; RF Paths ; FF Paths ;
+------------+----------+----------+----------+----------+----------+
; clk_1m     ; clk_1m   ; 404      ; 0        ; 0        ; 0        ;
+------------+----------+----------+----------+----------+----------+
Entries labeled "false path" only account for clock-to-clock false paths and not path-based false paths. As a result, actual path counts may be lower than reported.


---------------
; Report TCCS ;
---------------
No dedicated SERDES Transmitter circuitry present in device or used in design


---------------
; Report RSKM ;
---------------
No non-DPA dedicated SERDES Receiver circuitry present in device or used in design


+------------------------------------------------+
; Unconstrained Paths                            ;
+---------------------------------+-------+------+
; Property                        ; Setup ; Hold ;
+---------------------------------+-------+------+
; Illegal Clocks                  ; 0     ; 0    ;
; Unconstrained Clocks            ; 0     ; 0    ;
; Unconstrained Input Ports       ; 2     ; 2    ;
; Unconstrained Input Port Paths  ; 45    ; 45   ;
; Unconstrained Output Ports      ; 15    ; 15   ;
; Unconstrained Output Port Paths ; 180   ; 180  ;
+---------------------------------+-------+------+


+------------------------------------+
; TimeQuest Timing Analyzer Messages ;
+------------------------------------+
Info: *******************************************************************
Info: Running Quartus II 64-Bit TimeQuest Timing Analyzer
    Info: Version 13.1.0 Build 162 10/23/2013 SJ Full Version
    Info: Processing started: Wed Sep 03 14:53:12 2025
Info: Command: quartus_sta PosCounter -c PosCounter
Info: qsta_default_script.tcl version: #1
Info (11104): Parallel Compilation has detected 24 hyper-threaded processors. However, the extra hyper-threaded processors will not be used by default. Parallel Compilation will use 16 of the 16 physical processors detected instead.
Info (21076): High junction temperature operating condition is not set. Assuming a default value of '85'.
Info (21076): Low junction temperature operating condition is not set. Assuming a default value of '0'.
Critical Warning (332012): Synopsys Design Constraints File file not found: 'PosCounter.sdc'. A Synopsys Design Constraints File is required by the TimeQuest Timing Analyzer to get proper timing constraints. Without it, the Compiler will not properly optimize the design.
Info (332142): No user constrained base clocks found in the design. Calling "derive_clocks -period 1.0"
Info (332105): Deriving Clocks
    Info (332105): create_clock -period 1.000 -name clk_1m clk_1m
Info (332143): No user constrained clock uncertainty found in the design. Calling "derive_clock_uncertainty"
Info (332123): Deriving Clock Uncertainty. Please refer to report_sdc in TimeQuest to see clock uncertainties.
Info: Found TIMEQUEST_REPORT_SCRIPT_INCLUDE_DEFAULT_ANALYSIS = ON
Info: Analyzing Slow 1200mV 85C Model
Critical Warning (332148): Timing requirements not met
    Info (11105): For recommendations on closing timing, run Report Timing Closure Recommendations in the TimeQuest Timing Analyzer.
Info (332146): Worst-case setup slack is -1.982
    Info (332119):     Slack       End Point TNS Clock 
    Info (332119): ========= =================== =====================
    Info (332119):    -1.982             -51.631 clk_1m 
Info (332146): Worst-case hold slack is 0.340
    Info (332119):     Slack       End Point TNS Clock 
    Info (332119): ========= =================== =====================
    Info (332119):     0.340               0.000 clk_1m 
Info (332140): No Recovery paths to report
Info (332140): No Removal paths to report
Info (332146): Worst-case minimum pulse width slack is -3.000
    Info (332119):     Slack       End Point TNS Clock 
    Info (332119): ========= =================== =====================
    Info (332119):    -3.000             -47.000 clk_1m 
Info: Analyzing Slow 1200mV 0C Model
Info (334003): Started post-fitting delay annotation
Info (334004): Delay annotation completed successfully
Info (332123): Deriving Clock Uncertainty. Please refer to report_sdc in TimeQuest to see clock uncertainties.
Critical Warning (332148): Timing requirements not met
    Info (11105): For recommendations on closing timing, run Report Timing Closure Recommendations in the TimeQuest Timing Analyzer.
Info (332146): Worst-case setup slack is -1.659
    Info (332119):     Slack       End Point TNS Clock 
    Info (332119): ========= =================== =====================
    Info (332119):    -1.659             -41.492 clk_1m 
Info (332146): Worst-case hold slack is 0.296
    Info (332119):     Slack       End Point TNS Clock 
    Info (332119): ========= =================== =====================
    Info (332119):     0.296               0.000 clk_1m 
Info (332140): No Recovery paths to report
Info (332140): No Removal paths to report
Info (332146): Worst-case minimum pulse width slack is -3.000
    Info (332119):     Slack       End Point TNS Clock 
    Info (332119): ========= =================== =====================
    Info (332119):    -3.000             -47.000 clk_1m 
Info: Analyzing Fast 1200mV 0C Model
Info (332123): Deriving Clock Uncertainty. Please refer to report_sdc in TimeQuest to see clock uncertainties.
Critical Warning (332148): Timing requirements not met
    Info (11105): For recommendations on closing timing, run Report Timing Closure Recommendations in the TimeQuest Timing Analyzer.
Info (332146): Worst-case setup slack is -0.707
    Info (332119):     Slack       End Point TNS Clock 
    Info (332119): ========= =================== =====================
    Info (332119):    -0.707             -11.468 clk_1m 
Info (332146): Worst-case hold slack is 0.178
    Info (332119):     Slack       End Point TNS Clock 
    Info (332119): ========= =================== =====================
    Info (332119):     0.178               0.000 clk_1m 
Info (332140): No Recovery paths to report
Info (332140): No Removal paths to report
Info (332146): Worst-case minimum pulse width slack is -3.000
    Info (332119):     Slack       End Point TNS Clock 
    Info (332119): ========= =================== =====================
    Info (332119):    -3.000             -48.640 clk_1m 
Info (332102): Design is not fully constrained for setup requirements
Info (332102): Design is not fully constrained for hold requirements
Info: Quartus II 64-Bit TimeQuest Timing Analyzer was successful. 0 errors, 4 warnings
    Info: Peak virtual memory: 4814 megabytes
    Info: Processing ended: Wed Sep 03 14:53:14 2025
    Info: Elapsed time: 00:00:02
    Info: Total CPU time (on all processors): 00:00:01


