TimeQuest Timing Analyzer report for boche
Wed Sep 10 08:25:03 2025
Quartus II 64-Bit Version 13.1.0 Build 162 10/23/2013 SJ Full Version


---------------------
; Table of Contents ;
---------------------
  1. Legal Notice
  2. TimeQuest Timing Analyzer Summary
  3. Parallel Compilation
  4. Clocks
  5. Slow 1200mV 85C Model Fmax Summary
  6. Timing Closure Recommendations
  7. Slow 1200mV 85C Model Setup Summary
  8. Slow 1200mV 85C Model Hold Summary
  9. Slow 1200mV 85C Model Recovery Summary
 10. Slow 1200mV 85C Model Removal Summary
 11. Slow 1200mV 85C Model Minimum Pulse Width Summary
 12. Slow 1200mV 85C Model Setup: 'clk'
 13. Slow 1200mV 85C Model Hold: 'clk'
 14. Slow 1200mV 85C Model Minimum Pulse Width: 'clk'
 15. Setup Times
 16. Hold Times
 17. Clock to Output Times
 18. Minimum Clock to Output Times
 19. Slow 1200mV 85C Model Metastability Report
 20. Slow 1200mV 0C Model Fmax Summary
 21. Slow 1200mV 0C Model Setup Summary
 22. Slow 1200mV 0C Model Hold Summary
 23. Slow 1200mV 0C Model Recovery Summary
 24. Slow 1200mV 0C Model Removal Summary
 25. Slow 1200mV 0C Model Minimum Pulse Width Summary
 26. Slow 1200mV 0C Model Setup: 'clk'
 27. Slow 1200mV 0C Model Hold: 'clk'
 28. Slow 1200mV 0C Model Minimum Pulse Width: 'clk'
 29. Setup Times
 30. Hold Times
 31. Clock to Output Times
 32. Minimum Clock to Output Times
 33. Slow 1200mV 0C Model Metastability Report
 34. Fast 1200mV 0C Model Setup Summary
 35. Fast 1200mV 0C Model Hold Summary
 36. Fast 1200mV 0C Model Recovery Summary
 37. Fast 1200mV 0C Model Removal Summary
 38. Fast 1200mV 0C Model Minimum Pulse Width Summary
 39. Fast 1200mV 0C Model Setup: 'clk'
 40. Fast 1200mV 0C Model Hold: 'clk'
 41. Fast 1200mV 0C Model Minimum Pulse Width: 'clk'
 42. Setup Times
 43. Hold Times
 44. Clock to Output Times
 45. Minimum Clock to Output Times
 46. Fast 1200mV 0C Model Metastability Report
 47. Multicorner Timing Analysis Summary
 48. Setup Times
 49. Hold Times
 50. Clock to Output Times
 51. Minimum Clock to Output Times
 52. Board Trace Model Assignments
 53. Input Transition Times
 54. Signal Integrity Metrics (Slow 1200mv 0c Model)
 55. Signal Integrity Metrics (Slow 1200mv 85c Model)
 56. Signal Integrity Metrics (Fast 1200mv 0c Model)
 57. Setup Transfers
 58. Hold Transfers
 59. Report TCCS
 60. Report RSKM
 61. Unconstrained Paths
 62. TimeQuest Timing Analyzer Messages



----------------
; Legal Notice ;
----------------
Copyright (C) 1991-2013 Altera Corporation
Your use of Altera Corporation's design tools, logic functions 
and other software and tools, and its AMPP partner logic 
functions, and any output files from any of the foregoing 
(including device programming or simulation files), and any 
associated documentation or information are expressly subject 
to the terms and conditions of the Altera Program License 
Subscription Agreement, Altera MegaCore Function License 
Agreement, or other applicable license agreement, including, 
without limitation, that your use is for the sole purpose of 
programming logic devices manufactured by Altera and sold by 
Altera or its authorized distributors.  Please refer to the 
applicable agreement for further details.



+--------------------------------------------------------------------------+
; TimeQuest Timing Analyzer Summary                                        ;
+--------------------+-----------------------------------------------------+
; Quartus II Version ; Version 13.1.0 Build 162 10/23/2013 SJ Full Version ;
; Revision Name      ; boche                                               ;
; Device Family      ; Cyclone IV GX                                       ;
; Device Name        ; EP4CGX15BF14C6                                      ;
; Timing Models      ; Final                                               ;
; Delay Model        ; Combined                                            ;
; Rise/Fall Delays   ; Enabled                                             ;
+--------------------+-----------------------------------------------------+


+------------------------------------------+
; Parallel Compilation                     ;
+----------------------------+-------------+
; Processors                 ; Number      ;
+----------------------------+-------------+
; Number detected on machine ; 24          ;
; Maximum allowed            ; 16          ;
;                            ;             ;
; Average used               ; 1.00        ;
; Maximum used               ; 16          ;
;                            ;             ;
; Usage by Processor         ; % Time Used ;
;     Processor 1            ; 100.0%      ;
;     Processors 2-16        ; < 0.1%      ;
;     Processors 17-24       ;   0.0%      ;
+----------------------------+-------------+


+---------------------------------------------------------------------------------------------------------------------------------------------------------------------------------+
; Clocks                                                                                                                                                                          ;
+------------+------+--------+------------+-------+-------+------------+-----------+-------------+-------+--------+-----------+------------+----------+--------+--------+---------+
; Clock Name ; Type ; Period ; Frequency  ; Rise  ; Fall  ; Duty Cycle ; Divide by ; Multiply by ; Phase ; Offset ; Edge List ; Edge Shift ; Inverted ; Master ; Source ; Targets ;
+------------+------+--------+------------+-------+-------+------------+-----------+-------------+-------+--------+-----------+------------+----------+--------+--------+---------+
; clk        ; Base ; 1.000  ; 1000.0 MHz ; 0.000 ; 0.500 ;            ;           ;             ;       ;        ;           ;            ;          ;        ;        ; { clk } ;
+------------+------+--------+------------+-------+-------+------------+-----------+-------------+-------+--------+-----------+------------+----------+--------+--------+---------+


+--------------------------------------------------+
; Slow 1200mV 85C Model Fmax Summary               ;
+------------+-----------------+------------+------+
; Fmax       ; Restricted Fmax ; Clock Name ; Note ;
+------------+-----------------+------------+------+
; 235.96 MHz ; 235.96 MHz      ; clk        ;      ;
+------------+-----------------+------------+------+
This panel reports FMAX for every clock in the design, regardless of the user-specified clock periods.  FMAX is only computed for paths where the source and destination registers or ports are driven by the same clock.  Paths of different clocks, including generated clocks, are ignored.  For paths between a clock and its inversion, FMAX is computed as if the rising and falling edges are scaled along with FMAX, such that the duty cycle (in terms of a percentage) is maintained. Altera recommends that you always use clock constraints and other slack reports for sign-off analysis.


----------------------------------
; Timing Closure Recommendations ;
----------------------------------
HTML report is unavailable in plain text report export.


+-------------------------------------+
; Slow 1200mV 85C Model Setup Summary ;
+-------+--------+--------------------+
; Clock ; Slack  ; End Point TNS      ;
+-------+--------+--------------------+
; clk   ; -3.238 ; -123.521           ;
+-------+--------+--------------------+


+------------------------------------+
; Slow 1200mV 85C Model Hold Summary ;
+-------+-------+--------------------+
; Clock ; Slack ; End Point TNS      ;
+-------+-------+--------------------+
; clk   ; 0.355 ; 0.000              ;
+-------+-------+--------------------+


------------------------------------------
; Slow 1200mV 85C Model Recovery Summary ;
------------------------------------------
No paths to report.


-----------------------------------------
; Slow 1200mV 85C Model Removal Summary ;
-----------------------------------------
No paths to report.


+---------------------------------------------------+
; Slow 1200mV 85C Model Minimum Pulse Width Summary ;
+-------+--------+----------------------------------+
; Clock ; Slack  ; End Point TNS                    ;
+-------+--------+----------------------------------+
; clk   ; -3.000 ; -52.000                          ;
+-------+--------+----------------------------------+


+------------------------------------------------------------------------------------------------------+
; Slow 1200mV 85C Model Setup: 'clk'                                                                   ;
+--------+-----------+-----------+--------------+-------------+--------------+------------+------------+
; Slack  ; From Node ; To Node   ; Launch Clock ; Latch Clock ; Relationship ; Clock Skew ; Data Delay ;
+--------+-----------+-----------+--------------+-------------+--------------+------------+------------+
; -3.238 ; timer[8]  ; timer[26] ; clk          ; clk         ; 1.000        ; -0.074     ; 4.159      ;
; -3.238 ; timer[8]  ; timer[16] ; clk          ; clk         ; 1.000        ; -0.074     ; 4.159      ;
; -3.238 ; timer[8]  ; timer[17] ; clk          ; clk         ; 1.000        ; -0.074     ; 4.159      ;
; -3.238 ; timer[8]  ; timer[22] ; clk          ; clk         ; 1.000        ; -0.074     ; 4.159      ;
; -3.238 ; timer[8]  ; timer[27] ; clk          ; clk         ; 1.000        ; -0.074     ; 4.159      ;
; -3.238 ; timer[8]  ; timer[28] ; clk          ; clk         ; 1.000        ; -0.074     ; 4.159      ;
; -3.238 ; timer[8]  ; timer[30] ; clk          ; clk         ; 1.000        ; -0.074     ; 4.159      ;
; -3.227 ; timer[26] ; timer[26] ; clk          ; clk         ; 1.000        ; -0.064     ; 4.158      ;
; -3.227 ; timer[26] ; timer[16] ; clk          ; clk         ; 1.000        ; -0.064     ; 4.158      ;
; -3.227 ; timer[26] ; timer[17] ; clk          ; clk         ; 1.000        ; -0.064     ; 4.158      ;
; -3.227 ; timer[26] ; timer[22] ; clk          ; clk         ; 1.000        ; -0.064     ; 4.158      ;
; -3.227 ; timer[26] ; timer[27] ; clk          ; clk         ; 1.000        ; -0.064     ; 4.158      ;
; -3.227 ; timer[26] ; timer[28] ; clk          ; clk         ; 1.000        ; -0.064     ; 4.158      ;
; -3.227 ; timer[26] ; timer[30] ; clk          ; clk         ; 1.000        ; -0.064     ; 4.158      ;
; -3.219 ; timer[24] ; timer[26] ; clk          ; clk         ; 1.000        ; -0.422     ; 3.792      ;
; -3.219 ; timer[24] ; timer[16] ; clk          ; clk         ; 1.000        ; -0.422     ; 3.792      ;
; -3.219 ; timer[24] ; timer[17] ; clk          ; clk         ; 1.000        ; -0.422     ; 3.792      ;
; -3.219 ; timer[24] ; timer[22] ; clk          ; clk         ; 1.000        ; -0.422     ; 3.792      ;
; -3.219 ; timer[24] ; timer[27] ; clk          ; clk         ; 1.000        ; -0.422     ; 3.792      ;
; -3.219 ; timer[24] ; timer[28] ; clk          ; clk         ; 1.000        ; -0.422     ; 3.792      ;
; -3.219 ; timer[24] ; timer[30] ; clk          ; clk         ; 1.000        ; -0.422     ; 3.792      ;
; -3.202 ; timer[29] ; timer[26] ; clk          ; clk         ; 1.000        ; -0.422     ; 3.775      ;
; -3.202 ; timer[29] ; timer[16] ; clk          ; clk         ; 1.000        ; -0.422     ; 3.775      ;
; -3.202 ; timer[29] ; timer[17] ; clk          ; clk         ; 1.000        ; -0.422     ; 3.775      ;
; -3.202 ; timer[29] ; timer[22] ; clk          ; clk         ; 1.000        ; -0.422     ; 3.775      ;
; -3.202 ; timer[29] ; timer[27] ; clk          ; clk         ; 1.000        ; -0.422     ; 3.775      ;
; -3.202 ; timer[29] ; timer[28] ; clk          ; clk         ; 1.000        ; -0.422     ; 3.775      ;
; -3.202 ; timer[29] ; timer[30] ; clk          ; clk         ; 1.000        ; -0.422     ; 3.775      ;
; -3.191 ; timer[8]  ; timer[11] ; clk          ; clk         ; 1.000        ; -0.065     ; 4.121      ;
; -3.191 ; timer[8]  ; timer[12] ; clk          ; clk         ; 1.000        ; -0.065     ; 4.121      ;
; -3.191 ; timer[8]  ; timer[19] ; clk          ; clk         ; 1.000        ; -0.065     ; 4.121      ;
; -3.191 ; timer[8]  ; timer[23] ; clk          ; clk         ; 1.000        ; -0.065     ; 4.121      ;
; -3.180 ; timer[26] ; timer[11] ; clk          ; clk         ; 1.000        ; -0.055     ; 4.120      ;
; -3.180 ; timer[26] ; timer[12] ; clk          ; clk         ; 1.000        ; -0.055     ; 4.120      ;
; -3.180 ; timer[26] ; timer[19] ; clk          ; clk         ; 1.000        ; -0.055     ; 4.120      ;
; -3.180 ; timer[26] ; timer[23] ; clk          ; clk         ; 1.000        ; -0.055     ; 4.120      ;
; -3.172 ; timer[18] ; timer[26] ; clk          ; clk         ; 1.000        ; -0.422     ; 3.745      ;
; -3.172 ; timer[18] ; timer[16] ; clk          ; clk         ; 1.000        ; -0.422     ; 3.745      ;
; -3.172 ; timer[18] ; timer[17] ; clk          ; clk         ; 1.000        ; -0.422     ; 3.745      ;
; -3.172 ; timer[18] ; timer[22] ; clk          ; clk         ; 1.000        ; -0.422     ; 3.745      ;
; -3.172 ; timer[18] ; timer[27] ; clk          ; clk         ; 1.000        ; -0.422     ; 3.745      ;
; -3.172 ; timer[18] ; timer[28] ; clk          ; clk         ; 1.000        ; -0.422     ; 3.745      ;
; -3.172 ; timer[18] ; timer[30] ; clk          ; clk         ; 1.000        ; -0.422     ; 3.745      ;
; -3.162 ; timer[24] ; timer[11] ; clk          ; clk         ; 1.000        ; -0.413     ; 3.744      ;
; -3.162 ; timer[24] ; timer[12] ; clk          ; clk         ; 1.000        ; -0.413     ; 3.744      ;
; -3.162 ; timer[24] ; timer[19] ; clk          ; clk         ; 1.000        ; -0.413     ; 3.744      ;
; -3.162 ; timer[24] ; timer[23] ; clk          ; clk         ; 1.000        ; -0.413     ; 3.744      ;
; -3.155 ; timer[29] ; timer[11] ; clk          ; clk         ; 1.000        ; -0.413     ; 3.737      ;
; -3.155 ; timer[29] ; timer[12] ; clk          ; clk         ; 1.000        ; -0.413     ; 3.737      ;
; -3.155 ; timer[29] ; timer[19] ; clk          ; clk         ; 1.000        ; -0.413     ; 3.737      ;
; -3.155 ; timer[29] ; timer[23] ; clk          ; clk         ; 1.000        ; -0.413     ; 3.737      ;
; -3.130 ; timer[21] ; timer[26] ; clk          ; clk         ; 1.000        ; -0.430     ; 3.695      ;
; -3.130 ; timer[21] ; timer[16] ; clk          ; clk         ; 1.000        ; -0.430     ; 3.695      ;
; -3.130 ; timer[21] ; timer[17] ; clk          ; clk         ; 1.000        ; -0.430     ; 3.695      ;
; -3.130 ; timer[21] ; timer[22] ; clk          ; clk         ; 1.000        ; -0.430     ; 3.695      ;
; -3.130 ; timer[21] ; timer[27] ; clk          ; clk         ; 1.000        ; -0.430     ; 3.695      ;
; -3.130 ; timer[21] ; timer[28] ; clk          ; clk         ; 1.000        ; -0.430     ; 3.695      ;
; -3.130 ; timer[21] ; timer[30] ; clk          ; clk         ; 1.000        ; -0.430     ; 3.695      ;
; -3.125 ; timer[18] ; timer[11] ; clk          ; clk         ; 1.000        ; -0.413     ; 3.707      ;
; -3.125 ; timer[18] ; timer[12] ; clk          ; clk         ; 1.000        ; -0.413     ; 3.707      ;
; -3.125 ; timer[18] ; timer[19] ; clk          ; clk         ; 1.000        ; -0.413     ; 3.707      ;
; -3.125 ; timer[18] ; timer[23] ; clk          ; clk         ; 1.000        ; -0.413     ; 3.707      ;
; -3.119 ; timer[17] ; timer[26] ; clk          ; clk         ; 1.000        ; -0.064     ; 4.050      ;
; -3.119 ; timer[17] ; timer[16] ; clk          ; clk         ; 1.000        ; -0.064     ; 4.050      ;
; -3.119 ; timer[17] ; timer[17] ; clk          ; clk         ; 1.000        ; -0.064     ; 4.050      ;
; -3.119 ; timer[17] ; timer[22] ; clk          ; clk         ; 1.000        ; -0.064     ; 4.050      ;
; -3.119 ; timer[17] ; timer[27] ; clk          ; clk         ; 1.000        ; -0.064     ; 4.050      ;
; -3.119 ; timer[17] ; timer[28] ; clk          ; clk         ; 1.000        ; -0.064     ; 4.050      ;
; -3.119 ; timer[17] ; timer[30] ; clk          ; clk         ; 1.000        ; -0.064     ; 4.050      ;
; -3.116 ; timer[28] ; timer[26] ; clk          ; clk         ; 1.000        ; -0.064     ; 4.047      ;
; -3.116 ; timer[28] ; timer[16] ; clk          ; clk         ; 1.000        ; -0.064     ; 4.047      ;
; -3.116 ; timer[28] ; timer[17] ; clk          ; clk         ; 1.000        ; -0.064     ; 4.047      ;
; -3.116 ; timer[28] ; timer[22] ; clk          ; clk         ; 1.000        ; -0.064     ; 4.047      ;
; -3.116 ; timer[28] ; timer[27] ; clk          ; clk         ; 1.000        ; -0.064     ; 4.047      ;
; -3.116 ; timer[28] ; timer[28] ; clk          ; clk         ; 1.000        ; -0.064     ; 4.047      ;
; -3.116 ; timer[28] ; timer[30] ; clk          ; clk         ; 1.000        ; -0.064     ; 4.047      ;
; -3.100 ; timer[27] ; timer[26] ; clk          ; clk         ; 1.000        ; -0.064     ; 4.031      ;
; -3.100 ; timer[27] ; timer[16] ; clk          ; clk         ; 1.000        ; -0.064     ; 4.031      ;
; -3.100 ; timer[27] ; timer[17] ; clk          ; clk         ; 1.000        ; -0.064     ; 4.031      ;
; -3.100 ; timer[27] ; timer[22] ; clk          ; clk         ; 1.000        ; -0.064     ; 4.031      ;
; -3.100 ; timer[27] ; timer[27] ; clk          ; clk         ; 1.000        ; -0.064     ; 4.031      ;
; -3.100 ; timer[27] ; timer[28] ; clk          ; clk         ; 1.000        ; -0.064     ; 4.031      ;
; -3.100 ; timer[27] ; timer[30] ; clk          ; clk         ; 1.000        ; -0.064     ; 4.031      ;
; -3.094 ; timer[16] ; timer[26] ; clk          ; clk         ; 1.000        ; -0.064     ; 4.025      ;
; -3.094 ; timer[16] ; timer[16] ; clk          ; clk         ; 1.000        ; -0.064     ; 4.025      ;
; -3.094 ; timer[16] ; timer[17] ; clk          ; clk         ; 1.000        ; -0.064     ; 4.025      ;
; -3.094 ; timer[16] ; timer[22] ; clk          ; clk         ; 1.000        ; -0.064     ; 4.025      ;
; -3.094 ; timer[16] ; timer[27] ; clk          ; clk         ; 1.000        ; -0.064     ; 4.025      ;
; -3.094 ; timer[16] ; timer[28] ; clk          ; clk         ; 1.000        ; -0.064     ; 4.025      ;
; -3.094 ; timer[16] ; timer[30] ; clk          ; clk         ; 1.000        ; -0.064     ; 4.025      ;
; -3.092 ; timer[1]  ; timer[20] ; clk          ; clk         ; 1.000        ; -0.423     ; 3.664      ;
; -3.084 ; timer[22] ; timer[26] ; clk          ; clk         ; 1.000        ; -0.064     ; 4.015      ;
; -3.084 ; timer[22] ; timer[16] ; clk          ; clk         ; 1.000        ; -0.064     ; 4.015      ;
; -3.084 ; timer[22] ; timer[17] ; clk          ; clk         ; 1.000        ; -0.064     ; 4.015      ;
; -3.084 ; timer[22] ; timer[22] ; clk          ; clk         ; 1.000        ; -0.064     ; 4.015      ;
; -3.084 ; timer[22] ; timer[27] ; clk          ; clk         ; 1.000        ; -0.064     ; 4.015      ;
; -3.084 ; timer[22] ; timer[28] ; clk          ; clk         ; 1.000        ; -0.064     ; 4.015      ;
; -3.084 ; timer[22] ; timer[30] ; clk          ; clk         ; 1.000        ; -0.064     ; 4.015      ;
; -3.073 ; timer[21] ; timer[11] ; clk          ; clk         ; 1.000        ; -0.421     ; 3.647      ;
; -3.073 ; timer[21] ; timer[12] ; clk          ; clk         ; 1.000        ; -0.421     ; 3.647      ;
+--------+-----------+-----------+--------------+-------------+--------------+------------+------------+


+-----------------------------------------------------------------------------------------------------------------------------------------+
; Slow 1200mV 85C Model Hold: 'clk'                                                                                                       ;
+-------+-----------------------------+-----------------------------+--------------+-------------+--------------+------------+------------+
; Slack ; From Node                   ; To Node                     ; Launch Clock ; Latch Clock ; Relationship ; Clock Skew ; Data Delay ;
+-------+-----------------------------+-----------------------------+--------------+-------------+--------------+------------+------------+
; 0.355 ; right[1]~reg0               ; right[1]~reg0               ; clk          ; clk         ; 0.000        ; 0.065      ; 0.577      ;
; 0.355 ; current_state.RIGHT_200MS_2 ; current_state.RIGHT_200MS_2 ; clk          ; clk         ; 0.000        ; 0.065      ; 0.577      ;
; 0.355 ; current_state.FORWARD_2S_2  ; current_state.FORWARD_2S_2  ; clk          ; clk         ; 0.000        ; 0.065      ; 0.577      ;
; 0.355 ; current_state.RIGHT_200MS   ; current_state.RIGHT_200MS   ; clk          ; clk         ; 0.000        ; 0.065      ; 0.577      ;
; 0.355 ; current_state.FORWARD_2S_3  ; current_state.FORWARD_2S_3  ; clk          ; clk         ; 0.000        ; 0.065      ; 0.577      ;
; 0.355 ; current_state.RIGHT_200MS_3 ; current_state.RIGHT_200MS_3 ; clk          ; clk         ; 0.000        ; 0.065      ; 0.577      ;
; 0.355 ; current_state.RIGHT_200MS_4 ; current_state.RIGHT_200MS_4 ; clk          ; clk         ; 0.000        ; 0.065      ; 0.577      ;
; 0.355 ; current_state.FORWARD_2S_4  ; current_state.FORWARD_2S_4  ; clk          ; clk         ; 0.000        ; 0.065      ; 0.577      ;
; 0.355 ; current_state.stop          ; current_state.stop          ; clk          ; clk         ; 0.000        ; 0.065      ; 0.577      ;
; 0.355 ; current_state.FORWARD_2S    ; current_state.FORWARD_2S    ; clk          ; clk         ; 0.000        ; 0.065      ; 0.577      ;
; 0.356 ; right[0]~reg0               ; right[0]~reg0               ; clk          ; clk         ; 0.000        ; 0.064      ; 0.577      ;
; 0.385 ; current_state.FORWARD_2S_3  ; current_state.RIGHT_200MS_3 ; clk          ; clk         ; 0.000        ; 0.065      ; 0.607      ;
; 0.488 ; current_state.RIGHT_200MS_3 ; pwm_value[1]~reg0           ; clk          ; clk         ; 0.000        ; 0.065      ; 0.710      ;
; 0.488 ; timer[17]                   ; timer[18]                   ; clk          ; clk         ; 0.000        ; 0.422      ; 1.067      ;
; 0.504 ; timer[30]                   ; timer[31]                   ; clk          ; clk         ; 0.000        ; 0.422      ; 1.083      ;
; 0.505 ; timer[28]                   ; timer[29]                   ; clk          ; clk         ; 0.000        ; 0.422      ; 1.084      ;
; 0.505 ; timer[16]                   ; timer[18]                   ; clk          ; clk         ; 0.000        ; 0.422      ; 1.084      ;
; 0.506 ; timer[22]                   ; timer[24]                   ; clk          ; clk         ; 0.000        ; 0.422      ; 1.085      ;
; 0.537 ; timer[1]                    ; timer[1]                    ; clk          ; clk         ; 0.000        ; 0.079      ; 0.773      ;
; 0.537 ; timer[3]                    ; timer[3]                    ; clk          ; clk         ; 0.000        ; 0.079      ; 0.773      ;
; 0.538 ; timer[5]                    ; timer[5]                    ; clk          ; clk         ; 0.000        ; 0.079      ; 0.774      ;
; 0.539 ; timer[6]                    ; timer[6]                    ; clk          ; clk         ; 0.000        ; 0.079      ; 0.775      ;
; 0.540 ; timer[2]                    ; timer[2]                    ; clk          ; clk         ; 0.000        ; 0.079      ; 0.776      ;
; 0.540 ; timer[4]                    ; timer[4]                    ; clk          ; clk         ; 0.000        ; 0.079      ; 0.776      ;
; 0.558 ; timer[29]                   ; timer[29]                   ; clk          ; clk         ; 0.000        ; 0.079      ; 0.794      ;
; 0.559 ; timer[0]                    ; timer[0]                    ; clk          ; clk         ; 0.000        ; 0.079      ; 0.795      ;
; 0.559 ; timer[18]                   ; timer[18]                   ; clk          ; clk         ; 0.000        ; 0.079      ; 0.795      ;
; 0.559 ; timer[31]                   ; timer[31]                   ; clk          ; clk         ; 0.000        ; 0.079      ; 0.795      ;
; 0.572 ; timer[9]                    ; timer[9]                    ; clk          ; clk         ; 0.000        ; 0.065      ; 0.794      ;
; 0.572 ; timer[7]                    ; timer[7]                    ; clk          ; clk         ; 0.000        ; 0.065      ; 0.794      ;
; 0.572 ; timer[17]                   ; timer[17]                   ; clk          ; clk         ; 0.000        ; 0.064      ; 0.793      ;
; 0.574 ; timer[8]                    ; timer[8]                    ; clk          ; clk         ; 0.000        ; 0.065      ; 0.796      ;
; 0.574 ; timer[10]                   ; timer[10]                   ; clk          ; clk         ; 0.000        ; 0.065      ; 0.796      ;
; 0.574 ; timer[16]                   ; timer[16]                   ; clk          ; clk         ; 0.000        ; 0.064      ; 0.795      ;
; 0.574 ; timer[22]                   ; timer[22]                   ; clk          ; clk         ; 0.000        ; 0.064      ; 0.795      ;
; 0.574 ; timer[27]                   ; timer[27]                   ; clk          ; clk         ; 0.000        ; 0.064      ; 0.795      ;
; 0.575 ; timer[30]                   ; timer[30]                   ; clk          ; clk         ; 0.000        ; 0.064      ; 0.796      ;
; 0.576 ; timer[26]                   ; timer[26]                   ; clk          ; clk         ; 0.000        ; 0.064      ; 0.797      ;
; 0.576 ; timer[28]                   ; timer[28]                   ; clk          ; clk         ; 0.000        ; 0.064      ; 0.797      ;
; 0.579 ; current_state.FORWARD_2S    ; current_state.RIGHT_200MS   ; clk          ; clk         ; 0.000        ; 0.065      ; 0.801      ;
; 0.579 ; timer[24]                   ; timer[24]                   ; clk          ; clk         ; 0.000        ; 0.079      ; 0.815      ;
; 0.581 ; current_state.FORWARD_2S_2  ; current_state.RIGHT_200MS_2 ; clk          ; clk         ; 0.000        ; 0.065      ; 0.803      ;
; 0.581 ; current_state.FORWARD_2S_4  ; current_state.RIGHT_200MS_4 ; clk          ; clk         ; 0.000        ; 0.065      ; 0.803      ;
; 0.589 ; timer[13]                   ; timer[13]                   ; clk          ; clk         ; 0.000        ; 0.065      ; 0.811      ;
; 0.589 ; timer[15]                   ; timer[15]                   ; clk          ; clk         ; 0.000        ; 0.065      ; 0.811      ;
; 0.592 ; timer[14]                   ; timer[14]                   ; clk          ; clk         ; 0.000        ; 0.065      ; 0.814      ;
; 0.601 ; timer[27]                   ; timer[29]                   ; clk          ; clk         ; 0.000        ; 0.422      ; 1.180      ;
; 0.617 ; current_state.RIGHT_200MS_3 ; current_state.FORWARD_2S_4  ; clk          ; clk         ; 0.000        ; 0.065      ; 0.839      ;
; 0.617 ; timer[28]                   ; timer[31]                   ; clk          ; clk         ; 0.000        ; 0.422      ; 1.196      ;
; 0.617 ; timer[26]                   ; timer[29]                   ; clk          ; clk         ; 0.000        ; 0.422      ; 1.196      ;
; 0.618 ; current_state.RIGHT_200MS_2 ; current_state.FORWARD_2S_3  ; clk          ; clk         ; 0.000        ; 0.065      ; 0.840      ;
; 0.619 ; current_state.RIGHT_200MS_2 ; pwm_value[4]~reg0           ; clk          ; clk         ; 0.000        ; 0.065      ; 0.841      ;
; 0.621 ; current_state.RIGHT_200MS_4 ; current_state.stop          ; clk          ; clk         ; 0.000        ; 0.065      ; 0.843      ;
; 0.622 ; current_state.RIGHT_200MS_4 ; pwm_value[4]~reg0           ; clk          ; clk         ; 0.000        ; 0.065      ; 0.844      ;
; 0.628 ; timer[15]                   ; timer[18]                   ; clk          ; clk         ; 0.000        ; 0.413      ; 1.198      ;
; 0.632 ; current_state.IDLE          ; right[0]~reg0               ; clk          ; clk         ; 0.000        ; 0.064      ; 0.853      ;
; 0.645 ; timer[14]                   ; timer[18]                   ; clk          ; clk         ; 0.000        ; 0.413      ; 1.215      ;
; 0.653 ; current_state.stop          ; left[0]~reg0                ; clk          ; clk         ; 0.000        ; 0.055      ; 0.865      ;
; 0.663 ; current_state.RIGHT_200MS   ; pwm_value[1]~reg0           ; clk          ; clk         ; 0.000        ; 0.065      ; 0.885      ;
; 0.695 ; current_state.stop          ; pwm_value[3]~reg0           ; clk          ; clk         ; 0.000        ; 0.055      ; 0.907      ;
; 0.711 ; current_state.RIGHT_200MS_2 ; right[1]~reg0               ; clk          ; clk         ; 0.000        ; 0.065      ; 0.933      ;
; 0.713 ; timer[27]                   ; timer[31]                   ; clk          ; clk         ; 0.000        ; 0.422      ; 1.292      ;
; 0.729 ; timer[26]                   ; timer[31]                   ; clk          ; clk         ; 0.000        ; 0.422      ; 1.308      ;
; 0.740 ; timer[13]                   ; timer[18]                   ; clk          ; clk         ; 0.000        ; 0.413      ; 1.310      ;
; 0.755 ; current_state.RIGHT_200MS   ; current_state.FORWARD_2S_2  ; clk          ; clk         ; 0.000        ; 0.065      ; 0.977      ;
; 0.782 ; current_state.FORWARD_2S_4  ; pwm_value[4]~reg0           ; clk          ; clk         ; 0.000        ; 0.065      ; 1.004      ;
; 0.798 ; pwm_value[1]~reg0           ; pwm_value[1]~reg0           ; clk          ; clk         ; 0.000        ; 0.065      ; 1.020      ;
; 0.811 ; timer[1]                    ; timer[2]                    ; clk          ; clk         ; 0.000        ; 0.079      ; 1.047      ;
; 0.812 ; timer[3]                    ; timer[4]                    ; clk          ; clk         ; 0.000        ; 0.079      ; 1.048      ;
; 0.813 ; timer[5]                    ; timer[6]                    ; clk          ; clk         ; 0.000        ; 0.079      ; 1.049      ;
; 0.824 ; timer[17]                   ; timer[24]                   ; clk          ; clk         ; 0.000        ; 0.422      ; 1.403      ;
; 0.826 ; timer[0]                    ; timer[1]                    ; clk          ; clk         ; 0.000        ; 0.079      ; 1.062      ;
; 0.827 ; timer[2]                    ; timer[3]                    ; clk          ; clk         ; 0.000        ; 0.079      ; 1.063      ;
; 0.827 ; timer[4]                    ; timer[5]                    ; clk          ; clk         ; 0.000        ; 0.079      ; 1.063      ;
; 0.828 ; timer[0]                    ; timer[2]                    ; clk          ; clk         ; 0.000        ; 0.079      ; 1.064      ;
; 0.829 ; timer[2]                    ; timer[4]                    ; clk          ; clk         ; 0.000        ; 0.079      ; 1.065      ;
; 0.829 ; timer[4]                    ; timer[6]                    ; clk          ; clk         ; 0.000        ; 0.079      ; 1.065      ;
; 0.830 ; current_state.RIGHT_200MS   ; right[1]~reg0               ; clk          ; clk         ; 0.000        ; 0.065      ; 1.052      ;
; 0.840 ; timer[22]                   ; timer[29]                   ; clk          ; clk         ; 0.000        ; 0.422      ; 1.419      ;
; 0.841 ; timer[16]                   ; timer[24]                   ; clk          ; clk         ; 0.000        ; 0.422      ; 1.420      ;
; 0.846 ; timer[7]                    ; timer[8]                    ; clk          ; clk         ; 0.000        ; 0.065      ; 1.068      ;
; 0.846 ; timer[9]                    ; timer[10]                   ; clk          ; clk         ; 0.000        ; 0.065      ; 1.068      ;
; 0.849 ; timer[27]                   ; timer[28]                   ; clk          ; clk         ; 0.000        ; 0.064      ; 1.070      ;
; 0.851 ; timer[10]                   ; timer[18]                   ; clk          ; clk         ; 0.000        ; 0.413      ; 1.421      ;
; 0.861 ; timer[8]                    ; timer[9]                    ; clk          ; clk         ; 0.000        ; 0.065      ; 1.083      ;
; 0.861 ; timer[16]                   ; timer[17]                   ; clk          ; clk         ; 0.000        ; 0.064      ; 1.082      ;
; 0.861 ; current_state.FORWARD_2S_2  ; pwm_value[4]~reg0           ; clk          ; clk         ; 0.000        ; 0.065      ; 1.083      ;
; 0.863 ; timer[26]                   ; timer[27]                   ; clk          ; clk         ; 0.000        ; 0.064      ; 1.084      ;
; 0.863 ; timer[8]                    ; timer[10]                   ; clk          ; clk         ; 0.000        ; 0.065      ; 1.085      ;
; 0.864 ; timer[13]                   ; timer[14]                   ; clk          ; clk         ; 0.000        ; 0.065      ; 1.086      ;
; 0.865 ; timer[28]                   ; timer[30]                   ; clk          ; clk         ; 0.000        ; 0.064      ; 1.086      ;
; 0.865 ; timer[26]                   ; timer[28]                   ; clk          ; clk         ; 0.000        ; 0.064      ; 1.086      ;
; 0.867 ; current_state.FORWARD_2S    ; pwm_value[1]~reg0           ; clk          ; clk         ; 0.000        ; 0.065      ; 1.089      ;
; 0.872 ; current_state.FORWARD_2S_3  ; pwm_value[1]~reg0           ; clk          ; clk         ; 0.000        ; 0.065      ; 1.094      ;
; 0.874 ; timer[15]                   ; timer[16]                   ; clk          ; clk         ; 0.000        ; 0.055      ; 1.086      ;
; 0.879 ; timer[14]                   ; timer[15]                   ; clk          ; clk         ; 0.000        ; 0.065      ; 1.101      ;
; 0.887 ; timer[23]                   ; timer[24]                   ; clk          ; clk         ; 0.000        ; 0.413      ; 1.457      ;
; 0.889 ; timer[12]                   ; timer[18]                   ; clk          ; clk         ; 0.000        ; 0.413      ; 1.459      ;
; 0.891 ; timer[14]                   ; timer[16]                   ; clk          ; clk         ; 0.000        ; 0.055      ; 1.103      ;
; 0.921 ; timer[1]                    ; timer[3]                    ; clk          ; clk         ; 0.000        ; 0.079      ; 1.157      ;
+-------+-----------------------------+-----------------------------+--------------+-------------+--------------+------------+------------+


+-------------------------------------------------------------------------------------------------------------+
; Slow 1200mV 85C Model Minimum Pulse Width: 'clk'                                                            ;
+--------+--------------+----------------+-----------------+-------+------------+-----------------------------+
; Slack  ; Actual Width ; Required Width ; Type            ; Clock ; Clock Edge ; Target                      ;
+--------+--------------+----------------+-----------------+-------+------------+-----------------------------+
; -3.000 ; 1.000        ; 4.000          ; Port Rate       ; clk   ; Rise       ; clk                         ;
; -1.000 ; 1.000        ; 2.000          ; Min Period      ; clk   ; Rise       ; active~reg0                 ;
; -1.000 ; 1.000        ; 2.000          ; Min Period      ; clk   ; Rise       ; current_state.FORWARD_2S    ;
; -1.000 ; 1.000        ; 2.000          ; Min Period      ; clk   ; Rise       ; current_state.FORWARD_2S_2  ;
; -1.000 ; 1.000        ; 2.000          ; Min Period      ; clk   ; Rise       ; current_state.FORWARD_2S_3  ;
; -1.000 ; 1.000        ; 2.000          ; Min Period      ; clk   ; Rise       ; current_state.FORWARD_2S_4  ;
; -1.000 ; 1.000        ; 2.000          ; Min Period      ; clk   ; Rise       ; current_state.IDLE          ;
; -1.000 ; 1.000        ; 2.000          ; Min Period      ; clk   ; Rise       ; current_state.RIGHT_200MS   ;
; -1.000 ; 1.000        ; 2.000          ; Min Period      ; clk   ; Rise       ; current_state.RIGHT_200MS_2 ;
; -1.000 ; 1.000        ; 2.000          ; Min Period      ; clk   ; Rise       ; current_state.RIGHT_200MS_3 ;
; -1.000 ; 1.000        ; 2.000          ; Min Period      ; clk   ; Rise       ; current_state.RIGHT_200MS_4 ;
; -1.000 ; 1.000        ; 2.000          ; Min Period      ; clk   ; Rise       ; current_state.stop          ;
; -1.000 ; 1.000        ; 2.000          ; Min Period      ; clk   ; Rise       ; left[0]~reg0                ;
; -1.000 ; 1.000        ; 2.000          ; Min Period      ; clk   ; Rise       ; pwm_value[1]~reg0           ;
; -1.000 ; 1.000        ; 2.000          ; Min Period      ; clk   ; Rise       ; pwm_value[3]~reg0           ;
; -1.000 ; 1.000        ; 2.000          ; Min Period      ; clk   ; Rise       ; pwm_value[4]~reg0           ;
; -1.000 ; 1.000        ; 2.000          ; Min Period      ; clk   ; Rise       ; right[0]~reg0               ;
; -1.000 ; 1.000        ; 2.000          ; Min Period      ; clk   ; Rise       ; right[1]~reg0               ;
; -1.000 ; 1.000        ; 2.000          ; Min Period      ; clk   ; Rise       ; timer[0]                    ;
; -1.000 ; 1.000        ; 2.000          ; Min Period      ; clk   ; Rise       ; timer[10]                   ;
; -1.000 ; 1.000        ; 2.000          ; Min Period      ; clk   ; Rise       ; timer[11]                   ;
; -1.000 ; 1.000        ; 2.000          ; Min Period      ; clk   ; Rise       ; timer[12]                   ;
; -1.000 ; 1.000        ; 2.000          ; Min Period      ; clk   ; Rise       ; timer[13]                   ;
; -1.000 ; 1.000        ; 2.000          ; Min Period      ; clk   ; Rise       ; timer[14]                   ;
; -1.000 ; 1.000        ; 2.000          ; Min Period      ; clk   ; Rise       ; timer[15]                   ;
; -1.000 ; 1.000        ; 2.000          ; Min Period      ; clk   ; Rise       ; timer[16]                   ;
; -1.000 ; 1.000        ; 2.000          ; Min Period      ; clk   ; Rise       ; timer[17]                   ;
; -1.000 ; 1.000        ; 2.000          ; Min Period      ; clk   ; Rise       ; timer[18]                   ;
; -1.000 ; 1.000        ; 2.000          ; Min Period      ; clk   ; Rise       ; timer[19]                   ;
; -1.000 ; 1.000        ; 2.000          ; Min Period      ; clk   ; Rise       ; timer[1]                    ;
; -1.000 ; 1.000        ; 2.000          ; Min Period      ; clk   ; Rise       ; timer[20]                   ;
; -1.000 ; 1.000        ; 2.000          ; Min Period      ; clk   ; Rise       ; timer[21]                   ;
; -1.000 ; 1.000        ; 2.000          ; Min Period      ; clk   ; Rise       ; timer[22]                   ;
; -1.000 ; 1.000        ; 2.000          ; Min Period      ; clk   ; Rise       ; timer[23]                   ;
; -1.000 ; 1.000        ; 2.000          ; Min Period      ; clk   ; Rise       ; timer[24]                   ;
; -1.000 ; 1.000        ; 2.000          ; Min Period      ; clk   ; Rise       ; timer[25]                   ;
; -1.000 ; 1.000        ; 2.000          ; Min Period      ; clk   ; Rise       ; timer[26]                   ;
; -1.000 ; 1.000        ; 2.000          ; Min Period      ; clk   ; Rise       ; timer[27]                   ;
; -1.000 ; 1.000        ; 2.000          ; Min Period      ; clk   ; Rise       ; timer[28]                   ;
; -1.000 ; 1.000        ; 2.000          ; Min Period      ; clk   ; Rise       ; timer[29]                   ;
; -1.000 ; 1.000        ; 2.000          ; Min Period      ; clk   ; Rise       ; timer[2]                    ;
; -1.000 ; 1.000        ; 2.000          ; Min Period      ; clk   ; Rise       ; timer[30]                   ;
; -1.000 ; 1.000        ; 2.000          ; Min Period      ; clk   ; Rise       ; timer[31]                   ;
; -1.000 ; 1.000        ; 2.000          ; Min Period      ; clk   ; Rise       ; timer[3]                    ;
; -1.000 ; 1.000        ; 2.000          ; Min Period      ; clk   ; Rise       ; timer[4]                    ;
; -1.000 ; 1.000        ; 2.000          ; Min Period      ; clk   ; Rise       ; timer[5]                    ;
; -1.000 ; 1.000        ; 2.000          ; Min Period      ; clk   ; Rise       ; timer[6]                    ;
; -1.000 ; 1.000        ; 2.000          ; Min Period      ; clk   ; Rise       ; timer[7]                    ;
; -1.000 ; 1.000        ; 2.000          ; Min Period      ; clk   ; Rise       ; timer[8]                    ;
; -1.000 ; 1.000        ; 2.000          ; Min Period      ; clk   ; Rise       ; timer[9]                    ;
; 0.180  ; 0.364        ; 0.184          ; Low Pulse Width ; clk   ; Rise       ; timer[0]                    ;
; 0.180  ; 0.364        ; 0.184          ; Low Pulse Width ; clk   ; Rise       ; timer[1]                    ;
; 0.180  ; 0.364        ; 0.184          ; Low Pulse Width ; clk   ; Rise       ; timer[21]                   ;
; 0.180  ; 0.364        ; 0.184          ; Low Pulse Width ; clk   ; Rise       ; timer[2]                    ;
; 0.180  ; 0.364        ; 0.184          ; Low Pulse Width ; clk   ; Rise       ; timer[3]                    ;
; 0.180  ; 0.364        ; 0.184          ; Low Pulse Width ; clk   ; Rise       ; timer[4]                    ;
; 0.180  ; 0.364        ; 0.184          ; Low Pulse Width ; clk   ; Rise       ; timer[5]                    ;
; 0.180  ; 0.364        ; 0.184          ; Low Pulse Width ; clk   ; Rise       ; timer[6]                    ;
; 0.188  ; 0.372        ; 0.184          ; Low Pulse Width ; clk   ; Rise       ; timer[18]                   ;
; 0.188  ; 0.372        ; 0.184          ; Low Pulse Width ; clk   ; Rise       ; timer[24]                   ;
; 0.188  ; 0.372        ; 0.184          ; Low Pulse Width ; clk   ; Rise       ; timer[29]                   ;
; 0.188  ; 0.372        ; 0.184          ; Low Pulse Width ; clk   ; Rise       ; timer[31]                   ;
; 0.209  ; 0.393        ; 0.184          ; Low Pulse Width ; clk   ; Rise       ; current_state.FORWARD_2S    ;
; 0.209  ; 0.393        ; 0.184          ; Low Pulse Width ; clk   ; Rise       ; current_state.FORWARD_2S_2  ;
; 0.209  ; 0.393        ; 0.184          ; Low Pulse Width ; clk   ; Rise       ; current_state.FORWARD_2S_3  ;
; 0.209  ; 0.393        ; 0.184          ; Low Pulse Width ; clk   ; Rise       ; current_state.FORWARD_2S_4  ;
; 0.209  ; 0.393        ; 0.184          ; Low Pulse Width ; clk   ; Rise       ; current_state.RIGHT_200MS   ;
; 0.209  ; 0.393        ; 0.184          ; Low Pulse Width ; clk   ; Rise       ; current_state.RIGHT_200MS_2 ;
; 0.209  ; 0.393        ; 0.184          ; Low Pulse Width ; clk   ; Rise       ; current_state.RIGHT_200MS_3 ;
; 0.209  ; 0.393        ; 0.184          ; Low Pulse Width ; clk   ; Rise       ; current_state.RIGHT_200MS_4 ;
; 0.209  ; 0.393        ; 0.184          ; Low Pulse Width ; clk   ; Rise       ; current_state.stop          ;
; 0.209  ; 0.393        ; 0.184          ; Low Pulse Width ; clk   ; Rise       ; pwm_value[1]~reg0           ;
; 0.209  ; 0.393        ; 0.184          ; Low Pulse Width ; clk   ; Rise       ; pwm_value[4]~reg0           ;
; 0.209  ; 0.393        ; 0.184          ; Low Pulse Width ; clk   ; Rise       ; right[1]~reg0               ;
; 0.209  ; 0.393        ; 0.184          ; Low Pulse Width ; clk   ; Rise       ; timer[10]                   ;
; 0.209  ; 0.393        ; 0.184          ; Low Pulse Width ; clk   ; Rise       ; timer[11]                   ;
; 0.209  ; 0.393        ; 0.184          ; Low Pulse Width ; clk   ; Rise       ; timer[12]                   ;
; 0.209  ; 0.393        ; 0.184          ; Low Pulse Width ; clk   ; Rise       ; timer[13]                   ;
; 0.209  ; 0.393        ; 0.184          ; Low Pulse Width ; clk   ; Rise       ; timer[14]                   ;
; 0.209  ; 0.393        ; 0.184          ; Low Pulse Width ; clk   ; Rise       ; timer[15]                   ;
; 0.209  ; 0.393        ; 0.184          ; Low Pulse Width ; clk   ; Rise       ; timer[19]                   ;
; 0.209  ; 0.393        ; 0.184          ; Low Pulse Width ; clk   ; Rise       ; timer[20]                   ;
; 0.209  ; 0.393        ; 0.184          ; Low Pulse Width ; clk   ; Rise       ; timer[23]                   ;
; 0.209  ; 0.393        ; 0.184          ; Low Pulse Width ; clk   ; Rise       ; timer[25]                   ;
; 0.209  ; 0.393        ; 0.184          ; Low Pulse Width ; clk   ; Rise       ; timer[7]                    ;
; 0.209  ; 0.393        ; 0.184          ; Low Pulse Width ; clk   ; Rise       ; timer[8]                    ;
; 0.209  ; 0.393        ; 0.184          ; Low Pulse Width ; clk   ; Rise       ; timer[9]                    ;
; 0.217  ; 0.401        ; 0.184          ; Low Pulse Width ; clk   ; Rise       ; active~reg0                 ;
; 0.217  ; 0.401        ; 0.184          ; Low Pulse Width ; clk   ; Rise       ; current_state.IDLE          ;
; 0.217  ; 0.401        ; 0.184          ; Low Pulse Width ; clk   ; Rise       ; left[0]~reg0                ;
; 0.217  ; 0.401        ; 0.184          ; Low Pulse Width ; clk   ; Rise       ; pwm_value[3]~reg0           ;
; 0.217  ; 0.401        ; 0.184          ; Low Pulse Width ; clk   ; Rise       ; right[0]~reg0               ;
; 0.217  ; 0.401        ; 0.184          ; Low Pulse Width ; clk   ; Rise       ; timer[16]                   ;
; 0.217  ; 0.401        ; 0.184          ; Low Pulse Width ; clk   ; Rise       ; timer[17]                   ;
; 0.217  ; 0.401        ; 0.184          ; Low Pulse Width ; clk   ; Rise       ; timer[22]                   ;
; 0.217  ; 0.401        ; 0.184          ; Low Pulse Width ; clk   ; Rise       ; timer[26]                   ;
; 0.217  ; 0.401        ; 0.184          ; Low Pulse Width ; clk   ; Rise       ; timer[27]                   ;
; 0.217  ; 0.401        ; 0.184          ; Low Pulse Width ; clk   ; Rise       ; timer[28]                   ;
; 0.217  ; 0.401        ; 0.184          ; Low Pulse Width ; clk   ; Rise       ; timer[30]                   ;
; 0.326  ; 0.326        ; 0.000          ; Low Pulse Width ; clk   ; Rise       ; clk~input|o                 ;
+--------+--------------+----------------+-----------------+-------+------------+-----------------------------+


+-----------------------------------------------------------------------+
; Setup Times                                                           ;
+-----------+------------+-------+-------+------------+-----------------+
; Data Port ; Clock Port ; Rise  ; Fall  ; Clock Edge ; Clock Reference ;
+-----------+------------+-------+-------+------------+-----------------+
; mode[*]   ; clk        ; 3.585 ; 4.067 ; Rise       ; clk             ;
;  mode[0]  ; clk        ; 3.472 ; 3.881 ; Rise       ; clk             ;
;  mode[1]  ; clk        ; 3.585 ; 4.067 ; Rise       ; clk             ;
+-----------+------------+-------+-------+------------+-----------------+


+-------------------------------------------------------------------------+
; Hold Times                                                              ;
+-----------+------------+--------+--------+------------+-----------------+
; Data Port ; Clock Port ; Rise   ; Fall   ; Clock Edge ; Clock Reference ;
+-----------+------------+--------+--------+------------+-----------------+
; mode[*]   ; clk        ; -2.235 ; -2.679 ; Rise       ; clk             ;
;  mode[0]  ; clk        ; -2.235 ; -2.679 ; Rise       ; clk             ;
;  mode[1]  ; clk        ; -2.390 ; -2.809 ; Rise       ; clk             ;
+-----------+------------+--------+--------+------------+-----------------+


+---------------------------------------------------------------------------+
; Clock to Output Times                                                     ;
+---------------+------------+-------+-------+------------+-----------------+
; Data Port     ; Clock Port ; Rise  ; Fall  ; Clock Edge ; Clock Reference ;
+---------------+------------+-------+-------+------------+-----------------+
; active        ; clk        ; 6.374 ; 6.340 ; Rise       ; clk             ;
; left[*]       ; clk        ; 6.422 ; 6.391 ; Rise       ; clk             ;
;  left[0]      ; clk        ; 6.422 ; 6.391 ; Rise       ; clk             ;
; pwm_value[*]  ; clk        ; 7.559 ; 7.516 ; Rise       ; clk             ;
;  pwm_value[1] ; clk        ; 7.559 ; 7.516 ; Rise       ; clk             ;
;  pwm_value[2] ; clk        ; 6.651 ; 6.663 ; Rise       ; clk             ;
;  pwm_value[3] ; clk        ; 6.939 ; 6.907 ; Rise       ; clk             ;
;  pwm_value[4] ; clk        ; 5.999 ; 5.938 ; Rise       ; clk             ;
;  pwm_value[5] ; clk        ; 6.298 ; 6.309 ; Rise       ; clk             ;
;  pwm_value[6] ; clk        ; 6.949 ; 6.917 ; Rise       ; clk             ;
; right[*]      ; clk        ; 6.799 ; 6.800 ; Rise       ; clk             ;
;  right[0]     ; clk        ; 6.657 ; 6.646 ; Rise       ; clk             ;
;  right[1]     ; clk        ; 6.799 ; 6.800 ; Rise       ; clk             ;
+---------------+------------+-------+-------+------------+-----------------+


+---------------------------------------------------------------------------+
; Minimum Clock to Output Times                                             ;
+---------------+------------+-------+-------+------------+-----------------+
; Data Port     ; Clock Port ; Rise  ; Fall  ; Clock Edge ; Clock Reference ;
+---------------+------------+-------+-------+------------+-----------------+
; active        ; clk        ; 6.166 ; 6.130 ; Rise       ; clk             ;
; left[*]       ; clk        ; 6.212 ; 6.179 ; Rise       ; clk             ;
;  left[0]      ; clk        ; 6.212 ; 6.179 ; Rise       ; clk             ;
; pwm_value[*]  ; clk        ; 5.798 ; 5.736 ; Rise       ; clk             ;
;  pwm_value[1] ; clk        ; 7.334 ; 7.294 ; Rise       ; clk             ;
;  pwm_value[2] ; clk        ; 6.426 ; 6.441 ; Rise       ; clk             ;
;  pwm_value[3] ; clk        ; 6.705 ; 6.677 ; Rise       ; clk             ;
;  pwm_value[4] ; clk        ; 5.798 ; 5.736 ; Rise       ; clk             ;
;  pwm_value[5] ; clk        ; 6.091 ; 6.105 ; Rise       ; clk             ;
;  pwm_value[6] ; clk        ; 6.715 ; 6.687 ; Rise       ; clk             ;
; right[*]      ; clk        ; 6.440 ; 6.426 ; Rise       ; clk             ;
;  right[0]     ; clk        ; 6.440 ; 6.426 ; Rise       ; clk             ;
;  right[1]     ; clk        ; 6.600 ; 6.599 ; Rise       ; clk             ;
+---------------+------------+-------+-------+------------+-----------------+


----------------------------------------------
; Slow 1200mV 85C Model Metastability Report ;
----------------------------------------------
No synchronizer chains to report.


+----------------------------------------------------------------------------------------------------------+
; Slow 1200mV 0C Model Fmax Summary                                                                        ;
+-----------+-----------------+------------+---------------------------------------------------------------+
; Fmax      ; Restricted Fmax ; Clock Name ; Note                                                          ;
+-----------+-----------------+------------+---------------------------------------------------------------+
; 258.8 MHz ; 250.0 MHz       ; clk        ; limit due to minimum period restriction (max I/O toggle rate) ;
+-----------+-----------------+------------+---------------------------------------------------------------+
This panel reports FMAX for every clock in the design, regardless of the user-specified clock periods.  FMAX is only computed for paths where the source and destination registers or ports are driven by the same clock.  Paths of different clocks, including generated clocks, are ignored.  For paths between a clock and its inversion, FMAX is computed as if the rising and falling edges are scaled along with FMAX, such that the duty cycle (in terms of a percentage) is maintained. Altera recommends that you always use clock constraints and other slack reports for sign-off analysis.


+------------------------------------+
; Slow 1200mV 0C Model Setup Summary ;
+-------+--------+-------------------+
; Clock ; Slack  ; End Point TNS     ;
+-------+--------+-------------------+
; clk   ; -2.864 ; -107.741          ;
+-------+--------+-------------------+


+-----------------------------------+
; Slow 1200mV 0C Model Hold Summary ;
+-------+-------+-------------------+
; Clock ; Slack ; End Point TNS     ;
+-------+-------+-------------------+
; clk   ; 0.310 ; 0.000             ;
+-------+-------+-------------------+


-----------------------------------------
; Slow 1200mV 0C Model Recovery Summary ;
-----------------------------------------
No paths to report.


----------------------------------------
; Slow 1200mV 0C Model Removal Summary ;
----------------------------------------
No paths to report.


+--------------------------------------------------+
; Slow 1200mV 0C Model Minimum Pulse Width Summary ;
+-------+--------+---------------------------------+
; Clock ; Slack  ; End Point TNS                   ;
+-------+--------+---------------------------------+
; clk   ; -3.000 ; -52.000                         ;
+-------+--------+---------------------------------+


+------------------------------------------------------------------------------------------------------+
; Slow 1200mV 0C Model Setup: 'clk'                                                                    ;
+--------+-----------+-----------+--------------+-------------+--------------+------------+------------+
; Slack  ; From Node ; To Node   ; Launch Clock ; Latch Clock ; Relationship ; Clock Skew ; Data Delay ;
+--------+-----------+-----------+--------------+-------------+--------------+------------+------------+
; -2.864 ; timer[8]  ; timer[26] ; clk          ; clk         ; 1.000        ; -0.068     ; 3.791      ;
; -2.864 ; timer[8]  ; timer[16] ; clk          ; clk         ; 1.000        ; -0.068     ; 3.791      ;
; -2.864 ; timer[8]  ; timer[17] ; clk          ; clk         ; 1.000        ; -0.068     ; 3.791      ;
; -2.864 ; timer[8]  ; timer[22] ; clk          ; clk         ; 1.000        ; -0.068     ; 3.791      ;
; -2.864 ; timer[8]  ; timer[27] ; clk          ; clk         ; 1.000        ; -0.068     ; 3.791      ;
; -2.864 ; timer[8]  ; timer[28] ; clk          ; clk         ; 1.000        ; -0.068     ; 3.791      ;
; -2.864 ; timer[8]  ; timer[30] ; clk          ; clk         ; 1.000        ; -0.068     ; 3.791      ;
; -2.821 ; timer[26] ; timer[26] ; clk          ; clk         ; 1.000        ; -0.057     ; 3.759      ;
; -2.821 ; timer[26] ; timer[16] ; clk          ; clk         ; 1.000        ; -0.057     ; 3.759      ;
; -2.821 ; timer[26] ; timer[17] ; clk          ; clk         ; 1.000        ; -0.057     ; 3.759      ;
; -2.821 ; timer[26] ; timer[22] ; clk          ; clk         ; 1.000        ; -0.057     ; 3.759      ;
; -2.821 ; timer[26] ; timer[27] ; clk          ; clk         ; 1.000        ; -0.057     ; 3.759      ;
; -2.821 ; timer[26] ; timer[28] ; clk          ; clk         ; 1.000        ; -0.057     ; 3.759      ;
; -2.821 ; timer[26] ; timer[30] ; clk          ; clk         ; 1.000        ; -0.057     ; 3.759      ;
; -2.817 ; timer[8]  ; timer[11] ; clk          ; clk         ; 1.000        ; -0.057     ; 3.755      ;
; -2.817 ; timer[8]  ; timer[12] ; clk          ; clk         ; 1.000        ; -0.057     ; 3.755      ;
; -2.817 ; timer[8]  ; timer[19] ; clk          ; clk         ; 1.000        ; -0.057     ; 3.755      ;
; -2.817 ; timer[8]  ; timer[23] ; clk          ; clk         ; 1.000        ; -0.057     ; 3.755      ;
; -2.814 ; timer[24] ; timer[26] ; clk          ; clk         ; 1.000        ; -0.385     ; 3.424      ;
; -2.814 ; timer[24] ; timer[16] ; clk          ; clk         ; 1.000        ; -0.385     ; 3.424      ;
; -2.814 ; timer[24] ; timer[17] ; clk          ; clk         ; 1.000        ; -0.385     ; 3.424      ;
; -2.814 ; timer[24] ; timer[22] ; clk          ; clk         ; 1.000        ; -0.385     ; 3.424      ;
; -2.814 ; timer[24] ; timer[27] ; clk          ; clk         ; 1.000        ; -0.385     ; 3.424      ;
; -2.814 ; timer[24] ; timer[28] ; clk          ; clk         ; 1.000        ; -0.385     ; 3.424      ;
; -2.814 ; timer[24] ; timer[30] ; clk          ; clk         ; 1.000        ; -0.385     ; 3.424      ;
; -2.808 ; timer[29] ; timer[26] ; clk          ; clk         ; 1.000        ; -0.385     ; 3.418      ;
; -2.808 ; timer[29] ; timer[16] ; clk          ; clk         ; 1.000        ; -0.385     ; 3.418      ;
; -2.808 ; timer[29] ; timer[17] ; clk          ; clk         ; 1.000        ; -0.385     ; 3.418      ;
; -2.808 ; timer[29] ; timer[22] ; clk          ; clk         ; 1.000        ; -0.385     ; 3.418      ;
; -2.808 ; timer[29] ; timer[27] ; clk          ; clk         ; 1.000        ; -0.385     ; 3.418      ;
; -2.808 ; timer[29] ; timer[28] ; clk          ; clk         ; 1.000        ; -0.385     ; 3.418      ;
; -2.808 ; timer[29] ; timer[30] ; clk          ; clk         ; 1.000        ; -0.385     ; 3.418      ;
; -2.779 ; timer[18] ; timer[26] ; clk          ; clk         ; 1.000        ; -0.385     ; 3.389      ;
; -2.779 ; timer[18] ; timer[16] ; clk          ; clk         ; 1.000        ; -0.385     ; 3.389      ;
; -2.779 ; timer[18] ; timer[17] ; clk          ; clk         ; 1.000        ; -0.385     ; 3.389      ;
; -2.779 ; timer[18] ; timer[22] ; clk          ; clk         ; 1.000        ; -0.385     ; 3.389      ;
; -2.779 ; timer[18] ; timer[27] ; clk          ; clk         ; 1.000        ; -0.385     ; 3.389      ;
; -2.779 ; timer[18] ; timer[28] ; clk          ; clk         ; 1.000        ; -0.385     ; 3.389      ;
; -2.779 ; timer[18] ; timer[30] ; clk          ; clk         ; 1.000        ; -0.385     ; 3.389      ;
; -2.774 ; timer[26] ; timer[11] ; clk          ; clk         ; 1.000        ; -0.046     ; 3.723      ;
; -2.774 ; timer[26] ; timer[12] ; clk          ; clk         ; 1.000        ; -0.046     ; 3.723      ;
; -2.774 ; timer[26] ; timer[19] ; clk          ; clk         ; 1.000        ; -0.046     ; 3.723      ;
; -2.774 ; timer[26] ; timer[23] ; clk          ; clk         ; 1.000        ; -0.046     ; 3.723      ;
; -2.763 ; timer[24] ; timer[11] ; clk          ; clk         ; 1.000        ; -0.374     ; 3.384      ;
; -2.763 ; timer[24] ; timer[12] ; clk          ; clk         ; 1.000        ; -0.374     ; 3.384      ;
; -2.763 ; timer[24] ; timer[19] ; clk          ; clk         ; 1.000        ; -0.374     ; 3.384      ;
; -2.763 ; timer[24] ; timer[23] ; clk          ; clk         ; 1.000        ; -0.374     ; 3.384      ;
; -2.761 ; timer[29] ; timer[11] ; clk          ; clk         ; 1.000        ; -0.374     ; 3.382      ;
; -2.761 ; timer[29] ; timer[12] ; clk          ; clk         ; 1.000        ; -0.374     ; 3.382      ;
; -2.761 ; timer[29] ; timer[19] ; clk          ; clk         ; 1.000        ; -0.374     ; 3.382      ;
; -2.761 ; timer[29] ; timer[23] ; clk          ; clk         ; 1.000        ; -0.374     ; 3.382      ;
; -2.738 ; timer[21] ; timer[26] ; clk          ; clk         ; 1.000        ; -0.395     ; 3.338      ;
; -2.738 ; timer[21] ; timer[16] ; clk          ; clk         ; 1.000        ; -0.395     ; 3.338      ;
; -2.738 ; timer[21] ; timer[17] ; clk          ; clk         ; 1.000        ; -0.395     ; 3.338      ;
; -2.738 ; timer[21] ; timer[22] ; clk          ; clk         ; 1.000        ; -0.395     ; 3.338      ;
; -2.738 ; timer[21] ; timer[27] ; clk          ; clk         ; 1.000        ; -0.395     ; 3.338      ;
; -2.738 ; timer[21] ; timer[28] ; clk          ; clk         ; 1.000        ; -0.395     ; 3.338      ;
; -2.738 ; timer[21] ; timer[30] ; clk          ; clk         ; 1.000        ; -0.395     ; 3.338      ;
; -2.732 ; timer[18] ; timer[11] ; clk          ; clk         ; 1.000        ; -0.374     ; 3.353      ;
; -2.732 ; timer[18] ; timer[12] ; clk          ; clk         ; 1.000        ; -0.374     ; 3.353      ;
; -2.732 ; timer[18] ; timer[19] ; clk          ; clk         ; 1.000        ; -0.374     ; 3.353      ;
; -2.732 ; timer[18] ; timer[23] ; clk          ; clk         ; 1.000        ; -0.374     ; 3.353      ;
; -2.726 ; timer[28] ; timer[26] ; clk          ; clk         ; 1.000        ; -0.057     ; 3.664      ;
; -2.726 ; timer[28] ; timer[16] ; clk          ; clk         ; 1.000        ; -0.057     ; 3.664      ;
; -2.726 ; timer[28] ; timer[17] ; clk          ; clk         ; 1.000        ; -0.057     ; 3.664      ;
; -2.726 ; timer[28] ; timer[22] ; clk          ; clk         ; 1.000        ; -0.057     ; 3.664      ;
; -2.726 ; timer[28] ; timer[27] ; clk          ; clk         ; 1.000        ; -0.057     ; 3.664      ;
; -2.726 ; timer[28] ; timer[28] ; clk          ; clk         ; 1.000        ; -0.057     ; 3.664      ;
; -2.726 ; timer[28] ; timer[30] ; clk          ; clk         ; 1.000        ; -0.057     ; 3.664      ;
; -2.726 ; timer[17] ; timer[26] ; clk          ; clk         ; 1.000        ; -0.057     ; 3.664      ;
; -2.726 ; timer[17] ; timer[16] ; clk          ; clk         ; 1.000        ; -0.057     ; 3.664      ;
; -2.726 ; timer[17] ; timer[17] ; clk          ; clk         ; 1.000        ; -0.057     ; 3.664      ;
; -2.726 ; timer[17] ; timer[22] ; clk          ; clk         ; 1.000        ; -0.057     ; 3.664      ;
; -2.726 ; timer[17] ; timer[27] ; clk          ; clk         ; 1.000        ; -0.057     ; 3.664      ;
; -2.726 ; timer[17] ; timer[28] ; clk          ; clk         ; 1.000        ; -0.057     ; 3.664      ;
; -2.726 ; timer[17] ; timer[30] ; clk          ; clk         ; 1.000        ; -0.057     ; 3.664      ;
; -2.710 ; timer[27] ; timer[26] ; clk          ; clk         ; 1.000        ; -0.057     ; 3.648      ;
; -2.710 ; timer[27] ; timer[16] ; clk          ; clk         ; 1.000        ; -0.057     ; 3.648      ;
; -2.710 ; timer[27] ; timer[17] ; clk          ; clk         ; 1.000        ; -0.057     ; 3.648      ;
; -2.710 ; timer[27] ; timer[22] ; clk          ; clk         ; 1.000        ; -0.057     ; 3.648      ;
; -2.710 ; timer[27] ; timer[27] ; clk          ; clk         ; 1.000        ; -0.057     ; 3.648      ;
; -2.710 ; timer[27] ; timer[28] ; clk          ; clk         ; 1.000        ; -0.057     ; 3.648      ;
; -2.710 ; timer[27] ; timer[30] ; clk          ; clk         ; 1.000        ; -0.057     ; 3.648      ;
; -2.705 ; timer[16] ; timer[26] ; clk          ; clk         ; 1.000        ; -0.057     ; 3.643      ;
; -2.705 ; timer[16] ; timer[16] ; clk          ; clk         ; 1.000        ; -0.057     ; 3.643      ;
; -2.705 ; timer[16] ; timer[17] ; clk          ; clk         ; 1.000        ; -0.057     ; 3.643      ;
; -2.705 ; timer[16] ; timer[22] ; clk          ; clk         ; 1.000        ; -0.057     ; 3.643      ;
; -2.705 ; timer[16] ; timer[27] ; clk          ; clk         ; 1.000        ; -0.057     ; 3.643      ;
; -2.705 ; timer[16] ; timer[28] ; clk          ; clk         ; 1.000        ; -0.057     ; 3.643      ;
; -2.705 ; timer[16] ; timer[30] ; clk          ; clk         ; 1.000        ; -0.057     ; 3.643      ;
; -2.701 ; timer[7]  ; timer[26] ; clk          ; clk         ; 1.000        ; -0.068     ; 3.628      ;
; -2.701 ; timer[7]  ; timer[16] ; clk          ; clk         ; 1.000        ; -0.068     ; 3.628      ;
; -2.701 ; timer[7]  ; timer[17] ; clk          ; clk         ; 1.000        ; -0.068     ; 3.628      ;
; -2.701 ; timer[7]  ; timer[22] ; clk          ; clk         ; 1.000        ; -0.068     ; 3.628      ;
; -2.701 ; timer[7]  ; timer[27] ; clk          ; clk         ; 1.000        ; -0.068     ; 3.628      ;
; -2.701 ; timer[7]  ; timer[28] ; clk          ; clk         ; 1.000        ; -0.068     ; 3.628      ;
; -2.701 ; timer[7]  ; timer[30] ; clk          ; clk         ; 1.000        ; -0.068     ; 3.628      ;
; -2.695 ; timer[22] ; timer[26] ; clk          ; clk         ; 1.000        ; -0.057     ; 3.633      ;
; -2.695 ; timer[22] ; timer[16] ; clk          ; clk         ; 1.000        ; -0.057     ; 3.633      ;
; -2.695 ; timer[22] ; timer[17] ; clk          ; clk         ; 1.000        ; -0.057     ; 3.633      ;
+--------+-----------+-----------+--------------+-------------+--------------+------------+------------+


+-----------------------------------------------------------------------------------------------------------------------------------------+
; Slow 1200mV 0C Model Hold: 'clk'                                                                                                        ;
+-------+-----------------------------+-----------------------------+--------------+-------------+--------------+------------+------------+
; Slack ; From Node                   ; To Node                     ; Launch Clock ; Latch Clock ; Relationship ; Clock Skew ; Data Delay ;
+-------+-----------------------------+-----------------------------+--------------+-------------+--------------+------------+------------+
; 0.310 ; right[1]~reg0               ; right[1]~reg0               ; clk          ; clk         ; 0.000        ; 0.057      ; 0.511      ;
; 0.310 ; right[0]~reg0               ; right[0]~reg0               ; clk          ; clk         ; 0.000        ; 0.057      ; 0.511      ;
; 0.310 ; current_state.RIGHT_200MS_2 ; current_state.RIGHT_200MS_2 ; clk          ; clk         ; 0.000        ; 0.057      ; 0.511      ;
; 0.310 ; current_state.FORWARD_2S_2  ; current_state.FORWARD_2S_2  ; clk          ; clk         ; 0.000        ; 0.057      ; 0.511      ;
; 0.310 ; current_state.RIGHT_200MS   ; current_state.RIGHT_200MS   ; clk          ; clk         ; 0.000        ; 0.057      ; 0.511      ;
; 0.310 ; current_state.FORWARD_2S_3  ; current_state.FORWARD_2S_3  ; clk          ; clk         ; 0.000        ; 0.057      ; 0.511      ;
; 0.310 ; current_state.RIGHT_200MS_3 ; current_state.RIGHT_200MS_3 ; clk          ; clk         ; 0.000        ; 0.057      ; 0.511      ;
; 0.310 ; current_state.RIGHT_200MS_4 ; current_state.RIGHT_200MS_4 ; clk          ; clk         ; 0.000        ; 0.057      ; 0.511      ;
; 0.310 ; current_state.FORWARD_2S_4  ; current_state.FORWARD_2S_4  ; clk          ; clk         ; 0.000        ; 0.057      ; 0.511      ;
; 0.310 ; current_state.stop          ; current_state.stop          ; clk          ; clk         ; 0.000        ; 0.057      ; 0.511      ;
; 0.310 ; current_state.FORWARD_2S    ; current_state.FORWARD_2S    ; clk          ; clk         ; 0.000        ; 0.057      ; 0.511      ;
; 0.350 ; current_state.FORWARD_2S_3  ; current_state.RIGHT_200MS_3 ; clk          ; clk         ; 0.000        ; 0.057      ; 0.551      ;
; 0.433 ; timer[17]                   ; timer[18]                   ; clk          ; clk         ; 0.000        ; 0.385      ; 0.962      ;
; 0.437 ; current_state.RIGHT_200MS_3 ; pwm_value[1]~reg0           ; clk          ; clk         ; 0.000        ; 0.057      ; 0.638      ;
; 0.440 ; timer[30]                   ; timer[31]                   ; clk          ; clk         ; 0.000        ; 0.385      ; 0.969      ;
; 0.441 ; timer[28]                   ; timer[29]                   ; clk          ; clk         ; 0.000        ; 0.385      ; 0.970      ;
; 0.445 ; timer[16]                   ; timer[18]                   ; clk          ; clk         ; 0.000        ; 0.385      ; 0.974      ;
; 0.446 ; timer[22]                   ; timer[24]                   ; clk          ; clk         ; 0.000        ; 0.385      ; 0.975      ;
; 0.485 ; timer[1]                    ; timer[1]                    ; clk          ; clk         ; 0.000        ; 0.070      ; 0.699      ;
; 0.485 ; timer[3]                    ; timer[3]                    ; clk          ; clk         ; 0.000        ; 0.070      ; 0.699      ;
; 0.486 ; timer[5]                    ; timer[5]                    ; clk          ; clk         ; 0.000        ; 0.070      ; 0.700      ;
; 0.487 ; timer[2]                    ; timer[2]                    ; clk          ; clk         ; 0.000        ; 0.070      ; 0.701      ;
; 0.487 ; timer[6]                    ; timer[6]                    ; clk          ; clk         ; 0.000        ; 0.070      ; 0.701      ;
; 0.488 ; timer[4]                    ; timer[4]                    ; clk          ; clk         ; 0.000        ; 0.070      ; 0.702      ;
; 0.503 ; timer[0]                    ; timer[0]                    ; clk          ; clk         ; 0.000        ; 0.070      ; 0.717      ;
; 0.504 ; timer[31]                   ; timer[31]                   ; clk          ; clk         ; 0.000        ; 0.070      ; 0.718      ;
; 0.504 ; timer[29]                   ; timer[29]                   ; clk          ; clk         ; 0.000        ; 0.070      ; 0.718      ;
; 0.505 ; timer[18]                   ; timer[18]                   ; clk          ; clk         ; 0.000        ; 0.070      ; 0.719      ;
; 0.516 ; timer[9]                    ; timer[9]                    ; clk          ; clk         ; 0.000        ; 0.058      ; 0.718      ;
; 0.516 ; timer[7]                    ; timer[7]                    ; clk          ; clk         ; 0.000        ; 0.058      ; 0.718      ;
; 0.516 ; timer[17]                   ; timer[17]                   ; clk          ; clk         ; 0.000        ; 0.057      ; 0.717      ;
; 0.517 ; timer[16]                   ; timer[16]                   ; clk          ; clk         ; 0.000        ; 0.057      ; 0.718      ;
; 0.517 ; timer[27]                   ; timer[27]                   ; clk          ; clk         ; 0.000        ; 0.057      ; 0.718      ;
; 0.518 ; timer[8]                    ; timer[8]                    ; clk          ; clk         ; 0.000        ; 0.058      ; 0.720      ;
; 0.518 ; timer[10]                   ; timer[10]                   ; clk          ; clk         ; 0.000        ; 0.058      ; 0.720      ;
; 0.518 ; timer[22]                   ; timer[22]                   ; clk          ; clk         ; 0.000        ; 0.057      ; 0.719      ;
; 0.519 ; timer[30]                   ; timer[30]                   ; clk          ; clk         ; 0.000        ; 0.057      ; 0.720      ;
; 0.520 ; timer[26]                   ; timer[26]                   ; clk          ; clk         ; 0.000        ; 0.057      ; 0.721      ;
; 0.520 ; timer[28]                   ; timer[28]                   ; clk          ; clk         ; 0.000        ; 0.057      ; 0.721      ;
; 0.522 ; timer[27]                   ; timer[29]                   ; clk          ; clk         ; 0.000        ; 0.385      ; 1.051      ;
; 0.524 ; timer[24]                   ; timer[24]                   ; clk          ; clk         ; 0.000        ; 0.070      ; 0.738      ;
; 0.526 ; current_state.FORWARD_2S    ; current_state.RIGHT_200MS   ; clk          ; clk         ; 0.000        ; 0.057      ; 0.727      ;
; 0.527 ; current_state.FORWARD_2S_4  ; current_state.RIGHT_200MS_4 ; clk          ; clk         ; 0.000        ; 0.057      ; 0.728      ;
; 0.528 ; current_state.FORWARD_2S_2  ; current_state.RIGHT_200MS_2 ; clk          ; clk         ; 0.000        ; 0.057      ; 0.729      ;
; 0.531 ; timer[15]                   ; timer[15]                   ; clk          ; clk         ; 0.000        ; 0.058      ; 0.733      ;
; 0.532 ; timer[13]                   ; timer[13]                   ; clk          ; clk         ; 0.000        ; 0.058      ; 0.734      ;
; 0.534 ; timer[14]                   ; timer[14]                   ; clk          ; clk         ; 0.000        ; 0.058      ; 0.736      ;
; 0.537 ; timer[28]                   ; timer[31]                   ; clk          ; clk         ; 0.000        ; 0.385      ; 1.066      ;
; 0.537 ; timer[26]                   ; timer[29]                   ; clk          ; clk         ; 0.000        ; 0.385      ; 1.066      ;
; 0.554 ; timer[15]                   ; timer[18]                   ; clk          ; clk         ; 0.000        ; 0.375      ; 1.073      ;
; 0.558 ; current_state.RIGHT_200MS_3 ; current_state.FORWARD_2S_4  ; clk          ; clk         ; 0.000        ; 0.057      ; 0.759      ;
; 0.559 ; current_state.RIGHT_200MS_2 ; current_state.FORWARD_2S_3  ; clk          ; clk         ; 0.000        ; 0.057      ; 0.760      ;
; 0.561 ; current_state.RIGHT_200MS_4 ; current_state.stop          ; clk          ; clk         ; 0.000        ; 0.057      ; 0.762      ;
; 0.562 ; current_state.RIGHT_200MS_2 ; pwm_value[4]~reg0           ; clk          ; clk         ; 0.000        ; 0.057      ; 0.763      ;
; 0.565 ; current_state.RIGHT_200MS_4 ; pwm_value[4]~reg0           ; clk          ; clk         ; 0.000        ; 0.057      ; 0.766      ;
; 0.566 ; current_state.IDLE          ; right[0]~reg0               ; clk          ; clk         ; 0.000        ; 0.057      ; 0.767      ;
; 0.569 ; timer[14]                   ; timer[18]                   ; clk          ; clk         ; 0.000        ; 0.375      ; 1.088      ;
; 0.593 ; current_state.stop          ; left[0]~reg0                ; clk          ; clk         ; 0.000        ; 0.047      ; 0.784      ;
; 0.595 ; current_state.RIGHT_200MS   ; pwm_value[1]~reg0           ; clk          ; clk         ; 0.000        ; 0.057      ; 0.796      ;
; 0.618 ; timer[27]                   ; timer[31]                   ; clk          ; clk         ; 0.000        ; 0.385      ; 1.147      ;
; 0.633 ; timer[26]                   ; timer[31]                   ; clk          ; clk         ; 0.000        ; 0.385      ; 1.162      ;
; 0.637 ; current_state.stop          ; pwm_value[3]~reg0           ; clk          ; clk         ; 0.000        ; 0.047      ; 0.828      ;
; 0.638 ; current_state.RIGHT_200MS_2 ; right[1]~reg0               ; clk          ; clk         ; 0.000        ; 0.057      ; 0.839      ;
; 0.651 ; timer[13]                   ; timer[18]                   ; clk          ; clk         ; 0.000        ; 0.375      ; 1.170      ;
; 0.687 ; current_state.RIGHT_200MS   ; current_state.FORWARD_2S_2  ; clk          ; clk         ; 0.000        ; 0.057      ; 0.888      ;
; 0.711 ; current_state.FORWARD_2S_4  ; pwm_value[4]~reg0           ; clk          ; clk         ; 0.000        ; 0.057      ; 0.912      ;
; 0.716 ; pwm_value[1]~reg0           ; pwm_value[1]~reg0           ; clk          ; clk         ; 0.000        ; 0.057      ; 0.917      ;
; 0.721 ; timer[17]                   ; timer[24]                   ; clk          ; clk         ; 0.000        ; 0.385      ; 1.250      ;
; 0.727 ; timer[22]                   ; timer[29]                   ; clk          ; clk         ; 0.000        ; 0.385      ; 1.256      ;
; 0.729 ; timer[3]                    ; timer[4]                    ; clk          ; clk         ; 0.000        ; 0.070      ; 0.943      ;
; 0.730 ; timer[1]                    ; timer[2]                    ; clk          ; clk         ; 0.000        ; 0.070      ; 0.944      ;
; 0.730 ; timer[5]                    ; timer[6]                    ; clk          ; clk         ; 0.000        ; 0.070      ; 0.944      ;
; 0.733 ; timer[16]                   ; timer[24]                   ; clk          ; clk         ; 0.000        ; 0.385      ; 1.262      ;
; 0.736 ; timer[2]                    ; timer[3]                    ; clk          ; clk         ; 0.000        ; 0.070      ; 0.950      ;
; 0.736 ; timer[0]                    ; timer[1]                    ; clk          ; clk         ; 0.000        ; 0.070      ; 0.950      ;
; 0.737 ; timer[4]                    ; timer[5]                    ; clk          ; clk         ; 0.000        ; 0.070      ; 0.951      ;
; 0.743 ; timer[2]                    ; timer[4]                    ; clk          ; clk         ; 0.000        ; 0.070      ; 0.957      ;
; 0.743 ; timer[0]                    ; timer[2]                    ; clk          ; clk         ; 0.000        ; 0.070      ; 0.957      ;
; 0.744 ; timer[4]                    ; timer[6]                    ; clk          ; clk         ; 0.000        ; 0.070      ; 0.958      ;
; 0.745 ; current_state.RIGHT_200MS   ; right[1]~reg0               ; clk          ; clk         ; 0.000        ; 0.057      ; 0.946      ;
; 0.745 ; timer[10]                   ; timer[18]                   ; clk          ; clk         ; 0.000        ; 0.375      ; 1.264      ;
; 0.761 ; timer[7]                    ; timer[8]                    ; clk          ; clk         ; 0.000        ; 0.058      ; 0.963      ;
; 0.761 ; timer[9]                    ; timer[10]                   ; clk          ; clk         ; 0.000        ; 0.058      ; 0.963      ;
; 0.761 ; timer[27]                   ; timer[28]                   ; clk          ; clk         ; 0.000        ; 0.057      ; 0.962      ;
; 0.766 ; timer[16]                   ; timer[17]                   ; clk          ; clk         ; 0.000        ; 0.057      ; 0.967      ;
; 0.767 ; timer[8]                    ; timer[9]                    ; clk          ; clk         ; 0.000        ; 0.058      ; 0.969      ;
; 0.769 ; timer[26]                   ; timer[27]                   ; clk          ; clk         ; 0.000        ; 0.057      ; 0.970      ;
; 0.774 ; timer[8]                    ; timer[10]                   ; clk          ; clk         ; 0.000        ; 0.058      ; 0.976      ;
; 0.776 ; timer[28]                   ; timer[30]                   ; clk          ; clk         ; 0.000        ; 0.057      ; 0.977      ;
; 0.776 ; timer[13]                   ; timer[14]                   ; clk          ; clk         ; 0.000        ; 0.058      ; 0.978      ;
; 0.776 ; timer[26]                   ; timer[28]                   ; clk          ; clk         ; 0.000        ; 0.057      ; 0.977      ;
; 0.781 ; current_state.FORWARD_2S_2  ; pwm_value[4]~reg0           ; clk          ; clk         ; 0.000        ; 0.057      ; 0.982      ;
; 0.781 ; current_state.FORWARD_2S    ; pwm_value[1]~reg0           ; clk          ; clk         ; 0.000        ; 0.057      ; 0.982      ;
; 0.783 ; timer[14]                   ; timer[15]                   ; clk          ; clk         ; 0.000        ; 0.058      ; 0.985      ;
; 0.786 ; timer[15]                   ; timer[16]                   ; clk          ; clk         ; 0.000        ; 0.047      ; 0.977      ;
; 0.786 ; current_state.FORWARD_2S_3  ; pwm_value[1]~reg0           ; clk          ; clk         ; 0.000        ; 0.057      ; 0.987      ;
; 0.792 ; timer[12]                   ; timer[18]                   ; clk          ; clk         ; 0.000        ; 0.374      ; 1.310      ;
; 0.800 ; timer[23]                   ; timer[24]                   ; clk          ; clk         ; 0.000        ; 0.374      ; 1.318      ;
; 0.801 ; timer[14]                   ; timer[16]                   ; clk          ; clk         ; 0.000        ; 0.047      ; 0.992      ;
; 0.818 ; timer[3]                    ; timer[5]                    ; clk          ; clk         ; 0.000        ; 0.070      ; 1.032      ;
+-------+-----------------------------+-----------------------------+--------------+-------------+--------------+------------+------------+


+-------------------------------------------------------------------------------------------------------------+
; Slow 1200mV 0C Model Minimum Pulse Width: 'clk'                                                             ;
+--------+--------------+----------------+-----------------+-------+------------+-----------------------------+
; Slack  ; Actual Width ; Required Width ; Type            ; Clock ; Clock Edge ; Target                      ;
+--------+--------------+----------------+-----------------+-------+------------+-----------------------------+
; -3.000 ; 1.000        ; 4.000          ; Port Rate       ; clk   ; Rise       ; clk                         ;
; -1.000 ; 1.000        ; 2.000          ; Min Period      ; clk   ; Rise       ; active~reg0                 ;
; -1.000 ; 1.000        ; 2.000          ; Min Period      ; clk   ; Rise       ; current_state.FORWARD_2S    ;
; -1.000 ; 1.000        ; 2.000          ; Min Period      ; clk   ; Rise       ; current_state.FORWARD_2S_2  ;
; -1.000 ; 1.000        ; 2.000          ; Min Period      ; clk   ; Rise       ; current_state.FORWARD_2S_3  ;
; -1.000 ; 1.000        ; 2.000          ; Min Period      ; clk   ; Rise       ; current_state.FORWARD_2S_4  ;
; -1.000 ; 1.000        ; 2.000          ; Min Period      ; clk   ; Rise       ; current_state.IDLE          ;
; -1.000 ; 1.000        ; 2.000          ; Min Period      ; clk   ; Rise       ; current_state.RIGHT_200MS   ;
; -1.000 ; 1.000        ; 2.000          ; Min Period      ; clk   ; Rise       ; current_state.RIGHT_200MS_2 ;
; -1.000 ; 1.000        ; 2.000          ; Min Period      ; clk   ; Rise       ; current_state.RIGHT_200MS_3 ;
; -1.000 ; 1.000        ; 2.000          ; Min Period      ; clk   ; Rise       ; current_state.RIGHT_200MS_4 ;
; -1.000 ; 1.000        ; 2.000          ; Min Period      ; clk   ; Rise       ; current_state.stop          ;
; -1.000 ; 1.000        ; 2.000          ; Min Period      ; clk   ; Rise       ; left[0]~reg0                ;
; -1.000 ; 1.000        ; 2.000          ; Min Period      ; clk   ; Rise       ; pwm_value[1]~reg0           ;
; -1.000 ; 1.000        ; 2.000          ; Min Period      ; clk   ; Rise       ; pwm_value[3]~reg0           ;
; -1.000 ; 1.000        ; 2.000          ; Min Period      ; clk   ; Rise       ; pwm_value[4]~reg0           ;
; -1.000 ; 1.000        ; 2.000          ; Min Period      ; clk   ; Rise       ; right[0]~reg0               ;
; -1.000 ; 1.000        ; 2.000          ; Min Period      ; clk   ; Rise       ; right[1]~reg0               ;
; -1.000 ; 1.000        ; 2.000          ; Min Period      ; clk   ; Rise       ; timer[0]                    ;
; -1.000 ; 1.000        ; 2.000          ; Min Period      ; clk   ; Rise       ; timer[10]                   ;
; -1.000 ; 1.000        ; 2.000          ; Min Period      ; clk   ; Rise       ; timer[11]                   ;
; -1.000 ; 1.000        ; 2.000          ; Min Period      ; clk   ; Rise       ; timer[12]                   ;
; -1.000 ; 1.000        ; 2.000          ; Min Period      ; clk   ; Rise       ; timer[13]                   ;
; -1.000 ; 1.000        ; 2.000          ; Min Period      ; clk   ; Rise       ; timer[14]                   ;
; -1.000 ; 1.000        ; 2.000          ; Min Period      ; clk   ; Rise       ; timer[15]                   ;
; -1.000 ; 1.000        ; 2.000          ; Min Period      ; clk   ; Rise       ; timer[16]                   ;
; -1.000 ; 1.000        ; 2.000          ; Min Period      ; clk   ; Rise       ; timer[17]                   ;
; -1.000 ; 1.000        ; 2.000          ; Min Period      ; clk   ; Rise       ; timer[18]                   ;
; -1.000 ; 1.000        ; 2.000          ; Min Period      ; clk   ; Rise       ; timer[19]                   ;
; -1.000 ; 1.000        ; 2.000          ; Min Period      ; clk   ; Rise       ; timer[1]                    ;
; -1.000 ; 1.000        ; 2.000          ; Min Period      ; clk   ; Rise       ; timer[20]                   ;
; -1.000 ; 1.000        ; 2.000          ; Min Period      ; clk   ; Rise       ; timer[21]                   ;
; -1.000 ; 1.000        ; 2.000          ; Min Period      ; clk   ; Rise       ; timer[22]                   ;
; -1.000 ; 1.000        ; 2.000          ; Min Period      ; clk   ; Rise       ; timer[23]                   ;
; -1.000 ; 1.000        ; 2.000          ; Min Period      ; clk   ; Rise       ; timer[24]                   ;
; -1.000 ; 1.000        ; 2.000          ; Min Period      ; clk   ; Rise       ; timer[25]                   ;
; -1.000 ; 1.000        ; 2.000          ; Min Period      ; clk   ; Rise       ; timer[26]                   ;
; -1.000 ; 1.000        ; 2.000          ; Min Period      ; clk   ; Rise       ; timer[27]                   ;
; -1.000 ; 1.000        ; 2.000          ; Min Period      ; clk   ; Rise       ; timer[28]                   ;
; -1.000 ; 1.000        ; 2.000          ; Min Period      ; clk   ; Rise       ; timer[29]                   ;
; -1.000 ; 1.000        ; 2.000          ; Min Period      ; clk   ; Rise       ; timer[2]                    ;
; -1.000 ; 1.000        ; 2.000          ; Min Period      ; clk   ; Rise       ; timer[30]                   ;
; -1.000 ; 1.000        ; 2.000          ; Min Period      ; clk   ; Rise       ; timer[31]                   ;
; -1.000 ; 1.000        ; 2.000          ; Min Period      ; clk   ; Rise       ; timer[3]                    ;
; -1.000 ; 1.000        ; 2.000          ; Min Period      ; clk   ; Rise       ; timer[4]                    ;
; -1.000 ; 1.000        ; 2.000          ; Min Period      ; clk   ; Rise       ; timer[5]                    ;
; -1.000 ; 1.000        ; 2.000          ; Min Period      ; clk   ; Rise       ; timer[6]                    ;
; -1.000 ; 1.000        ; 2.000          ; Min Period      ; clk   ; Rise       ; timer[7]                    ;
; -1.000 ; 1.000        ; 2.000          ; Min Period      ; clk   ; Rise       ; timer[8]                    ;
; -1.000 ; 1.000        ; 2.000          ; Min Period      ; clk   ; Rise       ; timer[9]                    ;
; 0.201  ; 0.385        ; 0.184          ; Low Pulse Width ; clk   ; Rise       ; timer[0]                    ;
; 0.201  ; 0.385        ; 0.184          ; Low Pulse Width ; clk   ; Rise       ; timer[1]                    ;
; 0.201  ; 0.385        ; 0.184          ; Low Pulse Width ; clk   ; Rise       ; timer[21]                   ;
; 0.201  ; 0.385        ; 0.184          ; Low Pulse Width ; clk   ; Rise       ; timer[2]                    ;
; 0.201  ; 0.385        ; 0.184          ; Low Pulse Width ; clk   ; Rise       ; timer[3]                    ;
; 0.201  ; 0.385        ; 0.184          ; Low Pulse Width ; clk   ; Rise       ; timer[4]                    ;
; 0.201  ; 0.385        ; 0.184          ; Low Pulse Width ; clk   ; Rise       ; timer[5]                    ;
; 0.201  ; 0.385        ; 0.184          ; Low Pulse Width ; clk   ; Rise       ; timer[6]                    ;
; 0.205  ; 0.389        ; 0.184          ; Low Pulse Width ; clk   ; Rise       ; timer[18]                   ;
; 0.205  ; 0.389        ; 0.184          ; Low Pulse Width ; clk   ; Rise       ; timer[24]                   ;
; 0.205  ; 0.389        ; 0.184          ; Low Pulse Width ; clk   ; Rise       ; timer[29]                   ;
; 0.205  ; 0.389        ; 0.184          ; Low Pulse Width ; clk   ; Rise       ; timer[31]                   ;
; 0.213  ; 0.397        ; 0.184          ; Low Pulse Width ; clk   ; Rise       ; timer[10]                   ;
; 0.213  ; 0.397        ; 0.184          ; Low Pulse Width ; clk   ; Rise       ; timer[11]                   ;
; 0.213  ; 0.397        ; 0.184          ; Low Pulse Width ; clk   ; Rise       ; timer[12]                   ;
; 0.213  ; 0.397        ; 0.184          ; Low Pulse Width ; clk   ; Rise       ; timer[13]                   ;
; 0.213  ; 0.397        ; 0.184          ; Low Pulse Width ; clk   ; Rise       ; timer[14]                   ;
; 0.213  ; 0.397        ; 0.184          ; Low Pulse Width ; clk   ; Rise       ; timer[15]                   ;
; 0.213  ; 0.397        ; 0.184          ; Low Pulse Width ; clk   ; Rise       ; timer[19]                   ;
; 0.213  ; 0.397        ; 0.184          ; Low Pulse Width ; clk   ; Rise       ; timer[20]                   ;
; 0.213  ; 0.397        ; 0.184          ; Low Pulse Width ; clk   ; Rise       ; timer[23]                   ;
; 0.213  ; 0.397        ; 0.184          ; Low Pulse Width ; clk   ; Rise       ; timer[25]                   ;
; 0.213  ; 0.397        ; 0.184          ; Low Pulse Width ; clk   ; Rise       ; timer[7]                    ;
; 0.213  ; 0.397        ; 0.184          ; Low Pulse Width ; clk   ; Rise       ; timer[8]                    ;
; 0.213  ; 0.397        ; 0.184          ; Low Pulse Width ; clk   ; Rise       ; timer[9]                    ;
; 0.214  ; 0.398        ; 0.184          ; Low Pulse Width ; clk   ; Rise       ; current_state.FORWARD_2S    ;
; 0.214  ; 0.398        ; 0.184          ; Low Pulse Width ; clk   ; Rise       ; current_state.FORWARD_2S_2  ;
; 0.214  ; 0.398        ; 0.184          ; Low Pulse Width ; clk   ; Rise       ; current_state.FORWARD_2S_3  ;
; 0.214  ; 0.398        ; 0.184          ; Low Pulse Width ; clk   ; Rise       ; current_state.FORWARD_2S_4  ;
; 0.214  ; 0.398        ; 0.184          ; Low Pulse Width ; clk   ; Rise       ; current_state.RIGHT_200MS   ;
; 0.214  ; 0.398        ; 0.184          ; Low Pulse Width ; clk   ; Rise       ; current_state.RIGHT_200MS_2 ;
; 0.214  ; 0.398        ; 0.184          ; Low Pulse Width ; clk   ; Rise       ; current_state.RIGHT_200MS_3 ;
; 0.214  ; 0.398        ; 0.184          ; Low Pulse Width ; clk   ; Rise       ; current_state.RIGHT_200MS_4 ;
; 0.214  ; 0.398        ; 0.184          ; Low Pulse Width ; clk   ; Rise       ; current_state.stop          ;
; 0.214  ; 0.398        ; 0.184          ; Low Pulse Width ; clk   ; Rise       ; pwm_value[1]~reg0           ;
; 0.214  ; 0.398        ; 0.184          ; Low Pulse Width ; clk   ; Rise       ; pwm_value[4]~reg0           ;
; 0.214  ; 0.398        ; 0.184          ; Low Pulse Width ; clk   ; Rise       ; right[1]~reg0               ;
; 0.216  ; 0.400        ; 0.184          ; Low Pulse Width ; clk   ; Rise       ; timer[16]                   ;
; 0.216  ; 0.400        ; 0.184          ; Low Pulse Width ; clk   ; Rise       ; timer[17]                   ;
; 0.216  ; 0.400        ; 0.184          ; Low Pulse Width ; clk   ; Rise       ; timer[22]                   ;
; 0.216  ; 0.400        ; 0.184          ; Low Pulse Width ; clk   ; Rise       ; timer[26]                   ;
; 0.216  ; 0.400        ; 0.184          ; Low Pulse Width ; clk   ; Rise       ; timer[27]                   ;
; 0.216  ; 0.400        ; 0.184          ; Low Pulse Width ; clk   ; Rise       ; timer[28]                   ;
; 0.216  ; 0.400        ; 0.184          ; Low Pulse Width ; clk   ; Rise       ; timer[30]                   ;
; 0.217  ; 0.401        ; 0.184          ; Low Pulse Width ; clk   ; Rise       ; active~reg0                 ;
; 0.217  ; 0.401        ; 0.184          ; Low Pulse Width ; clk   ; Rise       ; current_state.IDLE          ;
; 0.217  ; 0.401        ; 0.184          ; Low Pulse Width ; clk   ; Rise       ; left[0]~reg0                ;
; 0.217  ; 0.401        ; 0.184          ; Low Pulse Width ; clk   ; Rise       ; pwm_value[3]~reg0           ;
; 0.217  ; 0.401        ; 0.184          ; Low Pulse Width ; clk   ; Rise       ; right[0]~reg0               ;
; 0.344  ; 0.344        ; 0.000          ; Low Pulse Width ; clk   ; Rise       ; clk~input|o                 ;
+--------+--------------+----------------+-----------------+-------+------------+-----------------------------+


+-----------------------------------------------------------------------+
; Setup Times                                                           ;
+-----------+------------+-------+-------+------------+-----------------+
; Data Port ; Clock Port ; Rise  ; Fall  ; Clock Edge ; Clock Reference ;
+-----------+------------+-------+-------+------------+-----------------+
; mode[*]   ; clk        ; 3.169 ; 3.537 ; Rise       ; clk             ;
;  mode[0]  ; clk        ; 3.044 ; 3.391 ; Rise       ; clk             ;
;  mode[1]  ; clk        ; 3.169 ; 3.537 ; Rise       ; clk             ;
+-----------+------------+-------+-------+------------+-----------------+


+-------------------------------------------------------------------------+
; Hold Times                                                              ;
+-----------+------------+--------+--------+------------+-----------------+
; Data Port ; Clock Port ; Rise   ; Fall   ; Clock Edge ; Clock Reference ;
+-----------+------------+--------+--------+------------+-----------------+
; mode[*]   ; clk        ; -1.934 ; -2.293 ; Rise       ; clk             ;
;  mode[0]  ; clk        ; -1.934 ; -2.293 ; Rise       ; clk             ;
;  mode[1]  ; clk        ; -2.073 ; -2.413 ; Rise       ; clk             ;
+-----------+------------+--------+--------+------------+-----------------+


+---------------------------------------------------------------------------+
; Clock to Output Times                                                     ;
+---------------+------------+-------+-------+------------+-----------------+
; Data Port     ; Clock Port ; Rise  ; Fall  ; Clock Edge ; Clock Reference ;
+---------------+------------+-------+-------+------------+-----------------+
; active        ; clk        ; 5.727 ; 5.647 ; Rise       ; clk             ;
; left[*]       ; clk        ; 5.777 ; 5.691 ; Rise       ; clk             ;
;  left[0]      ; clk        ; 5.777 ; 5.691 ; Rise       ; clk             ;
; pwm_value[*]  ; clk        ; 6.719 ; 6.705 ; Rise       ; clk             ;
;  pwm_value[1] ; clk        ; 6.719 ; 6.705 ; Rise       ; clk             ;
;  pwm_value[2] ; clk        ; 5.939 ; 5.967 ; Rise       ; clk             ;
;  pwm_value[3] ; clk        ; 6.180 ; 6.216 ; Rise       ; clk             ;
;  pwm_value[4] ; clk        ; 5.355 ; 5.299 ; Rise       ; clk             ;
;  pwm_value[5] ; clk        ; 5.621 ; 5.671 ; Rise       ; clk             ;
;  pwm_value[6] ; clk        ; 6.190 ; 6.226 ; Rise       ; clk             ;
; right[*]      ; clk        ; 6.056 ; 6.035 ; Rise       ; clk             ;
;  right[0]     ; clk        ; 5.991 ; 5.936 ; Rise       ; clk             ;
;  right[1]     ; clk        ; 6.056 ; 6.035 ; Rise       ; clk             ;
+---------------+------------+-------+-------+------------+-----------------+


+---------------------------------------------------------------------------+
; Minimum Clock to Output Times                                             ;
+---------------+------------+-------+-------+------------+-----------------+
; Data Port     ; Clock Port ; Rise  ; Fall  ; Clock Edge ; Clock Reference ;
+---------------+------------+-------+-------+------------+-----------------+
; active        ; clk        ; 5.541 ; 5.460 ; Rise       ; clk             ;
; left[*]       ; clk        ; 5.590 ; 5.503 ; Rise       ; clk             ;
;  left[0]      ; clk        ; 5.590 ; 5.503 ; Rise       ; clk             ;
; pwm_value[*]  ; clk        ; 5.178 ; 5.121 ; Rise       ; clk             ;
;  pwm_value[1] ; clk        ; 6.517 ; 6.505 ; Rise       ; clk             ;
;  pwm_value[2] ; clk        ; 5.737 ; 5.767 ; Rise       ; clk             ;
;  pwm_value[3] ; clk        ; 5.972 ; 6.010 ; Rise       ; clk             ;
;  pwm_value[4] ; clk        ; 5.178 ; 5.121 ; Rise       ; clk             ;
;  pwm_value[5] ; clk        ; 5.435 ; 5.487 ; Rise       ; clk             ;
;  pwm_value[6] ; clk        ; 5.982 ; 6.020 ; Rise       ; clk             ;
; right[*]      ; clk        ; 5.793 ; 5.736 ; Rise       ; clk             ;
;  right[0]     ; clk        ; 5.793 ; 5.736 ; Rise       ; clk             ;
;  right[1]     ; clk        ; 5.880 ; 5.858 ; Rise       ; clk             ;
+---------------+------------+-------+-------+------------+-----------------+


---------------------------------------------
; Slow 1200mV 0C Model Metastability Report ;
---------------------------------------------
No synchronizer chains to report.


+------------------------------------+
; Fast 1200mV 0C Model Setup Summary ;
+-------+--------+-------------------+
; Clock ; Slack  ; End Point TNS     ;
+-------+--------+-------------------+
; clk   ; -1.342 ; -47.795           ;
+-------+--------+-------------------+


+-----------------------------------+
; Fast 1200mV 0C Model Hold Summary ;
+-------+-------+-------------------+
; Clock ; Slack ; End Point TNS     ;
+-------+-------+-------------------+
; clk   ; 0.186 ; 0.000             ;
+-------+-------+-------------------+


-----------------------------------------
; Fast 1200mV 0C Model Recovery Summary ;
-----------------------------------------
No paths to report.


----------------------------------------
; Fast 1200mV 0C Model Removal Summary ;
----------------------------------------
No paths to report.


+--------------------------------------------------+
; Fast 1200mV 0C Model Minimum Pulse Width Summary ;
+-------+--------+---------------------------------+
; Clock ; Slack  ; End Point TNS                   ;
+-------+--------+---------------------------------+
; clk   ; -3.000 ; -53.735                         ;
+-------+--------+---------------------------------+


+------------------------------------------------------------------------------------------------------+
; Fast 1200mV 0C Model Setup: 'clk'                                                                    ;
+--------+-----------+-----------+--------------+-------------+--------------+------------+------------+
; Slack  ; From Node ; To Node   ; Launch Clock ; Latch Clock ; Relationship ; Clock Skew ; Data Delay ;
+--------+-----------+-----------+--------------+-------------+--------------+------------+------------+
; -1.342 ; timer[8]  ; timer[26] ; clk          ; clk         ; 1.000        ; -0.044     ; 2.285      ;
; -1.342 ; timer[8]  ; timer[16] ; clk          ; clk         ; 1.000        ; -0.044     ; 2.285      ;
; -1.342 ; timer[8]  ; timer[17] ; clk          ; clk         ; 1.000        ; -0.044     ; 2.285      ;
; -1.342 ; timer[8]  ; timer[22] ; clk          ; clk         ; 1.000        ; -0.044     ; 2.285      ;
; -1.342 ; timer[8]  ; timer[27] ; clk          ; clk         ; 1.000        ; -0.044     ; 2.285      ;
; -1.342 ; timer[8]  ; timer[28] ; clk          ; clk         ; 1.000        ; -0.044     ; 2.285      ;
; -1.342 ; timer[8]  ; timer[30] ; clk          ; clk         ; 1.000        ; -0.044     ; 2.285      ;
; -1.325 ; timer[24] ; timer[26] ; clk          ; clk         ; 1.000        ; -0.232     ; 2.080      ;
; -1.325 ; timer[24] ; timer[16] ; clk          ; clk         ; 1.000        ; -0.232     ; 2.080      ;
; -1.325 ; timer[24] ; timer[17] ; clk          ; clk         ; 1.000        ; -0.232     ; 2.080      ;
; -1.325 ; timer[24] ; timer[22] ; clk          ; clk         ; 1.000        ; -0.232     ; 2.080      ;
; -1.325 ; timer[24] ; timer[27] ; clk          ; clk         ; 1.000        ; -0.232     ; 2.080      ;
; -1.325 ; timer[24] ; timer[28] ; clk          ; clk         ; 1.000        ; -0.232     ; 2.080      ;
; -1.325 ; timer[24] ; timer[30] ; clk          ; clk         ; 1.000        ; -0.232     ; 2.080      ;
; -1.322 ; timer[1]  ; timer[20] ; clk          ; clk         ; 1.000        ; -0.233     ; 2.076      ;
; -1.310 ; timer[8]  ; timer[11] ; clk          ; clk         ; 1.000        ; -0.037     ; 2.260      ;
; -1.310 ; timer[8]  ; timer[12] ; clk          ; clk         ; 1.000        ; -0.037     ; 2.260      ;
; -1.310 ; timer[8]  ; timer[19] ; clk          ; clk         ; 1.000        ; -0.037     ; 2.260      ;
; -1.310 ; timer[8]  ; timer[23] ; clk          ; clk         ; 1.000        ; -0.037     ; 2.260      ;
; -1.306 ; timer[26] ; timer[26] ; clk          ; clk         ; 1.000        ; -0.037     ; 2.256      ;
; -1.306 ; timer[26] ; timer[16] ; clk          ; clk         ; 1.000        ; -0.037     ; 2.256      ;
; -1.306 ; timer[26] ; timer[17] ; clk          ; clk         ; 1.000        ; -0.037     ; 2.256      ;
; -1.306 ; timer[26] ; timer[22] ; clk          ; clk         ; 1.000        ; -0.037     ; 2.256      ;
; -1.306 ; timer[26] ; timer[27] ; clk          ; clk         ; 1.000        ; -0.037     ; 2.256      ;
; -1.306 ; timer[26] ; timer[28] ; clk          ; clk         ; 1.000        ; -0.037     ; 2.256      ;
; -1.306 ; timer[26] ; timer[30] ; clk          ; clk         ; 1.000        ; -0.037     ; 2.256      ;
; -1.293 ; timer[24] ; timer[11] ; clk          ; clk         ; 1.000        ; -0.225     ; 2.055      ;
; -1.293 ; timer[24] ; timer[12] ; clk          ; clk         ; 1.000        ; -0.225     ; 2.055      ;
; -1.293 ; timer[24] ; timer[19] ; clk          ; clk         ; 1.000        ; -0.225     ; 2.055      ;
; -1.293 ; timer[24] ; timer[23] ; clk          ; clk         ; 1.000        ; -0.225     ; 2.055      ;
; -1.292 ; timer[29] ; timer[26] ; clk          ; clk         ; 1.000        ; -0.232     ; 2.047      ;
; -1.292 ; timer[29] ; timer[16] ; clk          ; clk         ; 1.000        ; -0.232     ; 2.047      ;
; -1.292 ; timer[29] ; timer[17] ; clk          ; clk         ; 1.000        ; -0.232     ; 2.047      ;
; -1.292 ; timer[29] ; timer[22] ; clk          ; clk         ; 1.000        ; -0.232     ; 2.047      ;
; -1.292 ; timer[29] ; timer[27] ; clk          ; clk         ; 1.000        ; -0.232     ; 2.047      ;
; -1.292 ; timer[29] ; timer[28] ; clk          ; clk         ; 1.000        ; -0.232     ; 2.047      ;
; -1.292 ; timer[29] ; timer[30] ; clk          ; clk         ; 1.000        ; -0.232     ; 2.047      ;
; -1.291 ; timer[1]  ; timer[25] ; clk          ; clk         ; 1.000        ; -0.233     ; 2.045      ;
; -1.281 ; timer[0]  ; timer[25] ; clk          ; clk         ; 1.000        ; -0.233     ; 2.035      ;
; -1.274 ; timer[26] ; timer[11] ; clk          ; clk         ; 1.000        ; -0.030     ; 2.231      ;
; -1.274 ; timer[26] ; timer[12] ; clk          ; clk         ; 1.000        ; -0.030     ; 2.231      ;
; -1.274 ; timer[26] ; timer[19] ; clk          ; clk         ; 1.000        ; -0.030     ; 2.231      ;
; -1.274 ; timer[26] ; timer[23] ; clk          ; clk         ; 1.000        ; -0.030     ; 2.231      ;
; -1.273 ; timer[0]  ; timer[20] ; clk          ; clk         ; 1.000        ; -0.233     ; 2.027      ;
; -1.267 ; timer[21] ; timer[26] ; clk          ; clk         ; 1.000        ; -0.238     ; 2.016      ;
; -1.267 ; timer[21] ; timer[16] ; clk          ; clk         ; 1.000        ; -0.238     ; 2.016      ;
; -1.267 ; timer[21] ; timer[17] ; clk          ; clk         ; 1.000        ; -0.238     ; 2.016      ;
; -1.267 ; timer[21] ; timer[22] ; clk          ; clk         ; 1.000        ; -0.238     ; 2.016      ;
; -1.267 ; timer[21] ; timer[27] ; clk          ; clk         ; 1.000        ; -0.238     ; 2.016      ;
; -1.267 ; timer[21] ; timer[28] ; clk          ; clk         ; 1.000        ; -0.238     ; 2.016      ;
; -1.267 ; timer[21] ; timer[30] ; clk          ; clk         ; 1.000        ; -0.238     ; 2.016      ;
; -1.265 ; timer[18] ; timer[26] ; clk          ; clk         ; 1.000        ; -0.232     ; 2.020      ;
; -1.265 ; timer[18] ; timer[16] ; clk          ; clk         ; 1.000        ; -0.232     ; 2.020      ;
; -1.265 ; timer[18] ; timer[17] ; clk          ; clk         ; 1.000        ; -0.232     ; 2.020      ;
; -1.265 ; timer[18] ; timer[22] ; clk          ; clk         ; 1.000        ; -0.232     ; 2.020      ;
; -1.265 ; timer[18] ; timer[27] ; clk          ; clk         ; 1.000        ; -0.232     ; 2.020      ;
; -1.265 ; timer[18] ; timer[28] ; clk          ; clk         ; 1.000        ; -0.232     ; 2.020      ;
; -1.265 ; timer[18] ; timer[30] ; clk          ; clk         ; 1.000        ; -0.232     ; 2.020      ;
; -1.261 ; timer[29] ; timer[11] ; clk          ; clk         ; 1.000        ; -0.225     ; 2.023      ;
; -1.261 ; timer[29] ; timer[12] ; clk          ; clk         ; 1.000        ; -0.225     ; 2.023      ;
; -1.261 ; timer[29] ; timer[19] ; clk          ; clk         ; 1.000        ; -0.225     ; 2.023      ;
; -1.261 ; timer[29] ; timer[23] ; clk          ; clk         ; 1.000        ; -0.225     ; 2.023      ;
; -1.257 ; timer[16] ; timer[26] ; clk          ; clk         ; 1.000        ; -0.037     ; 2.207      ;
; -1.257 ; timer[16] ; timer[16] ; clk          ; clk         ; 1.000        ; -0.037     ; 2.207      ;
; -1.257 ; timer[16] ; timer[17] ; clk          ; clk         ; 1.000        ; -0.037     ; 2.207      ;
; -1.257 ; timer[16] ; timer[22] ; clk          ; clk         ; 1.000        ; -0.037     ; 2.207      ;
; -1.257 ; timer[16] ; timer[27] ; clk          ; clk         ; 1.000        ; -0.037     ; 2.207      ;
; -1.257 ; timer[16] ; timer[28] ; clk          ; clk         ; 1.000        ; -0.037     ; 2.207      ;
; -1.257 ; timer[16] ; timer[30] ; clk          ; clk         ; 1.000        ; -0.037     ; 2.207      ;
; -1.257 ; timer[22] ; timer[26] ; clk          ; clk         ; 1.000        ; -0.037     ; 2.207      ;
; -1.257 ; timer[22] ; timer[16] ; clk          ; clk         ; 1.000        ; -0.037     ; 2.207      ;
; -1.257 ; timer[22] ; timer[17] ; clk          ; clk         ; 1.000        ; -0.037     ; 2.207      ;
; -1.257 ; timer[22] ; timer[22] ; clk          ; clk         ; 1.000        ; -0.037     ; 2.207      ;
; -1.257 ; timer[22] ; timer[27] ; clk          ; clk         ; 1.000        ; -0.037     ; 2.207      ;
; -1.257 ; timer[22] ; timer[28] ; clk          ; clk         ; 1.000        ; -0.037     ; 2.207      ;
; -1.257 ; timer[22] ; timer[30] ; clk          ; clk         ; 1.000        ; -0.037     ; 2.207      ;
; -1.251 ; timer[3]  ; timer[20] ; clk          ; clk         ; 1.000        ; -0.233     ; 2.005      ;
; -1.246 ; timer[1]  ; timer[23] ; clk          ; clk         ; 1.000        ; -0.232     ; 2.001      ;
; -1.243 ; timer[18] ; timer[11] ; clk          ; clk         ; 1.000        ; -0.225     ; 2.005      ;
; -1.243 ; timer[18] ; timer[12] ; clk          ; clk         ; 1.000        ; -0.225     ; 2.005      ;
; -1.243 ; timer[18] ; timer[19] ; clk          ; clk         ; 1.000        ; -0.225     ; 2.005      ;
; -1.243 ; timer[18] ; timer[23] ; clk          ; clk         ; 1.000        ; -0.225     ; 2.005      ;
; -1.240 ; timer[28] ; timer[26] ; clk          ; clk         ; 1.000        ; -0.037     ; 2.190      ;
; -1.240 ; timer[28] ; timer[16] ; clk          ; clk         ; 1.000        ; -0.037     ; 2.190      ;
; -1.240 ; timer[28] ; timer[17] ; clk          ; clk         ; 1.000        ; -0.037     ; 2.190      ;
; -1.240 ; timer[28] ; timer[22] ; clk          ; clk         ; 1.000        ; -0.037     ; 2.190      ;
; -1.240 ; timer[28] ; timer[27] ; clk          ; clk         ; 1.000        ; -0.037     ; 2.190      ;
; -1.240 ; timer[28] ; timer[28] ; clk          ; clk         ; 1.000        ; -0.037     ; 2.190      ;
; -1.240 ; timer[28] ; timer[30] ; clk          ; clk         ; 1.000        ; -0.037     ; 2.190      ;
; -1.239 ; timer[17] ; timer[26] ; clk          ; clk         ; 1.000        ; -0.037     ; 2.189      ;
; -1.239 ; timer[17] ; timer[16] ; clk          ; clk         ; 1.000        ; -0.037     ; 2.189      ;
; -1.239 ; timer[17] ; timer[17] ; clk          ; clk         ; 1.000        ; -0.037     ; 2.189      ;
; -1.239 ; timer[17] ; timer[22] ; clk          ; clk         ; 1.000        ; -0.037     ; 2.189      ;
; -1.239 ; timer[17] ; timer[27] ; clk          ; clk         ; 1.000        ; -0.037     ; 2.189      ;
; -1.239 ; timer[17] ; timer[28] ; clk          ; clk         ; 1.000        ; -0.037     ; 2.189      ;
; -1.239 ; timer[17] ; timer[30] ; clk          ; clk         ; 1.000        ; -0.037     ; 2.189      ;
; -1.236 ; timer[7]  ; timer[26] ; clk          ; clk         ; 1.000        ; -0.044     ; 2.179      ;
; -1.236 ; timer[7]  ; timer[16] ; clk          ; clk         ; 1.000        ; -0.044     ; 2.179      ;
; -1.236 ; timer[7]  ; timer[17] ; clk          ; clk         ; 1.000        ; -0.044     ; 2.179      ;
; -1.236 ; timer[7]  ; timer[22] ; clk          ; clk         ; 1.000        ; -0.044     ; 2.179      ;
+--------+-----------+-----------+--------------+-------------+--------------+------------+------------+


+-----------------------------------------------------------------------------------------------------------------------------------------+
; Fast 1200mV 0C Model Hold: 'clk'                                                                                                        ;
+-------+-----------------------------+-----------------------------+--------------+-------------+--------------+------------+------------+
; Slack ; From Node                   ; To Node                     ; Launch Clock ; Latch Clock ; Relationship ; Clock Skew ; Data Delay ;
+-------+-----------------------------+-----------------------------+--------------+-------------+--------------+------------+------------+
; 0.186 ; right[1]~reg0               ; right[1]~reg0               ; clk          ; clk         ; 0.000        ; 0.037      ; 0.307      ;
; 0.186 ; right[0]~reg0               ; right[0]~reg0               ; clk          ; clk         ; 0.000        ; 0.037      ; 0.307      ;
; 0.186 ; current_state.RIGHT_200MS_2 ; current_state.RIGHT_200MS_2 ; clk          ; clk         ; 0.000        ; 0.037      ; 0.307      ;
; 0.186 ; current_state.FORWARD_2S_2  ; current_state.FORWARD_2S_2  ; clk          ; clk         ; 0.000        ; 0.037      ; 0.307      ;
; 0.186 ; current_state.RIGHT_200MS   ; current_state.RIGHT_200MS   ; clk          ; clk         ; 0.000        ; 0.037      ; 0.307      ;
; 0.186 ; current_state.FORWARD_2S_3  ; current_state.FORWARD_2S_3  ; clk          ; clk         ; 0.000        ; 0.037      ; 0.307      ;
; 0.186 ; current_state.RIGHT_200MS_3 ; current_state.RIGHT_200MS_3 ; clk          ; clk         ; 0.000        ; 0.037      ; 0.307      ;
; 0.186 ; current_state.RIGHT_200MS_4 ; current_state.RIGHT_200MS_4 ; clk          ; clk         ; 0.000        ; 0.037      ; 0.307      ;
; 0.186 ; current_state.FORWARD_2S_4  ; current_state.FORWARD_2S_4  ; clk          ; clk         ; 0.000        ; 0.037      ; 0.307      ;
; 0.186 ; current_state.stop          ; current_state.stop          ; clk          ; clk         ; 0.000        ; 0.037      ; 0.307      ;
; 0.186 ; current_state.FORWARD_2S    ; current_state.FORWARD_2S    ; clk          ; clk         ; 0.000        ; 0.037      ; 0.307      ;
; 0.203 ; current_state.FORWARD_2S_3  ; current_state.RIGHT_200MS_3 ; clk          ; clk         ; 0.000        ; 0.037      ; 0.324      ;
; 0.261 ; timer[17]                   ; timer[18]                   ; clk          ; clk         ; 0.000        ; 0.232      ; 0.577      ;
; 0.263 ; current_state.RIGHT_200MS_3 ; pwm_value[1]~reg0           ; clk          ; clk         ; 0.000        ; 0.037      ; 0.384      ;
; 0.272 ; timer[30]                   ; timer[31]                   ; clk          ; clk         ; 0.000        ; 0.232      ; 0.588      ;
; 0.273 ; timer[28]                   ; timer[29]                   ; clk          ; clk         ; 0.000        ; 0.232      ; 0.589      ;
; 0.274 ; timer[16]                   ; timer[18]                   ; clk          ; clk         ; 0.000        ; 0.232      ; 0.590      ;
; 0.275 ; timer[22]                   ; timer[24]                   ; clk          ; clk         ; 0.000        ; 0.232      ; 0.591      ;
; 0.287 ; timer[1]                    ; timer[1]                    ; clk          ; clk         ; 0.000        ; 0.045      ; 0.416      ;
; 0.288 ; timer[3]                    ; timer[3]                    ; clk          ; clk         ; 0.000        ; 0.045      ; 0.417      ;
; 0.288 ; timer[5]                    ; timer[5]                    ; clk          ; clk         ; 0.000        ; 0.045      ; 0.417      ;
; 0.289 ; timer[2]                    ; timer[2]                    ; clk          ; clk         ; 0.000        ; 0.045      ; 0.418      ;
; 0.289 ; timer[4]                    ; timer[4]                    ; clk          ; clk         ; 0.000        ; 0.045      ; 0.418      ;
; 0.289 ; timer[6]                    ; timer[6]                    ; clk          ; clk         ; 0.000        ; 0.045      ; 0.418      ;
; 0.299 ; timer[0]                    ; timer[0]                    ; clk          ; clk         ; 0.000        ; 0.045      ; 0.428      ;
; 0.299 ; timer[31]                   ; timer[31]                   ; clk          ; clk         ; 0.000        ; 0.045      ; 0.428      ;
; 0.300 ; timer[29]                   ; timer[29]                   ; clk          ; clk         ; 0.000        ; 0.045      ; 0.429      ;
; 0.301 ; timer[18]                   ; timer[18]                   ; clk          ; clk         ; 0.000        ; 0.045      ; 0.430      ;
; 0.306 ; timer[7]                    ; timer[7]                    ; clk          ; clk         ; 0.000        ; 0.038      ; 0.428      ;
; 0.307 ; timer[9]                    ; timer[9]                    ; clk          ; clk         ; 0.000        ; 0.038      ; 0.429      ;
; 0.307 ; timer[8]                    ; timer[8]                    ; clk          ; clk         ; 0.000        ; 0.038      ; 0.429      ;
; 0.307 ; timer[17]                   ; timer[17]                   ; clk          ; clk         ; 0.000        ; 0.037      ; 0.428      ;
; 0.308 ; timer[10]                   ; timer[10]                   ; clk          ; clk         ; 0.000        ; 0.038      ; 0.430      ;
; 0.308 ; timer[16]                   ; timer[16]                   ; clk          ; clk         ; 0.000        ; 0.037      ; 0.429      ;
; 0.308 ; timer[27]                   ; timer[27]                   ; clk          ; clk         ; 0.000        ; 0.037      ; 0.429      ;
; 0.309 ; timer[22]                   ; timer[22]                   ; clk          ; clk         ; 0.000        ; 0.037      ; 0.430      ;
; 0.309 ; timer[30]                   ; timer[30]                   ; clk          ; clk         ; 0.000        ; 0.037      ; 0.430      ;
; 0.310 ; timer[26]                   ; timer[26]                   ; clk          ; clk         ; 0.000        ; 0.037      ; 0.431      ;
; 0.310 ; timer[28]                   ; timer[28]                   ; clk          ; clk         ; 0.000        ; 0.037      ; 0.431      ;
; 0.311 ; current_state.FORWARD_2S_2  ; current_state.RIGHT_200MS_2 ; clk          ; clk         ; 0.000        ; 0.037      ; 0.432      ;
; 0.311 ; current_state.FORWARD_2S    ; current_state.RIGHT_200MS   ; clk          ; clk         ; 0.000        ; 0.037      ; 0.432      ;
; 0.312 ; current_state.FORWARD_2S_4  ; current_state.RIGHT_200MS_4 ; clk          ; clk         ; 0.000        ; 0.037      ; 0.433      ;
; 0.312 ; timer[24]                   ; timer[24]                   ; clk          ; clk         ; 0.000        ; 0.045      ; 0.441      ;
; 0.317 ; timer[13]                   ; timer[13]                   ; clk          ; clk         ; 0.000        ; 0.038      ; 0.439      ;
; 0.317 ; timer[15]                   ; timer[15]                   ; clk          ; clk         ; 0.000        ; 0.038      ; 0.439      ;
; 0.318 ; timer[14]                   ; timer[14]                   ; clk          ; clk         ; 0.000        ; 0.038      ; 0.440      ;
; 0.325 ; timer[27]                   ; timer[29]                   ; clk          ; clk         ; 0.000        ; 0.232      ; 0.641      ;
; 0.333 ; current_state.RIGHT_200MS_2 ; current_state.FORWARD_2S_3  ; clk          ; clk         ; 0.000        ; 0.037      ; 0.454      ;
; 0.333 ; current_state.RIGHT_200MS_3 ; current_state.FORWARD_2S_4  ; clk          ; clk         ; 0.000        ; 0.037      ; 0.454      ;
; 0.335 ; current_state.RIGHT_200MS_2 ; pwm_value[4]~reg0           ; clk          ; clk         ; 0.000        ; 0.037      ; 0.456      ;
; 0.338 ; current_state.RIGHT_200MS_4 ; pwm_value[4]~reg0           ; clk          ; clk         ; 0.000        ; 0.037      ; 0.459      ;
; 0.339 ; current_state.RIGHT_200MS_4 ; current_state.stop          ; clk          ; clk         ; 0.000        ; 0.037      ; 0.460      ;
; 0.339 ; timer[28]                   ; timer[31]                   ; clk          ; clk         ; 0.000        ; 0.232      ; 0.655      ;
; 0.339 ; timer[26]                   ; timer[29]                   ; clk          ; clk         ; 0.000        ; 0.232      ; 0.655      ;
; 0.341 ; current_state.IDLE          ; right[0]~reg0               ; clk          ; clk         ; 0.000        ; 0.037      ; 0.462      ;
; 0.344 ; timer[15]                   ; timer[18]                   ; clk          ; clk         ; 0.000        ; 0.226      ; 0.654      ;
; 0.346 ; current_state.stop          ; left[0]~reg0                ; clk          ; clk         ; 0.000        ; 0.030      ; 0.460      ;
; 0.354 ; current_state.RIGHT_200MS   ; pwm_value[1]~reg0           ; clk          ; clk         ; 0.000        ; 0.037      ; 0.475      ;
; 0.357 ; timer[14]                   ; timer[18]                   ; clk          ; clk         ; 0.000        ; 0.226      ; 0.667      ;
; 0.360 ; current_state.stop          ; pwm_value[3]~reg0           ; clk          ; clk         ; 0.000        ; 0.030      ; 0.474      ;
; 0.387 ; current_state.RIGHT_200MS_2 ; right[1]~reg0               ; clk          ; clk         ; 0.000        ; 0.037      ; 0.508      ;
; 0.391 ; timer[27]                   ; timer[31]                   ; clk          ; clk         ; 0.000        ; 0.232      ; 0.707      ;
; 0.401 ; current_state.RIGHT_200MS   ; current_state.FORWARD_2S_2  ; clk          ; clk         ; 0.000        ; 0.037      ; 0.522      ;
; 0.405 ; timer[26]                   ; timer[31]                   ; clk          ; clk         ; 0.000        ; 0.232      ; 0.721      ;
; 0.410 ; timer[13]                   ; timer[18]                   ; clk          ; clk         ; 0.000        ; 0.226      ; 0.720      ;
; 0.415 ; current_state.FORWARD_2S_4  ; pwm_value[4]~reg0           ; clk          ; clk         ; 0.000        ; 0.037      ; 0.536      ;
; 0.431 ; pwm_value[1]~reg0           ; pwm_value[1]~reg0           ; clk          ; clk         ; 0.000        ; 0.037      ; 0.552      ;
; 0.436 ; timer[1]                    ; timer[2]                    ; clk          ; clk         ; 0.000        ; 0.045      ; 0.565      ;
; 0.437 ; timer[3]                    ; timer[4]                    ; clk          ; clk         ; 0.000        ; 0.045      ; 0.566      ;
; 0.437 ; timer[5]                    ; timer[6]                    ; clk          ; clk         ; 0.000        ; 0.045      ; 0.566      ;
; 0.446 ; timer[0]                    ; timer[1]                    ; clk          ; clk         ; 0.000        ; 0.045      ; 0.575      ;
; 0.447 ; timer[2]                    ; timer[3]                    ; clk          ; clk         ; 0.000        ; 0.045      ; 0.576      ;
; 0.447 ; timer[4]                    ; timer[5]                    ; clk          ; clk         ; 0.000        ; 0.045      ; 0.576      ;
; 0.449 ; timer[0]                    ; timer[2]                    ; clk          ; clk         ; 0.000        ; 0.045      ; 0.578      ;
; 0.450 ; timer[2]                    ; timer[4]                    ; clk          ; clk         ; 0.000        ; 0.045      ; 0.579      ;
; 0.450 ; timer[4]                    ; timer[6]                    ; clk          ; clk         ; 0.000        ; 0.045      ; 0.579      ;
; 0.453 ; current_state.RIGHT_200MS   ; right[1]~reg0               ; clk          ; clk         ; 0.000        ; 0.037      ; 0.574      ;
; 0.455 ; timer[7]                    ; timer[8]                    ; clk          ; clk         ; 0.000        ; 0.038      ; 0.577      ;
; 0.456 ; timer[9]                    ; timer[10]                   ; clk          ; clk         ; 0.000        ; 0.038      ; 0.578      ;
; 0.457 ; timer[27]                   ; timer[28]                   ; clk          ; clk         ; 0.000        ; 0.037      ; 0.578      ;
; 0.458 ; current_state.FORWARD_2S_2  ; pwm_value[4]~reg0           ; clk          ; clk         ; 0.000        ; 0.037      ; 0.579      ;
; 0.459 ; timer[17]                   ; timer[24]                   ; clk          ; clk         ; 0.000        ; 0.232      ; 0.775      ;
; 0.465 ; timer[8]                    ; timer[9]                    ; clk          ; clk         ; 0.000        ; 0.038      ; 0.587      ;
; 0.466 ; timer[16]                   ; timer[17]                   ; clk          ; clk         ; 0.000        ; 0.037      ; 0.587      ;
; 0.466 ; timer[13]                   ; timer[14]                   ; clk          ; clk         ; 0.000        ; 0.038      ; 0.588      ;
; 0.466 ; current_state.FORWARD_2S    ; pwm_value[1]~reg0           ; clk          ; clk         ; 0.000        ; 0.037      ; 0.587      ;
; 0.468 ; timer[26]                   ; timer[27]                   ; clk          ; clk         ; 0.000        ; 0.037      ; 0.589      ;
; 0.468 ; timer[8]                    ; timer[10]                   ; clk          ; clk         ; 0.000        ; 0.038      ; 0.590      ;
; 0.470 ; timer[22]                   ; timer[29]                   ; clk          ; clk         ; 0.000        ; 0.232      ; 0.786      ;
; 0.470 ; current_state.FORWARD_2S_3  ; pwm_value[1]~reg0           ; clk          ; clk         ; 0.000        ; 0.037      ; 0.591      ;
; 0.471 ; timer[28]                   ; timer[30]                   ; clk          ; clk         ; 0.000        ; 0.037      ; 0.592      ;
; 0.471 ; timer[26]                   ; timer[28]                   ; clk          ; clk         ; 0.000        ; 0.037      ; 0.592      ;
; 0.472 ; timer[16]                   ; timer[24]                   ; clk          ; clk         ; 0.000        ; 0.232      ; 0.788      ;
; 0.473 ; timer[15]                   ; timer[16]                   ; clk          ; clk         ; 0.000        ; 0.031      ; 0.588      ;
; 0.476 ; timer[23]                   ; timer[24]                   ; clk          ; clk         ; 0.000        ; 0.225      ; 0.785      ;
; 0.476 ; timer[14]                   ; timer[15]                   ; clk          ; clk         ; 0.000        ; 0.038      ; 0.598      ;
; 0.479 ; timer[10]                   ; timer[18]                   ; clk          ; clk         ; 0.000        ; 0.226      ; 0.789      ;
; 0.483 ; timer[12]                   ; timer[18]                   ; clk          ; clk         ; 0.000        ; 0.225      ; 0.792      ;
; 0.486 ; timer[14]                   ; timer[16]                   ; clk          ; clk         ; 0.000        ; 0.031      ; 0.601      ;
; 0.499 ; timer[1]                    ; timer[3]                    ; clk          ; clk         ; 0.000        ; 0.045      ; 0.628      ;
+-------+-----------------------------+-----------------------------+--------------+-------------+--------------+------------+------------+


+-------------------------------------------------------------------------------------------------------------+
; Fast 1200mV 0C Model Minimum Pulse Width: 'clk'                                                             ;
+--------+--------------+----------------+-----------------+-------+------------+-----------------------------+
; Slack  ; Actual Width ; Required Width ; Type            ; Clock ; Clock Edge ; Target                      ;
+--------+--------------+----------------+-----------------+-------+------------+-----------------------------+
; -3.000 ; 1.000        ; 4.000          ; Port Rate       ; clk   ; Rise       ; clk                         ;
; -1.000 ; 1.000        ; 2.000          ; Min Period      ; clk   ; Rise       ; active~reg0                 ;
; -1.000 ; 1.000        ; 2.000          ; Min Period      ; clk   ; Rise       ; current_state.FORWARD_2S    ;
; -1.000 ; 1.000        ; 2.000          ; Min Period      ; clk   ; Rise       ; current_state.FORWARD_2S_2  ;
; -1.000 ; 1.000        ; 2.000          ; Min Period      ; clk   ; Rise       ; current_state.FORWARD_2S_3  ;
; -1.000 ; 1.000        ; 2.000          ; Min Period      ; clk   ; Rise       ; current_state.FORWARD_2S_4  ;
; -1.000 ; 1.000        ; 2.000          ; Min Period      ; clk   ; Rise       ; current_state.IDLE          ;
; -1.000 ; 1.000        ; 2.000          ; Min Period      ; clk   ; Rise       ; current_state.RIGHT_200MS   ;
; -1.000 ; 1.000        ; 2.000          ; Min Period      ; clk   ; Rise       ; current_state.RIGHT_200MS_2 ;
; -1.000 ; 1.000        ; 2.000          ; Min Period      ; clk   ; Rise       ; current_state.RIGHT_200MS_3 ;
; -1.000 ; 1.000        ; 2.000          ; Min Period      ; clk   ; Rise       ; current_state.RIGHT_200MS_4 ;
; -1.000 ; 1.000        ; 2.000          ; Min Period      ; clk   ; Rise       ; current_state.stop          ;
; -1.000 ; 1.000        ; 2.000          ; Min Period      ; clk   ; Rise       ; left[0]~reg0                ;
; -1.000 ; 1.000        ; 2.000          ; Min Period      ; clk   ; Rise       ; pwm_value[1]~reg0           ;
; -1.000 ; 1.000        ; 2.000          ; Min Period      ; clk   ; Rise       ; pwm_value[3]~reg0           ;
; -1.000 ; 1.000        ; 2.000          ; Min Period      ; clk   ; Rise       ; pwm_value[4]~reg0           ;
; -1.000 ; 1.000        ; 2.000          ; Min Period      ; clk   ; Rise       ; right[0]~reg0               ;
; -1.000 ; 1.000        ; 2.000          ; Min Period      ; clk   ; Rise       ; right[1]~reg0               ;
; -1.000 ; 1.000        ; 2.000          ; Min Period      ; clk   ; Rise       ; timer[0]                    ;
; -1.000 ; 1.000        ; 2.000          ; Min Period      ; clk   ; Rise       ; timer[10]                   ;
; -1.000 ; 1.000        ; 2.000          ; Min Period      ; clk   ; Rise       ; timer[11]                   ;
; -1.000 ; 1.000        ; 2.000          ; Min Period      ; clk   ; Rise       ; timer[12]                   ;
; -1.000 ; 1.000        ; 2.000          ; Min Period      ; clk   ; Rise       ; timer[13]                   ;
; -1.000 ; 1.000        ; 2.000          ; Min Period      ; clk   ; Rise       ; timer[14]                   ;
; -1.000 ; 1.000        ; 2.000          ; Min Period      ; clk   ; Rise       ; timer[15]                   ;
; -1.000 ; 1.000        ; 2.000          ; Min Period      ; clk   ; Rise       ; timer[16]                   ;
; -1.000 ; 1.000        ; 2.000          ; Min Period      ; clk   ; Rise       ; timer[17]                   ;
; -1.000 ; 1.000        ; 2.000          ; Min Period      ; clk   ; Rise       ; timer[18]                   ;
; -1.000 ; 1.000        ; 2.000          ; Min Period      ; clk   ; Rise       ; timer[19]                   ;
; -1.000 ; 1.000        ; 2.000          ; Min Period      ; clk   ; Rise       ; timer[1]                    ;
; -1.000 ; 1.000        ; 2.000          ; Min Period      ; clk   ; Rise       ; timer[20]                   ;
; -1.000 ; 1.000        ; 2.000          ; Min Period      ; clk   ; Rise       ; timer[21]                   ;
; -1.000 ; 1.000        ; 2.000          ; Min Period      ; clk   ; Rise       ; timer[22]                   ;
; -1.000 ; 1.000        ; 2.000          ; Min Period      ; clk   ; Rise       ; timer[23]                   ;
; -1.000 ; 1.000        ; 2.000          ; Min Period      ; clk   ; Rise       ; timer[24]                   ;
; -1.000 ; 1.000        ; 2.000          ; Min Period      ; clk   ; Rise       ; timer[25]                   ;
; -1.000 ; 1.000        ; 2.000          ; Min Period      ; clk   ; Rise       ; timer[26]                   ;
; -1.000 ; 1.000        ; 2.000          ; Min Period      ; clk   ; Rise       ; timer[27]                   ;
; -1.000 ; 1.000        ; 2.000          ; Min Period      ; clk   ; Rise       ; timer[28]                   ;
; -1.000 ; 1.000        ; 2.000          ; Min Period      ; clk   ; Rise       ; timer[29]                   ;
; -1.000 ; 1.000        ; 2.000          ; Min Period      ; clk   ; Rise       ; timer[2]                    ;
; -1.000 ; 1.000        ; 2.000          ; Min Period      ; clk   ; Rise       ; timer[30]                   ;
; -1.000 ; 1.000        ; 2.000          ; Min Period      ; clk   ; Rise       ; timer[31]                   ;
; -1.000 ; 1.000        ; 2.000          ; Min Period      ; clk   ; Rise       ; timer[3]                    ;
; -1.000 ; 1.000        ; 2.000          ; Min Period      ; clk   ; Rise       ; timer[4]                    ;
; -1.000 ; 1.000        ; 2.000          ; Min Period      ; clk   ; Rise       ; timer[5]                    ;
; -1.000 ; 1.000        ; 2.000          ; Min Period      ; clk   ; Rise       ; timer[6]                    ;
; -1.000 ; 1.000        ; 2.000          ; Min Period      ; clk   ; Rise       ; timer[7]                    ;
; -1.000 ; 1.000        ; 2.000          ; Min Period      ; clk   ; Rise       ; timer[8]                    ;
; -1.000 ; 1.000        ; 2.000          ; Min Period      ; clk   ; Rise       ; timer[9]                    ;
; -0.059 ; 0.125        ; 0.184          ; Low Pulse Width ; clk   ; Rise       ; timer[0]                    ;
; -0.059 ; 0.125        ; 0.184          ; Low Pulse Width ; clk   ; Rise       ; timer[1]                    ;
; -0.059 ; 0.125        ; 0.184          ; Low Pulse Width ; clk   ; Rise       ; timer[21]                   ;
; -0.059 ; 0.125        ; 0.184          ; Low Pulse Width ; clk   ; Rise       ; timer[2]                    ;
; -0.059 ; 0.125        ; 0.184          ; Low Pulse Width ; clk   ; Rise       ; timer[3]                    ;
; -0.059 ; 0.125        ; 0.184          ; Low Pulse Width ; clk   ; Rise       ; timer[4]                    ;
; -0.059 ; 0.125        ; 0.184          ; Low Pulse Width ; clk   ; Rise       ; timer[5]                    ;
; -0.059 ; 0.125        ; 0.184          ; Low Pulse Width ; clk   ; Rise       ; timer[6]                    ;
; -0.058 ; 0.126        ; 0.184          ; Low Pulse Width ; clk   ; Rise       ; timer[18]                   ;
; -0.058 ; 0.126        ; 0.184          ; Low Pulse Width ; clk   ; Rise       ; timer[24]                   ;
; -0.058 ; 0.126        ; 0.184          ; Low Pulse Width ; clk   ; Rise       ; timer[29]                   ;
; -0.058 ; 0.126        ; 0.184          ; Low Pulse Width ; clk   ; Rise       ; timer[31]                   ;
; -0.029 ; 0.155        ; 0.184          ; Low Pulse Width ; clk   ; Rise       ; timer[20]                   ;
; -0.029 ; 0.155        ; 0.184          ; Low Pulse Width ; clk   ; Rise       ; timer[25]                   ;
; -0.028 ; 0.156        ; 0.184          ; Low Pulse Width ; clk   ; Rise       ; active~reg0                 ;
; -0.028 ; 0.156        ; 0.184          ; Low Pulse Width ; clk   ; Rise       ; current_state.FORWARD_2S    ;
; -0.028 ; 0.156        ; 0.184          ; Low Pulse Width ; clk   ; Rise       ; current_state.FORWARD_2S_2  ;
; -0.028 ; 0.156        ; 0.184          ; Low Pulse Width ; clk   ; Rise       ; current_state.FORWARD_2S_3  ;
; -0.028 ; 0.156        ; 0.184          ; Low Pulse Width ; clk   ; Rise       ; current_state.FORWARD_2S_4  ;
; -0.028 ; 0.156        ; 0.184          ; Low Pulse Width ; clk   ; Rise       ; current_state.IDLE          ;
; -0.028 ; 0.156        ; 0.184          ; Low Pulse Width ; clk   ; Rise       ; current_state.RIGHT_200MS   ;
; -0.028 ; 0.156        ; 0.184          ; Low Pulse Width ; clk   ; Rise       ; current_state.RIGHT_200MS_2 ;
; -0.028 ; 0.156        ; 0.184          ; Low Pulse Width ; clk   ; Rise       ; current_state.RIGHT_200MS_3 ;
; -0.028 ; 0.156        ; 0.184          ; Low Pulse Width ; clk   ; Rise       ; current_state.RIGHT_200MS_4 ;
; -0.028 ; 0.156        ; 0.184          ; Low Pulse Width ; clk   ; Rise       ; current_state.stop          ;
; -0.028 ; 0.156        ; 0.184          ; Low Pulse Width ; clk   ; Rise       ; left[0]~reg0                ;
; -0.028 ; 0.156        ; 0.184          ; Low Pulse Width ; clk   ; Rise       ; pwm_value[1]~reg0           ;
; -0.028 ; 0.156        ; 0.184          ; Low Pulse Width ; clk   ; Rise       ; pwm_value[3]~reg0           ;
; -0.028 ; 0.156        ; 0.184          ; Low Pulse Width ; clk   ; Rise       ; pwm_value[4]~reg0           ;
; -0.028 ; 0.156        ; 0.184          ; Low Pulse Width ; clk   ; Rise       ; right[0]~reg0               ;
; -0.028 ; 0.156        ; 0.184          ; Low Pulse Width ; clk   ; Rise       ; right[1]~reg0               ;
; -0.028 ; 0.156        ; 0.184          ; Low Pulse Width ; clk   ; Rise       ; timer[10]                   ;
; -0.028 ; 0.156        ; 0.184          ; Low Pulse Width ; clk   ; Rise       ; timer[11]                   ;
; -0.028 ; 0.156        ; 0.184          ; Low Pulse Width ; clk   ; Rise       ; timer[12]                   ;
; -0.028 ; 0.156        ; 0.184          ; Low Pulse Width ; clk   ; Rise       ; timer[13]                   ;
; -0.028 ; 0.156        ; 0.184          ; Low Pulse Width ; clk   ; Rise       ; timer[14]                   ;
; -0.028 ; 0.156        ; 0.184          ; Low Pulse Width ; clk   ; Rise       ; timer[15]                   ;
; -0.028 ; 0.156        ; 0.184          ; Low Pulse Width ; clk   ; Rise       ; timer[19]                   ;
; -0.028 ; 0.156        ; 0.184          ; Low Pulse Width ; clk   ; Rise       ; timer[23]                   ;
; -0.028 ; 0.156        ; 0.184          ; Low Pulse Width ; clk   ; Rise       ; timer[7]                    ;
; -0.028 ; 0.156        ; 0.184          ; Low Pulse Width ; clk   ; Rise       ; timer[8]                    ;
; -0.028 ; 0.156        ; 0.184          ; Low Pulse Width ; clk   ; Rise       ; timer[9]                    ;
; -0.027 ; 0.157        ; 0.184          ; Low Pulse Width ; clk   ; Rise       ; timer[16]                   ;
; -0.027 ; 0.157        ; 0.184          ; Low Pulse Width ; clk   ; Rise       ; timer[17]                   ;
; -0.027 ; 0.157        ; 0.184          ; Low Pulse Width ; clk   ; Rise       ; timer[22]                   ;
; -0.027 ; 0.157        ; 0.184          ; Low Pulse Width ; clk   ; Rise       ; timer[26]                   ;
; -0.027 ; 0.157        ; 0.184          ; Low Pulse Width ; clk   ; Rise       ; timer[27]                   ;
; -0.027 ; 0.157        ; 0.184          ; Low Pulse Width ; clk   ; Rise       ; timer[28]                   ;
; -0.027 ; 0.157        ; 0.184          ; Low Pulse Width ; clk   ; Rise       ; timer[30]                   ;
; 0.121  ; 0.121        ; 0.000          ; Low Pulse Width ; clk   ; Rise       ; timer[0]|clk                ;
+--------+--------------+----------------+-----------------+-------+------------+-----------------------------+


+-----------------------------------------------------------------------+
; Setup Times                                                           ;
+-----------+------------+-------+-------+------------+-----------------+
; Data Port ; Clock Port ; Rise  ; Fall  ; Clock Edge ; Clock Reference ;
+-----------+------------+-------+-------+------------+-----------------+
; mode[*]   ; clk        ; 2.011 ; 2.680 ; Rise       ; clk             ;
;  mode[0]  ; clk        ; 2.002 ; 2.498 ; Rise       ; clk             ;
;  mode[1]  ; clk        ; 2.011 ; 2.680 ; Rise       ; clk             ;
+-----------+------------+-------+-------+------------+-----------------+


+-------------------------------------------------------------------------+
; Hold Times                                                              ;
+-----------+------------+--------+--------+------------+-----------------+
; Data Port ; Clock Port ; Rise   ; Fall   ; Clock Edge ; Clock Reference ;
+-----------+------------+--------+--------+------------+-----------------+
; mode[*]   ; clk        ; -1.239 ; -1.811 ; Rise       ; clk             ;
;  mode[0]  ; clk        ; -1.239 ; -1.811 ; Rise       ; clk             ;
;  mode[1]  ; clk        ; -1.329 ; -1.903 ; Rise       ; clk             ;
+-----------+------------+--------+--------+------------+-----------------+


+---------------------------------------------------------------------------+
; Clock to Output Times                                                     ;
+---------------+------------+-------+-------+------------+-----------------+
; Data Port     ; Clock Port ; Rise  ; Fall  ; Clock Edge ; Clock Reference ;
+---------------+------------+-------+-------+------------+-----------------+
; active        ; clk        ; 3.784 ; 3.815 ; Rise       ; clk             ;
; left[*]       ; clk        ; 3.816 ; 3.847 ; Rise       ; clk             ;
;  left[0]      ; clk        ; 3.816 ; 3.847 ; Rise       ; clk             ;
; pwm_value[*]  ; clk        ; 4.654 ; 4.531 ; Rise       ; clk             ;
;  pwm_value[1] ; clk        ; 4.654 ; 4.531 ; Rise       ; clk             ;
;  pwm_value[2] ; clk        ; 4.001 ; 3.896 ; Rise       ; clk             ;
;  pwm_value[3] ; clk        ; 4.195 ; 4.092 ; Rise       ; clk             ;
;  pwm_value[4] ; clk        ; 3.496 ; 3.539 ; Rise       ; clk             ;
;  pwm_value[5] ; clk        ; 3.805 ; 3.711 ; Rise       ; clk             ;
;  pwm_value[6] ; clk        ; 4.205 ; 4.102 ; Rise       ; clk             ;
; right[*]      ; clk        ; 4.103 ; 4.157 ; Rise       ; clk             ;
;  right[0]     ; clk        ; 3.912 ; 4.034 ; Rise       ; clk             ;
;  right[1]     ; clk        ; 4.103 ; 4.157 ; Rise       ; clk             ;
+---------------+------------+-------+-------+------------+-----------------+


+---------------------------------------------------------------------------+
; Minimum Clock to Output Times                                             ;
+---------------+------------+-------+-------+------------+-----------------+
; Data Port     ; Clock Port ; Rise  ; Fall  ; Clock Edge ; Clock Reference ;
+---------------+------------+-------+-------+------------+-----------------+
; active        ; clk        ; 3.660 ; 3.688 ; Rise       ; clk             ;
; left[*]       ; clk        ; 3.691 ; 3.719 ; Rise       ; clk             ;
;  left[0]      ; clk        ; 3.691 ; 3.719 ; Rise       ; clk             ;
; pwm_value[*]  ; clk        ; 3.377 ; 3.418 ; Rise       ; clk             ;
;  pwm_value[1] ; clk        ; 4.516 ; 4.398 ; Rise       ; clk             ;
;  pwm_value[2] ; clk        ; 3.863 ; 3.763 ; Rise       ; clk             ;
;  pwm_value[3] ; clk        ; 4.053 ; 3.956 ; Rise       ; clk             ;
;  pwm_value[4] ; clk        ; 3.377 ; 3.418 ; Rise       ; clk             ;
;  pwm_value[5] ; clk        ; 3.678 ; 3.589 ; Rise       ; clk             ;
;  pwm_value[6] ; clk        ; 4.063 ; 3.966 ; Rise       ; clk             ;
; right[*]      ; clk        ; 3.781 ; 3.898 ; Rise       ; clk             ;
;  right[0]     ; clk        ; 3.781 ; 3.898 ; Rise       ; clk             ;
;  right[1]     ; clk        ; 3.985 ; 4.036 ; Rise       ; clk             ;
+---------------+------------+-------+-------+------------+-----------------+


---------------------------------------------
; Fast 1200mV 0C Model Metastability Report ;
---------------------------------------------
No synchronizer chains to report.


+--------------------------------------------------------------------------------+
; Multicorner Timing Analysis Summary                                            ;
+------------------+----------+-------+----------+---------+---------------------+
; Clock            ; Setup    ; Hold  ; Recovery ; Removal ; Minimum Pulse Width ;
+------------------+----------+-------+----------+---------+---------------------+
; Worst-case Slack ; -3.238   ; 0.186 ; N/A      ; N/A     ; -3.000              ;
;  clk             ; -3.238   ; 0.186 ; N/A      ; N/A     ; -3.000              ;
; Design-wide TNS  ; -123.521 ; 0.0   ; 0.0      ; 0.0     ; -53.735             ;
;  clk             ; -123.521 ; 0.000 ; N/A      ; N/A     ; -53.735             ;
+------------------+----------+-------+----------+---------+---------------------+


+-----------------------------------------------------------------------+
; Setup Times                                                           ;
+-----------+------------+-------+-------+------------+-----------------+
; Data Port ; Clock Port ; Rise  ; Fall  ; Clock Edge ; Clock Reference ;
+-----------+------------+-------+-------+------------+-----------------+
; mode[*]   ; clk        ; 3.585 ; 4.067 ; Rise       ; clk             ;
;  mode[0]  ; clk        ; 3.472 ; 3.881 ; Rise       ; clk             ;
;  mode[1]  ; clk        ; 3.585 ; 4.067 ; Rise       ; clk             ;
+-----------+------------+-------+-------+------------+-----------------+


+-------------------------------------------------------------------------+
; Hold Times                                                              ;
+-----------+------------+--------+--------+------------+-----------------+
; Data Port ; Clock Port ; Rise   ; Fall   ; Clock Edge ; Clock Reference ;
+-----------+------------+--------+--------+------------+-----------------+
; mode[*]   ; clk        ; -1.239 ; -1.811 ; Rise       ; clk             ;
;  mode[0]  ; clk        ; -1.239 ; -1.811 ; Rise       ; clk             ;
;  mode[1]  ; clk        ; -1.329 ; -1.903 ; Rise       ; clk             ;
+-----------+------------+--------+--------+------------+-----------------+


+---------------------------------------------------------------------------+
; Clock to Output Times                                                     ;
+---------------+------------+-------+-------+------------+-----------------+
; Data Port     ; Clock Port ; Rise  ; Fall  ; Clock Edge ; Clock Reference ;
+---------------+------------+-------+-------+------------+-----------------+
; active        ; clk        ; 6.374 ; 6.340 ; Rise       ; clk             ;
; left[*]       ; clk        ; 6.422 ; 6.391 ; Rise       ; clk             ;
;  left[0]      ; clk        ; 6.422 ; 6.391 ; Rise       ; clk             ;
; pwm_value[*]  ; clk        ; 7.559 ; 7.516 ; Rise       ; clk             ;
;  pwm_value[1] ; clk        ; 7.559 ; 7.516 ; Rise       ; clk             ;
;  pwm_value[2] ; clk        ; 6.651 ; 6.663 ; Rise       ; clk             ;
;  pwm_value[3] ; clk        ; 6.939 ; 6.907 ; Rise       ; clk             ;
;  pwm_value[4] ; clk        ; 5.999 ; 5.938 ; Rise       ; clk             ;
;  pwm_value[5] ; clk        ; 6.298 ; 6.309 ; Rise       ; clk             ;
;  pwm_value[6] ; clk        ; 6.949 ; 6.917 ; Rise       ; clk             ;
; right[*]      ; clk        ; 6.799 ; 6.800 ; Rise       ; clk             ;
;  right[0]     ; clk        ; 6.657 ; 6.646 ; Rise       ; clk             ;
;  right[1]     ; clk        ; 6.799 ; 6.800 ; Rise       ; clk             ;
+---------------+------------+-------+-------+------------+-----------------+


+---------------------------------------------------------------------------+
; Minimum Clock to Output Times                                             ;
+---------------+------------+-------+-------+------------+-----------------+
; Data Port     ; Clock Port ; Rise  ; Fall  ; Clock Edge ; Clock Reference ;
+---------------+------------+-------+-------+------------+-----------------+
; active        ; clk        ; 3.660 ; 3.688 ; Rise       ; clk             ;
; left[*]       ; clk        ; 3.691 ; 3.719 ; Rise       ; clk             ;
;  left[0]      ; clk        ; 3.691 ; 3.719 ; Rise       ; clk             ;
; pwm_value[*]  ; clk        ; 3.377 ; 3.418 ; Rise       ; clk             ;
;  pwm_value[1] ; clk        ; 4.516 ; 4.398 ; Rise       ; clk             ;
;  pwm_value[2] ; clk        ; 3.863 ; 3.763 ; Rise       ; clk             ;
;  pwm_value[3] ; clk        ; 4.053 ; 3.956 ; Rise       ; clk             ;
;  pwm_value[4] ; clk        ; 3.377 ; 3.418 ; Rise       ; clk             ;
;  pwm_value[5] ; clk        ; 3.678 ; 3.589 ; Rise       ; clk             ;
;  pwm_value[6] ; clk        ; 4.063 ; 3.966 ; Rise       ; clk             ;
; right[*]      ; clk        ; 3.781 ; 3.898 ; Rise       ; clk             ;
;  right[0]     ; clk        ; 3.781 ; 3.898 ; Rise       ; clk             ;
;  right[1]     ; clk        ; 3.985 ; 4.036 ; Rise       ; clk             ;
+---------------+------------+-------+-------+------------+-----------------+


+------------------------------------------------------------------------------------------------------------------------------------------------------------------------------------------------------------------------------------------------------------------------------------------------------------------------------------------------------------------------------------------------------------------+
; Board Trace Model Assignments                                                                                                                                                                                                                                                                                                                                                                                    ;
+---------------+--------------+-------------------+-------------------------+-------------------------+---------------+---------------------+----------------+------------------+--------+------------------+------------------------+------------------------+--------------+---------------+-----------------+-------+---------------------+--------------------+---------------+-----------------+-------------+
; Pin           ; I/O Standard ; Near Tline Length ; Near Tline L per Length ; Near Tline C per Length ; Near Series R ; Near Differential R ; Near Pull-up R ; Near Pull-down R ; Near C ; Far Tline Length ; Far Tline L per Length ; Far Tline C per Length ; Far Series R ; Far Pull-up R ; Far Pull-down R ; Far C ; Termination Voltage ; Far Differential R ; EBD File Name ; EBD Signal Name ; EBD Far-end ;
+---------------+--------------+-------------------+-------------------------+-------------------------+---------------+---------------------+----------------+------------------+--------+------------------+------------------------+------------------------+--------------+---------------+-----------------+-------+---------------------+--------------------+---------------+-----------------+-------------+
; left[0]       ; 2.5 V        ; 0 in              ; 0 H/in                  ; 0 F/in                  ; short         ; -                   ; open           ; open             ; open   ; 0 in             ; 0 H/in                 ; 0 F/in                 ; short        ; open          ; open            ; open  ; 0 V                 ; -                  ; n/a           ; n/a             ; n/a         ;
; left[1]       ; 2.5 V        ; 0 in              ; 0 H/in                  ; 0 F/in                  ; short         ; -                   ; open           ; open             ; open   ; 0 in             ; 0 H/in                 ; 0 F/in                 ; short        ; open          ; open            ; open  ; 0 V                 ; -                  ; n/a           ; n/a             ; n/a         ;
; right[0]      ; 2.5 V        ; 0 in              ; 0 H/in                  ; 0 F/in                  ; short         ; -                   ; open           ; open             ; open   ; 0 in             ; 0 H/in                 ; 0 F/in                 ; short        ; open          ; open            ; open  ; 0 V                 ; -                  ; n/a           ; n/a             ; n/a         ;
; right[1]      ; 2.5 V        ; 0 in              ; 0 H/in                  ; 0 F/in                  ; short         ; -                   ; open           ; open             ; open   ; 0 in             ; 0 H/in                 ; 0 F/in                 ; short        ; open          ; open            ; open  ; 0 V                 ; -                  ; n/a           ; n/a             ; n/a         ;
; pwm_value[0]  ; 2.5 V        ; 0 in              ; 0 H/in                  ; 0 F/in                  ; short         ; -                   ; open           ; open             ; open   ; 0 in             ; 0 H/in                 ; 0 F/in                 ; short        ; open          ; open            ; open  ; 0 V                 ; -                  ; n/a           ; n/a             ; n/a         ;
; pwm_value[1]  ; 2.5 V        ; 0 in              ; 0 H/in                  ; 0 F/in                  ; short         ; -                   ; open           ; open             ; open   ; 0 in             ; 0 H/in                 ; 0 F/in                 ; short        ; open          ; open            ; open  ; 0 V                 ; -                  ; n/a           ; n/a             ; n/a         ;
; pwm_value[2]  ; 2.5 V        ; 0 in              ; 0 H/in                  ; 0 F/in                  ; short         ; -                   ; open           ; open             ; open   ; 0 in             ; 0 H/in                 ; 0 F/in                 ; short        ; open          ; open            ; open  ; 0 V                 ; -                  ; n/a           ; n/a             ; n/a         ;
; pwm_value[3]  ; 2.5 V        ; 0 in              ; 0 H/in                  ; 0 F/in                  ; short         ; -                   ; open           ; open             ; open   ; 0 in             ; 0 H/in                 ; 0 F/in                 ; short        ; open          ; open            ; open  ; 0 V                 ; -                  ; n/a           ; n/a             ; n/a         ;
; pwm_value[4]  ; 2.5 V        ; 0 in              ; 0 H/in                  ; 0 F/in                  ; short         ; -                   ; open           ; open             ; open   ; 0 in             ; 0 H/in                 ; 0 F/in                 ; short        ; open          ; open            ; open  ; 0 V                 ; -                  ; n/a           ; n/a             ; n/a         ;
; pwm_value[5]  ; 2.5 V        ; 0 in              ; 0 H/in                  ; 0 F/in                  ; short         ; -                   ; open           ; open             ; open   ; 0 in             ; 0 H/in                 ; 0 F/in                 ; short        ; open          ; open            ; open  ; 0 V                 ; -                  ; n/a           ; n/a             ; n/a         ;
; pwm_value[6]  ; 2.5 V        ; 0 in              ; 0 H/in                  ; 0 F/in                  ; short         ; -                   ; open           ; open             ; open   ; 0 in             ; 0 H/in                 ; 0 F/in                 ; short        ; open          ; open            ; open  ; 0 V                 ; -                  ; n/a           ; n/a             ; n/a         ;
; pwm_value[7]  ; 2.5 V        ; 0 in              ; 0 H/in                  ; 0 F/in                  ; short         ; -                   ; open           ; open             ; open   ; 0 in             ; 0 H/in                 ; 0 F/in                 ; short        ; open          ; open            ; open  ; 0 V                 ; -                  ; n/a           ; n/a             ; n/a         ;
; active        ; 2.5 V        ; 0 in              ; 0 H/in                  ; 0 F/in                  ; short         ; -                   ; open           ; open             ; open   ; 0 in             ; 0 H/in                 ; 0 F/in                 ; short        ; open          ; open            ; open  ; 0 V                 ; -                  ; n/a           ; n/a             ; n/a         ;
; ~ALTERA_NCEO~ ; 2.5 V        ; 0 in              ; 0 H/in                  ; 0 F/in                  ; short         ; -                   ; open           ; open             ; open   ; 0 in             ; 0 H/in                 ; 0 F/in                 ; short        ; open          ; open            ; open  ; 0 V                 ; -                  ; n/a           ; n/a             ; n/a         ;
; ~ALTERA_DCLK~ ; 2.5 V        ; 0 in              ; 0 H/in                  ; 0 F/in                  ; short         ; -                   ; open           ; open             ; open   ; 0 in             ; 0 H/in                 ; 0 F/in                 ; short        ; open          ; open            ; open  ; 0 V                 ; -                  ; n/a           ; n/a             ; n/a         ;
+---------------+--------------+-------------------+-------------------------+-------------------------+---------------+---------------------+----------------+------------------+--------+------------------+------------------------+------------------------+--------------+---------------+-----------------+-------+---------------------+--------------------+---------------+-----------------+-------------+


+-------------------------------------------------------------------+
; Input Transition Times                                            ;
+----------------+--------------+-----------------+-----------------+
; Pin            ; I/O Standard ; 10-90 Rise Time ; 90-10 Fall Time ;
+----------------+--------------+-----------------+-----------------+
; clk            ; 2.5 V        ; 2000 ps         ; 2000 ps         ;
; reset          ; 2.5 V        ; 2000 ps         ; 2000 ps         ;
; mode[1]        ; 2.5 V        ; 2000 ps         ; 2000 ps         ;
; mode[0]        ; 2.5 V        ; 2000 ps         ; 2000 ps         ;
; ~ALTERA_DATA0~ ; 2.5 V        ; 2000 ps         ; 2000 ps         ;
; ~ALTERA_ASDO~  ; 2.5 V        ; 2000 ps         ; 2000 ps         ;
; ~ALTERA_NCSO~  ; 2.5 V        ; 2000 ps         ; 2000 ps         ;
+----------------+--------------+-----------------+-----------------+


+--------------------------------------------------------------------------------------------------------------------------------------------------------------------------------------------------------------------------------------------------------------------------------------------------------------------------------------------------------------------------------------------------------------------------------------------------------------------------------------------------------------------------------------------------------------------------------------------------------------------------------------------------------------------------------------------+
; Signal Integrity Metrics (Slow 1200mv 0c Model)                                                                                                                                                                                                                                                                                                                                                                                                                                                                                                                                                                                                                                            ;
+---------------+--------------+---------------------+---------------------+------------------------------+------------------------------+---------------------+---------------------+--------------------------------------+--------------------------------------+-----------------------------+-----------------------------+----------------------------+----------------------------+-----------------------------+-----------------------------+--------------------+--------------------+-------------------------------------+-------------------------------------+----------------------------+----------------------------+---------------------------+---------------------------+
; Pin           ; I/O Standard ; Board Delay on Rise ; Board Delay on Fall ; Steady State Voh at FPGA Pin ; Steady State Vol at FPGA Pin ; Voh Max at FPGA Pin ; Vol Min at FPGA Pin ; Ringback Voltage on Rise at FPGA Pin ; Ringback Voltage on Fall at FPGA Pin ; 10-90 Rise Time at FPGA Pin ; 90-10 Fall Time at FPGA Pin ; Monotonic Rise at FPGA Pin ; Monotonic Fall at FPGA Pin ; Steady State Voh at Far-end ; Steady State Vol at Far-end ; Voh Max at Far-end ; Vol Min at Far-end ; Ringback Voltage on Rise at Far-end ; Ringback Voltage on Fall at Far-end ; 10-90 Rise Time at Far-end ; 90-10 Fall Time at Far-end ; Monotonic Rise at Far-end ; Monotonic Fall at Far-end ;
+---------------+--------------+---------------------+---------------------+------------------------------+------------------------------+---------------------+---------------------+--------------------------------------+--------------------------------------+-----------------------------+-----------------------------+----------------------------+----------------------------+-----------------------------+-----------------------------+--------------------+--------------------+-------------------------------------+-------------------------------------+----------------------------+----------------------------+---------------------------+---------------------------+
; left[0]       ; 2.5 V        ; 0 s                 ; 0 s                 ; 2.32 V                       ; 5.16e-09 V                   ; 2.37 V              ; -0.00861 V          ; 0.168 V                              ; 0.038 V                              ; 6.79e-10 s                  ; 6.49e-10 s                  ; No                         ; Yes                        ; 2.32 V                      ; 5.16e-09 V                  ; 2.37 V             ; -0.00861 V         ; 0.168 V                             ; 0.038 V                             ; 6.79e-10 s                 ; 6.49e-10 s                 ; No                        ; Yes                       ;
; left[1]       ; 2.5 V        ; 0 s                 ; 0 s                 ; 2.32 V                       ; 7.29e-09 V                   ; 2.39 V              ; -0.00317 V          ; 0.179 V                              ; 0.007 V                              ; 4.7e-10 s                   ; 4.72e-10 s                  ; No                         ; Yes                        ; 2.32 V                      ; 7.29e-09 V                  ; 2.39 V             ; -0.00317 V         ; 0.179 V                             ; 0.007 V                             ; 4.7e-10 s                  ; 4.72e-10 s                 ; No                        ; Yes                       ;
; right[0]      ; 2.5 V        ; 0 s                 ; 0 s                 ; 2.32 V                       ; 7.29e-09 V                   ; 2.39 V              ; -0.00317 V          ; 0.179 V                              ; 0.007 V                              ; 4.7e-10 s                   ; 4.72e-10 s                  ; No                         ; Yes                        ; 2.32 V                      ; 7.29e-09 V                  ; 2.39 V             ; -0.00317 V         ; 0.179 V                             ; 0.007 V                             ; 4.7e-10 s                  ; 4.72e-10 s                 ; No                        ; Yes                       ;
; right[1]      ; 2.5 V        ; 0 s                 ; 0 s                 ; 2.32 V                       ; 5.16e-09 V                   ; 2.34 V              ; -0.00633 V          ; 0.232 V                              ; 0.083 V                              ; 1.94e-09 s                  ; 1.83e-09 s                  ; No                         ; Yes                        ; 2.32 V                      ; 5.16e-09 V                  ; 2.34 V             ; -0.00633 V         ; 0.232 V                             ; 0.083 V                             ; 1.94e-09 s                 ; 1.83e-09 s                 ; No                        ; Yes                       ;
; pwm_value[0]  ; 2.5 V        ; 0 s                 ; 0 s                 ; 2.32 V                       ; 7.29e-09 V                   ; 2.39 V              ; -0.00339 V          ; 0.206 V                              ; 0.007 V                              ; 2.77e-10 s                  ; 3.24e-10 s                  ; Yes                        ; Yes                        ; 2.32 V                      ; 7.29e-09 V                  ; 2.39 V             ; -0.00339 V         ; 0.206 V                             ; 0.007 V                             ; 2.77e-10 s                 ; 3.24e-10 s                 ; Yes                       ; Yes                       ;
; pwm_value[1]  ; 2.5 V        ; 0 s                 ; 0 s                 ; 2.32 V                       ; 7.29e-09 V                   ; 2.34 V              ; -0.00668 V          ; 0.218 V                              ; 0.076 V                              ; 1.92e-09 s                  ; 1.81e-09 s                  ; No                         ; Yes                        ; 2.32 V                      ; 7.29e-09 V                  ; 2.34 V             ; -0.00668 V         ; 0.218 V                             ; 0.076 V                             ; 1.92e-09 s                 ; 1.81e-09 s                 ; No                        ; Yes                       ;
; pwm_value[2]  ; 2.5 V        ; 0 s                 ; 0 s                 ; 2.32 V                       ; 7.29e-09 V                   ; 2.39 V              ; -0.00339 V          ; 0.206 V                              ; 0.007 V                              ; 2.77e-10 s                  ; 3.24e-10 s                  ; Yes                        ; Yes                        ; 2.32 V                      ; 7.29e-09 V                  ; 2.39 V             ; -0.00339 V         ; 0.206 V                             ; 0.007 V                             ; 2.77e-10 s                 ; 3.24e-10 s                 ; Yes                       ; Yes                       ;
; pwm_value[3]  ; 2.5 V        ; 0 s                 ; 0 s                 ; 2.32 V                       ; 5.16e-09 V                   ; 2.37 V              ; -0.00861 V          ; 0.168 V                              ; 0.038 V                              ; 6.79e-10 s                  ; 6.49e-10 s                  ; No                         ; Yes                        ; 2.32 V                      ; 5.16e-09 V                  ; 2.37 V             ; -0.00861 V         ; 0.168 V                             ; 0.038 V                             ; 6.79e-10 s                 ; 6.49e-10 s                 ; No                        ; Yes                       ;
; pwm_value[4]  ; 2.5 V        ; 0 s                 ; 0 s                 ; 2.32 V                       ; 5.16e-09 V                   ; 2.4 V               ; -0.00557 V          ; 0.238 V                              ; 0.014 V                              ; 2.9e-10 s                   ; 3.48e-10 s                  ; No                         ; Yes                        ; 2.32 V                      ; 5.16e-09 V                  ; 2.4 V              ; -0.00557 V         ; 0.238 V                             ; 0.014 V                             ; 2.9e-10 s                  ; 3.48e-10 s                 ; No                        ; Yes                       ;
; pwm_value[5]  ; 2.5 V        ; 0 s                 ; 0 s                 ; 2.32 V                       ; 7.29e-09 V                   ; 2.39 V              ; -0.00317 V          ; 0.179 V                              ; 0.007 V                              ; 4.7e-10 s                   ; 4.72e-10 s                  ; No                         ; Yes                        ; 2.32 V                      ; 7.29e-09 V                  ; 2.39 V             ; -0.00317 V         ; 0.179 V                             ; 0.007 V                             ; 4.7e-10 s                  ; 4.72e-10 s                 ; No                        ; Yes                       ;
; pwm_value[6]  ; 2.5 V        ; 0 s                 ; 0 s                 ; 2.32 V                       ; 5.16e-09 V                   ; 2.37 V              ; -0.00861 V          ; 0.168 V                              ; 0.038 V                              ; 6.79e-10 s                  ; 6.49e-10 s                  ; No                         ; Yes                        ; 2.32 V                      ; 5.16e-09 V                  ; 2.37 V             ; -0.00861 V         ; 0.168 V                             ; 0.038 V                             ; 6.79e-10 s                 ; 6.49e-10 s                 ; No                        ; Yes                       ;
; pwm_value[7]  ; 2.5 V        ; 0 s                 ; 0 s                 ; 2.32 V                       ; 7.29e-09 V                   ; 2.39 V              ; -0.00317 V          ; 0.179 V                              ; 0.007 V                              ; 4.7e-10 s                   ; 4.72e-10 s                  ; No                         ; Yes                        ; 2.32 V                      ; 7.29e-09 V                  ; 2.39 V             ; -0.00317 V         ; 0.179 V                             ; 0.007 V                             ; 4.7e-10 s                  ; 4.72e-10 s                 ; No                        ; Yes                       ;
; active        ; 2.5 V        ; 0 s                 ; 0 s                 ; 2.32 V                       ; 5.16e-09 V                   ; 2.37 V              ; -0.00861 V          ; 0.168 V                              ; 0.038 V                              ; 6.79e-10 s                  ; 6.49e-10 s                  ; No                         ; Yes                        ; 2.32 V                      ; 5.16e-09 V                  ; 2.37 V             ; -0.00861 V         ; 0.168 V                             ; 0.038 V                             ; 6.79e-10 s                 ; 6.49e-10 s                 ; No                        ; Yes                       ;
; ~ALTERA_NCEO~ ; 2.5 V        ; 0 s                 ; 0 s                 ; 2.32 V                       ; 4.76e-09 V                   ; 2.4 V               ; -0.034 V            ; 0.102 V                              ; 0.065 V                              ; 2.49e-10 s                  ; 3.49e-10 s                  ; Yes                        ; Yes                        ; 2.32 V                      ; 4.76e-09 V                  ; 2.4 V              ; -0.034 V           ; 0.102 V                             ; 0.065 V                             ; 2.49e-10 s                 ; 3.49e-10 s                 ; Yes                       ; Yes                       ;
; ~ALTERA_DCLK~ ; 2.5 V        ; 0 s                 ; 0 s                 ; 2.32 V                       ; 5.94e-09 V                   ; 2.39 V              ; -0.0344 V           ; 0.156 V                              ; 0.089 V                              ; 2.68e-10 s                  ; 2.6e-10 s                   ; Yes                        ; Yes                        ; 2.32 V                      ; 5.94e-09 V                  ; 2.39 V             ; -0.0344 V          ; 0.156 V                             ; 0.089 V                             ; 2.68e-10 s                 ; 2.6e-10 s                  ; Yes                       ; Yes                       ;
+---------------+--------------+---------------------+---------------------+------------------------------+------------------------------+---------------------+---------------------+--------------------------------------+--------------------------------------+-----------------------------+-----------------------------+----------------------------+----------------------------+-----------------------------+-----------------------------+--------------------+--------------------+-------------------------------------+-------------------------------------+----------------------------+----------------------------+---------------------------+---------------------------+


+--------------------------------------------------------------------------------------------------------------------------------------------------------------------------------------------------------------------------------------------------------------------------------------------------------------------------------------------------------------------------------------------------------------------------------------------------------------------------------------------------------------------------------------------------------------------------------------------------------------------------------------------------------------------------------------------+
; Signal Integrity Metrics (Slow 1200mv 85c Model)                                                                                                                                                                                                                                                                                                                                                                                                                                                                                                                                                                                                                                           ;
+---------------+--------------+---------------------+---------------------+------------------------------+------------------------------+---------------------+---------------------+--------------------------------------+--------------------------------------+-----------------------------+-----------------------------+----------------------------+----------------------------+-----------------------------+-----------------------------+--------------------+--------------------+-------------------------------------+-------------------------------------+----------------------------+----------------------------+---------------------------+---------------------------+
; Pin           ; I/O Standard ; Board Delay on Rise ; Board Delay on Fall ; Steady State Voh at FPGA Pin ; Steady State Vol at FPGA Pin ; Voh Max at FPGA Pin ; Vol Min at FPGA Pin ; Ringback Voltage on Rise at FPGA Pin ; Ringback Voltage on Fall at FPGA Pin ; 10-90 Rise Time at FPGA Pin ; 90-10 Fall Time at FPGA Pin ; Monotonic Rise at FPGA Pin ; Monotonic Fall at FPGA Pin ; Steady State Voh at Far-end ; Steady State Vol at Far-end ; Voh Max at Far-end ; Vol Min at Far-end ; Ringback Voltage on Rise at Far-end ; Ringback Voltage on Fall at Far-end ; 10-90 Rise Time at Far-end ; 90-10 Fall Time at Far-end ; Monotonic Rise at Far-end ; Monotonic Fall at Far-end ;
+---------------+--------------+---------------------+---------------------+------------------------------+------------------------------+---------------------+---------------------+--------------------------------------+--------------------------------------+-----------------------------+-----------------------------+----------------------------+----------------------------+-----------------------------+-----------------------------+--------------------+--------------------+-------------------------------------+-------------------------------------+----------------------------+----------------------------+---------------------------+---------------------------+
; left[0]       ; 2.5 V        ; 0 s                 ; 0 s                 ; 2.32 V                       ; 8.13e-07 V                   ; 2.35 V              ; -0.00662 V          ; 0.129 V                              ; 0.049 V                              ; 8.55e-10 s                  ; 8.01e-10 s                  ; No                         ; Yes                        ; 2.32 V                      ; 8.13e-07 V                  ; 2.35 V             ; -0.00662 V         ; 0.129 V                             ; 0.049 V                             ; 8.55e-10 s                 ; 8.01e-10 s                 ; No                        ; Yes                       ;
; left[1]       ; 2.5 V        ; 0 s                 ; 0 s                 ; 2.32 V                       ; 1.21e-06 V                   ; 2.36 V              ; -0.00833 V          ; 0.113 V                              ; 0.035 V                              ; 6.32e-10 s                  ; 5.89e-10 s                  ; No                         ; Yes                        ; 2.32 V                      ; 1.21e-06 V                  ; 2.36 V             ; -0.00833 V         ; 0.113 V                             ; 0.035 V                             ; 6.32e-10 s                 ; 5.89e-10 s                 ; No                        ; Yes                       ;
; right[0]      ; 2.5 V        ; 0 s                 ; 0 s                 ; 2.32 V                       ; 1.21e-06 V                   ; 2.36 V              ; -0.00833 V          ; 0.113 V                              ; 0.035 V                              ; 6.32e-10 s                  ; 5.89e-10 s                  ; No                         ; Yes                        ; 2.32 V                      ; 1.21e-06 V                  ; 2.36 V             ; -0.00833 V         ; 0.113 V                             ; 0.035 V                             ; 6.32e-10 s                 ; 5.89e-10 s                 ; No                        ; Yes                       ;
; right[1]      ; 2.5 V        ; 0 s                 ; 0 s                 ; 2.32 V                       ; 8.13e-07 V                   ; 2.33 V              ; -0.00252 V          ; 0.203 V                              ; 0.046 V                              ; 2.34e-09 s                  ; 2.24e-09 s                  ; Yes                        ; Yes                        ; 2.32 V                      ; 8.13e-07 V                  ; 2.33 V             ; -0.00252 V         ; 0.203 V                             ; 0.046 V                             ; 2.34e-09 s                 ; 2.24e-09 s                 ; Yes                       ; Yes                       ;
; pwm_value[0]  ; 2.5 V        ; 0 s                 ; 0 s                 ; 2.32 V                       ; 1.21e-06 V                   ; 2.37 V              ; -0.00606 V          ; 0.107 V                              ; 0.021 V                              ; 4.26e-10 s                  ; 4.03e-10 s                  ; Yes                        ; Yes                        ; 2.32 V                      ; 1.21e-06 V                  ; 2.37 V             ; -0.00606 V         ; 0.107 V                             ; 0.021 V                             ; 4.26e-10 s                 ; 4.03e-10 s                 ; Yes                       ; Yes                       ;
; pwm_value[1]  ; 2.5 V        ; 0 s                 ; 0 s                 ; 2.32 V                       ; 1.21e-06 V                   ; 2.33 V              ; -0.00286 V          ; 0.193 V                              ; 0.042 V                              ; 2.32e-09 s                  ; 2.21e-09 s                  ; Yes                        ; Yes                        ; 2.32 V                      ; 1.21e-06 V                  ; 2.33 V             ; -0.00286 V         ; 0.193 V                             ; 0.042 V                             ; 2.32e-09 s                 ; 2.21e-09 s                 ; Yes                       ; Yes                       ;
; pwm_value[2]  ; 2.5 V        ; 0 s                 ; 0 s                 ; 2.32 V                       ; 1.21e-06 V                   ; 2.37 V              ; -0.00606 V          ; 0.107 V                              ; 0.021 V                              ; 4.26e-10 s                  ; 4.03e-10 s                  ; Yes                        ; Yes                        ; 2.32 V                      ; 1.21e-06 V                  ; 2.37 V             ; -0.00606 V         ; 0.107 V                             ; 0.021 V                             ; 4.26e-10 s                 ; 4.03e-10 s                 ; Yes                       ; Yes                       ;
; pwm_value[3]  ; 2.5 V        ; 0 s                 ; 0 s                 ; 2.32 V                       ; 8.13e-07 V                   ; 2.35 V              ; -0.00662 V          ; 0.129 V                              ; 0.049 V                              ; 8.55e-10 s                  ; 8.01e-10 s                  ; No                         ; Yes                        ; 2.32 V                      ; 8.13e-07 V                  ; 2.35 V             ; -0.00662 V         ; 0.129 V                             ; 0.049 V                             ; 8.55e-10 s                 ; 8.01e-10 s                 ; No                        ; Yes                       ;
; pwm_value[4]  ; 2.5 V        ; 0 s                 ; 0 s                 ; 2.32 V                       ; 8.13e-07 V                   ; 2.36 V              ; -0.00623 V          ; 0.121 V                              ; 0.03 V                               ; 4.4e-10 s                   ; 4.28e-10 s                  ; Yes                        ; Yes                        ; 2.32 V                      ; 8.13e-07 V                  ; 2.36 V             ; -0.00623 V         ; 0.121 V                             ; 0.03 V                              ; 4.4e-10 s                  ; 4.28e-10 s                 ; Yes                       ; Yes                       ;
; pwm_value[5]  ; 2.5 V        ; 0 s                 ; 0 s                 ; 2.32 V                       ; 1.21e-06 V                   ; 2.36 V              ; -0.00833 V          ; 0.113 V                              ; 0.035 V                              ; 6.32e-10 s                  ; 5.89e-10 s                  ; No                         ; Yes                        ; 2.32 V                      ; 1.21e-06 V                  ; 2.36 V             ; -0.00833 V         ; 0.113 V                             ; 0.035 V                             ; 6.32e-10 s                 ; 5.89e-10 s                 ; No                        ; Yes                       ;
; pwm_value[6]  ; 2.5 V        ; 0 s                 ; 0 s                 ; 2.32 V                       ; 8.13e-07 V                   ; 2.35 V              ; -0.00662 V          ; 0.129 V                              ; 0.049 V                              ; 8.55e-10 s                  ; 8.01e-10 s                  ; No                         ; Yes                        ; 2.32 V                      ; 8.13e-07 V                  ; 2.35 V             ; -0.00662 V         ; 0.129 V                             ; 0.049 V                             ; 8.55e-10 s                 ; 8.01e-10 s                 ; No                        ; Yes                       ;
; pwm_value[7]  ; 2.5 V        ; 0 s                 ; 0 s                 ; 2.32 V                       ; 1.21e-06 V                   ; 2.36 V              ; -0.00833 V          ; 0.113 V                              ; 0.035 V                              ; 6.32e-10 s                  ; 5.89e-10 s                  ; No                         ; Yes                        ; 2.32 V                      ; 1.21e-06 V                  ; 2.36 V             ; -0.00833 V         ; 0.113 V                             ; 0.035 V                             ; 6.32e-10 s                 ; 5.89e-10 s                 ; No                        ; Yes                       ;
; active        ; 2.5 V        ; 0 s                 ; 0 s                 ; 2.32 V                       ; 8.13e-07 V                   ; 2.35 V              ; -0.00662 V          ; 0.129 V                              ; 0.049 V                              ; 8.55e-10 s                  ; 8.01e-10 s                  ; No                         ; Yes                        ; 2.32 V                      ; 8.13e-07 V                  ; 2.35 V             ; -0.00662 V         ; 0.129 V                             ; 0.049 V                             ; 8.55e-10 s                 ; 8.01e-10 s                 ; No                        ; Yes                       ;
; ~ALTERA_NCEO~ ; 2.5 V        ; 0 s                 ; 0 s                 ; 2.32 V                       ; 7.93e-07 V                   ; 2.37 V              ; -0.0278 V           ; 0.106 V                              ; 0.115 V                              ; 2.69e-10 s                  ; 4.05e-10 s                  ; Yes                        ; Yes                        ; 2.32 V                      ; 7.93e-07 V                  ; 2.37 V             ; -0.0278 V          ; 0.106 V                             ; 0.115 V                             ; 2.69e-10 s                 ; 4.05e-10 s                 ; Yes                       ; Yes                       ;
; ~ALTERA_DCLK~ ; 2.5 V        ; 0 s                 ; 0 s                 ; 2.32 V                       ; 9.76e-07 V                   ; 2.36 V              ; -0.00439 V          ; 0.088 V                              ; 0.007 V                              ; 4.05e-10 s                  ; 3.35e-10 s                  ; Yes                        ; Yes                        ; 2.32 V                      ; 9.76e-07 V                  ; 2.36 V             ; -0.00439 V         ; 0.088 V                             ; 0.007 V                             ; 4.05e-10 s                 ; 3.35e-10 s                 ; Yes                       ; Yes                       ;
+---------------+--------------+---------------------+---------------------+------------------------------+------------------------------+---------------------+---------------------+--------------------------------------+--------------------------------------+-----------------------------+-----------------------------+----------------------------+----------------------------+-----------------------------+-----------------------------+--------------------+--------------------+-------------------------------------+-------------------------------------+----------------------------+----------------------------+---------------------------+---------------------------+


+--------------------------------------------------------------------------------------------------------------------------------------------------------------------------------------------------------------------------------------------------------------------------------------------------------------------------------------------------------------------------------------------------------------------------------------------------------------------------------------------------------------------------------------------------------------------------------------------------------------------------------------------------------------------------------------------+
; Signal Integrity Metrics (Fast 1200mv 0c Model)                                                                                                                                                                                                                                                                                                                                                                                                                                                                                                                                                                                                                                            ;
+---------------+--------------+---------------------+---------------------+------------------------------+------------------------------+---------------------+---------------------+--------------------------------------+--------------------------------------+-----------------------------+-----------------------------+----------------------------+----------------------------+-----------------------------+-----------------------------+--------------------+--------------------+-------------------------------------+-------------------------------------+----------------------------+----------------------------+---------------------------+---------------------------+
; Pin           ; I/O Standard ; Board Delay on Rise ; Board Delay on Fall ; Steady State Voh at FPGA Pin ; Steady State Vol at FPGA Pin ; Voh Max at FPGA Pin ; Vol Min at FPGA Pin ; Ringback Voltage on Rise at FPGA Pin ; Ringback Voltage on Fall at FPGA Pin ; 10-90 Rise Time at FPGA Pin ; 90-10 Fall Time at FPGA Pin ; Monotonic Rise at FPGA Pin ; Monotonic Fall at FPGA Pin ; Steady State Voh at Far-end ; Steady State Vol at Far-end ; Voh Max at Far-end ; Vol Min at Far-end ; Ringback Voltage on Rise at Far-end ; Ringback Voltage on Fall at Far-end ; 10-90 Rise Time at Far-end ; 90-10 Fall Time at Far-end ; Monotonic Rise at Far-end ; Monotonic Fall at Far-end ;
+---------------+--------------+---------------------+---------------------+------------------------------+------------------------------+---------------------+---------------------+--------------------------------------+--------------------------------------+-----------------------------+-----------------------------+----------------------------+----------------------------+-----------------------------+-----------------------------+--------------------+--------------------+-------------------------------------+-------------------------------------+----------------------------+----------------------------+---------------------------+---------------------------+
; left[0]       ; 2.5 V        ; 0 s                 ; 0 s                 ; 2.62 V                       ; 3.16e-08 V                   ; 2.71 V              ; -0.0171 V           ; 0.273 V                              ; 0.065 V                              ; 4.95e-10 s                  ; 5.37e-10 s                  ; No                         ; Yes                        ; 2.62 V                      ; 3.16e-08 V                  ; 2.71 V             ; -0.0171 V          ; 0.273 V                             ; 0.065 V                             ; 4.95e-10 s                 ; 5.37e-10 s                 ; No                        ; Yes                       ;
; left[1]       ; 2.5 V        ; 0 s                 ; 0 s                 ; 2.62 V                       ; 4.66e-08 V                   ; 2.72 V              ; -0.0215 V           ; 0.161 V                              ; 0.061 V                              ; 4.44e-10 s                  ; 4.06e-10 s                  ; No                         ; Yes                        ; 2.62 V                      ; 4.66e-08 V                  ; 2.72 V             ; -0.0215 V          ; 0.161 V                             ; 0.061 V                             ; 4.44e-10 s                 ; 4.06e-10 s                 ; No                        ; Yes                       ;
; right[0]      ; 2.5 V        ; 0 s                 ; 0 s                 ; 2.62 V                       ; 4.66e-08 V                   ; 2.72 V              ; -0.0215 V           ; 0.161 V                              ; 0.061 V                              ; 4.44e-10 s                  ; 4.06e-10 s                  ; No                         ; Yes                        ; 2.62 V                      ; 4.66e-08 V                  ; 2.72 V             ; -0.0215 V          ; 0.161 V                             ; 0.061 V                             ; 4.44e-10 s                 ; 4.06e-10 s                 ; No                        ; Yes                       ;
; right[1]      ; 2.5 V        ; 0 s                 ; 0 s                 ; 2.62 V                       ; 3.16e-08 V                   ; 2.65 V              ; -0.0109 V           ; 0.234 V                              ; 0.125 V                              ; 1.64e-09 s                  ; 1.59e-09 s                  ; No                         ; Yes                        ; 2.62 V                      ; 3.16e-08 V                  ; 2.65 V             ; -0.0109 V          ; 0.234 V                             ; 0.125 V                             ; 1.64e-09 s                 ; 1.59e-09 s                 ; No                        ; Yes                       ;
; pwm_value[0]  ; 2.5 V        ; 0 s                 ; 0 s                 ; 2.62 V                       ; 4.66e-08 V                   ; 2.73 V              ; -0.0205 V           ; 0.17 V                               ; 0.027 V                              ; 2.58e-10 s                  ; 2.57e-10 s                  ; Yes                        ; Yes                        ; 2.62 V                      ; 4.66e-08 V                  ; 2.73 V             ; -0.0205 V          ; 0.17 V                              ; 0.027 V                             ; 2.58e-10 s                 ; 2.57e-10 s                 ; Yes                       ; Yes                       ;
; pwm_value[1]  ; 2.5 V        ; 0 s                 ; 0 s                 ; 2.62 V                       ; 4.66e-08 V                   ; 2.65 V              ; -0.0115 V           ; 0.219 V                              ; 0.115 V                              ; 1.64e-09 s                  ; 1.57e-09 s                  ; No                         ; Yes                        ; 2.62 V                      ; 4.66e-08 V                  ; 2.65 V             ; -0.0115 V          ; 0.219 V                             ; 0.115 V                             ; 1.64e-09 s                 ; 1.57e-09 s                 ; No                        ; Yes                       ;
; pwm_value[2]  ; 2.5 V        ; 0 s                 ; 0 s                 ; 2.62 V                       ; 4.66e-08 V                   ; 2.73 V              ; -0.0205 V           ; 0.17 V                               ; 0.027 V                              ; 2.58e-10 s                  ; 2.57e-10 s                  ; Yes                        ; Yes                        ; 2.62 V                      ; 4.66e-08 V                  ; 2.73 V             ; -0.0205 V          ; 0.17 V                              ; 0.027 V                             ; 2.58e-10 s                 ; 2.57e-10 s                 ; Yes                       ; Yes                       ;
; pwm_value[3]  ; 2.5 V        ; 0 s                 ; 0 s                 ; 2.62 V                       ; 3.16e-08 V                   ; 2.71 V              ; -0.0171 V           ; 0.273 V                              ; 0.065 V                              ; 4.95e-10 s                  ; 5.37e-10 s                  ; No                         ; Yes                        ; 2.62 V                      ; 3.16e-08 V                  ; 2.71 V             ; -0.0171 V          ; 0.273 V                             ; 0.065 V                             ; 4.95e-10 s                 ; 5.37e-10 s                 ; No                        ; Yes                       ;
; pwm_value[4]  ; 2.5 V        ; 0 s                 ; 0 s                 ; 2.62 V                       ; 3.16e-08 V                   ; 2.72 V              ; -0.0199 V           ; 0.186 V                              ; 0.027 V                              ; 2.63e-10 s                  ; 2.76e-10 s                  ; Yes                        ; Yes                        ; 2.62 V                      ; 3.16e-08 V                  ; 2.72 V             ; -0.0199 V          ; 0.186 V                             ; 0.027 V                             ; 2.63e-10 s                 ; 2.76e-10 s                 ; Yes                       ; Yes                       ;
; pwm_value[5]  ; 2.5 V        ; 0 s                 ; 0 s                 ; 2.62 V                       ; 4.66e-08 V                   ; 2.72 V              ; -0.0215 V           ; 0.161 V                              ; 0.061 V                              ; 4.44e-10 s                  ; 4.06e-10 s                  ; No                         ; Yes                        ; 2.62 V                      ; 4.66e-08 V                  ; 2.72 V             ; -0.0215 V          ; 0.161 V                             ; 0.061 V                             ; 4.44e-10 s                 ; 4.06e-10 s                 ; No                        ; Yes                       ;
; pwm_value[6]  ; 2.5 V        ; 0 s                 ; 0 s                 ; 2.62 V                       ; 3.16e-08 V                   ; 2.71 V              ; -0.0171 V           ; 0.273 V                              ; 0.065 V                              ; 4.95e-10 s                  ; 5.37e-10 s                  ; No                         ; Yes                        ; 2.62 V                      ; 3.16e-08 V                  ; 2.71 V             ; -0.0171 V          ; 0.273 V                             ; 0.065 V                             ; 4.95e-10 s                 ; 5.37e-10 s                 ; No                        ; Yes                       ;
; pwm_value[7]  ; 2.5 V        ; 0 s                 ; 0 s                 ; 2.62 V                       ; 4.66e-08 V                   ; 2.72 V              ; -0.0215 V           ; 0.161 V                              ; 0.061 V                              ; 4.44e-10 s                  ; 4.06e-10 s                  ; No                         ; Yes                        ; 2.62 V                      ; 4.66e-08 V                  ; 2.72 V             ; -0.0215 V          ; 0.161 V                             ; 0.061 V                             ; 4.44e-10 s                 ; 4.06e-10 s                 ; No                        ; Yes                       ;
; active        ; 2.5 V        ; 0 s                 ; 0 s                 ; 2.62 V                       ; 3.16e-08 V                   ; 2.71 V              ; -0.0171 V           ; 0.273 V                              ; 0.065 V                              ; 4.95e-10 s                  ; 5.37e-10 s                  ; No                         ; Yes                        ; 2.62 V                      ; 3.16e-08 V                  ; 2.71 V             ; -0.0171 V          ; 0.273 V                             ; 0.065 V                             ; 4.95e-10 s                 ; 5.37e-10 s                 ; No                        ; Yes                       ;
; ~ALTERA_NCEO~ ; 2.5 V        ; 0 s                 ; 0 s                 ; 2.62 V                       ; 3.06e-08 V                   ; 2.86 V              ; -0.0341 V           ; 0.364 V                              ; 0.046 V                              ; 1.17e-10 s                  ; 2.6e-10 s                   ; No                         ; Yes                        ; 2.62 V                      ; 3.06e-08 V                  ; 2.86 V             ; -0.0341 V          ; 0.364 V                             ; 0.046 V                             ; 1.17e-10 s                 ; 2.6e-10 s                  ; No                        ; Yes                       ;
; ~ALTERA_DCLK~ ; 2.5 V        ; 0 s                 ; 0 s                 ; 2.62 V                       ; 3.81e-08 V                   ; 2.72 V              ; -0.0542 V           ; 0.144 V                              ; 0.087 V                              ; 2.55e-10 s                  ; 2.14e-10 s                  ; Yes                        ; Yes                        ; 2.62 V                      ; 3.81e-08 V                  ; 2.72 V             ; -0.0542 V          ; 0.144 V                             ; 0.087 V                             ; 2.55e-10 s                 ; 2.14e-10 s                 ; Yes                       ; Yes                       ;
+---------------+--------------+---------------------+---------------------+------------------------------+------------------------------+---------------------+---------------------+--------------------------------------+--------------------------------------+-----------------------------+-----------------------------+----------------------------+----------------------------+-----------------------------+-----------------------------+--------------------+--------------------+-------------------------------------+-------------------------------------+----------------------------+----------------------------+---------------------------+---------------------------+


+-------------------------------------------------------------------+
; Setup Transfers                                                   ;
+------------+----------+----------+----------+----------+----------+
; From Clock ; To Clock ; RR Paths ; FR Paths ; RF Paths ; FF Paths ;
+------------+----------+----------+----------+----------+----------+
; clk        ; clk      ; 3918     ; 0        ; 0        ; 0        ;
+------------+----------+----------+----------+----------+----------+
Entries labeled "false path" only account for clock-to-clock false paths and not path-based false paths. As a result, actual path counts may be lower than reported.


+-------------------------------------------------------------------+
; Hold Transfers                                                    ;
+------------+----------+----------+----------+----------+----------+
; From Clock ; To Clock ; RR Paths ; FR Paths ; RF Paths ; FF Paths ;
+------------+----------+----------+----------+----------+----------+
; clk        ; clk      ; 3918     ; 0        ; 0        ; 0        ;
+------------+----------+----------+----------+----------+----------+
Entries labeled "false path" only account for clock-to-clock false paths and not path-based false paths. As a result, actual path counts may be lower than reported.


---------------
; Report TCCS ;
---------------
No dedicated SERDES Transmitter circuitry present in device or used in design


---------------
; Report RSKM ;
---------------
No non-DPA dedicated SERDES Receiver circuitry present in device or used in design


+------------------------------------------------+
; Unconstrained Paths                            ;
+---------------------------------+-------+------+
; Property                        ; Setup ; Hold ;
+---------------------------------+-------+------+
; Illegal Clocks                  ; 0     ; 0    ;
; Unconstrained Clocks            ; 0     ; 0    ;
; Unconstrained Input Ports       ; 3     ; 3    ;
; Unconstrained Input Port Paths  ; 147   ; 147  ;
; Unconstrained Output Ports      ; 10    ; 10   ;
; Unconstrained Output Port Paths ; 10    ; 10   ;
+---------------------------------+-------+------+


+------------------------------------+
; TimeQuest Timing Analyzer Messages ;
+------------------------------------+
Info: *******************************************************************
Info: Running Quartus II 64-Bit TimeQuest Timing Analyzer
    Info: Version 13.1.0 Build 162 10/23/2013 SJ Full Version
    Info: Processing started: Wed Sep 10 08:25:01 2025
Info: Command: quartus_sta boche -c boche
Info: qsta_default_script.tcl version: #1
Info (11104): Parallel Compilation has detected 24 hyper-threaded processors. However, the extra hyper-threaded processors will not be used by default. Parallel Compilation will use 16 of the 16 physical processors detected instead.
Info (21076): High junction temperature operating condition is not set. Assuming a default value of '85'.
Info (21076): Low junction temperature operating condition is not set. Assuming a default value of '0'.
Critical Warning (332012): Synopsys Design Constraints File file not found: 'boche.sdc'. A Synopsys Design Constraints File is required by the TimeQuest Timing Analyzer to get proper timing constraints. Without it, the Compiler will not properly optimize the design.
Info (332142): No user constrained base clocks found in the design. Calling "derive_clocks -period 1.0"
Info (332105): Deriving Clocks
    Info (332105): create_clock -period 1.000 -name clk clk
Info (332143): No user constrained clock uncertainty found in the design. Calling "derive_clock_uncertainty"
Info (332123): Deriving Clock Uncertainty. Please refer to report_sdc in TimeQuest to see clock uncertainties.
Info: Found TIMEQUEST_REPORT_SCRIPT_INCLUDE_DEFAULT_ANALYSIS = ON
Info: Analyzing Slow 1200mV 85C Model
Critical Warning (332148): Timing requirements not met
    Info (11105): For recommendations on closing timing, run Report Timing Closure Recommendations in the TimeQuest Timing Analyzer.
Info (332146): Worst-case setup slack is -3.238
    Info (332119):     Slack       End Point TNS Clock 
    Info (332119): ========= =================== =====================
    Info (332119):    -3.238            -123.521 clk 
Info (332146): Worst-case hold slack is 0.355
    Info (332119):     Slack       End Point TNS Clock 
    Info (332119): ========= =================== =====================
    Info (332119):     0.355               0.000 clk 
Info (332140): No Recovery paths to report
Info (332140): No Removal paths to report
Info (332146): Worst-case minimum pulse width slack is -3.000
    Info (332119):     Slack       End Point TNS Clock 
    Info (332119): ========= =================== =====================
    Info (332119):    -3.000             -52.000 clk 
Info: Analyzing Slow 1200mV 0C Model
Info (334003): Started post-fitting delay annotation
Info (334004): Delay annotation completed successfully
Info (332123): Deriving Clock Uncertainty. Please refer to report_sdc in TimeQuest to see clock uncertainties.
Critical Warning (332148): Timing requirements not met
    Info (11105): For recommendations on closing timing, run Report Timing Closure Recommendations in the TimeQuest Timing Analyzer.
Info (332146): Worst-case setup slack is -2.864
    Info (332119):     Slack       End Point TNS Clock 
    Info (332119): ========= =================== =====================
    Info (332119):    -2.864            -107.741 clk 
Info (332146): Worst-case hold slack is 0.310
    Info (332119):     Slack       End Point TNS Clock 
    Info (332119): ========= =================== =====================
    Info (332119):     0.310               0.000 clk 
Info (332140): No Recovery paths to report
Info (332140): No Removal paths to report
Info (332146): Worst-case minimum pulse width slack is -3.000
    Info (332119):     Slack       End Point TNS Clock 
    Info (332119): ========= =================== =====================
    Info (332119):    -3.000             -52.000 clk 
Info: Analyzing Fast 1200mV 0C Model
Info (332123): Deriving Clock Uncertainty. Please refer to report_sdc in TimeQuest to see clock uncertainties.
Critical Warning (332148): Timing requirements not met
    Info (11105): For recommendations on closing timing, run Report Timing Closure Recommendations in the TimeQuest Timing Analyzer.
Info (332146): Worst-case setup slack is -1.342
    Info (332119):     Slack       End Point TNS Clock 
    Info (332119): ========= =================== =====================
    Info (332119):    -1.342             -47.795 clk 
Info (332146): Worst-case hold slack is 0.186
    Info (332119):     Slack       End Point TNS Clock 
    Info (332119): ========= =================== =====================
    Info (332119):     0.186               0.000 clk 
Info (332140): No Recovery paths to report
Info (332140): No Removal paths to report
Info (332146): Worst-case minimum pulse width slack is -3.000
    Info (332119):     Slack       End Point TNS Clock 
    Info (332119): ========= =================== =====================
    Info (332119):    -3.000             -53.735 clk 
Info (332102): Design is not fully constrained for setup requirements
Info (332102): Design is not fully constrained for hold requirements
Info: Quartus II 64-Bit TimeQuest Timing Analyzer was successful. 0 errors, 4 warnings
    Info: Peak virtual memory: 4813 megabytes
    Info: Processing ended: Wed Sep 10 08:25:03 2025
    Info: Elapsed time: 00:00:02
    Info: Total CPU time (on all processors): 00:00:01


