Fitter report for top
Sat Oct 18 22:42:59 2025
Quartus II 64-Bit Version 13.1.0 Build 162 10/23/2013 SJ Full Version


---------------------
; Table of Contents ;
---------------------
  1. Legal Notice
  2. Fitter Summary
  3. Fitter Settings
  4. Parallel Compilation
  5. I/O Assignment Warnings
  6. Incremental Compilation Preservation Summary
  7. Incremental Compilation Partition Settings
  8. Incremental Compilation Placement Preservation
  9. Pin-Out File
 10. Fitter Resource Usage Summary
 11. Fitter Partition Statistics
 12. Input Pins
 13. Output Pins
 14. Dual Purpose and Dedicated Pins
 15. I/O Bank Usage
 16. All Package Pins
 17. Fitter Resource Utilization by Entity
 18. Delay Chain Summary
 19. Pad To Core Delay Chain Fanout
 20. Control Signals
 21. Global & Other Fast Signals
 22. Non-Global High Fan-Out Signals
 23. Routing Usage Summary
 24. LAB Logic Elements
 25. LAB-wide Signals
 26. LAB Signals Sourced
 27. LAB Signals Sourced Out
 28. LAB Distinct Inputs
 29. I/O Rules Summary
 30. I/O Rules Details
 31. I/O Rules Matrix
 32. Fitter Device Options
 33. Operating Settings and Conditions
 34. Estimated Delay Added for Hold Timing Summary
 35. Estimated Delay Added for Hold Timing Details
 36. Fitter Messages
 37. Fitter Suppressed Messages



----------------
; Legal Notice ;
----------------
Copyright (C) 1991-2013 Altera Corporation
Your use of Altera Corporation's design tools, logic functions 
and other software and tools, and its AMPP partner logic 
functions, and any output files from any of the foregoing 
(including device programming or simulation files), and any 
associated documentation or information are expressly subject 
to the terms and conditions of the Altera Program License 
Subscription Agreement, Altera MegaCore Function License 
Agreement, or other applicable license agreement, including, 
without limitation, that your use is for the sole purpose of 
programming logic devices manufactured by Altera and sold by 
Altera or its authorized distributors.  Please refer to the 
applicable agreement for further details.



+----------------------------------------------------------------------------------+
; Fitter Summary                                                                   ;
+------------------------------------+---------------------------------------------+
; Fitter Status                      ; Successful - Sat Oct 18 22:42:59 2025       ;
; Quartus II 64-Bit Version          ; 13.1.0 Build 162 10/23/2013 SJ Full Version ;
; Revision Name                      ; top                                         ;
; Top-level Entity Name              ; top                                         ;
; Family                             ; Cyclone III                                 ;
; Device                             ; EP3C10E144C8                                ;
; Timing Models                      ; Final                                       ;
; Total logic elements               ; 1,520 / 10,320 ( 15 % )                     ;
;     Total combinational functions  ; 1,498 / 10,320 ( 15 % )                     ;
;     Dedicated logic registers      ; 389 / 10,320 ( 4 % )                        ;
; Total registers                    ; 389                                         ;
; Total pins                         ; 21 / 95 ( 22 % )                            ;
; Total virtual pins                 ; 0                                           ;
; Total memory bits                  ; 0 / 423,936 ( 0 % )                         ;
; Embedded Multiplier 9-bit elements ; 0 / 46 ( 0 % )                              ;
; Total PLLs                         ; 0 / 2 ( 0 % )                               ;
+------------------------------------+---------------------------------------------+


+------------------------------------------------------------------------------------------------------------------------------------------------------------+
; Fitter Settings                                                                                                                                            ;
+----------------------------------------------------------------------------+---------------------------------------+---------------------------------------+
; Option                                                                     ; Setting                               ; Default Value                         ;
+----------------------------------------------------------------------------+---------------------------------------+---------------------------------------+
; Device                                                                     ; EP3C10E144C8                          ;                                       ;
; Minimum Core Junction Temperature                                          ; 0                                     ;                                       ;
; Maximum Core Junction Temperature                                          ; 85                                    ;                                       ;
; Fit Attempts to Skip                                                       ; 0                                     ; 0.0                                   ;
; Device I/O Standard                                                        ; 2.5 V                                 ;                                       ;
; Use smart compilation                                                      ; Off                                   ; Off                                   ;
; Enable parallel Assembler and TimeQuest Timing Analyzer during compilation ; On                                    ; On                                    ;
; Enable compact report table                                                ; Off                                   ; Off                                   ;
; Auto Merge PLLs                                                            ; On                                    ; On                                    ;
; Router Timing Optimization Level                                           ; Normal                                ; Normal                                ;
; Perform Clocking Topology Analysis During Routing                          ; Off                                   ; Off                                   ;
; Placement Effort Multiplier                                                ; 1.0                                   ; 1.0                                   ;
; Router Effort Multiplier                                                   ; 1.0                                   ; 1.0                                   ;
; Optimize Hold Timing                                                       ; All Paths                             ; All Paths                             ;
; Optimize Multi-Corner Timing                                               ; On                                    ; On                                    ;
; PowerPlay Power Optimization                                               ; Normal compilation                    ; Normal compilation                    ;
; SSN Optimization                                                           ; Off                                   ; Off                                   ;
; Optimize Timing                                                            ; Normal compilation                    ; Normal compilation                    ;
; Optimize Timing for ECOs                                                   ; Off                                   ; Off                                   ;
; Regenerate full fit report during ECO compiles                             ; Off                                   ; Off                                   ;
; Optimize IOC Register Placement for Timing                                 ; Normal                                ; Normal                                ;
; Limit to One Fitting Attempt                                               ; Off                                   ; Off                                   ;
; Final Placement Optimizations                                              ; Automatically                         ; Automatically                         ;
; Fitter Aggressive Routability Optimizations                                ; Automatically                         ; Automatically                         ;
; Fitter Initial Placement Seed                                              ; 1                                     ; 1                                     ;
; PCI I/O                                                                    ; Off                                   ; Off                                   ;
; Weak Pull-Up Resistor                                                      ; Off                                   ; Off                                   ;
; Enable Bus-Hold Circuitry                                                  ; Off                                   ; Off                                   ;
; Auto Packed Registers                                                      ; Auto                                  ; Auto                                  ;
; Auto Delay Chains                                                          ; On                                    ; On                                    ;
; Auto Delay Chains for High Fanout Input Pins                               ; Off                                   ; Off                                   ;
; Allow Single-ended Buffer for Differential-XSTL Input                      ; Off                                   ; Off                                   ;
; Treat Bidirectional Pin as Output Pin                                      ; Off                                   ; Off                                   ;
; Perform Physical Synthesis for Combinational Logic for Fitting             ; Off                                   ; Off                                   ;
; Perform Physical Synthesis for Combinational Logic for Performance         ; Off                                   ; Off                                   ;
; Perform Register Duplication for Performance                               ; Off                                   ; Off                                   ;
; Perform Logic to Memory Mapping for Fitting                                ; Off                                   ; Off                                   ;
; Perform Register Retiming for Performance                                  ; Off                                   ; Off                                   ;
; Perform Asynchronous Signal Pipelining                                     ; Off                                   ; Off                                   ;
; Fitter Effort                                                              ; Auto Fit                              ; Auto Fit                              ;
; Physical Synthesis Effort Level                                            ; Normal                                ; Normal                                ;
; Logic Cell Insertion - Logic Duplication                                   ; Auto                                  ; Auto                                  ;
; Auto Register Duplication                                                  ; Auto                                  ; Auto                                  ;
; Auto Global Clock                                                          ; On                                    ; On                                    ;
; Auto Global Register Control Signals                                       ; On                                    ; On                                    ;
; Reserve all unused pins                                                    ; As input tri-stated with weak pull-up ; As input tri-stated with weak pull-up ;
; Synchronizer Identification                                                ; Off                                   ; Off                                   ;
; Enable Beneficial Skew Optimization                                        ; On                                    ; On                                    ;
; Optimize Design for Metastability                                          ; On                                    ; On                                    ;
; Force Fitter to Avoid Periphery Placement Warnings                         ; Off                                   ; Off                                   ;
; RAM Bit Reservation (Cyclone III)                                          ; Off                                   ; Off                                   ;
; Enable input tri-state on active configuration pins in user mode           ; Off                                   ; Off                                   ;
+----------------------------------------------------------------------------+---------------------------------------+---------------------------------------+


+------------------------------------------+
; Parallel Compilation                     ;
+----------------------------+-------------+
; Processors                 ; Number      ;
+----------------------------+-------------+
; Number detected on machine ; 24          ;
; Maximum allowed            ; 16          ;
;                            ;             ;
; Average used               ; 2.17        ;
; Maximum used               ; 16          ;
;                            ;             ;
; Usage by Processor         ; % Time Used ;
;     Processor 1            ; 100.0%      ;
;     Processors 2-8         ;  16.7%      ;
;     Processors 9-16        ; < 0.1%      ;
;     Processors 17-24       ;   0.0%      ;
+----------------------------+-------------+


+----------------------------------------------------------+
; I/O Assignment Warnings                                  ;
+-------------------+--------------------------------------+
; Pin Name          ; Reason                               ;
+-------------------+--------------------------------------+
; trig1             ; Missing drive strength and slew rate ;
; trig2             ; Missing drive strength and slew rate ;
; trig3             ; Missing drive strength and slew rate ;
; left[0]           ; Missing drive strength and slew rate ;
; left[1]           ; Missing drive strength and slew rate ;
; right[0]          ; Missing drive strength and slew rate ;
; right[1]          ; Missing drive strength and slew rate ;
; obstacle_detected ; Missing drive strength and slew rate ;
+-------------------+--------------------------------------+


+---------------------------------------------------------------------------------------------------+
; Incremental Compilation Preservation Summary                                                      ;
+---------------------+---------------------+----------------------------+--------------------------+
; Type                ; Total [A + B]       ; From Design Partitions [A] ; From Rapid Recompile [B] ;
+---------------------+---------------------+----------------------------+--------------------------+
; Placement (by node) ;                     ;                            ;                          ;
;     -- Requested    ; 0.00 % ( 0 / 1941 ) ; 0.00 % ( 0 / 1941 )        ; 0.00 % ( 0 / 1941 )      ;
;     -- Achieved     ; 0.00 % ( 0 / 1941 ) ; 0.00 % ( 0 / 1941 )        ; 0.00 % ( 0 / 1941 )      ;
;                     ;                     ;                            ;                          ;
; Routing (by net)    ;                     ;                            ;                          ;
;     -- Requested    ; 0.00 % ( 0 / 0 )    ; 0.00 % ( 0 / 0 )           ; 0.00 % ( 0 / 0 )         ;
;     -- Achieved     ; 0.00 % ( 0 / 0 )    ; 0.00 % ( 0 / 0 )           ; 0.00 % ( 0 / 0 )         ;
+---------------------+---------------------+----------------------------+--------------------------+


+----------------------------------------------------------------------------------------------------------------------------------------------------------------------------------------+
; Incremental Compilation Partition Settings                                                                                                                                             ;
+--------------------------------+----------------+-------------------+-------------------------+------------------------+------------------------------+--------------------------------+
; Partition Name                 ; Partition Type ; Netlist Type Used ; Preservation Level Used ; Netlist Type Requested ; Preservation Level Requested ; Contents                       ;
+--------------------------------+----------------+-------------------+-------------------------+------------------------+------------------------------+--------------------------------+
; Top                            ; User-created   ; Source File       ; N/A                     ; Source File            ; N/A                          ;                                ;
; hard_block:auto_generated_inst ; Auto-generated ; Source File       ; N/A                     ; Source File            ; N/A                          ; hard_block:auto_generated_inst ;
+--------------------------------+----------------+-------------------+-------------------------+------------------------+------------------------------+--------------------------------+


+------------------------------------------------------------------------------------------------------------------------------------+
; Incremental Compilation Placement Preservation                                                                                     ;
+--------------------------------+-----------------------+-------------------------+-------------------+---------------------+-------+
; Partition Name                 ; Preservation Achieved ; Preservation Level Used ; Netlist Type Used ; Preservation Method ; Notes ;
+--------------------------------+-----------------------+-------------------------+-------------------+---------------------+-------+
; Top                            ; 0.00 % ( 0 / 1931 )   ; N/A                     ; Source File       ; N/A                 ;       ;
; hard_block:auto_generated_inst ; 0.00 % ( 0 / 10 )     ; N/A                     ; Source File       ; N/A                 ;       ;
+--------------------------------+-----------------------+-------------------------+-------------------+---------------------+-------+


+--------------+
; Pin-Out File ;
+--------------+
The pin-out file can be found in E:/QuartusDate/xiaoche/test13/top/output_files/top.pin.


+-----------------------------------------------------------------------+
; Fitter Resource Usage Summary                                         ;
+---------------------------------------------+-------------------------+
; Resource                                    ; Usage                   ;
+---------------------------------------------+-------------------------+
; Total logic elements                        ; 1,520 / 10,320 ( 15 % ) ;
;     -- Combinational with no register       ; 1131                    ;
;     -- Register only                        ; 22                      ;
;     -- Combinational with a register        ; 367                     ;
;                                             ;                         ;
; Logic element usage by number of LUT inputs ;                         ;
;     -- 4 input functions                    ; 389                     ;
;     -- 3 input functions                    ; 398                     ;
;     -- <=2 input functions                  ; 711                     ;
;     -- Register only                        ; 22                      ;
;                                             ;                         ;
; Logic elements by mode                      ;                         ;
;     -- normal mode                          ; 928                     ;
;     -- arithmetic mode                      ; 570                     ;
;                                             ;                         ;
; Total registers*                            ; 389 / 10,744 ( 4 % )    ;
;     -- Dedicated logic registers            ; 389 / 10,320 ( 4 % )    ;
;     -- I/O registers                        ; 0 / 424 ( 0 % )         ;
;                                             ;                         ;
; Total LABs:  partially or completely used   ; 115 / 645 ( 18 % )      ;
; Virtual pins                                ; 0                       ;
; I/O pins                                    ; 21 / 95 ( 22 % )        ;
;     -- Clock pins                           ; 2 / 4 ( 50 % )          ;
;     -- Dedicated input pins                 ; 0 / 9 ( 0 % )           ;
;                                             ;                         ;
; Global signals                              ; 2                       ;
; M9Ks                                        ; 0 / 46 ( 0 % )          ;
; Total block memory bits                     ; 0 / 423,936 ( 0 % )     ;
; Total block memory implementation bits      ; 0 / 423,936 ( 0 % )     ;
; Embedded Multiplier 9-bit elements          ; 0 / 46 ( 0 % )          ;
; PLLs                                        ; 0 / 2 ( 0 % )           ;
; Global clocks                               ; 2 / 10 ( 20 % )         ;
; JTAGs                                       ; 0 / 1 ( 0 % )           ;
; CRC blocks                                  ; 0 / 1 ( 0 % )           ;
; ASMI blocks                                 ; 0 / 1 ( 0 % )           ;
; Impedance control blocks                    ; 0 / 4 ( 0 % )           ;
; Average interconnect usage (total/H/V)      ; 2% / 2% / 3%            ;
; Peak interconnect usage (total/H/V)         ; 8% / 8% / 9%            ;
; Maximum fan-out                             ; 390                     ;
; Highest non-global fan-out                  ; 390                     ;
; Total fan-out                               ; 5556                    ;
; Average fan-out                             ; 2.83                    ;
+---------------------------------------------+-------------------------+
*  Register count does not include registers inside RAM blocks or DSP blocks.



+------------------------------------------------------------------------------------------------------+
; Fitter Partition Statistics                                                                          ;
+---------------------------------------------+-----------------------+--------------------------------+
; Statistic                                   ; Top                   ; hard_block:auto_generated_inst ;
+---------------------------------------------+-----------------------+--------------------------------+
; Difficulty Clustering Region                ; Low                   ; Low                            ;
;                                             ;                       ;                                ;
; Total logic elements                        ; 1520 / 10320 ( 15 % ) ; 0 / 10320 ( 0 % )              ;
;     -- Combinational with no register       ; 1131                  ; 0                              ;
;     -- Register only                        ; 22                    ; 0                              ;
;     -- Combinational with a register        ; 367                   ; 0                              ;
;                                             ;                       ;                                ;
; Logic element usage by number of LUT inputs ;                       ;                                ;
;     -- 4 input functions                    ; 389                   ; 0                              ;
;     -- 3 input functions                    ; 398                   ; 0                              ;
;     -- <=2 input functions                  ; 711                   ; 0                              ;
;     -- Register only                        ; 22                    ; 0                              ;
;                                             ;                       ;                                ;
; Logic elements by mode                      ;                       ;                                ;
;     -- normal mode                          ; 928                   ; 0                              ;
;     -- arithmetic mode                      ; 570                   ; 0                              ;
;                                             ;                       ;                                ;
; Total registers                             ; 389                   ; 0                              ;
;     -- Dedicated logic registers            ; 389 / 10320 ( 4 % )   ; 0 / 10320 ( 0 % )              ;
;     -- I/O registers                        ; 0                     ; 0                              ;
;                                             ;                       ;                                ;
; Total LABs:  partially or completely used   ; 115 / 645 ( 18 % )    ; 0 / 645 ( 0 % )                ;
;                                             ;                       ;                                ;
; Virtual pins                                ; 0                     ; 0                              ;
; I/O pins                                    ; 21                    ; 0                              ;
; Embedded Multiplier 9-bit elements          ; 0 / 46 ( 0 % )        ; 0 / 46 ( 0 % )                 ;
; Total memory bits                           ; 0                     ; 0                              ;
; Total RAM block bits                        ; 0                     ; 0                              ;
; Clock control block                         ; 2 / 12 ( 16 % )       ; 0 / 12 ( 0 % )                 ;
;                                             ;                       ;                                ;
; Connections                                 ;                       ;                                ;
;     -- Input Connections                    ; 0                     ; 0                              ;
;     -- Registered Input Connections         ; 0                     ; 0                              ;
;     -- Output Connections                   ; 0                     ; 0                              ;
;     -- Registered Output Connections        ; 0                     ; 0                              ;
;                                             ;                       ;                                ;
; Internal Connections                        ;                       ;                                ;
;     -- Total Connections                    ; 5551                  ; 5                              ;
;     -- Registered Connections               ; 1332                  ; 0                              ;
;                                             ;                       ;                                ;
; External Connections                        ;                       ;                                ;
;     -- Top                                  ; 0                     ; 0                              ;
;     -- hard_block:auto_generated_inst       ; 0                     ; 0                              ;
;                                             ;                       ;                                ;
; Partition Interface                         ;                       ;                                ;
;     -- Input Ports                          ; 13                    ; 0                              ;
;     -- Output Ports                         ; 8                     ; 0                              ;
;     -- Bidir Ports                          ; 0                     ; 0                              ;
;                                             ;                       ;                                ;
; Registered Ports                            ;                       ;                                ;
;     -- Registered Input Ports               ; 0                     ; 0                              ;
;     -- Registered Output Ports              ; 0                     ; 0                              ;
;                                             ;                       ;                                ;
; Port Connectivity                           ;                       ;                                ;
;     -- Input Ports driven by GND            ; 0                     ; 0                              ;
;     -- Output Ports driven by GND           ; 0                     ; 0                              ;
;     -- Input Ports driven by VCC            ; 0                     ; 0                              ;
;     -- Output Ports driven by VCC           ; 0                     ; 0                              ;
;     -- Input Ports with no Source           ; 0                     ; 0                              ;
;     -- Output Ports with no Source          ; 0                     ; 0                              ;
;     -- Input Ports with no Fanout           ; 0                     ; 0                              ;
;     -- Output Ports with no Fanout          ; 0                     ; 0                              ;
+---------------------------------------------+-----------------------+--------------------------------+


+-----------------------------------------------------------------------------------------------------------------------------------------------------------------------------------------------------------------------------------------------------------------------------+
; Input Pins                                                                                                                                                                                                                                                                  ;
+--------+-------+----------+--------------+--------------+--------------+-----------------------+--------------------+--------+----------------+---------------+-----------------+----------+--------------+--------------+---------------------------+----------------------+
; Name   ; Pin # ; I/O Bank ; X coordinate ; Y coordinate ; Z coordinate ; Combinational Fan-Out ; Registered Fan-Out ; Global ; Input Register ; Power Up High ; PCI I/O Enabled ; Bus Hold ; Weak Pull Up ; I/O Standard ; Termination Control Block ; Location assigned by ;
+--------+-------+----------+--------------+--------------+--------------+-----------------------+--------------------+--------+----------------+---------------+-----------------+----------+--------------+--------------+---------------------------+----------------------+
; clk    ; 22    ; 1        ; 0            ; 11           ; 0            ; 257                   ; 0                  ; yes    ; no             ; no            ; yes             ; no       ; Off          ; 2.5 V        ; --                        ; User                 ;
; echo1  ; 2     ; 1        ; 0            ; 23           ; 7            ; 1                     ; 0                  ; no     ; no             ; no            ; yes             ; no       ; Off          ; 2.5 V        ; --                        ; User                 ;
; echo2  ; 3     ; 1        ; 0            ; 23           ; 14           ; 1                     ; 0                  ; no     ; no             ; no            ; yes             ; no       ; Off          ; 2.5 V        ; --                        ; User                 ;
; echo3  ; 1     ; 1        ; 0            ; 23           ; 0            ; 1                     ; 0                  ; no     ; no             ; no            ; yes             ; no       ; Off          ; 2.5 V        ; --                        ; User                 ;
; enable ; 91    ; 6        ; 34           ; 12           ; 0            ; 6                     ; 0                  ; no     ; no             ; no            ; yes             ; no       ; Off          ; 2.5 V        ; --                        ; User                 ;
; reset  ; 38    ; 3        ; 1            ; 0            ; 21           ; 390                   ; 0                  ; no     ; no             ; no            ; yes             ; no       ; Off          ; 2.5 V        ; --                        ; User                 ;
; track1 ; 143   ; 8        ; 1            ; 24           ; 0            ; 6                     ; 0                  ; no     ; no             ; no            ; yes             ; no       ; Off          ; 2.5 V        ; --                        ; User                 ;
; track2 ; 49    ; 3        ; 13           ; 0            ; 14           ; 11                    ; 0                  ; no     ; no             ; no            ; yes             ; no       ; Off          ; 2.5 V        ; --                        ; User                 ;
; track3 ; 50    ; 3        ; 13           ; 0            ; 0            ; 14                    ; 0                  ; no     ; no             ; no            ; yes             ; no       ; Off          ; 2.5 V        ; --                        ; User                 ;
; track4 ; 51    ; 3        ; 16           ; 0            ; 21           ; 15                    ; 0                  ; no     ; no             ; no            ; yes             ; no       ; Off          ; 2.5 V        ; --                        ; User                 ;
; track5 ; 58    ; 4        ; 21           ; 0            ; 7            ; 16                    ; 0                  ; no     ; no             ; no            ; yes             ; no       ; Off          ; 2.5 V        ; --                        ; User                 ;
; track6 ; 59    ; 4        ; 23           ; 0            ; 14           ; 12                    ; 0                  ; no     ; no             ; no            ; yes             ; no       ; Off          ; 2.5 V        ; --                        ; User                 ;
; track7 ; 60    ; 4        ; 23           ; 0            ; 7            ; 9                     ; 0                  ; no     ; no             ; no            ; yes             ; no       ; Off          ; 2.5 V        ; --                        ; User                 ;
+--------+-------+----------+--------------+--------------+--------------+-----------------------+--------------------+--------+----------------+---------------+-----------------+----------+--------------+--------------+---------------------------+----------------------+


+--------------------------------------------------------------------------------------------------------------------------------------------------------------------------------------------------------------------------------------------------------------------------------------------------------------------------------------------------------------------------------------------------------------------------------------------------------------------+
; Output Pins                                                                                                                                                                                                                                                                                                                                                                                                                                                        ;
+-------------------+-------+----------+--------------+--------------+--------------+-----------------+------------------------+---------------+-----------+-----------------+------------+---------------+----------+--------------+--------------+------------------+-----------------------------------+---------------------------+----------------------------+-----------------------------+----------------------+----------------------+---------------------+
; Name              ; Pin # ; I/O Bank ; X coordinate ; Y coordinate ; Z coordinate ; Output Register ; Output Enable Register ; Power Up High ; Slew Rate ; PCI I/O Enabled ; Open Drain ; TRI Primitive ; Bus Hold ; Weak Pull Up ; I/O Standard ; Current Strength ; Termination                       ; Termination Control Block ; Output Buffer Pre-emphasis ; Voltage Output Differential ; Location assigned by ; Output Enable Source ; Output Enable Group ;
+-------------------+-------+----------+--------------+--------------+--------------+-----------------+------------------------+---------------+-----------+-----------------+------------+---------------+----------+--------------+--------------+------------------+-----------------------------------+---------------------------+----------------------------+-----------------------------+----------------------+----------------------+---------------------+
; left[0]           ; 135   ; 8        ; 11           ; 24           ; 14           ; no              ; no                     ; no            ; 2         ; no              ; no         ; no            ; no       ; Off          ; 2.5 V        ; Default          ; Series 50 Ohm without Calibration ; --                        ; no                         ; no                          ; User                 ; -                    ; -                   ;
; left[1]           ; 137   ; 8        ; 7            ; 24           ; 0            ; no              ; no                     ; no            ; 2         ; no              ; no         ; no            ; no       ; Off          ; 2.5 V        ; Default          ; Series 50 Ohm without Calibration ; --                        ; no                         ; no                          ; User                 ; -                    ; -                   ;
; obstacle_detected ; 125   ; 7        ; 18           ; 24           ; 21           ; no              ; no                     ; no            ; 2         ; no              ; no         ; no            ; no       ; Off          ; 2.5 V        ; Default          ; Series 50 Ohm without Calibration ; --                        ; no                         ; no                          ; Fitter               ; -                    ; -                   ;
; right[0]          ; 132   ; 8        ; 13           ; 24           ; 14           ; no              ; no                     ; no            ; 2         ; no              ; no         ; no            ; no       ; Off          ; 2.5 V        ; Default          ; Series 50 Ohm without Calibration ; --                        ; no                         ; no                          ; User                 ; -                    ; -                   ;
; right[1]          ; 133   ; 8        ; 13           ; 24           ; 21           ; no              ; no                     ; no            ; 2         ; no              ; no         ; no            ; no       ; Off          ; 2.5 V        ; Default          ; Series 50 Ohm without Calibration ; --                        ; no                         ; no                          ; User                 ; -                    ; -                   ;
; trig1             ; 73    ; 5        ; 34           ; 2            ; 21           ; no              ; no                     ; no            ; 2         ; no              ; no         ; no            ; no       ; Off          ; 2.5 V        ; Default          ; Series 50 Ohm without Calibration ; --                        ; no                         ; no                          ; User                 ; -                    ; -                   ;
; trig2             ; 74    ; 5        ; 34           ; 2            ; 14           ; no              ; no                     ; no            ; 2         ; no              ; no         ; no            ; no       ; Off          ; 2.5 V        ; Default          ; Series 50 Ohm without Calibration ; --                        ; no                         ; no                          ; User                 ; -                    ; -                   ;
; trig3             ; 75    ; 5        ; 34           ; 3            ; 21           ; no              ; no                     ; no            ; 2         ; no              ; no         ; no            ; no       ; Off          ; 2.5 V        ; Default          ; Series 50 Ohm without Calibration ; --                        ; no                         ; no                          ; User                 ; -                    ; -                   ;
+-------------------+-------+----------+--------------+--------------+--------------+-----------------+------------------------+---------------+-----------+-----------------+------------+---------------+----------+--------------+--------------+------------------+-----------------------------------+---------------------------+----------------------------+-----------------------------+----------------------+----------------------+---------------------+


+-------------------------------------------------------------------------------------------------------------------------+
; Dual Purpose and Dedicated Pins                                                                                         ;
+----------+-----------------------------+--------------------------+-------------------------+---------------------------+
; Location ; Pin Name                    ; Reserved As              ; User Signal Name        ; Pin Type                  ;
+----------+-----------------------------+--------------------------+-------------------------+---------------------------+
; 6        ; DIFFIO_L1n, DATA1, ASDO     ; As input tri-stated      ; ~ALTERA_ASDO_DATA1~     ; Dual Purpose Pin          ;
; 8        ; DIFFIO_L2p, FLASH_nCE, nCSO ; As input tri-stated      ; ~ALTERA_FLASH_nCE_nCSO~ ; Dual Purpose Pin          ;
; 9        ; nSTATUS                     ; -                        ; -                       ; Dedicated Programming Pin ;
; 12       ; DCLK                        ; As output driving ground ; ~ALTERA_DCLK~           ; Dual Purpose Pin          ;
; 13       ; DATA0                       ; As input tri-stated      ; ~ALTERA_DATA0~          ; Dual Purpose Pin          ;
; 14       ; nCONFIG                     ; -                        ; -                       ; Dedicated Programming Pin ;
; 21       ; nCE                         ; -                        ; -                       ; Dedicated Programming Pin ;
; 92       ; CONF_DONE                   ; -                        ; -                       ; Dedicated Programming Pin ;
; 94       ; MSEL0                       ; -                        ; -                       ; Dedicated Programming Pin ;
; 96       ; MSEL1                       ; -                        ; -                       ; Dedicated Programming Pin ;
; 97       ; MSEL2                       ; -                        ; -                       ; Dedicated Programming Pin ;
; 97       ; MSEL3                       ; -                        ; -                       ; Dedicated Programming Pin ;
; 101      ; DIFFIO_R3n, nCEO            ; Use as programming pin   ; ~ALTERA_nCEO~           ; Dual Purpose Pin          ;
; 132      ; DIFFIO_T10n, DATA2          ; Use as regular IO        ; right[0]                ; Dual Purpose Pin          ;
; 133      ; DIFFIO_T10p, DATA3          ; Use as regular IO        ; right[1]                ; Dual Purpose Pin          ;
; 137      ; DATA5                       ; Use as regular IO        ; left[1]                 ; Dual Purpose Pin          ;
+----------+-----------------------------+--------------------------+-------------------------+---------------------------+


+-----------------------------------------------------------+
; I/O Bank Usage                                            ;
+----------+-----------------+---------------+--------------+
; I/O Bank ; Usage           ; VCCIO Voltage ; VREF Voltage ;
+----------+-----------------+---------------+--------------+
; 1        ; 8 / 13 ( 62 % ) ; 2.5V          ; --           ;
; 2        ; 0 / 8 ( 0 % )   ; 2.5V          ; --           ;
; 3        ; 4 / 11 ( 36 % ) ; 2.5V          ; --           ;
; 4        ; 3 / 14 ( 21 % ) ; 2.5V          ; --           ;
; 5        ; 3 / 14 ( 21 % ) ; 2.5V          ; --           ;
; 6        ; 2 / 10 ( 20 % ) ; 2.5V          ; --           ;
; 7        ; 1 / 13 ( 8 % )  ; 2.5V          ; --           ;
; 8        ; 5 / 12 ( 42 % ) ; 2.5V          ; --           ;
+----------+-----------------+---------------+--------------+


+-----------------------------------------------------------------------------------------------------------------------------------------------------------------------------------------+
; All Package Pins                                                                                                                                                                        ;
+----------+------------+----------+-----------------------------------------------------------+--------+--------------+---------+------------+-----------------+----------+--------------+
; Location ; Pad Number ; I/O Bank ; Pin Name/Usage                                            ; Dir.   ; I/O Standard ; Voltage ; I/O Type   ; User Assignment ; Bus Hold ; Weak Pull Up ;
+----------+------------+----------+-----------------------------------------------------------+--------+--------------+---------+------------+-----------------+----------+--------------+
; 1        ; 0          ; 1        ; echo3                                                     ; input  ; 2.5 V        ;         ; Row I/O    ; Y               ; no       ; Off          ;
; 2        ; 1          ; 1        ; echo1                                                     ; input  ; 2.5 V        ;         ; Row I/O    ; Y               ; no       ; Off          ;
; 3        ; 2          ; 1        ; echo2                                                     ; input  ; 2.5 V        ;         ; Row I/O    ; Y               ; no       ; Off          ;
; 4        ; 3          ; 1        ; RESERVED_INPUT_WITH_WEAK_PULLUP                           ;        ;              ;         ; Row I/O    ;                 ; no       ; On           ;
; 5        ;            ;          ; VCCINT                                                    ; power  ;              ; 1.2V    ; --         ;                 ; --       ; --           ;
; 6        ; 5          ; 1        ; ~ALTERA_ASDO_DATA1~ / RESERVED_INPUT_WITH_WEAK_PULLUP     ; input  ; 2.5 V        ;         ; Row I/O    ; N               ; no       ; On           ;
; 7        ; 6          ; 1        ; RESERVED_INPUT_WITH_WEAK_PULLUP                           ;        ;              ;         ; Row I/O    ;                 ; --       ; --           ;
; 8        ; 7          ; 1        ; ~ALTERA_FLASH_nCE_nCSO~ / RESERVED_INPUT_WITH_WEAK_PULLUP ; input  ; 2.5 V        ;         ; Row I/O    ; N               ; no       ; On           ;
; 9        ; 9          ; 1        ; ^nSTATUS                                                  ;        ;              ;         ; --         ;                 ; --       ; --           ;
; 10       ; 13         ; 1        ; RESERVED_INPUT_WITH_WEAK_PULLUP                           ;        ;              ;         ; Row I/O    ;                 ; no       ; On           ;
; 11       ; 14         ; 1        ; RESERVED_INPUT_WITH_WEAK_PULLUP                           ;        ;              ;         ; Row I/O    ;                 ; no       ; On           ;
; 12       ; 15         ; 1        ; ~ALTERA_DCLK~                                             ; output ; 2.5 V        ;         ; Row I/O    ; N               ; no       ; On           ;
; 13       ; 16         ; 1        ; ~ALTERA_DATA0~ / RESERVED_INPUT_WITH_WEAK_PULLUP          ; input  ; 2.5 V        ;         ; Row I/O    ; N               ; no       ; On           ;
; 14       ; 17         ; 1        ; ^nCONFIG                                                  ;        ;              ;         ; --         ;                 ; --       ; --           ;
; 15       ; 18         ; 1        ; #TDI                                                      ; input  ;              ;         ; --         ;                 ; --       ; --           ;
; 16       ; 19         ; 1        ; #TCK                                                      ; input  ;              ;         ; --         ;                 ; --       ; --           ;
; 17       ;            ; 1        ; VCCIO1                                                    ; power  ;              ; 2.5V    ; --         ;                 ; --       ; --           ;
; 18       ; 20         ; 1        ; #TMS                                                      ; input  ;              ;         ; --         ;                 ; --       ; --           ;
; 19       ;            ;          ; GND                                                       ; gnd    ;              ;         ; --         ;                 ; --       ; --           ;
; 20       ; 21         ; 1        ; #TDO                                                      ; output ;              ;         ; --         ;                 ; --       ; --           ;
; 21       ; 22         ; 1        ; ^nCE                                                      ;        ;              ;         ; --         ;                 ; --       ; --           ;
; 22       ; 23         ; 1        ; clk                                                       ; input  ; 2.5 V        ;         ; Row I/O    ; Y               ; no       ; Off          ;
; 23       ; 24         ; 1        ; GND+                                                      ;        ;              ;         ; Row I/O    ;                 ; --       ; --           ;
; 24       ; 25         ; 2        ; GND+                                                      ;        ;              ;         ; Row I/O    ;                 ; --       ; --           ;
; 25       ; 26         ; 2        ; GND+                                                      ;        ;              ;         ; Row I/O    ;                 ; --       ; --           ;
; 26       ;            ; 2        ; VCCIO2                                                    ; power  ;              ; 2.5V    ; --         ;                 ; --       ; --           ;
; 27       ;            ;          ; GND                                                       ; gnd    ;              ;         ; --         ;                 ; --       ; --           ;
; 28       ; 31         ; 2        ; RESERVED_INPUT_WITH_WEAK_PULLUP                           ;        ;              ;         ; Row I/O    ;                 ; no       ; On           ;
; 29       ;            ;          ; VCCINT                                                    ; power  ;              ; 1.2V    ; --         ;                 ; --       ; --           ;
; 30       ; 34         ; 2        ; RESERVED_INPUT_WITH_WEAK_PULLUP                           ;        ;              ;         ; Row I/O    ;                 ; no       ; On           ;
; 31       ; 36         ; 2        ; RESERVED_INPUT_WITH_WEAK_PULLUP                           ;        ;              ;         ; Row I/O    ;                 ; --       ; --           ;
; 32       ; 39         ; 2        ; RESERVED_INPUT_WITH_WEAK_PULLUP                           ;        ;              ;         ; Row I/O    ;                 ; no       ; On           ;
; 33       ; 40         ; 2        ; RESERVED_INPUT_WITH_WEAK_PULLUP                           ;        ;              ;         ; Row I/O    ;                 ; no       ; On           ;
; 34       ; 41         ; 2        ; RESERVED_INPUT_WITH_WEAK_PULLUP                           ;        ;              ;         ; Row I/O    ;                 ; no       ; On           ;
; 35       ;            ; --       ; VCCA1                                                     ; power  ;              ; 2.5V    ; --         ;                 ; --       ; --           ;
; 36       ;            ;          ; GNDA1                                                     ; gnd    ;              ;         ; --         ;                 ; --       ; --           ;
; 37       ;            ;          ; VCCD_PLL1                                                 ; power  ;              ; 1.2V    ; --         ;                 ; --       ; --           ;
; 38       ; 45         ; 3        ; reset                                                     ; input  ; 2.5 V        ;         ; Column I/O ; Y               ; no       ; Off          ;
; 39       ; 46         ; 3        ; RESERVED_INPUT_WITH_WEAK_PULLUP                           ;        ;              ;         ; Column I/O ;                 ; no       ; On           ;
; 40       ;            ; 3        ; VCCIO3                                                    ; power  ;              ; 2.5V    ; --         ;                 ; --       ; --           ;
; 41       ;            ;          ; GND                                                       ; gnd    ;              ;         ; --         ;                 ; --       ; --           ;
; 42       ; 52         ; 3        ; RESERVED_INPUT_WITH_WEAK_PULLUP                           ;        ;              ;         ; Column I/O ;                 ; no       ; On           ;
; 43       ; 53         ; 3        ; RESERVED_INPUT_WITH_WEAK_PULLUP                           ;        ;              ;         ; Column I/O ;                 ; no       ; On           ;
; 44       ; 54         ; 3        ; RESERVED_INPUT_WITH_WEAK_PULLUP                           ;        ;              ;         ; Column I/O ;                 ; no       ; On           ;
; 45       ;            ;          ; VCCINT                                                    ; power  ;              ; 1.2V    ; --         ;                 ; --       ; --           ;
; 46       ; 58         ; 3        ; RESERVED_INPUT_WITH_WEAK_PULLUP                           ;        ;              ;         ; Column I/O ;                 ; --       ; --           ;
; 47       ;            ; 3        ; VCCIO3                                                    ; power  ;              ; 2.5V    ; --         ;                 ; --       ; --           ;
; 48       ;            ;          ; GND                                                       ; gnd    ;              ;         ; --         ;                 ; --       ; --           ;
; 49       ; 68         ; 3        ; track2                                                    ; input  ; 2.5 V        ;         ; Column I/O ; Y               ; no       ; Off          ;
; 50       ; 69         ; 3        ; track3                                                    ; input  ; 2.5 V        ;         ; Column I/O ; Y               ; no       ; Off          ;
; 51       ; 70         ; 3        ; track4                                                    ; input  ; 2.5 V        ;         ; Column I/O ; Y               ; no       ; Off          ;
; 52       ; 72         ; 3        ; RESERVED_INPUT_WITH_WEAK_PULLUP                           ;        ;              ;         ; Column I/O ;                 ; no       ; On           ;
; 53       ; 73         ; 3        ; RESERVED_INPUT_WITH_WEAK_PULLUP                           ;        ;              ;         ; Column I/O ;                 ; no       ; On           ;
; 54       ; 74         ; 4        ; RESERVED_INPUT_WITH_WEAK_PULLUP                           ;        ;              ;         ; Column I/O ;                 ; no       ; On           ;
; 55       ; 75         ; 4        ; RESERVED_INPUT_WITH_WEAK_PULLUP                           ;        ;              ;         ; Column I/O ;                 ; no       ; On           ;
; 56       ;            ; 4        ; VCCIO4                                                    ; power  ;              ; 2.5V    ; --         ;                 ; --       ; --           ;
; 57       ;            ;          ; GND                                                       ; gnd    ;              ;         ; --         ;                 ; --       ; --           ;
; 58       ; 80         ; 4        ; track5                                                    ; input  ; 2.5 V        ;         ; Column I/O ; Y               ; no       ; Off          ;
; 59       ; 83         ; 4        ; track6                                                    ; input  ; 2.5 V        ;         ; Column I/O ; Y               ; no       ; Off          ;
; 60       ; 84         ; 4        ; track7                                                    ; input  ; 2.5 V        ;         ; Column I/O ; Y               ; no       ; Off          ;
; 61       ;            ;          ; VCCINT                                                    ; power  ;              ; 1.2V    ; --         ;                 ; --       ; --           ;
; 62       ;            ; 4        ; VCCIO4                                                    ; power  ;              ; 2.5V    ; --         ;                 ; --       ; --           ;
; 63       ;            ;          ; GND                                                       ; gnd    ;              ;         ; --         ;                 ; --       ; --           ;
; 64       ; 89         ; 4        ; RESERVED_INPUT_WITH_WEAK_PULLUP                           ;        ;              ;         ; Column I/O ;                 ; no       ; On           ;
; 65       ; 90         ; 4        ; RESERVED_INPUT_WITH_WEAK_PULLUP                           ;        ;              ;         ; Column I/O ;                 ; --       ; --           ;
; 66       ; 93         ; 4        ; RESERVED_INPUT_WITH_WEAK_PULLUP                           ;        ;              ;         ; Column I/O ;                 ; no       ; On           ;
; 67       ; 94         ; 4        ; RESERVED_INPUT_WITH_WEAK_PULLUP                           ;        ;              ;         ; Column I/O ;                 ; no       ; On           ;
; 68       ; 96         ; 4        ; RESERVED_INPUT_WITH_WEAK_PULLUP                           ;        ;              ;         ; Column I/O ;                 ; no       ; On           ;
; 69       ; 97         ; 4        ; RESERVED_INPUT_WITH_WEAK_PULLUP                           ;        ;              ;         ; Column I/O ;                 ; no       ; On           ;
; 70       ; 98         ; 4        ; RESERVED_INPUT_WITH_WEAK_PULLUP                           ;        ;              ;         ; Column I/O ;                 ; no       ; On           ;
; 71       ; 99         ; 4        ; RESERVED_INPUT_WITH_WEAK_PULLUP                           ;        ;              ;         ; Column I/O ;                 ; no       ; On           ;
; 72       ; 100        ; 4        ; RESERVED_INPUT_WITH_WEAK_PULLUP                           ;        ;              ;         ; Column I/O ;                 ; no       ; On           ;
; 73       ; 102        ; 5        ; trig1                                                     ; output ; 2.5 V        ;         ; Row I/O    ; Y               ; no       ; Off          ;
; 74       ; 103        ; 5        ; trig2                                                     ; output ; 2.5 V        ;         ; Row I/O    ; Y               ; no       ; Off          ;
; 75       ; 104        ; 5        ; trig3                                                     ; output ; 2.5 V        ;         ; Row I/O    ; Y               ; no       ; Off          ;
; 76       ; 106        ; 5        ; RESERVED_INPUT_WITH_WEAK_PULLUP                           ;        ;              ;         ; Row I/O    ;                 ; no       ; On           ;
; 77       ; 107        ; 5        ; RESERVED_INPUT_WITH_WEAK_PULLUP                           ;        ;              ;         ; Row I/O    ;                 ; no       ; On           ;
; 78       ;            ;          ; VCCINT                                                    ; power  ;              ; 1.2V    ; --         ;                 ; --       ; --           ;
; 79       ; 111        ; 5        ; RESERVED_INPUT_WITH_WEAK_PULLUP                           ;        ;              ;         ; Row I/O    ;                 ; no       ; On           ;
; 80       ; 113        ; 5        ; RESERVED_INPUT_WITH_WEAK_PULLUP                           ;        ;              ;         ; Row I/O    ;                 ; --       ; --           ;
; 81       ;            ; 5        ; VCCIO5                                                    ; power  ;              ; 2.5V    ; --         ;                 ; --       ; --           ;
; 82       ;            ;          ; GND                                                       ; gnd    ;              ;         ; --         ;                 ; --       ; --           ;
; 83       ; 117        ; 5        ; RESERVED_INPUT_WITH_WEAK_PULLUP                           ;        ;              ;         ; Row I/O    ;                 ; no       ; On           ;
; 84       ; 118        ; 5        ; RESERVED_INPUT_WITH_WEAK_PULLUP                           ;        ;              ;         ; Row I/O    ;                 ; no       ; On           ;
; 85       ; 119        ; 5        ; RESERVED_INPUT_WITH_WEAK_PULLUP                           ;        ;              ;         ; Row I/O    ;                 ; no       ; On           ;
; 86       ; 120        ; 5        ; RESERVED_INPUT_WITH_WEAK_PULLUP                           ;        ;              ;         ; Row I/O    ;                 ; no       ; On           ;
; 87       ; 121        ; 5        ; RESERVED_INPUT_WITH_WEAK_PULLUP                           ;        ;              ;         ; Row I/O    ;                 ; no       ; On           ;
; 88       ; 125        ; 5        ; GND+                                                      ;        ;              ;         ; Row I/O    ;                 ; --       ; --           ;
; 89       ; 126        ; 5        ; GND+                                                      ;        ;              ;         ; Row I/O    ;                 ; --       ; --           ;
; 90       ; 127        ; 6        ; GND+                                                      ;        ;              ;         ; Row I/O    ;                 ; --       ; --           ;
; 91       ; 128        ; 6        ; enable                                                    ; input  ; 2.5 V        ;         ; Row I/O    ; Y               ; no       ; Off          ;
; 92       ; 129        ; 6        ; ^CONF_DONE                                                ;        ;              ;         ; --         ;                 ; --       ; --           ;
; 93       ;            ; 6        ; VCCIO6                                                    ; power  ;              ; 2.5V    ; --         ;                 ; --       ; --           ;
; 94       ; 130        ; 6        ; ^MSEL0                                                    ;        ;              ;         ; --         ;                 ; --       ; --           ;
; 95       ;            ;          ; GND                                                       ; gnd    ;              ;         ; --         ;                 ; --       ; --           ;
; 96       ; 131        ; 6        ; ^MSEL1                                                    ;        ;              ;         ; --         ;                 ; --       ; --           ;
; 97       ; 132        ; 6        ; ^MSEL2                                                    ;        ;              ;         ; --         ;                 ; --       ; --           ;
; 97       ; 133        ; 6        ; ^MSEL3                                                    ;        ;              ;         ; --         ;                 ; --       ; --           ;
; 98       ; 136        ; 6        ; RESERVED_INPUT_WITH_WEAK_PULLUP                           ;        ;              ;         ; Row I/O    ;                 ; no       ; On           ;
; 99       ; 137        ; 6        ; RESERVED_INPUT_WITH_WEAK_PULLUP                           ;        ;              ;         ; Row I/O    ;                 ; no       ; On           ;
; 100      ; 138        ; 6        ; RESERVED_INPUT_WITH_WEAK_PULLUP                           ;        ;              ;         ; Row I/O    ;                 ; no       ; On           ;
; 101      ; 139        ; 6        ; ~ALTERA_nCEO~ / RESERVED_OUTPUT_OPEN_DRAIN                ; output ; 2.5 V        ;         ; Row I/O    ; N               ; no       ; Off          ;
; 102      ;            ;          ; VCCINT                                                    ; power  ;              ; 1.2V    ; --         ;                 ; --       ; --           ;
; 103      ; 140        ; 6        ; RESERVED_INPUT_WITH_WEAK_PULLUP                           ;        ;              ;         ; Row I/O    ;                 ; no       ; On           ;
; 104      ; 141        ; 6        ; RESERVED_INPUT_WITH_WEAK_PULLUP                           ;        ;              ;         ; Row I/O    ;                 ; no       ; On           ;
; 105      ; 142        ; 6        ; RESERVED_INPUT_WITH_WEAK_PULLUP                           ;        ;              ;         ; Row I/O    ;                 ; --       ; --           ;
; 106      ; 146        ; 6        ; RESERVED_INPUT_WITH_WEAK_PULLUP                           ;        ;              ;         ; Row I/O    ;                 ; no       ; On           ;
; 107      ;            ; --       ; VCCA2                                                     ; power  ;              ; 2.5V    ; --         ;                 ; --       ; --           ;
; 108      ;            ;          ; GNDA2                                                     ; gnd    ;              ;         ; --         ;                 ; --       ; --           ;
; 109      ;            ;          ; VCCD_PLL2                                                 ; power  ;              ; 1.2V    ; --         ;                 ; --       ; --           ;
; 110      ; 152        ; 7        ; RESERVED_INPUT_WITH_WEAK_PULLUP                           ;        ;              ;         ; Column I/O ;                 ; no       ; On           ;
; 111      ; 154        ; 7        ; RESERVED_INPUT_WITH_WEAK_PULLUP                           ;        ;              ;         ; Column I/O ;                 ; no       ; On           ;
; 112      ; 155        ; 7        ; RESERVED_INPUT_WITH_WEAK_PULLUP                           ;        ;              ;         ; Column I/O ;                 ; no       ; On           ;
; 113      ; 156        ; 7        ; RESERVED_INPUT_WITH_WEAK_PULLUP                           ;        ;              ;         ; Column I/O ;                 ; no       ; On           ;
; 114      ; 157        ; 7        ; RESERVED_INPUT_WITH_WEAK_PULLUP                           ;        ;              ;         ; Column I/O ;                 ; no       ; On           ;
; 115      ; 158        ; 7        ; RESERVED_INPUT_WITH_WEAK_PULLUP                           ;        ;              ;         ; Column I/O ;                 ; no       ; On           ;
; 116      ;            ;          ; VCCINT                                                    ; power  ;              ; 1.2V    ; --         ;                 ; --       ; --           ;
; 117      ;            ; 7        ; VCCIO7                                                    ; power  ;              ; 2.5V    ; --         ;                 ; --       ; --           ;
; 118      ;            ;          ; GND                                                       ; gnd    ;              ;         ; --         ;                 ; --       ; --           ;
; 119      ; 163        ; 7        ; RESERVED_INPUT_WITH_WEAK_PULLUP                           ;        ;              ;         ; Column I/O ;                 ; --       ; --           ;
; 120      ; 164        ; 7        ; RESERVED_INPUT_WITH_WEAK_PULLUP                           ;        ;              ;         ; Column I/O ;                 ; no       ; On           ;
; 121      ; 165        ; 7        ; RESERVED_INPUT_WITH_WEAK_PULLUP                           ;        ;              ;         ; Column I/O ;                 ; no       ; On           ;
; 122      ;            ; 7        ; VCCIO7                                                    ; power  ;              ; 2.5V    ; --         ;                 ; --       ; --           ;
; 123      ;            ;          ; GND                                                       ; gnd    ;              ;         ; --         ;                 ; --       ; --           ;
; 124      ; 173        ; 7        ; RESERVED_INPUT_WITH_WEAK_PULLUP                           ;        ;              ;         ; Column I/O ;                 ; no       ; On           ;
; 125      ; 174        ; 7        ; obstacle_detected                                         ; output ; 2.5 V        ;         ; Column I/O ; N               ; no       ; Off          ;
; 126      ; 175        ; 7        ; RESERVED_INPUT_WITH_WEAK_PULLUP                           ;        ;              ;         ; Column I/O ;                 ; no       ; On           ;
; 127      ; 176        ; 7        ; RESERVED_INPUT_WITH_WEAK_PULLUP                           ;        ;              ;         ; Column I/O ;                 ; no       ; On           ;
; 128      ; 177        ; 8        ; RESERVED_INPUT_WITH_WEAK_PULLUP                           ;        ;              ;         ; Column I/O ;                 ; no       ; On           ;
; 129      ; 178        ; 8        ; RESERVED_INPUT_WITH_WEAK_PULLUP                           ;        ;              ;         ; Column I/O ;                 ; no       ; On           ;
; 130      ;            ; 8        ; VCCIO8                                                    ; power  ;              ; 2.5V    ; --         ;                 ; --       ; --           ;
; 131      ;            ;          ; GND                                                       ; gnd    ;              ;         ; --         ;                 ; --       ; --           ;
; 132      ; 181        ; 8        ; right[0]                                                  ; output ; 2.5 V        ;         ; Column I/O ; Y               ; no       ; Off          ;
; 133      ; 182        ; 8        ; right[1]                                                  ; output ; 2.5 V        ;         ; Column I/O ; Y               ; no       ; Off          ;
; 134      ;            ;          ; VCCINT                                                    ; power  ;              ; 1.2V    ; --         ;                 ; --       ; --           ;
; 135      ; 185        ; 8        ; left[0]                                                   ; output ; 2.5 V        ;         ; Column I/O ; Y               ; no       ; Off          ;
; 136      ; 187        ; 8        ; RESERVED_INPUT_WITH_WEAK_PULLUP                           ;        ;              ;         ; Column I/O ;                 ; --       ; --           ;
; 137      ; 190        ; 8        ; left[1]                                                   ; output ; 2.5 V        ;         ; Column I/O ; Y               ; no       ; Off          ;
; 138      ; 191        ; 8        ; RESERVED_INPUT_WITH_WEAK_PULLUP                           ;        ;              ;         ; Column I/O ;                 ; no       ; On           ;
; 139      ;            ; 8        ; VCCIO8                                                    ; power  ;              ; 2.5V    ; --         ;                 ; --       ; --           ;
; 140      ;            ;          ; GND                                                       ; gnd    ;              ;         ; --         ;                 ; --       ; --           ;
; 141      ; 195        ; 8        ; RESERVED_INPUT_WITH_WEAK_PULLUP                           ;        ;              ;         ; Column I/O ;                 ; no       ; On           ;
; 142      ; 201        ; 8        ; RESERVED_INPUT_WITH_WEAK_PULLUP                           ;        ;              ;         ; Column I/O ;                 ; no       ; On           ;
; 143      ; 202        ; 8        ; track1                                                    ; input  ; 2.5 V        ;         ; Column I/O ; Y               ; no       ; Off          ;
; 144      ; 203        ; 8        ; RESERVED_INPUT_WITH_WEAK_PULLUP                           ;        ;              ;         ; Column I/O ;                 ; no       ; On           ;
; EPAD     ;            ;          ; GND                                                       ;        ;              ;         ; --         ;                 ; --       ; --           ;
+----------+------------+----------+-----------------------------------------------------------+--------+--------------+---------+------------+-----------------+----------+--------------+
Note: Pin directions (input, output or bidir) are based on device operating in user mode.


+---------------------------------------------------------------------------------------------------------------------------------------------------------------------------------------------------------------------------------------------------------------------------------------------------------------------------------------------------------------------------------------------------------------------+
; Fitter Resource Utilization by Entity                                                                                                                                                                                                                                                                                                                                                                               ;
+----------------------------------------------+-------------+---------------------------+---------------+-------------+------+--------------+---------+-----------+------+--------------+--------------+-------------------+------------------+-------------------------------------------------------------------------------------------------------------------------------------------------------+--------------+
; Compilation Hierarchy Node                   ; Logic Cells ; Dedicated Logic Registers ; I/O Registers ; Memory Bits ; M9Ks ; DSP Elements ; DSP 9x9 ; DSP 18x18 ; Pins ; Virtual Pins ; LUT-Only LCs ; Register-Only LCs ; LUT/Register LCs ; Full Hierarchy Name                                                                                                                                   ; Library Name ;
+----------------------------------------------+-------------+---------------------------+---------------+-------------+------+--------------+---------+-----------+------+--------------+--------------+-------------------+------------------+-------------------------------------------------------------------------------------------------------------------------------------------------------+--------------+
; |top                                         ; 1520 (0)    ; 389 (0)                   ; 0 (0)         ; 0           ; 0    ; 0            ; 0       ; 0         ; 21   ; 0            ; 1131 (0)     ; 22 (0)            ; 367 (0)          ; |top                                                                                                                                                  ; work         ;
;    |xiaoche:xiaoche_instance|                ; 1520 (340)  ; 389 (133)                 ; 0 (0)         ; 0           ; 0    ; 0            ; 0       ; 0         ; 0    ; 0            ; 1131 (203)   ; 22 (1)            ; 367 (142)        ; |top|xiaoche:xiaoche_instance                                                                                                                         ; work         ;
;       |PosCounter:pos_counter1|              ; 318 (60)    ; 44 (44)                   ; 0 (0)         ; 0           ; 0    ; 0            ; 0       ; 0         ; 0    ; 0            ; 274 (20)     ; 3 (3)             ; 41 (30)          ; |top|xiaoche:xiaoche_instance|PosCounter:pos_counter1                                                                                                 ; work         ;
;          |lpm_divide:Div0|                   ; 265 (0)     ; 0 (0)                     ; 0 (0)         ; 0           ; 0    ; 0            ; 0       ; 0         ; 0    ; 0            ; 254 (0)      ; 0 (0)             ; 11 (0)           ; |top|xiaoche:xiaoche_instance|PosCounter:pos_counter1|lpm_divide:Div0                                                                                 ; work         ;
;             |lpm_divide_mhm:auto_generated|  ; 265 (0)     ; 0 (0)                     ; 0 (0)         ; 0           ; 0    ; 0            ; 0       ; 0         ; 0    ; 0            ; 254 (0)      ; 0 (0)             ; 11 (0)           ; |top|xiaoche:xiaoche_instance|PosCounter:pos_counter1|lpm_divide:Div0|lpm_divide_mhm:auto_generated                                                   ; work         ;
;                |sign_div_unsign_nlh:divider| ; 265 (0)     ; 0 (0)                     ; 0 (0)         ; 0           ; 0    ; 0            ; 0       ; 0         ; 0    ; 0            ; 254 (0)      ; 0 (0)             ; 11 (0)           ; |top|xiaoche:xiaoche_instance|PosCounter:pos_counter1|lpm_divide:Div0|lpm_divide_mhm:auto_generated|sign_div_unsign_nlh:divider                       ; work         ;
;                   |alt_u_div_p5f:divider|    ; 265 (265)   ; 0 (0)                     ; 0 (0)         ; 0           ; 0    ; 0            ; 0       ; 0         ; 0    ; 0            ; 254 (254)    ; 0 (0)             ; 11 (11)          ; |top|xiaoche:xiaoche_instance|PosCounter:pos_counter1|lpm_divide:Div0|lpm_divide_mhm:auto_generated|sign_div_unsign_nlh:divider|alt_u_div_p5f:divider ; work         ;
;       |PosCounter:pos_counter2|              ; 326 (63)    ; 44 (44)                   ; 0 (0)         ; 0           ; 0    ; 0            ; 0       ; 0         ; 0    ; 0            ; 282 (21)     ; 12 (12)           ; 32 (28)          ; |top|xiaoche:xiaoche_instance|PosCounter:pos_counter2                                                                                                 ; work         ;
;          |lpm_divide:Div0|                   ; 265 (0)     ; 0 (0)                     ; 0 (0)         ; 0           ; 0    ; 0            ; 0       ; 0         ; 0    ; 0            ; 261 (0)      ; 0 (0)             ; 4 (0)            ; |top|xiaoche:xiaoche_instance|PosCounter:pos_counter2|lpm_divide:Div0                                                                                 ; work         ;
;             |lpm_divide_mhm:auto_generated|  ; 265 (0)     ; 0 (0)                     ; 0 (0)         ; 0           ; 0    ; 0            ; 0       ; 0         ; 0    ; 0            ; 261 (0)      ; 0 (0)             ; 4 (0)            ; |top|xiaoche:xiaoche_instance|PosCounter:pos_counter2|lpm_divide:Div0|lpm_divide_mhm:auto_generated                                                   ; work         ;
;                |sign_div_unsign_nlh:divider| ; 265 (0)     ; 0 (0)                     ; 0 (0)         ; 0           ; 0    ; 0            ; 0       ; 0         ; 0    ; 0            ; 261 (0)      ; 0 (0)             ; 4 (0)            ; |top|xiaoche:xiaoche_instance|PosCounter:pos_counter2|lpm_divide:Div0|lpm_divide_mhm:auto_generated|sign_div_unsign_nlh:divider                       ; work         ;
;                   |alt_u_div_p5f:divider|    ; 265 (265)   ; 0 (0)                     ; 0 (0)         ; 0           ; 0    ; 0            ; 0       ; 0         ; 0    ; 0            ; 261 (261)    ; 0 (0)             ; 4 (4)            ; |top|xiaoche:xiaoche_instance|PosCounter:pos_counter2|lpm_divide:Div0|lpm_divide_mhm:auto_generated|sign_div_unsign_nlh:divider|alt_u_div_p5f:divider ; work         ;
;       |PosCounter:pos_counter3|              ; 318 (60)    ; 44 (44)                   ; 0 (0)         ; 0           ; 0    ; 0            ; 0       ; 0         ; 0    ; 0            ; 274 (19)     ; 6 (6)             ; 38 (28)          ; |top|xiaoche:xiaoche_instance|PosCounter:pos_counter3                                                                                                 ; work         ;
;          |lpm_divide:Div0|                   ; 265 (0)     ; 0 (0)                     ; 0 (0)         ; 0           ; 0    ; 0            ; 0       ; 0         ; 0    ; 0            ; 255 (0)      ; 0 (0)             ; 10 (0)           ; |top|xiaoche:xiaoche_instance|PosCounter:pos_counter3|lpm_divide:Div0                                                                                 ; work         ;
;             |lpm_divide_mhm:auto_generated|  ; 265 (0)     ; 0 (0)                     ; 0 (0)         ; 0           ; 0    ; 0            ; 0       ; 0         ; 0    ; 0            ; 255 (0)      ; 0 (0)             ; 10 (0)           ; |top|xiaoche:xiaoche_instance|PosCounter:pos_counter3|lpm_divide:Div0|lpm_divide_mhm:auto_generated                                                   ; work         ;
;                |sign_div_unsign_nlh:divider| ; 265 (0)     ; 0 (0)                     ; 0 (0)         ; 0           ; 0    ; 0            ; 0       ; 0         ; 0    ; 0            ; 255 (0)      ; 0 (0)             ; 10 (0)           ; |top|xiaoche:xiaoche_instance|PosCounter:pos_counter3|lpm_divide:Div0|lpm_divide_mhm:auto_generated|sign_div_unsign_nlh:divider                       ; work         ;
;                   |alt_u_div_p5f:divider|    ; 265 (265)   ; 0 (0)                     ; 0 (0)         ; 0           ; 0    ; 0            ; 0       ; 0         ; 0    ; 0            ; 255 (255)    ; 0 (0)             ; 10 (10)          ; |top|xiaoche:xiaoche_instance|PosCounter:pos_counter3|lpm_divide:Div0|lpm_divide_mhm:auto_generated|sign_div_unsign_nlh:divider|alt_u_div_p5f:divider ; work         ;
;       |boche:boche_executor|                 ; 77 (77)     ; 46 (46)                   ; 0 (0)         ; 0           ; 0    ; 0            ; 0       ; 0         ; 0    ; 0            ; 31 (31)      ; 0 (0)             ; 46 (46)          ; |top|xiaoche:xiaoche_instance|boche:boche_executor                                                                                                    ; work         ;
;       |everything:path_executor|             ; 64 (64)     ; 45 (45)                   ; 0 (0)         ; 0           ; 0    ; 0            ; 0       ; 0         ; 0    ; 0            ; 19 (19)      ; 0 (0)             ; 45 (45)          ; |top|xiaoche:xiaoche_instance|everything:path_executor                                                                                                ; work         ;
;       |xunji:xunji_instance|                 ; 81 (81)     ; 33 (33)                   ; 0 (0)         ; 0           ; 0    ; 0            ; 0       ; 0         ; 0    ; 0            ; 48 (48)      ; 0 (0)             ; 33 (33)          ; |top|xiaoche:xiaoche_instance|xunji:xunji_instance                                                                                                    ; work         ;
+----------------------------------------------+-------------+---------------------------+---------------+-------------+------+--------------+---------+-----------+------+--------------+--------------+-------------------+------------------+-------------------------------------------------------------------------------------------------------------------------------------------------------+--------------+
Note: For table entries with two numbers listed, the numbers in parentheses indicate the number of resources of the given type used by the specific entity alone. The numbers listed outside of parentheses indicate the total resources of the given type used by the specific entity and all of its sub-entities in the hierarchy.


+---------------------------------------------------------------------------------------------------+
; Delay Chain Summary                                                                               ;
+-------------------+----------+---------------+---------------+-----------------------+-----+------+
; Name              ; Pin Type ; Pad to Core 0 ; Pad to Core 1 ; Pad to Input Register ; TCO ; TCOE ;
+-------------------+----------+---------------+---------------+-----------------------+-----+------+
; trig1             ; Output   ; --            ; --            ; --                    ; --  ; --   ;
; trig2             ; Output   ; --            ; --            ; --                    ; --  ; --   ;
; trig3             ; Output   ; --            ; --            ; --                    ; --  ; --   ;
; left[0]           ; Output   ; --            ; --            ; --                    ; --  ; --   ;
; left[1]           ; Output   ; --            ; --            ; --                    ; --  ; --   ;
; right[0]          ; Output   ; --            ; --            ; --                    ; --  ; --   ;
; right[1]          ; Output   ; --            ; --            ; --                    ; --  ; --   ;
; obstacle_detected ; Output   ; --            ; --            ; --                    ; --  ; --   ;
; reset             ; Input    ; (6) 1314 ps   ; --            ; --                    ; --  ; --   ;
; enable            ; Input    ; (0) 0 ps      ; --            ; --                    ; --  ; --   ;
; clk               ; Input    ; (0) 0 ps      ; --            ; --                    ; --  ; --   ;
; track7            ; Input    ; (6) 1314 ps   ; --            ; --                    ; --  ; --   ;
; track6            ; Input    ; (6) 1314 ps   ; --            ; --                    ; --  ; --   ;
; track5            ; Input    ; --            ; (6) 1314 ps   ; --                    ; --  ; --   ;
; track4            ; Input    ; (6) 1314 ps   ; --            ; --                    ; --  ; --   ;
; track2            ; Input    ; (6) 1314 ps   ; --            ; --                    ; --  ; --   ;
; track3            ; Input    ; --            ; (6) 1314 ps   ; --                    ; --  ; --   ;
; track1            ; Input    ; --            ; (6) 1314 ps   ; --                    ; --  ; --   ;
; echo1             ; Input    ; (6) 1314 ps   ; --            ; --                    ; --  ; --   ;
; echo2             ; Input    ; (6) 1314 ps   ; --            ; --                    ; --  ; --   ;
; echo3             ; Input    ; (6) 1314 ps   ; --            ; --                    ; --  ; --   ;
+-------------------+----------+---------------+---------------+-----------------------+-----+------+


+--------------------------------------------------------------------------------------------------------------------+
; Pad To Core Delay Chain Fanout                                                                                     ;
+--------------------------------------------------------------------------------------+-------------------+---------+
; Source Pin / Fanout                                                                  ; Pad To Core Index ; Setting ;
+--------------------------------------------------------------------------------------+-------------------+---------+
; reset                                                                                ;                   ;         ;
;      - xiaoche:xiaoche_instance|trig_pulse                                           ; 0                 ; 6       ;
;      - xiaoche:xiaoche_instance|right[0]                                             ; 0                 ; 6       ;
;      - xiaoche:xiaoche_instance|right[1]                                             ; 0                 ; 6       ;
;      - xiaoche:xiaoche_instance|left[0]                                              ; 0                 ; 6       ;
;      - xiaoche:xiaoche_instance|left[1]                                              ; 0                 ; 6       ;
;      - xiaoche:xiaoche_instance|steer_state.STEER_FORWARD                            ; 0                 ; 6       ;
;      - xiaoche:xiaoche_instance|steer_state.STEER_RIGHT                              ; 0                 ; 6       ;
;      - xiaoche:xiaoche_instance|steer_state.STEER_BACK                               ; 0                 ; 6       ;
;      - xiaoche:xiaoche_instance|steer_state.STEER_LEFT                               ; 0                 ; 6       ;
;      - xiaoche:xiaoche_instance|trig_counter[0]                                      ; 0                 ; 6       ;
;      - xiaoche:xiaoche_instance|trig_counter[1]                                      ; 0                 ; 6       ;
;      - xiaoche:xiaoche_instance|trig_counter[2]                                      ; 0                 ; 6       ;
;      - xiaoche:xiaoche_instance|trig_counter[3]                                      ; 0                 ; 6       ;
;      - xiaoche:xiaoche_instance|trig_counter[4]                                      ; 0                 ; 6       ;
;      - xiaoche:xiaoche_instance|trig_counter[5]                                      ; 0                 ; 6       ;
;      - xiaoche:xiaoche_instance|trig_counter[6]                                      ; 0                 ; 6       ;
;      - xiaoche:xiaoche_instance|trig_counter[7]                                      ; 0                 ; 6       ;
;      - xiaoche:xiaoche_instance|trig_counter[8]                                      ; 0                 ; 6       ;
;      - xiaoche:xiaoche_instance|trig_counter[9]                                      ; 0                 ; 6       ;
;      - xiaoche:xiaoche_instance|trig_counter[10]                                     ; 0                 ; 6       ;
;      - xiaoche:xiaoche_instance|trig_counter[11]                                     ; 0                 ; 6       ;
;      - xiaoche:xiaoche_instance|trig_counter[12]                                     ; 0                 ; 6       ;
;      - xiaoche:xiaoche_instance|trig_counter[13]                                     ; 0                 ; 6       ;
;      - xiaoche:xiaoche_instance|trig_counter[14]                                     ; 0                 ; 6       ;
;      - xiaoche:xiaoche_instance|trig_counter[15]                                     ; 0                 ; 6       ;
;      - xiaoche:xiaoche_instance|trig_counter[16]                                     ; 0                 ; 6       ;
;      - xiaoche:xiaoche_instance|trig_counter[17]                                     ; 0                 ; 6       ;
;      - xiaoche:xiaoche_instance|trig_counter[18]                                     ; 0                 ; 6       ;
;      - xiaoche:xiaoche_instance|trig_counter[19]                                     ; 0                 ; 6       ;
;      - xiaoche:xiaoche_instance|trig_counter[20]                                     ; 0                 ; 6       ;
;      - xiaoche:xiaoche_instance|trig_counter[21]                                     ; 0                 ; 6       ;
;      - xiaoche:xiaoche_instance|trig_counter[22]                                     ; 0                 ; 6       ;
;      - xiaoche:xiaoche_instance|trig_counter[23]                                     ; 0                 ; 6       ;
;      - xiaoche:xiaoche_instance|trig_counter[24]                                     ; 0                 ; 6       ;
;      - xiaoche:xiaoche_instance|trig_counter[25]                                     ; 0                 ; 6       ;
;      - xiaoche:xiaoche_instance|trig_counter[26]                                     ; 0                 ; 6       ;
;      - xiaoche:xiaoche_instance|trig_counter[27]                                     ; 0                 ; 6       ;
;      - xiaoche:xiaoche_instance|trig_counter[28]                                     ; 0                 ; 6       ;
;      - xiaoche:xiaoche_instance|trig_counter[29]                                     ; 0                 ; 6       ;
;      - xiaoche:xiaoche_instance|trig_counter[30]                                     ; 0                 ; 6       ;
;      - xiaoche:xiaoche_instance|trig_counter[31]                                     ; 0                 ; 6       ;
;      - xiaoche:xiaoche_instance|enable_counter[7]                                    ; 0                 ; 6       ;
;      - xiaoche:xiaoche_instance|enable_counter[8]                                    ; 0                 ; 6       ;
;      - xiaoche:xiaoche_instance|enable_counter[9]                                    ; 0                 ; 6       ;
;      - xiaoche:xiaoche_instance|enable_counter[10]                                   ; 0                 ; 6       ;
;      - xiaoche:xiaoche_instance|enable_counter[11]                                   ; 0                 ; 6       ;
;      - xiaoche:xiaoche_instance|enable_counter[12]                                   ; 0                 ; 6       ;
;      - xiaoche:xiaoche_instance|enable_counter[13]                                   ; 0                 ; 6       ;
;      - xiaoche:xiaoche_instance|enable_counter[14]                                   ; 0                 ; 6       ;
;      - xiaoche:xiaoche_instance|enable_counter[15]                                   ; 0                 ; 6       ;
;      - xiaoche:xiaoche_instance|enable_counter[16]                                   ; 0                 ; 6       ;
;      - xiaoche:xiaoche_instance|enable_counter[17]                                   ; 0                 ; 6       ;
;      - xiaoche:xiaoche_instance|enable_counter[18]                                   ; 0                 ; 6       ;
;      - xiaoche:xiaoche_instance|xunji:xunji_instance|all_white_counter[6]            ; 0                 ; 6       ;
;      - xiaoche:xiaoche_instance|xunji:xunji_instance|all_white_counter[7]            ; 0                 ; 6       ;
;      - xiaoche:xiaoche_instance|xunji:xunji_instance|all_white_counter[8]            ; 0                 ; 6       ;
;      - xiaoche:xiaoche_instance|xunji:xunji_instance|all_white_counter[9]            ; 0                 ; 6       ;
;      - xiaoche:xiaoche_instance|xunji:xunji_instance|all_white_counter[10]           ; 0                 ; 6       ;
;      - xiaoche:xiaoche_instance|xunji:xunji_instance|all_white_counter[11]           ; 0                 ; 6       ;
;      - xiaoche:xiaoche_instance|xunji:xunji_instance|all_white_counter[12]           ; 0                 ; 6       ;
;      - xiaoche:xiaoche_instance|xunji:xunji_instance|all_white_counter[13]           ; 0                 ; 6       ;
;      - xiaoche:xiaoche_instance|xunji:xunji_instance|all_white_counter[14]           ; 0                 ; 6       ;
;      - xiaoche:xiaoche_instance|xunji:xunji_instance|all_white_counter[15]           ; 0                 ; 6       ;
;      - xiaoche:xiaoche_instance|xunji:xunji_instance|all_white_counter[16]           ; 0                 ; 6       ;
;      - xiaoche:xiaoche_instance|xunji:xunji_instance|all_white_counter[17]           ; 0                 ; 6       ;
;      - xiaoche:xiaoche_instance|xunji:xunji_instance|all_white_counter[18]           ; 0                 ; 6       ;
;      - xiaoche:xiaoche_instance|xunji:xunji_instance|all_white_counter[19]           ; 0                 ; 6       ;
;      - xiaoche:xiaoche_instance|xunji:xunji_instance|all_white_counter[20]           ; 0                 ; 6       ;
;      - xiaoche:xiaoche_instance|xunji:xunji_instance|all_white_counter[21]           ; 0                 ; 6       ;
;      - xiaoche:xiaoche_instance|xunji:xunji_instance|all_white_counter[22]           ; 0                 ; 6       ;
;      - xiaoche:xiaoche_instance|xunji:xunji_instance|all_white_counter[23]           ; 0                 ; 6       ;
;      - xiaoche:xiaoche_instance|enable_counter[6]                                    ; 0                 ; 6       ;
;      - xiaoche:xiaoche_instance|everything:path_executor|timer[10]                   ; 0                 ; 6       ;
;      - xiaoche:xiaoche_instance|everything:path_executor|timer[11]                   ; 0                 ; 6       ;
;      - xiaoche:xiaoche_instance|everything:path_executor|timer[12]                   ; 0                 ; 6       ;
;      - xiaoche:xiaoche_instance|everything:path_executor|timer[13]                   ; 0                 ; 6       ;
;      - xiaoche:xiaoche_instance|everything:path_executor|timer[14]                   ; 0                 ; 6       ;
;      - xiaoche:xiaoche_instance|everything:path_executor|timer[15]                   ; 0                 ; 6       ;
;      - xiaoche:xiaoche_instance|everything:path_executor|timer[16]                   ; 0                 ; 6       ;
;      - xiaoche:xiaoche_instance|everything:path_executor|timer[17]                   ; 0                 ; 6       ;
;      - xiaoche:xiaoche_instance|everything:path_executor|timer[18]                   ; 0                 ; 6       ;
;      - xiaoche:xiaoche_instance|everything:path_executor|timer[19]                   ; 0                 ; 6       ;
;      - xiaoche:xiaoche_instance|everything:path_executor|timer[20]                   ; 0                 ; 6       ;
;      - xiaoche:xiaoche_instance|everything:path_executor|timer[21]                   ; 0                 ; 6       ;
;      - xiaoche:xiaoche_instance|everything:path_executor|timer[22]                   ; 0                 ; 6       ;
;      - xiaoche:xiaoche_instance|everything:path_executor|timer[23]                   ; 0                 ; 6       ;
;      - xiaoche:xiaoche_instance|everything:path_executor|timer[24]                   ; 0                 ; 6       ;
;      - xiaoche:xiaoche_instance|everything:path_executor|timer[25]                   ; 0                 ; 6       ;
;      - xiaoche:xiaoche_instance|everything:path_executor|timer[26]                   ; 0                 ; 6       ;
;      - xiaoche:xiaoche_instance|everything:path_executor|timer[27]                   ; 0                 ; 6       ;
;      - xiaoche:xiaoche_instance|everything:path_executor|timer[28]                   ; 0                 ; 6       ;
;      - xiaoche:xiaoche_instance|everything:path_executor|timer[29]                   ; 0                 ; 6       ;
;      - xiaoche:xiaoche_instance|everything:path_executor|timer[30]                   ; 0                 ; 6       ;
;      - xiaoche:xiaoche_instance|everything:path_executor|timer[31]                   ; 0                 ; 6       ;
;      - xiaoche:xiaoche_instance|pwm_counter[7]                                       ; 0                 ; 6       ;
;      - xiaoche:xiaoche_instance|boche:boche_executor|timer[9]                        ; 0                 ; 6       ;
;      - xiaoche:xiaoche_instance|boche:boche_executor|timer[10]                       ; 0                 ; 6       ;
;      - xiaoche:xiaoche_instance|boche:boche_executor|timer[11]                       ; 0                 ; 6       ;
;      - xiaoche:xiaoche_instance|boche:boche_executor|timer[12]                       ; 0                 ; 6       ;
;      - xiaoche:xiaoche_instance|boche:boche_executor|timer[13]                       ; 0                 ; 6       ;
;      - xiaoche:xiaoche_instance|boche:boche_executor|timer[14]                       ; 0                 ; 6       ;
;      - xiaoche:xiaoche_instance|boche:boche_executor|timer[15]                       ; 0                 ; 6       ;
;      - xiaoche:xiaoche_instance|boche:boche_executor|timer[16]                       ; 0                 ; 6       ;
;      - xiaoche:xiaoche_instance|boche:boche_executor|timer[17]                       ; 0                 ; 6       ;
;      - xiaoche:xiaoche_instance|boche:boche_executor|timer[18]                       ; 0                 ; 6       ;
;      - xiaoche:xiaoche_instance|boche:boche_executor|timer[19]                       ; 0                 ; 6       ;
;      - xiaoche:xiaoche_instance|boche:boche_executor|timer[20]                       ; 0                 ; 6       ;
;      - xiaoche:xiaoche_instance|boche:boche_executor|timer[21]                       ; 0                 ; 6       ;
;      - xiaoche:xiaoche_instance|boche:boche_executor|timer[22]                       ; 0                 ; 6       ;
;      - xiaoche:xiaoche_instance|boche:boche_executor|timer[23]                       ; 0                 ; 6       ;
;      - xiaoche:xiaoche_instance|boche:boche_executor|timer[24]                       ; 0                 ; 6       ;
;      - xiaoche:xiaoche_instance|boche:boche_executor|timer[25]                       ; 0                 ; 6       ;
;      - xiaoche:xiaoche_instance|boche:boche_executor|timer[26]                       ; 0                 ; 6       ;
;      - xiaoche:xiaoche_instance|boche:boche_executor|timer[27]                       ; 0                 ; 6       ;
;      - xiaoche:xiaoche_instance|boche:boche_executor|timer[28]                       ; 0                 ; 6       ;
;      - xiaoche:xiaoche_instance|boche:boche_executor|timer[29]                       ; 0                 ; 6       ;
;      - xiaoche:xiaoche_instance|boche:boche_executor|timer[30]                       ; 0                 ; 6       ;
;      - xiaoche:xiaoche_instance|boche:boche_executor|timer[31]                       ; 0                 ; 6       ;
;      - xiaoche:xiaoche_instance|boche:boche_executor|timer[8]                        ; 0                 ; 6       ;
;      - xiaoche:xiaoche_instance|boche:boche_executor|timer[7]                        ; 0                 ; 6       ;
;      - xiaoche:xiaoche_instance|everything:path_executor|timer[9]                    ; 0                 ; 6       ;
;      - xiaoche:xiaoche_instance|xunji:xunji_instance|all_white_counter[5]            ; 0                 ; 6       ;
;      - xiaoche:xiaoche_instance|enable_counter[5]                                    ; 0                 ; 6       ;
;      - xiaoche:xiaoche_instance|pwm_counter[6]                                       ; 0                 ; 6       ;
;      - xiaoche:xiaoche_instance|boche:boche_executor|timer[6]                        ; 0                 ; 6       ;
;      - xiaoche:xiaoche_instance|everything:path_executor|timer[8]                    ; 0                 ; 6       ;
;      - xiaoche:xiaoche_instance|xunji:xunji_instance|all_white_counter[4]            ; 0                 ; 6       ;
;      - xiaoche:xiaoche_instance|enable_counter[4]                                    ; 0                 ; 6       ;
;      - xiaoche:xiaoche_instance|clk_div[4]                                           ; 0                 ; 6       ;
;      - xiaoche:xiaoche_instance|pwm_counter[5]                                       ; 0                 ; 6       ;
;      - xiaoche:xiaoche_instance|boche:boche_executor|timer[5]                        ; 0                 ; 6       ;
;      - xiaoche:xiaoche_instance|everything:path_executor|timer[7]                    ; 0                 ; 6       ;
;      - xiaoche:xiaoche_instance|xunji:xunji_instance|all_white_counter[3]            ; 0                 ; 6       ;
;      - xiaoche:xiaoche_instance|enable_counter[3]                                    ; 0                 ; 6       ;
;      - xiaoche:xiaoche_instance|clk_div[3]                                           ; 0                 ; 6       ;
;      - xiaoche:xiaoche_instance|pwm_counter[4]                                       ; 0                 ; 6       ;
;      - xiaoche:xiaoche_instance|boche:boche_executor|timer[4]                        ; 0                 ; 6       ;
;      - xiaoche:xiaoche_instance|everything:path_executor|timer[6]                    ; 0                 ; 6       ;
;      - xiaoche:xiaoche_instance|xunji:xunji_instance|all_white_counter[2]            ; 0                 ; 6       ;
;      - xiaoche:xiaoche_instance|enable_counter[2]                                    ; 0                 ; 6       ;
;      - xiaoche:xiaoche_instance|clk_div[2]                                           ; 0                 ; 6       ;
;      - xiaoche:xiaoche_instance|pwm_counter[3]                                       ; 0                 ; 6       ;
;      - xiaoche:xiaoche_instance|boche:boche_executor|timer[3]                        ; 0                 ; 6       ;
;      - xiaoche:xiaoche_instance|everything:path_executor|timer[5]                    ; 0                 ; 6       ;
;      - xiaoche:xiaoche_instance|xunji:xunji_instance|all_white_counter[1]            ; 0                 ; 6       ;
;      - xiaoche:xiaoche_instance|enable_counter[1]                                    ; 0                 ; 6       ;
;      - xiaoche:xiaoche_instance|clk_div[1]                                           ; 0                 ; 6       ;
;      - xiaoche:xiaoche_instance|pwm_counter[2]                                       ; 0                 ; 6       ;
;      - xiaoche:xiaoche_instance|boche:boche_executor|timer[2]                        ; 0                 ; 6       ;
;      - xiaoche:xiaoche_instance|everything:path_executor|timer[4]                    ; 0                 ; 6       ;
;      - xiaoche:xiaoche_instance|xunji:xunji_instance|all_white_counter[0]            ; 0                 ; 6       ;
;      - xiaoche:xiaoche_instance|enable_counter[0]                                    ; 0                 ; 6       ;
;      - xiaoche:xiaoche_instance|pwm_counter[0]                                       ; 0                 ; 6       ;
;      - xiaoche:xiaoche_instance|pwm_counter[1]                                       ; 0                 ; 6       ;
;      - xiaoche:xiaoche_instance|boche:boche_executor|timer[1]                        ; 0                 ; 6       ;
;      - xiaoche:xiaoche_instance|everything:path_executor|timer[3]                    ; 0                 ; 6       ;
;      - xiaoche:xiaoche_instance|boche:boche_executor|timer[0]                        ; 0                 ; 6       ;
;      - xiaoche:xiaoche_instance|everything:path_executor|timer[2]                    ; 0                 ; 6       ;
;      - xiaoche:xiaoche_instance|everything:path_executor|timer[1]                    ; 0                 ; 6       ;
;      - xiaoche:xiaoche_instance|everything:path_executor|timer[0]                    ; 0                 ; 6       ;
;      - xiaoche:xiaoche_instance|pwm_threshold[2]                                     ; 0                 ; 6       ;
;      - xiaoche:xiaoche_instance|pwm_threshold[1]                                     ; 0                 ; 6       ;
;      - xiaoche:xiaoche_instance|distance1[0]                                         ; 0                 ; 6       ;
;      - xiaoche:xiaoche_instance|distance2[0]                                         ; 0                 ; 6       ;
;      - xiaoche:xiaoche_instance|distance3[0]                                         ; 0                 ; 6       ;
;      - xiaoche:xiaoche_instance|obstacle_detected~0                                  ; 0                 ; 6       ;
;      - xiaoche:xiaoche_instance|everything:path_executor|left[0]                     ; 0                 ; 6       ;
;      - xiaoche:xiaoche_instance|current_mode[1]                                      ; 0                 ; 6       ;
;      - xiaoche:xiaoche_instance|current_mode[0]                                      ; 0                 ; 6       ;
;      - xiaoche:xiaoche_instance|xunji:xunji_instance|left_dir[0]                     ; 0                 ; 6       ;
;      - xiaoche:xiaoche_instance|pwm_out                                              ; 0                 ; 6       ;
;      - xiaoche:xiaoche_instance|boche:boche_executor|left[1]                         ; 0                 ; 6       ;
;      - xiaoche:xiaoche_instance|xunji:xunji_instance|left_dir[1]                     ; 0                 ; 6       ;
;      - xiaoche:xiaoche_instance|everything:path_executor|right[0]                    ; 0                 ; 6       ;
;      - xiaoche:xiaoche_instance|xunji:xunji_instance|right_dir[0]                    ; 0                 ; 6       ;
;      - xiaoche:xiaoche_instance|boche:boche_executor|right[0]                        ; 0                 ; 6       ;
;      - xiaoche:xiaoche_instance|everything:path_executor|right[1]                    ; 0                 ; 6       ;
;      - xiaoche:xiaoche_instance|xunji:xunji_instance|right_dir[1]                    ; 0                 ; 6       ;
;      - xiaoche:xiaoche_instance|boche:boche_executor|right[1]                        ; 0                 ; 6       ;
;      - xiaoche:xiaoche_instance|everything:path_executor|current_state.IDLE          ; 0                 ; 6       ;
;      - xiaoche:xiaoche_instance|everything:path_executor|current_state.stop          ; 0                 ; 6       ;
;      - xiaoche:xiaoche_instance|mode_switch_pending                                  ; 0                 ; 6       ;
;      - xiaoche:xiaoche_instance|obstacle_near2                                       ; 0                 ; 6       ;
;      - xiaoche:xiaoche_instance|distance1[14]                                        ; 0                 ; 6       ;
;      - xiaoche:xiaoche_instance|distance2[14]                                        ; 0                 ; 6       ;
;      - xiaoche:xiaoche_instance|distance1[13]                                        ; 0                 ; 6       ;
;      - xiaoche:xiaoche_instance|distance2[13]                                        ; 0                 ; 6       ;
;      - xiaoche:xiaoche_instance|distance1[12]                                        ; 0                 ; 6       ;
;      - xiaoche:xiaoche_instance|distance2[12]                                        ; 0                 ; 6       ;
;      - xiaoche:xiaoche_instance|distance1[11]                                        ; 0                 ; 6       ;
;      - xiaoche:xiaoche_instance|distance2[11]                                        ; 0                 ; 6       ;
;      - xiaoche:xiaoche_instance|distance1[10]                                        ; 0                 ; 6       ;
;      - xiaoche:xiaoche_instance|distance2[10]                                        ; 0                 ; 6       ;
;      - xiaoche:xiaoche_instance|distance1[9]                                         ; 0                 ; 6       ;
;      - xiaoche:xiaoche_instance|distance2[9]                                         ; 0                 ; 6       ;
;      - xiaoche:xiaoche_instance|distance1[8]                                         ; 0                 ; 6       ;
;      - xiaoche:xiaoche_instance|distance2[8]                                         ; 0                 ; 6       ;
;      - xiaoche:xiaoche_instance|distance1[7]                                         ; 0                 ; 6       ;
;      - xiaoche:xiaoche_instance|distance2[7]                                         ; 0                 ; 6       ;
;      - xiaoche:xiaoche_instance|distance1[6]                                         ; 0                 ; 6       ;
;      - xiaoche:xiaoche_instance|distance2[6]                                         ; 0                 ; 6       ;
;      - xiaoche:xiaoche_instance|distance1[5]                                         ; 0                 ; 6       ;
;      - xiaoche:xiaoche_instance|distance2[5]                                         ; 0                 ; 6       ;
;      - xiaoche:xiaoche_instance|distance1[4]                                         ; 0                 ; 6       ;
;      - xiaoche:xiaoche_instance|distance2[4]                                         ; 0                 ; 6       ;
;      - xiaoche:xiaoche_instance|distance1[3]                                         ; 0                 ; 6       ;
;      - xiaoche:xiaoche_instance|distance2[3]                                         ; 0                 ; 6       ;
;      - xiaoche:xiaoche_instance|distance1[2]                                         ; 0                 ; 6       ;
;      - xiaoche:xiaoche_instance|distance2[2]                                         ; 0                 ; 6       ;
;      - xiaoche:xiaoche_instance|distance1[1]                                         ; 0                 ; 6       ;
;      - xiaoche:xiaoche_instance|distance2[1]                                         ; 0                 ; 6       ;
;      - xiaoche:xiaoche_instance|distance3[14]                                        ; 0                 ; 6       ;
;      - xiaoche:xiaoche_instance|distance3[13]                                        ; 0                 ; 6       ;
;      - xiaoche:xiaoche_instance|distance3[12]                                        ; 0                 ; 6       ;
;      - xiaoche:xiaoche_instance|distance3[11]                                        ; 0                 ; 6       ;
;      - xiaoche:xiaoche_instance|distance3[10]                                        ; 0                 ; 6       ;
;      - xiaoche:xiaoche_instance|distance3[9]                                         ; 0                 ; 6       ;
;      - xiaoche:xiaoche_instance|distance3[8]                                         ; 0                 ; 6       ;
;      - xiaoche:xiaoche_instance|distance3[7]                                         ; 0                 ; 6       ;
;      - xiaoche:xiaoche_instance|distance3[6]                                         ; 0                 ; 6       ;
;      - xiaoche:xiaoche_instance|distance3[5]                                         ; 0                 ; 6       ;
;      - xiaoche:xiaoche_instance|distance3[4]                                         ; 0                 ; 6       ;
;      - xiaoche:xiaoche_instance|distance3[3]                                         ; 0                 ; 6       ;
;      - xiaoche:xiaoche_instance|distance3[2]                                         ; 0                 ; 6       ;
;      - xiaoche:xiaoche_instance|distance3[1]                                         ; 0                 ; 6       ;
;      - xiaoche:xiaoche_instance|obstacle_near1                                       ; 0                 ; 6       ;
;      - xiaoche:xiaoche_instance|obstacle_near3                                       ; 0                 ; 6       ;
;      - xiaoche:xiaoche_instance|pwm_threshold[7]                                     ; 0                 ; 6       ;
;      - xiaoche:xiaoche_instance|pwm_threshold[6]                                     ; 0                 ; 6       ;
;      - xiaoche:xiaoche_instance|pwm_threshold[5]                                     ; 0                 ; 6       ;
;      - xiaoche:xiaoche_instance|pwm_threshold[4]                                     ; 0                 ; 6       ;
;      - xiaoche:xiaoche_instance|pwm_threshold[3]                                     ; 0                 ; 6       ;
;      - xiaoche:xiaoche_instance|pwm_threshold[0]                                     ; 0                 ; 6       ;
;      - xiaoche:xiaoche_instance|boche:boche_executor|current_state.IDLE              ; 0                 ; 6       ;
;      - xiaoche:xiaoche_instance|boche:boche_executor|current_state.stop              ; 0                 ; 6       ;
;      - xiaoche:xiaoche_instance|everything:path_executor|current_state.FORWARD_2S    ; 0                 ; 6       ;
;      - xiaoche:xiaoche_instance|everything:path_executor|current_state.FORWARD_2S_2  ; 0                 ; 6       ;
;      - xiaoche:xiaoche_instance|everything:path_executor|current_state.FORWARD_2S_3  ; 0                 ; 6       ;
;      - xiaoche:xiaoche_instance|everything:path_executor|current_state.FORWARD_2S_4  ; 0                 ; 6       ;
;      - xiaoche:xiaoche_instance|boche:boche_executor|current_state.RIGHT_200MS       ; 0                 ; 6       ;
;      - xiaoche:xiaoche_instance|everything:path_executor|current_state.RIGHT_200MS   ; 0                 ; 6       ;
;      - xiaoche:xiaoche_instance|everything:path_executor|current_state.RIGHT_200MS_2 ; 0                 ; 6       ;
;      - xiaoche:xiaoche_instance|everything:path_executor|current_state.RIGHT_200MS_3 ; 0                 ; 6       ;
;      - xiaoche:xiaoche_instance|everything:path_executor|current_state.RIGHT_200MS_4 ; 0                 ; 6       ;
;      - xiaoche:xiaoche_instance|boche:boche_executor|current_state.FORWARD_2S        ; 0                 ; 6       ;
;      - xiaoche:xiaoche_instance|boche:boche_executor|current_state.FORWARD_2S_2      ; 0                 ; 6       ;
;      - xiaoche:xiaoche_instance|enable_prev                                          ; 0                 ; 6       ;
;      - xiaoche:xiaoche_instance|PosCounter:pos_counter1|dis_reg[19]                  ; 0                 ; 6       ;
;      - xiaoche:xiaoche_instance|PosCounter:pos_counter1|dis_reg[18]                  ; 0                 ; 6       ;
;      - xiaoche:xiaoche_instance|PosCounter:pos_counter1|dis_reg[17]                  ; 0                 ; 6       ;
;      - xiaoche:xiaoche_instance|PosCounter:pos_counter1|dis_reg[16]                  ; 0                 ; 6       ;
;      - xiaoche:xiaoche_instance|PosCounter:pos_counter1|dis_reg[15]                  ; 0                 ; 6       ;
;      - xiaoche:xiaoche_instance|PosCounter:pos_counter2|dis_reg[19]                  ; 0                 ; 6       ;
;      - xiaoche:xiaoche_instance|PosCounter:pos_counter2|dis_reg[18]                  ; 0                 ; 6       ;
;      - xiaoche:xiaoche_instance|PosCounter:pos_counter2|dis_reg[17]                  ; 0                 ; 6       ;
;      - xiaoche:xiaoche_instance|PosCounter:pos_counter2|dis_reg[16]                  ; 0                 ; 6       ;
;      - xiaoche:xiaoche_instance|PosCounter:pos_counter2|dis_reg[15]                  ; 0                 ; 6       ;
;      - xiaoche:xiaoche_instance|PosCounter:pos_counter1|dis_reg[14]                  ; 0                 ; 6       ;
;      - xiaoche:xiaoche_instance|PosCounter:pos_counter2|dis_reg[14]                  ; 0                 ; 6       ;
;      - xiaoche:xiaoche_instance|PosCounter:pos_counter1|dis_reg[13]                  ; 0                 ; 6       ;
;      - xiaoche:xiaoche_instance|PosCounter:pos_counter2|dis_reg[13]                  ; 0                 ; 6       ;
;      - xiaoche:xiaoche_instance|PosCounter:pos_counter1|dis_reg[12]                  ; 0                 ; 6       ;
;      - xiaoche:xiaoche_instance|PosCounter:pos_counter2|dis_reg[12]                  ; 0                 ; 6       ;
;      - xiaoche:xiaoche_instance|PosCounter:pos_counter1|dis_reg[11]                  ; 0                 ; 6       ;
;      - xiaoche:xiaoche_instance|PosCounter:pos_counter2|dis_reg[11]                  ; 0                 ; 6       ;
;      - xiaoche:xiaoche_instance|PosCounter:pos_counter1|dis_reg[10]                  ; 0                 ; 6       ;
;      - xiaoche:xiaoche_instance|PosCounter:pos_counter2|dis_reg[10]                  ; 0                 ; 6       ;
;      - xiaoche:xiaoche_instance|PosCounter:pos_counter1|dis_reg[9]                   ; 0                 ; 6       ;
;      - xiaoche:xiaoche_instance|PosCounter:pos_counter2|dis_reg[9]                   ; 0                 ; 6       ;
;      - xiaoche:xiaoche_instance|PosCounter:pos_counter1|dis_reg[8]                   ; 0                 ; 6       ;
;      - xiaoche:xiaoche_instance|PosCounter:pos_counter2|dis_reg[8]                   ; 0                 ; 6       ;
;      - xiaoche:xiaoche_instance|PosCounter:pos_counter1|dis_reg[7]                   ; 0                 ; 6       ;
;      - xiaoche:xiaoche_instance|PosCounter:pos_counter2|dis_reg[7]                   ; 0                 ; 6       ;
;      - xiaoche:xiaoche_instance|PosCounter:pos_counter1|dis_reg[6]                   ; 0                 ; 6       ;
;      - xiaoche:xiaoche_instance|PosCounter:pos_counter2|dis_reg[6]                   ; 0                 ; 6       ;
;      - xiaoche:xiaoche_instance|PosCounter:pos_counter1|dis_reg[5]                   ; 0                 ; 6       ;
;      - xiaoche:xiaoche_instance|PosCounter:pos_counter2|dis_reg[5]                   ; 0                 ; 6       ;
;      - xiaoche:xiaoche_instance|PosCounter:pos_counter1|dis_reg[4]                   ; 0                 ; 6       ;
;      - xiaoche:xiaoche_instance|PosCounter:pos_counter2|dis_reg[4]                   ; 0                 ; 6       ;
;      - xiaoche:xiaoche_instance|PosCounter:pos_counter1|dis_reg[3]                   ; 0                 ; 6       ;
;      - xiaoche:xiaoche_instance|PosCounter:pos_counter2|dis_reg[3]                   ; 0                 ; 6       ;
;      - xiaoche:xiaoche_instance|PosCounter:pos_counter1|dis_reg[2]                   ; 0                 ; 6       ;
;      - xiaoche:xiaoche_instance|PosCounter:pos_counter2|dis_reg[2]                   ; 0                 ; 6       ;
;      - xiaoche:xiaoche_instance|PosCounter:pos_counter1|dis_reg[1]                   ; 0                 ; 6       ;
;      - xiaoche:xiaoche_instance|PosCounter:pos_counter2|dis_reg[1]                   ; 0                 ; 6       ;
;      - xiaoche:xiaoche_instance|PosCounter:pos_counter3|dis_reg[19]                  ; 0                 ; 6       ;
;      - xiaoche:xiaoche_instance|PosCounter:pos_counter3|dis_reg[18]                  ; 0                 ; 6       ;
;      - xiaoche:xiaoche_instance|PosCounter:pos_counter3|dis_reg[17]                  ; 0                 ; 6       ;
;      - xiaoche:xiaoche_instance|PosCounter:pos_counter3|dis_reg[16]                  ; 0                 ; 6       ;
;      - xiaoche:xiaoche_instance|PosCounter:pos_counter3|dis_reg[15]                  ; 0                 ; 6       ;
;      - xiaoche:xiaoche_instance|PosCounter:pos_counter3|dis_reg[14]                  ; 0                 ; 6       ;
;      - xiaoche:xiaoche_instance|PosCounter:pos_counter3|dis_reg[13]                  ; 0                 ; 6       ;
;      - xiaoche:xiaoche_instance|PosCounter:pos_counter3|dis_reg[12]                  ; 0                 ; 6       ;
;      - xiaoche:xiaoche_instance|PosCounter:pos_counter3|dis_reg[11]                  ; 0                 ; 6       ;
;      - xiaoche:xiaoche_instance|PosCounter:pos_counter3|dis_reg[10]                  ; 0                 ; 6       ;
;      - xiaoche:xiaoche_instance|PosCounter:pos_counter3|dis_reg[9]                   ; 0                 ; 6       ;
;      - xiaoche:xiaoche_instance|PosCounter:pos_counter3|dis_reg[8]                   ; 0                 ; 6       ;
;      - xiaoche:xiaoche_instance|PosCounter:pos_counter3|dis_reg[7]                   ; 0                 ; 6       ;
;      - xiaoche:xiaoche_instance|PosCounter:pos_counter3|dis_reg[6]                   ; 0                 ; 6       ;
;      - xiaoche:xiaoche_instance|PosCounter:pos_counter3|dis_reg[5]                   ; 0                 ; 6       ;
;      - xiaoche:xiaoche_instance|PosCounter:pos_counter3|dis_reg[4]                   ; 0                 ; 6       ;
;      - xiaoche:xiaoche_instance|PosCounter:pos_counter3|dis_reg[3]                   ; 0                 ; 6       ;
;      - xiaoche:xiaoche_instance|PosCounter:pos_counter3|dis_reg[2]                   ; 0                 ; 6       ;
;      - xiaoche:xiaoche_instance|PosCounter:pos_counter3|dis_reg[1]                   ; 0                 ; 6       ;
;      - xiaoche:xiaoche_instance|boche:boche_executor|pwm_value[2]                    ; 0                 ; 6       ;
;      - xiaoche:xiaoche_instance|boche:boche_executor|pwm_value[1]                    ; 0                 ; 6       ;
;      - xiaoche:xiaoche_instance|boche:boche_executor|pwm_value[4]                    ; 0                 ; 6       ;
;      - xiaoche:xiaoche_instance|xunji:xunji_instance|pwm_value[4]                    ; 0                 ; 6       ;
;      - xiaoche:xiaoche_instance|xunji:xunji_instance|pwm_value[3]                    ; 0                 ; 6       ;
;      - xiaoche:xiaoche_instance|xunji:xunji_instance|pwm_value[2]                    ; 0                 ; 6       ;
;      - xiaoche:xiaoche_instance|xunji:xunji_instance|pwm_value[1]                    ; 0                 ; 6       ;
;      - xiaoche:xiaoche_instance|boche:boche_executor|pwm_value[0]                    ; 0                 ; 6       ;
;      - xiaoche:xiaoche_instance|xunji:xunji_instance|pwm_value[0]                    ; 0                 ; 6       ;
;      - xiaoche:xiaoche_instance|boche:boche_executor|prev_mode[0]                    ; 0                 ; 6       ;
;      - xiaoche:xiaoche_instance|boche:boche_executor|prev_mode[1]                    ; 0                 ; 6       ;
;      - xiaoche:xiaoche_instance|PosCounter:pos_counter1|count[19]                    ; 0                 ; 6       ;
;      - xiaoche:xiaoche_instance|PosCounter:pos_counter1|curr_state.S2                ; 0                 ; 6       ;
;      - xiaoche:xiaoche_instance|PosCounter:pos_counter1|count[18]                    ; 0                 ; 6       ;
;      - xiaoche:xiaoche_instance|PosCounter:pos_counter1|count[17]                    ; 0                 ; 6       ;
;      - xiaoche:xiaoche_instance|PosCounter:pos_counter1|count[16]                    ; 0                 ; 6       ;
;      - xiaoche:xiaoche_instance|PosCounter:pos_counter1|count[15]                    ; 0                 ; 6       ;
;      - xiaoche:xiaoche_instance|PosCounter:pos_counter2|count[19]                    ; 0                 ; 6       ;
;      - xiaoche:xiaoche_instance|PosCounter:pos_counter2|curr_state.S2                ; 0                 ; 6       ;
;      - xiaoche:xiaoche_instance|PosCounter:pos_counter2|count[18]                    ; 0                 ; 6       ;
;      - xiaoche:xiaoche_instance|PosCounter:pos_counter2|count[17]                    ; 0                 ; 6       ;
;      - xiaoche:xiaoche_instance|PosCounter:pos_counter2|count[16]                    ; 0                 ; 6       ;
;      - xiaoche:xiaoche_instance|PosCounter:pos_counter2|count[15]                    ; 0                 ; 6       ;
;      - xiaoche:xiaoche_instance|PosCounter:pos_counter1|count[14]                    ; 0                 ; 6       ;
;      - xiaoche:xiaoche_instance|PosCounter:pos_counter2|count[14]                    ; 0                 ; 6       ;
;      - xiaoche:xiaoche_instance|PosCounter:pos_counter1|count[13]                    ; 0                 ; 6       ;
;      - xiaoche:xiaoche_instance|PosCounter:pos_counter2|count[13]                    ; 0                 ; 6       ;
;      - xiaoche:xiaoche_instance|PosCounter:pos_counter1|count[12]                    ; 0                 ; 6       ;
;      - xiaoche:xiaoche_instance|PosCounter:pos_counter2|count[12]                    ; 0                 ; 6       ;
;      - xiaoche:xiaoche_instance|PosCounter:pos_counter1|count[11]                    ; 0                 ; 6       ;
;      - xiaoche:xiaoche_instance|PosCounter:pos_counter2|count[11]                    ; 0                 ; 6       ;
;      - xiaoche:xiaoche_instance|PosCounter:pos_counter1|count[10]                    ; 0                 ; 6       ;
;      - xiaoche:xiaoche_instance|PosCounter:pos_counter2|count[10]                    ; 0                 ; 6       ;
;      - xiaoche:xiaoche_instance|PosCounter:pos_counter1|count[9]                     ; 0                 ; 6       ;
;      - xiaoche:xiaoche_instance|PosCounter:pos_counter2|count[9]                     ; 0                 ; 6       ;
;      - xiaoche:xiaoche_instance|PosCounter:pos_counter1|count[8]                     ; 0                 ; 6       ;
;      - xiaoche:xiaoche_instance|PosCounter:pos_counter2|count[8]                     ; 0                 ; 6       ;
;      - xiaoche:xiaoche_instance|PosCounter:pos_counter1|count[7]                     ; 0                 ; 6       ;
;      - xiaoche:xiaoche_instance|PosCounter:pos_counter2|count[7]                     ; 0                 ; 6       ;
;      - xiaoche:xiaoche_instance|PosCounter:pos_counter1|count[6]                     ; 0                 ; 6       ;
;      - xiaoche:xiaoche_instance|PosCounter:pos_counter2|count[6]                     ; 0                 ; 6       ;
;      - xiaoche:xiaoche_instance|PosCounter:pos_counter1|count[5]                     ; 0                 ; 6       ;
;      - xiaoche:xiaoche_instance|PosCounter:pos_counter2|count[5]                     ; 0                 ; 6       ;
;      - xiaoche:xiaoche_instance|PosCounter:pos_counter1|count[4]                     ; 0                 ; 6       ;
;      - xiaoche:xiaoche_instance|PosCounter:pos_counter2|count[4]                     ; 0                 ; 6       ;
;      - xiaoche:xiaoche_instance|PosCounter:pos_counter1|count[3]                     ; 0                 ; 6       ;
;      - xiaoche:xiaoche_instance|PosCounter:pos_counter2|count[3]                     ; 0                 ; 6       ;
;      - xiaoche:xiaoche_instance|PosCounter:pos_counter1|count[2]                     ; 0                 ; 6       ;
;      - xiaoche:xiaoche_instance|PosCounter:pos_counter2|count[2]                     ; 0                 ; 6       ;
;      - xiaoche:xiaoche_instance|PosCounter:pos_counter1|count[1]                     ; 0                 ; 6       ;
;      - xiaoche:xiaoche_instance|PosCounter:pos_counter2|count[1]                     ; 0                 ; 6       ;
;      - xiaoche:xiaoche_instance|PosCounter:pos_counter3|count[19]                    ; 0                 ; 6       ;
;      - xiaoche:xiaoche_instance|PosCounter:pos_counter3|curr_state.S2                ; 0                 ; 6       ;
;      - xiaoche:xiaoche_instance|PosCounter:pos_counter3|count[18]                    ; 0                 ; 6       ;
;      - xiaoche:xiaoche_instance|PosCounter:pos_counter3|count[17]                    ; 0                 ; 6       ;
;      - xiaoche:xiaoche_instance|PosCounter:pos_counter3|count[16]                    ; 0                 ; 6       ;
;      - xiaoche:xiaoche_instance|PosCounter:pos_counter3|count[15]                    ; 0                 ; 6       ;
;      - xiaoche:xiaoche_instance|PosCounter:pos_counter3|count[14]                    ; 0                 ; 6       ;
;      - xiaoche:xiaoche_instance|PosCounter:pos_counter3|count[13]                    ; 0                 ; 6       ;
;      - xiaoche:xiaoche_instance|PosCounter:pos_counter3|count[12]                    ; 0                 ; 6       ;
;      - xiaoche:xiaoche_instance|PosCounter:pos_counter3|count[11]                    ; 0                 ; 6       ;
;      - xiaoche:xiaoche_instance|PosCounter:pos_counter3|count[10]                    ; 0                 ; 6       ;
;      - xiaoche:xiaoche_instance|PosCounter:pos_counter3|count[9]                     ; 0                 ; 6       ;
;      - xiaoche:xiaoche_instance|PosCounter:pos_counter3|count[8]                     ; 0                 ; 6       ;
;      - xiaoche:xiaoche_instance|PosCounter:pos_counter3|count[7]                     ; 0                 ; 6       ;
;      - xiaoche:xiaoche_instance|PosCounter:pos_counter3|count[6]                     ; 0                 ; 6       ;
;      - xiaoche:xiaoche_instance|PosCounter:pos_counter3|count[5]                     ; 0                 ; 6       ;
;      - xiaoche:xiaoche_instance|PosCounter:pos_counter3|count[4]                     ; 0                 ; 6       ;
;      - xiaoche:xiaoche_instance|PosCounter:pos_counter3|count[3]                     ; 0                 ; 6       ;
;      - xiaoche:xiaoche_instance|PosCounter:pos_counter3|count[2]                     ; 0                 ; 6       ;
;      - xiaoche:xiaoche_instance|PosCounter:pos_counter3|count[1]                     ; 0                 ; 6       ;
;      - xiaoche:xiaoche_instance|PosCounter:pos_counter1|curr_state.S1                ; 0                 ; 6       ;
;      - xiaoche:xiaoche_instance|PosCounter:pos_counter1|count[0]                     ; 0                 ; 6       ;
;      - xiaoche:xiaoche_instance|PosCounter:pos_counter1|echo_reg2                    ; 0                 ; 6       ;
;      - xiaoche:xiaoche_instance|PosCounter:pos_counter1|echo_reg1                    ; 0                 ; 6       ;
;      - xiaoche:xiaoche_instance|PosCounter:pos_counter1|curr_state.S0                ; 0                 ; 6       ;
;      - xiaoche:xiaoche_instance|PosCounter:pos_counter2|curr_state.S1                ; 0                 ; 6       ;
;      - xiaoche:xiaoche_instance|PosCounter:pos_counter2|count[0]                     ; 0                 ; 6       ;
;      - xiaoche:xiaoche_instance|PosCounter:pos_counter2|echo_reg2                    ; 0                 ; 6       ;
;      - xiaoche:xiaoche_instance|PosCounter:pos_counter2|echo_reg1                    ; 0                 ; 6       ;
;      - xiaoche:xiaoche_instance|PosCounter:pos_counter2|curr_state.S0                ; 0                 ; 6       ;
;      - xiaoche:xiaoche_instance|PosCounter:pos_counter3|curr_state.S1                ; 0                 ; 6       ;
;      - xiaoche:xiaoche_instance|PosCounter:pos_counter3|count[0]                     ; 0                 ; 6       ;
;      - xiaoche:xiaoche_instance|PosCounter:pos_counter3|echo_reg2                    ; 0                 ; 6       ;
;      - xiaoche:xiaoche_instance|PosCounter:pos_counter3|echo_reg1                    ; 0                 ; 6       ;
;      - xiaoche:xiaoche_instance|PosCounter:pos_counter3|curr_state.S0                ; 0                 ; 6       ;
; enable                                                                               ;                   ;         ;
; clk                                                                                  ;                   ;         ;
; track7                                                                               ;                   ;         ;
;      - xiaoche:xiaoche_instance|xunji:xunji_instance|left_dir~4                      ; 0                 ; 6       ;
;      - xiaoche:xiaoche_instance|xunji:xunji_instance|always0~0                       ; 0                 ; 6       ;
;      - xiaoche:xiaoche_instance|xunji:xunji_instance|always0~3                       ; 0                 ; 6       ;
;      - xiaoche:xiaoche_instance|xunji:xunji_instance|left_dir~14                     ; 0                 ; 6       ;
;      - xiaoche:xiaoche_instance|xunji:xunji_instance|left_dir~16                     ; 0                 ; 6       ;
;      - xiaoche:xiaoche_instance|xunji:xunji_instance|pwm_value~7                     ; 0                 ; 6       ;
;      - xiaoche:xiaoche_instance|xunji:xunji_instance|pwm_value[3]~8                  ; 0                 ; 6       ;
;      - xiaoche:xiaoche_instance|xunji:xunji_instance|pwm_value~9                     ; 0                 ; 6       ;
;      - xiaoche:xiaoche_instance|xunji:xunji_instance|pwm_value~24                    ; 0                 ; 6       ;
; track6                                                                               ;                   ;         ;
;      - xiaoche:xiaoche_instance|xunji:xunji_instance|left_dir~4                      ; 0                 ; 6       ;
;      - xiaoche:xiaoche_instance|xunji:xunji_instance|always0~0                       ; 0                 ; 6       ;
;      - xiaoche:xiaoche_instance|xunji:xunji_instance|left_dir~6                      ; 0                 ; 6       ;
;      - xiaoche:xiaoche_instance|xunji:xunji_instance|pwm_value~6                     ; 0                 ; 6       ;
;      - xiaoche:xiaoche_instance|xunji:xunji_instance|left_dir[1]~10                  ; 0                 ; 6       ;
;      - xiaoche:xiaoche_instance|xunji:xunji_instance|left_dir[1]~11                  ; 0                 ; 6       ;
;      - xiaoche:xiaoche_instance|xunji:xunji_instance|pwm_value~7                     ; 0                 ; 6       ;
;      - xiaoche:xiaoche_instance|xunji:xunji_instance|pwm_value[3]~8                  ; 0                 ; 6       ;
;      - xiaoche:xiaoche_instance|xunji:xunji_instance|pwm_value~11                    ; 0                 ; 6       ;
;      - xiaoche:xiaoche_instance|xunji:xunji_instance|pwm_value~14                    ; 0                 ; 6       ;
;      - xiaoche:xiaoche_instance|xunji:xunji_instance|left_dir~17                     ; 0                 ; 6       ;
;      - xiaoche:xiaoche_instance|xunji:xunji_instance|pwm_value~25                    ; 0                 ; 6       ;
; track5                                                                               ;                   ;         ;
;      - xiaoche:xiaoche_instance|xunji:xunji_instance|left_dir~4                      ; 1                 ; 6       ;
;      - xiaoche:xiaoche_instance|xunji:xunji_instance|left_dir~5                      ; 1                 ; 6       ;
;      - xiaoche:xiaoche_instance|xunji:xunji_instance|left_dir~6                      ; 1                 ; 6       ;
;      - xiaoche:xiaoche_instance|xunji:xunji_instance|pwm_value~6                     ; 1                 ; 6       ;
;      - xiaoche:xiaoche_instance|xunji:xunji_instance|left_dir[1]~9                   ; 1                 ; 6       ;
;      - xiaoche:xiaoche_instance|xunji:xunji_instance|left_dir[1]~11                  ; 1                 ; 6       ;
;      - xiaoche:xiaoche_instance|xunji:xunji_instance|right_dir~1                     ; 1                 ; 6       ;
;      - xiaoche:xiaoche_instance|xunji:xunji_instance|pwm_value~7                     ; 1                 ; 6       ;
;      - xiaoche:xiaoche_instance|xunji:xunji_instance|always0~5                       ; 1                 ; 6       ;
;      - xiaoche:xiaoche_instance|xunji:xunji_instance|pwm_value~10                    ; 1                 ; 6       ;
;      - xiaoche:xiaoche_instance|xunji:xunji_instance|pwm_value~11                    ; 1                 ; 6       ;
;      - xiaoche:xiaoche_instance|xunji:xunji_instance|pwm_value~22                    ; 1                 ; 6       ;
;      - xiaoche:xiaoche_instance|xunji:xunji_instance|left_dir~17                     ; 1                 ; 6       ;
;      - xiaoche:xiaoche_instance|xunji:xunji_instance|left_dir~18                     ; 1                 ; 6       ;
;      - xiaoche:xiaoche_instance|xunji:xunji_instance|pwm_value~25                    ; 1                 ; 6       ;
;      - xiaoche:xiaoche_instance|xunji:xunji_instance|pwm_value[3]~26                 ; 1                 ; 6       ;
; track4                                                                               ;                   ;         ;
;      - xiaoche:xiaoche_instance|xunji:xunji_instance|left_dir~4                      ; 0                 ; 6       ;
;      - xiaoche:xiaoche_instance|xunji:xunji_instance|left_dir~5                      ; 0                 ; 6       ;
;      - xiaoche:xiaoche_instance|xunji:xunji_instance|left_dir~7                      ; 0                 ; 6       ;
;      - xiaoche:xiaoche_instance|xunji:xunji_instance|always0~2                       ; 0                 ; 6       ;
;      - xiaoche:xiaoche_instance|xunji:xunji_instance|left_dir[1]~10                  ; 0                 ; 6       ;
;      - xiaoche:xiaoche_instance|xunji:xunji_instance|left_dir[1]~11                  ; 0                 ; 6       ;
;      - xiaoche:xiaoche_instance|xunji:xunji_instance|right_dir~1                     ; 0                 ; 6       ;
;      - xiaoche:xiaoche_instance|xunji:xunji_instance|pwm_value~7                     ; 0                 ; 6       ;
;      - xiaoche:xiaoche_instance|xunji:xunji_instance|always0~5                       ; 0                 ; 6       ;
;      - xiaoche:xiaoche_instance|xunji:xunji_instance|pwm_value~10                    ; 0                 ; 6       ;
;      - xiaoche:xiaoche_instance|xunji:xunji_instance|pwm_value~17                    ; 0                 ; 6       ;
;      - xiaoche:xiaoche_instance|xunji:xunji_instance|pwm_value~19                    ; 0                 ; 6       ;
;      - xiaoche:xiaoche_instance|xunji:xunji_instance|pwm_value~22                    ; 0                 ; 6       ;
;      - xiaoche:xiaoche_instance|xunji:xunji_instance|left_dir~18                     ; 0                 ; 6       ;
;      - xiaoche:xiaoche_instance|xunji:xunji_instance|pwm_value[3]~26                 ; 0                 ; 6       ;
; track2                                                                               ;                   ;         ;
;      - xiaoche:xiaoche_instance|xunji:xunji_instance|left_dir~5                      ; 0                 ; 6       ;
;      - xiaoche:xiaoche_instance|xunji:xunji_instance|left_dir~6                      ; 0                 ; 6       ;
;      - xiaoche:xiaoche_instance|xunji:xunji_instance|always0~1                       ; 0                 ; 6       ;
;      - xiaoche:xiaoche_instance|xunji:xunji_instance|left_dir~8                      ; 0                 ; 6       ;
;      - xiaoche:xiaoche_instance|xunji:xunji_instance|left_dir[1]~10                  ; 0                 ; 6       ;
;      - xiaoche:xiaoche_instance|xunji:xunji_instance|left_dir~15                     ; 0                 ; 6       ;
;      - xiaoche:xiaoche_instance|xunji:xunji_instance|always0~4                       ; 0                 ; 6       ;
;      - xiaoche:xiaoche_instance|xunji:xunji_instance|right_dir~1                     ; 0                 ; 6       ;
;      - xiaoche:xiaoche_instance|xunji:xunji_instance|pwm_value[3]~8                  ; 0                 ; 6       ;
;      - xiaoche:xiaoche_instance|xunji:xunji_instance|pwm_value~10                    ; 0                 ; 6       ;
;      - xiaoche:xiaoche_instance|xunji:xunji_instance|pwm_value~14                    ; 0                 ; 6       ;
; track3                                                                               ;                   ;         ;
;      - xiaoche:xiaoche_instance|xunji:xunji_instance|left_dir~5                      ; 1                 ; 6       ;
;      - xiaoche:xiaoche_instance|xunji:xunji_instance|left_dir~6                      ; 1                 ; 6       ;
;      - xiaoche:xiaoche_instance|xunji:xunji_instance|always0~2                       ; 1                 ; 6       ;
;      - xiaoche:xiaoche_instance|xunji:xunji_instance|left_dir[1]~9                   ; 1                 ; 6       ;
;      - xiaoche:xiaoche_instance|xunji:xunji_instance|left_dir[1]~11                  ; 1                 ; 6       ;
;      - xiaoche:xiaoche_instance|xunji:xunji_instance|always0~4                       ; 1                 ; 6       ;
;      - xiaoche:xiaoche_instance|xunji:xunji_instance|right_dir~1                     ; 1                 ; 6       ;
;      - xiaoche:xiaoche_instance|xunji:xunji_instance|always0~5                       ; 1                 ; 6       ;
;      - xiaoche:xiaoche_instance|xunji:xunji_instance|right_dir~4                     ; 1                 ; 6       ;
;      - xiaoche:xiaoche_instance|xunji:xunji_instance|pwm_value~10                    ; 1                 ; 6       ;
;      - xiaoche:xiaoche_instance|xunji:xunji_instance|pwm_value~22                    ; 1                 ; 6       ;
;      - xiaoche:xiaoche_instance|xunji:xunji_instance|pwm_value~23                    ; 1                 ; 6       ;
;      - xiaoche:xiaoche_instance|xunji:xunji_instance|left_dir~18                     ; 1                 ; 6       ;
;      - xiaoche:xiaoche_instance|xunji:xunji_instance|pwm_value[3]~26                 ; 1                 ; 6       ;
; track1                                                                               ;                   ;         ;
;      - xiaoche:xiaoche_instance|xunji:xunji_instance|always0~1                       ; 1                 ; 6       ;
;      - xiaoche:xiaoche_instance|xunji:xunji_instance|left_dir[1]~12                  ; 1                 ; 6       ;
;      - xiaoche:xiaoche_instance|xunji:xunji_instance|right_dir~0                     ; 1                 ; 6       ;
;      - xiaoche:xiaoche_instance|xunji:xunji_instance|right_dir~6                     ; 1                 ; 6       ;
;      - xiaoche:xiaoche_instance|xunji:xunji_instance|pwm_value[3]~8                  ; 1                 ; 6       ;
;      - xiaoche:xiaoche_instance|xunji:xunji_instance|pwm_value~9                     ; 1                 ; 6       ;
; echo1                                                                                ;                   ;         ;
;      - xiaoche:xiaoche_instance|PosCounter:pos_counter1|echo_reg1                    ; 0                 ; 6       ;
; echo2                                                                                ;                   ;         ;
;      - xiaoche:xiaoche_instance|PosCounter:pos_counter2|echo_reg1                    ; 0                 ; 6       ;
; echo3                                                                                ;                   ;         ;
;      - xiaoche:xiaoche_instance|PosCounter:pos_counter3|echo_reg1~feeder             ; 0                 ; 6       ;
+--------------------------------------------------------------------------------------+-------------------+---------+


+---------------------------------------------------------------------------------------------------------------------------------------------------------------------------------------------------------------+
; Control Signals                                                                                                                                                                                               ;
+-----------------------------------------------------------------------+--------------------+---------+-------------------------+--------+----------------------+------------------+---------------------------+
; Name                                                                  ; Location           ; Fan-Out ; Usage                   ; Global ; Global Resource Used ; Global Line Name ; Enable Signal Source Name ;
+-----------------------------------------------------------------------+--------------------+---------+-------------------------+--------+----------------------+------------------+---------------------------+
; clk                                                                   ; PIN_22             ; 257     ; Clock                   ; yes    ; Global Clock         ; GCLK4            ; --                        ;
; reset                                                                 ; PIN_38             ; 390     ; Async. clear            ; no     ; --                   ; --               ; --                        ;
; xiaoche:xiaoche_instance|LessThan1~7                                  ; LCCOMB_X26_Y7_N30  ; 33      ; Sync. clear             ; no     ; --                   ; --               ; --                        ;
; xiaoche:xiaoche_instance|Mux12~0                                      ; LCCOMB_X22_Y16_N24 ; 4       ; Clock enable            ; no     ; --                   ; --               ; --                        ;
; xiaoche:xiaoche_instance|PosCounter:pos_counter1|curr_state.S2        ; FF_X25_Y12_N19     ; 22      ; Clock enable            ; no     ; --                   ; --               ; --                        ;
; xiaoche:xiaoche_instance|PosCounter:pos_counter2|curr_state.S2        ; FF_X14_Y11_N1      ; 22      ; Clock enable            ; no     ; --                   ; --               ; --                        ;
; xiaoche:xiaoche_instance|PosCounter:pos_counter3|curr_state.S2        ; FF_X10_Y17_N25     ; 22      ; Clock enable            ; no     ; --                   ; --               ; --                        ;
; xiaoche:xiaoche_instance|boche:boche_executor|Equal1~0                ; LCCOMB_X23_Y16_N0  ; 6       ; Clock enable            ; no     ; --                   ; --               ; --                        ;
; xiaoche:xiaoche_instance|boche:boche_executor|pwm_value[2]~9          ; LCCOMB_X23_Y16_N2  ; 2       ; Clock enable            ; no     ; --                   ; --               ; --                        ;
; xiaoche:xiaoche_instance|boche:boche_executor|timer[31]~89            ; LCCOMB_X25_Y16_N14 ; 32      ; Sync. clear             ; no     ; --                   ; --               ; --                        ;
; xiaoche:xiaoche_instance|boche:boche_executor|timer[31]~90            ; LCCOMB_X19_Y16_N0  ; 32      ; Clock enable            ; no     ; --                   ; --               ; --                        ;
; xiaoche:xiaoche_instance|clk_div[4]                                   ; FF_X33_Y12_N21     ; 132     ; Clock                   ; yes    ; Global Clock         ; GCLK8            ; --                        ;
; xiaoche:xiaoche_instance|current_mode[1]                              ; FF_X22_Y15_N25     ; 30      ; Sync. clear, Sync. load ; no     ; --                   ; --               ; --                        ;
; xiaoche:xiaoche_instance|enable_counter[8]~47                         ; LCCOMB_X17_Y14_N20 ; 19      ; Sync. clear             ; no     ; --                   ; --               ; --                        ;
; xiaoche:xiaoche_instance|enable_counter[8]~48                         ; LCCOMB_X22_Y15_N26 ; 19      ; Clock enable            ; no     ; --                   ; --               ; --                        ;
; xiaoche:xiaoche_instance|everything:path_executor|Equal0~0            ; LCCOMB_X24_Y15_N6  ; 12      ; Clock enable            ; no     ; --                   ; --               ; --                        ;
; xiaoche:xiaoche_instance|everything:path_executor|timer[31]~86        ; LCCOMB_X24_Y15_N2  ; 32      ; Clock enable            ; no     ; --                   ; --               ; --                        ;
; xiaoche:xiaoche_instance|everything:path_executor|timer[5]~85         ; LCCOMB_X25_Y15_N12 ; 32      ; Sync. clear             ; no     ; --                   ; --               ; --                        ;
; xiaoche:xiaoche_instance|pwm_out                                      ; FF_X22_Y14_N31     ; 4       ; Clock enable            ; no     ; --                   ; --               ; --                        ;
; xiaoche:xiaoche_instance|xunji:xunji_instance|all_white_counter[2]~66 ; LCCOMB_X13_Y3_N30  ; 26      ; Clock enable            ; no     ; --                   ; --               ; --                        ;
; xiaoche:xiaoche_instance|xunji:xunji_instance|always0~3               ; LCCOMB_X16_Y4_N30  ; 35      ; Sync. clear             ; no     ; --                   ; --               ; --                        ;
+-----------------------------------------------------------------------+--------------------+---------+-------------------------+--------+----------------------+------------------+---------------------------+


+-----------------------------------------------------------------------------------------------------------------------------------------------------------------------------+
; Global & Other Fast Signals                                                                                                                                                 ;
+-------------------------------------+----------------+---------+--------------------------------------+----------------------+------------------+---------------------------+
; Name                                ; Location       ; Fan-Out ; Fan-Out Using Intentional Clock Skew ; Global Resource Used ; Global Line Name ; Enable Signal Source Name ;
+-------------------------------------+----------------+---------+--------------------------------------+----------------------+------------------+---------------------------+
; clk                                 ; PIN_22         ; 257     ; 39                                   ; Global Clock         ; GCLK4            ; --                        ;
; xiaoche:xiaoche_instance|clk_div[4] ; FF_X33_Y12_N21 ; 132     ; 32                                   ; Global Clock         ; GCLK8            ; --                        ;
+-------------------------------------+----------------+---------+--------------------------------------+----------------------+------------------+---------------------------+


+----------------------------------------------------------------------------------------------------------------------------------------------------------------------------------------+
; Non-Global High Fan-Out Signals                                                                                                                                                        ;
+------------------------------------------------------------------------------------------------------------------------------------------------------------------------------+---------+
; Name                                                                                                                                                                         ; Fan-Out ;
+------------------------------------------------------------------------------------------------------------------------------------------------------------------------------+---------+
; reset~input                                                                                                                                                                  ; 390     ;
; xiaoche:xiaoche_instance|xunji:xunji_instance|always0~3                                                                                                                      ; 35      ;
; xiaoche:xiaoche_instance|LessThan1~7                                                                                                                                         ; 33      ;
; xiaoche:xiaoche_instance|boche:boche_executor|timer[31]~90                                                                                                                   ; 32      ;
; xiaoche:xiaoche_instance|boche:boche_executor|timer[31]~89                                                                                                                   ; 32      ;
; xiaoche:xiaoche_instance|everything:path_executor|timer[31]~86                                                                                                               ; 32      ;
; xiaoche:xiaoche_instance|everything:path_executor|timer[5]~85                                                                                                                ; 32      ;
; xiaoche:xiaoche_instance|current_mode[1]                                                                                                                                     ; 30      ;
; xiaoche:xiaoche_instance|current_mode[0]                                                                                                                                     ; 28      ;
; xiaoche:xiaoche_instance|xunji:xunji_instance|all_white_counter[2]~66                                                                                                        ; 26      ;
; xiaoche:xiaoche_instance|PosCounter:pos_counter3|curr_state.S1                                                                                                               ; 23      ;
; xiaoche:xiaoche_instance|PosCounter:pos_counter2|curr_state.S1                                                                                                               ; 23      ;
; xiaoche:xiaoche_instance|PosCounter:pos_counter1|curr_state.S1                                                                                                               ; 23      ;
; xiaoche:xiaoche_instance|PosCounter:pos_counter3|curr_state.S2                                                                                                               ; 22      ;
; xiaoche:xiaoche_instance|PosCounter:pos_counter2|curr_state.S2                                                                                                               ; 22      ;
; xiaoche:xiaoche_instance|PosCounter:pos_counter1|curr_state.S2                                                                                                               ; 22      ;
; xiaoche:xiaoche_instance|PosCounter:pos_counter3|Selector22~0                                                                                                                ; 20      ;
; xiaoche:xiaoche_instance|PosCounter:pos_counter2|Selector22~0                                                                                                                ; 20      ;
; xiaoche:xiaoche_instance|PosCounter:pos_counter1|Selector22~0                                                                                                                ; 20      ;
; xiaoche:xiaoche_instance|enable_counter[8]~48                                                                                                                                ; 19      ;
; xiaoche:xiaoche_instance|enable_counter[8]~47                                                                                                                                ; 19      ;
; xiaoche:xiaoche_instance|PosCounter:pos_counter3|lpm_divide:Div0|lpm_divide_mhm:auto_generated|sign_div_unsign_nlh:divider|alt_u_div_p5f:divider|add_sub_17_result_int[7]~12 ; 17      ;
; xiaoche:xiaoche_instance|PosCounter:pos_counter3|lpm_divide:Div0|lpm_divide_mhm:auto_generated|sign_div_unsign_nlh:divider|alt_u_div_p5f:divider|add_sub_16_result_int[7]~12 ; 17      ;
; xiaoche:xiaoche_instance|PosCounter:pos_counter3|lpm_divide:Div0|lpm_divide_mhm:auto_generated|sign_div_unsign_nlh:divider|alt_u_div_p5f:divider|add_sub_15_result_int[7]~12 ; 17      ;
; xiaoche:xiaoche_instance|PosCounter:pos_counter3|lpm_divide:Div0|lpm_divide_mhm:auto_generated|sign_div_unsign_nlh:divider|alt_u_div_p5f:divider|add_sub_14_result_int[7]~12 ; 17      ;
; xiaoche:xiaoche_instance|PosCounter:pos_counter3|lpm_divide:Div0|lpm_divide_mhm:auto_generated|sign_div_unsign_nlh:divider|alt_u_div_p5f:divider|add_sub_13_result_int[7]~12 ; 17      ;
; xiaoche:xiaoche_instance|PosCounter:pos_counter3|lpm_divide:Div0|lpm_divide_mhm:auto_generated|sign_div_unsign_nlh:divider|alt_u_div_p5f:divider|add_sub_12_result_int[7]~12 ; 17      ;
; xiaoche:xiaoche_instance|PosCounter:pos_counter3|lpm_divide:Div0|lpm_divide_mhm:auto_generated|sign_div_unsign_nlh:divider|alt_u_div_p5f:divider|add_sub_11_result_int[7]~12 ; 17      ;
; xiaoche:xiaoche_instance|PosCounter:pos_counter3|lpm_divide:Div0|lpm_divide_mhm:auto_generated|sign_div_unsign_nlh:divider|alt_u_div_p5f:divider|add_sub_10_result_int[7]~12 ; 17      ;
; xiaoche:xiaoche_instance|PosCounter:pos_counter3|lpm_divide:Div0|lpm_divide_mhm:auto_generated|sign_div_unsign_nlh:divider|alt_u_div_p5f:divider|add_sub_9_result_int[7]~12  ; 17      ;
; xiaoche:xiaoche_instance|PosCounter:pos_counter3|lpm_divide:Div0|lpm_divide_mhm:auto_generated|sign_div_unsign_nlh:divider|alt_u_div_p5f:divider|add_sub_8_result_int[7]~12  ; 17      ;
; xiaoche:xiaoche_instance|PosCounter:pos_counter3|lpm_divide:Div0|lpm_divide_mhm:auto_generated|sign_div_unsign_nlh:divider|alt_u_div_p5f:divider|add_sub_7_result_int[7]~12  ; 17      ;
; xiaoche:xiaoche_instance|PosCounter:pos_counter3|lpm_divide:Div0|lpm_divide_mhm:auto_generated|sign_div_unsign_nlh:divider|alt_u_div_p5f:divider|add_sub_6_result_int[7]~12  ; 17      ;
; xiaoche:xiaoche_instance|PosCounter:pos_counter3|lpm_divide:Div0|lpm_divide_mhm:auto_generated|sign_div_unsign_nlh:divider|alt_u_div_p5f:divider|add_sub_5_result_int[6]~10  ; 17      ;
; xiaoche:xiaoche_instance|PosCounter:pos_counter2|lpm_divide:Div0|lpm_divide_mhm:auto_generated|sign_div_unsign_nlh:divider|alt_u_div_p5f:divider|add_sub_17_result_int[7]~12 ; 17      ;
; xiaoche:xiaoche_instance|PosCounter:pos_counter1|lpm_divide:Div0|lpm_divide_mhm:auto_generated|sign_div_unsign_nlh:divider|alt_u_div_p5f:divider|add_sub_17_result_int[7]~12 ; 17      ;
; xiaoche:xiaoche_instance|PosCounter:pos_counter2|lpm_divide:Div0|lpm_divide_mhm:auto_generated|sign_div_unsign_nlh:divider|alt_u_div_p5f:divider|add_sub_16_result_int[7]~12 ; 17      ;
; xiaoche:xiaoche_instance|PosCounter:pos_counter1|lpm_divide:Div0|lpm_divide_mhm:auto_generated|sign_div_unsign_nlh:divider|alt_u_div_p5f:divider|add_sub_16_result_int[7]~12 ; 17      ;
; xiaoche:xiaoche_instance|PosCounter:pos_counter2|lpm_divide:Div0|lpm_divide_mhm:auto_generated|sign_div_unsign_nlh:divider|alt_u_div_p5f:divider|add_sub_15_result_int[7]~12 ; 17      ;
; xiaoche:xiaoche_instance|PosCounter:pos_counter1|lpm_divide:Div0|lpm_divide_mhm:auto_generated|sign_div_unsign_nlh:divider|alt_u_div_p5f:divider|add_sub_15_result_int[7]~12 ; 17      ;
; xiaoche:xiaoche_instance|PosCounter:pos_counter2|lpm_divide:Div0|lpm_divide_mhm:auto_generated|sign_div_unsign_nlh:divider|alt_u_div_p5f:divider|add_sub_14_result_int[7]~12 ; 17      ;
; xiaoche:xiaoche_instance|PosCounter:pos_counter1|lpm_divide:Div0|lpm_divide_mhm:auto_generated|sign_div_unsign_nlh:divider|alt_u_div_p5f:divider|add_sub_14_result_int[7]~12 ; 17      ;
; xiaoche:xiaoche_instance|PosCounter:pos_counter2|lpm_divide:Div0|lpm_divide_mhm:auto_generated|sign_div_unsign_nlh:divider|alt_u_div_p5f:divider|add_sub_13_result_int[7]~12 ; 17      ;
; xiaoche:xiaoche_instance|PosCounter:pos_counter1|lpm_divide:Div0|lpm_divide_mhm:auto_generated|sign_div_unsign_nlh:divider|alt_u_div_p5f:divider|add_sub_13_result_int[7]~12 ; 17      ;
; xiaoche:xiaoche_instance|PosCounter:pos_counter2|lpm_divide:Div0|lpm_divide_mhm:auto_generated|sign_div_unsign_nlh:divider|alt_u_div_p5f:divider|add_sub_12_result_int[7]~12 ; 17      ;
; xiaoche:xiaoche_instance|PosCounter:pos_counter1|lpm_divide:Div0|lpm_divide_mhm:auto_generated|sign_div_unsign_nlh:divider|alt_u_div_p5f:divider|add_sub_12_result_int[7]~12 ; 17      ;
; xiaoche:xiaoche_instance|PosCounter:pos_counter2|lpm_divide:Div0|lpm_divide_mhm:auto_generated|sign_div_unsign_nlh:divider|alt_u_div_p5f:divider|add_sub_11_result_int[7]~12 ; 17      ;
; xiaoche:xiaoche_instance|PosCounter:pos_counter1|lpm_divide:Div0|lpm_divide_mhm:auto_generated|sign_div_unsign_nlh:divider|alt_u_div_p5f:divider|add_sub_11_result_int[7]~12 ; 17      ;
; xiaoche:xiaoche_instance|PosCounter:pos_counter2|lpm_divide:Div0|lpm_divide_mhm:auto_generated|sign_div_unsign_nlh:divider|alt_u_div_p5f:divider|add_sub_10_result_int[7]~12 ; 17      ;
; xiaoche:xiaoche_instance|PosCounter:pos_counter1|lpm_divide:Div0|lpm_divide_mhm:auto_generated|sign_div_unsign_nlh:divider|alt_u_div_p5f:divider|add_sub_10_result_int[7]~12 ; 17      ;
; xiaoche:xiaoche_instance|PosCounter:pos_counter2|lpm_divide:Div0|lpm_divide_mhm:auto_generated|sign_div_unsign_nlh:divider|alt_u_div_p5f:divider|add_sub_9_result_int[7]~12  ; 17      ;
; xiaoche:xiaoche_instance|PosCounter:pos_counter1|lpm_divide:Div0|lpm_divide_mhm:auto_generated|sign_div_unsign_nlh:divider|alt_u_div_p5f:divider|add_sub_9_result_int[7]~12  ; 17      ;
; xiaoche:xiaoche_instance|PosCounter:pos_counter2|lpm_divide:Div0|lpm_divide_mhm:auto_generated|sign_div_unsign_nlh:divider|alt_u_div_p5f:divider|add_sub_8_result_int[7]~12  ; 17      ;
; xiaoche:xiaoche_instance|PosCounter:pos_counter1|lpm_divide:Div0|lpm_divide_mhm:auto_generated|sign_div_unsign_nlh:divider|alt_u_div_p5f:divider|add_sub_8_result_int[7]~12  ; 17      ;
; xiaoche:xiaoche_instance|PosCounter:pos_counter2|lpm_divide:Div0|lpm_divide_mhm:auto_generated|sign_div_unsign_nlh:divider|alt_u_div_p5f:divider|add_sub_7_result_int[7]~12  ; 17      ;
; xiaoche:xiaoche_instance|PosCounter:pos_counter1|lpm_divide:Div0|lpm_divide_mhm:auto_generated|sign_div_unsign_nlh:divider|alt_u_div_p5f:divider|add_sub_7_result_int[7]~12  ; 17      ;
; xiaoche:xiaoche_instance|PosCounter:pos_counter2|lpm_divide:Div0|lpm_divide_mhm:auto_generated|sign_div_unsign_nlh:divider|alt_u_div_p5f:divider|add_sub_6_result_int[7]~12  ; 17      ;
; xiaoche:xiaoche_instance|PosCounter:pos_counter1|lpm_divide:Div0|lpm_divide_mhm:auto_generated|sign_div_unsign_nlh:divider|alt_u_div_p5f:divider|add_sub_6_result_int[7]~12  ; 17      ;
; xiaoche:xiaoche_instance|PosCounter:pos_counter2|lpm_divide:Div0|lpm_divide_mhm:auto_generated|sign_div_unsign_nlh:divider|alt_u_div_p5f:divider|add_sub_5_result_int[6]~10  ; 17      ;
; xiaoche:xiaoche_instance|PosCounter:pos_counter1|lpm_divide:Div0|lpm_divide_mhm:auto_generated|sign_div_unsign_nlh:divider|alt_u_div_p5f:divider|add_sub_5_result_int[6]~10  ; 17      ;
; track5~input                                                                                                                                                                 ; 16      ;
; track4~input                                                                                                                                                                 ; 15      ;
; track3~input                                                                                                                                                                 ; 14      ;
; xiaoche:xiaoche_instance|PosCounter:pos_counter3|lpm_divide:Div0|lpm_divide_mhm:auto_generated|sign_div_unsign_nlh:divider|alt_u_div_p5f:divider|add_sub_18_result_int[7]~12 ; 13      ;
; xiaoche:xiaoche_instance|PosCounter:pos_counter2|lpm_divide:Div0|lpm_divide_mhm:auto_generated|sign_div_unsign_nlh:divider|alt_u_div_p5f:divider|add_sub_18_result_int[7]~12 ; 13      ;
; xiaoche:xiaoche_instance|PosCounter:pos_counter1|lpm_divide:Div0|lpm_divide_mhm:auto_generated|sign_div_unsign_nlh:divider|alt_u_div_p5f:divider|add_sub_18_result_int[7]~12 ; 13      ;
; track6~input                                                                                                                                                                 ; 12      ;
; xiaoche:xiaoche_instance|everything:path_executor|Equal0~0                                                                                                                   ; 12      ;
; track2~input                                                                                                                                                                 ; 11      ;
; xiaoche:xiaoche_instance|LessThan6~38                                                                                                                                        ; 11      ;
; xiaoche:xiaoche_instance|min_distance~1                                                                                                                                      ; 10      ;
; track7~input                                                                                                                                                                 ; 9       ;
; xiaoche:xiaoche_instance|everything:path_executor|LessThan0~7                                                                                                                ; 9       ;
; xiaoche:xiaoche_instance|everything:path_executor|LessThan1~4                                                                                                                ; 9       ;
; xiaoche:xiaoche_instance|boche:boche_executor|current_state.RIGHT_200MS                                                                                                      ; 8       ;
; xiaoche:xiaoche_instance|boche:boche_executor|current_state.FORWARD_2S_2                                                                                                     ; 7       ;
; xiaoche:xiaoche_instance|boche:boche_executor|current_state.FORWARD_2S                                                                                                       ; 7       ;
; track1~input                                                                                                                                                                 ; 6       ;
; enable~input                                                                                                                                                                 ; 6       ;
; xiaoche:xiaoche_instance|xunji:xunji_instance|pwm_value[3]~8                                                                                                                 ; 6       ;
; xiaoche:xiaoche_instance|min_distance~2                                                                                                                                      ; 6       ;
; xiaoche:xiaoche_instance|boche:boche_executor|Equal1~0                                                                                                                       ; 6       ;
; xiaoche:xiaoche_instance|boche:boche_executor|current_state.stop                                                                                                             ; 6       ;
; xiaoche:xiaoche_instance|boche:boche_executor|current_state.IDLE                                                                                                             ; 6       ;
; xiaoche:xiaoche_instance|distance3[1]                                                                                                                                        ; 6       ;
; xiaoche:xiaoche_instance|distance3[2]                                                                                                                                        ; 6       ;
; xiaoche:xiaoche_instance|distance3[3]                                                                                                                                        ; 6       ;
; xiaoche:xiaoche_instance|distance3[4]                                                                                                                                        ; 6       ;
; xiaoche:xiaoche_instance|distance3[5]                                                                                                                                        ; 6       ;
; xiaoche:xiaoche_instance|distance3[6]                                                                                                                                        ; 6       ;
; xiaoche:xiaoche_instance|distance3[7]                                                                                                                                        ; 6       ;
; xiaoche:xiaoche_instance|distance3[8]                                                                                                                                        ; 6       ;
; xiaoche:xiaoche_instance|distance3[9]                                                                                                                                        ; 6       ;
; xiaoche:xiaoche_instance|distance3[10]                                                                                                                                       ; 6       ;
; xiaoche:xiaoche_instance|distance3[11]                                                                                                                                       ; 6       ;
; xiaoche:xiaoche_instance|distance3[12]                                                                                                                                       ; 6       ;
; xiaoche:xiaoche_instance|distance3[13]                                                                                                                                       ; 6       ;
; xiaoche:xiaoche_instance|distance3[14]                                                                                                                                       ; 6       ;
; xiaoche:xiaoche_instance|xunji:xunji_instance|left_dir[1]~10                                                                                                                 ; 6       ;
; xiaoche:xiaoche_instance|xunji:xunji_instance|always0~1                                                                                                                      ; 6       ;
; xiaoche:xiaoche_instance|everything:path_executor|current_state.IDLE                                                                                                         ; 6       ;
; xiaoche:xiaoche_instance|boche:boche_executor|current_state.IDLE~5                                                                                                           ; 5       ;
; xiaoche:xiaoche_instance|PosCounter:pos_counter3|echo_reg1                                                                                                                   ; 5       ;
; xiaoche:xiaoche_instance|PosCounter:pos_counter2|echo_reg1                                                                                                                   ; 5       ;
; xiaoche:xiaoche_instance|PosCounter:pos_counter1|echo_reg1                                                                                                                   ; 5       ;
; xiaoche:xiaoche_instance|boche:boche_executor|current_state~20                                                                                                               ; 5       ;
; xiaoche:xiaoche_instance|obstacle_near3                                                                                                                                      ; 5       ;
; xiaoche:xiaoche_instance|obstacle_near1                                                                                                                                      ; 5       ;
; xiaoche:xiaoche_instance|distance2[1]                                                                                                                                        ; 5       ;
; xiaoche:xiaoche_instance|distance1[1]                                                                                                                                        ; 5       ;
; xiaoche:xiaoche_instance|distance2[2]                                                                                                                                        ; 5       ;
; xiaoche:xiaoche_instance|distance1[2]                                                                                                                                        ; 5       ;
; xiaoche:xiaoche_instance|distance2[3]                                                                                                                                        ; 5       ;
; xiaoche:xiaoche_instance|distance1[3]                                                                                                                                        ; 5       ;
; xiaoche:xiaoche_instance|distance2[4]                                                                                                                                        ; 5       ;
; xiaoche:xiaoche_instance|distance1[4]                                                                                                                                        ; 5       ;
; xiaoche:xiaoche_instance|distance2[5]                                                                                                                                        ; 5       ;
; xiaoche:xiaoche_instance|distance1[5]                                                                                                                                        ; 5       ;
; xiaoche:xiaoche_instance|distance2[6]                                                                                                                                        ; 5       ;
; xiaoche:xiaoche_instance|distance1[6]                                                                                                                                        ; 5       ;
; xiaoche:xiaoche_instance|distance2[7]                                                                                                                                        ; 5       ;
; xiaoche:xiaoche_instance|distance1[7]                                                                                                                                        ; 5       ;
; xiaoche:xiaoche_instance|distance2[8]                                                                                                                                        ; 5       ;
; xiaoche:xiaoche_instance|distance1[8]                                                                                                                                        ; 5       ;
; xiaoche:xiaoche_instance|distance2[9]                                                                                                                                        ; 5       ;
; xiaoche:xiaoche_instance|distance1[9]                                                                                                                                        ; 5       ;
; xiaoche:xiaoche_instance|distance2[10]                                                                                                                                       ; 5       ;
; xiaoche:xiaoche_instance|distance1[10]                                                                                                                                       ; 5       ;
; xiaoche:xiaoche_instance|distance2[11]                                                                                                                                       ; 5       ;
; xiaoche:xiaoche_instance|distance1[11]                                                                                                                                       ; 5       ;
; xiaoche:xiaoche_instance|distance2[12]                                                                                                                                       ; 5       ;
; xiaoche:xiaoche_instance|distance1[12]                                                                                                                                       ; 5       ;
; xiaoche:xiaoche_instance|distance2[13]                                                                                                                                       ; 5       ;
; xiaoche:xiaoche_instance|distance1[13]                                                                                                                                       ; 5       ;
; xiaoche:xiaoche_instance|distance2[14]                                                                                                                                       ; 5       ;
; xiaoche:xiaoche_instance|distance1[14]                                                                                                                                       ; 5       ;
; xiaoche:xiaoche_instance|obstacle_near2                                                                                                                                      ; 5       ;
; xiaoche:xiaoche_instance|xunji:xunji_instance|always0~2                                                                                                                      ; 5       ;
; xiaoche:xiaoche_instance|xunji:xunji_instance|left_dir~4                                                                                                                     ; 5       ;
; xiaoche:xiaoche_instance|distance3[0]                                                                                                                                        ; 5       ;
; xiaoche:xiaoche_instance|PosCounter:pos_counter3|echo_reg2                                                                                                                   ; 4       ;
; xiaoche:xiaoche_instance|PosCounter:pos_counter2|echo_reg2                                                                                                                   ; 4       ;
; xiaoche:xiaoche_instance|PosCounter:pos_counter1|echo_reg2                                                                                                                   ; 4       ;
; xiaoche:xiaoche_instance|LessThan10~2                                                                                                                                        ; 4       ;
; xiaoche:xiaoche_instance|min_distance~8                                                                                                                                      ; 4       ;
; xiaoche:xiaoche_instance|PosCounter:pos_counter3|dis_reg[3]                                                                                                                  ; 4       ;
; xiaoche:xiaoche_instance|PosCounter:pos_counter3|dis_reg[4]                                                                                                                  ; 4       ;
; xiaoche:xiaoche_instance|PosCounter:pos_counter3|dis_reg[5]                                                                                                                  ; 4       ;
; xiaoche:xiaoche_instance|PosCounter:pos_counter3|dis_reg[6]                                                                                                                  ; 4       ;
; xiaoche:xiaoche_instance|PosCounter:pos_counter3|dis_reg[7]                                                                                                                  ; 4       ;
; xiaoche:xiaoche_instance|PosCounter:pos_counter3|dis_reg[8]                                                                                                                  ; 4       ;
; xiaoche:xiaoche_instance|PosCounter:pos_counter3|dis_reg[9]                                                                                                                  ; 4       ;
; xiaoche:xiaoche_instance|PosCounter:pos_counter3|dis_reg[10]                                                                                                                 ; 4       ;
; xiaoche:xiaoche_instance|PosCounter:pos_counter3|dis_reg[11]                                                                                                                 ; 4       ;
; xiaoche:xiaoche_instance|PosCounter:pos_counter3|dis_reg[12]                                                                                                                 ; 4       ;
; xiaoche:xiaoche_instance|PosCounter:pos_counter3|dis_reg[13]                                                                                                                 ; 4       ;
; xiaoche:xiaoche_instance|PosCounter:pos_counter3|dis_reg[14]                                                                                                                 ; 4       ;
; xiaoche:xiaoche_instance|PosCounter:pos_counter2|dis_reg[3]                                                                                                                  ; 4       ;
; xiaoche:xiaoche_instance|PosCounter:pos_counter1|dis_reg[3]                                                                                                                  ; 4       ;
; xiaoche:xiaoche_instance|PosCounter:pos_counter2|dis_reg[4]                                                                                                                  ; 4       ;
; xiaoche:xiaoche_instance|PosCounter:pos_counter1|dis_reg[4]                                                                                                                  ; 4       ;
; xiaoche:xiaoche_instance|PosCounter:pos_counter2|dis_reg[5]                                                                                                                  ; 4       ;
; xiaoche:xiaoche_instance|PosCounter:pos_counter1|dis_reg[5]                                                                                                                  ; 4       ;
; xiaoche:xiaoche_instance|PosCounter:pos_counter2|dis_reg[6]                                                                                                                  ; 4       ;
; xiaoche:xiaoche_instance|PosCounter:pos_counter1|dis_reg[6]                                                                                                                  ; 4       ;
; xiaoche:xiaoche_instance|PosCounter:pos_counter2|dis_reg[7]                                                                                                                  ; 4       ;
; xiaoche:xiaoche_instance|PosCounter:pos_counter1|dis_reg[7]                                                                                                                  ; 4       ;
; xiaoche:xiaoche_instance|PosCounter:pos_counter2|dis_reg[8]                                                                                                                  ; 4       ;
; xiaoche:xiaoche_instance|PosCounter:pos_counter1|dis_reg[8]                                                                                                                  ; 4       ;
; xiaoche:xiaoche_instance|PosCounter:pos_counter2|dis_reg[9]                                                                                                                  ; 4       ;
; xiaoche:xiaoche_instance|PosCounter:pos_counter1|dis_reg[9]                                                                                                                  ; 4       ;
; xiaoche:xiaoche_instance|PosCounter:pos_counter2|dis_reg[10]                                                                                                                 ; 4       ;
; xiaoche:xiaoche_instance|PosCounter:pos_counter1|dis_reg[10]                                                                                                                 ; 4       ;
; xiaoche:xiaoche_instance|PosCounter:pos_counter2|dis_reg[11]                                                                                                                 ; 4       ;
; xiaoche:xiaoche_instance|PosCounter:pos_counter1|dis_reg[11]                                                                                                                 ; 4       ;
; xiaoche:xiaoche_instance|PosCounter:pos_counter2|dis_reg[12]                                                                                                                 ; 4       ;
; xiaoche:xiaoche_instance|PosCounter:pos_counter1|dis_reg[12]                                                                                                                 ; 4       ;
; xiaoche:xiaoche_instance|PosCounter:pos_counter2|dis_reg[13]                                                                                                                 ; 4       ;
; xiaoche:xiaoche_instance|PosCounter:pos_counter1|dis_reg[13]                                                                                                                 ; 4       ;
; xiaoche:xiaoche_instance|PosCounter:pos_counter2|dis_reg[14]                                                                                                                 ; 4       ;
; xiaoche:xiaoche_instance|PosCounter:pos_counter1|dis_reg[14]                                                                                                                 ; 4       ;
; xiaoche:xiaoche_instance|xunji:xunji_instance|always0~4                                                                                                                      ; 4       ;
; xiaoche:xiaoche_instance|Mux12~0                                                                                                                                             ; 4       ;
; xiaoche:xiaoche_instance|xunji:xunji_instance|left_dir[1]~12                                                                                                                 ; 4       ;
; xiaoche:xiaoche_instance|xunji:xunji_instance|pwm_value~6                                                                                                                    ; 4       ;
; xiaoche:xiaoche_instance|mode_switch_pending                                                                                                                                 ; 4       ;
; xiaoche:xiaoche_instance|pwm_out                                                                                                                                             ; 4       ;
; xiaoche:xiaoche_instance|trig_pulse                                                                                                                                          ; 4       ;
; xiaoche:xiaoche_instance|boche:boche_executor|timer[24]                                                                                                                      ; 4       ;
; xiaoche:xiaoche_instance|boche:boche_executor|timer[23]                                                                                                                      ; 4       ;
; xiaoche:xiaoche_instance|boche:boche_executor|timer[22]                                                                                                                      ; 4       ;
; xiaoche:xiaoche_instance|boche:boche_executor|timer[21]                                                                                                                      ; 4       ;
; xiaoche:xiaoche_instance|boche:boche_executor|timer[18]                                                                                                                      ; 4       ;
; xiaoche:xiaoche_instance|boche:boche_executor|timer[17]                                                                                                                      ; 4       ;
; xiaoche:xiaoche_instance|boche:boche_executor|timer[16]                                                                                                                      ; 4       ;
; xiaoche:xiaoche_instance|boche:boche_executor|timer[15]                                                                                                                      ; 4       ;
; xiaoche:xiaoche_instance|boche:boche_executor|timer[14]                                                                                                                      ; 4       ;
; xiaoche:xiaoche_instance|boche:boche_executor|timer[13]                                                                                                                      ; 4       ;
; xiaoche:xiaoche_instance|boche:boche_executor|timer[12]                                                                                                                      ; 4       ;
; xiaoche:xiaoche_instance|boche:boche_executor|timer[11]                                                                                                                      ; 4       ;
; xiaoche:xiaoche_instance|boche:boche_executor|timer[10]                                                                                                                      ; 4       ;
; xiaoche:xiaoche_instance|boche:boche_executor|timer[9]                                                                                                                       ; 4       ;
; xiaoche:xiaoche_instance|LessThan7~38                                                                                                                                        ; 4       ;
; xiaoche:xiaoche_instance|distance2[0]                                                                                                                                        ; 4       ;
; xiaoche:xiaoche_instance|distance1[0]                                                                                                                                        ; 4       ;
; xiaoche:xiaoche_instance|xunji:xunji_instance|left_dir~18                                                                                                                    ; 3       ;
; xiaoche:xiaoche_instance|PosCounter:pos_counter3|curr_state.S0                                                                                                               ; 3       ;
; xiaoche:xiaoche_instance|PosCounter:pos_counter2|curr_state.S0                                                                                                               ; 3       ;
; xiaoche:xiaoche_instance|PosCounter:pos_counter1|curr_state.S0                                                                                                               ; 3       ;
; xiaoche:xiaoche_instance|xunji:xunji_instance|pwm_value~14                                                                                                                   ; 3       ;
; xiaoche:xiaoche_instance|PosCounter:pos_counter3|count[1]                                                                                                                    ; 3       ;
; xiaoche:xiaoche_instance|PosCounter:pos_counter3|count[2]                                                                                                                    ; 3       ;
; xiaoche:xiaoche_instance|PosCounter:pos_counter3|count[3]                                                                                                                    ; 3       ;
; xiaoche:xiaoche_instance|PosCounter:pos_counter3|count[4]                                                                                                                    ; 3       ;
; xiaoche:xiaoche_instance|PosCounter:pos_counter3|count[5]                                                                                                                    ; 3       ;
; xiaoche:xiaoche_instance|PosCounter:pos_counter3|count[6]                                                                                                                    ; 3       ;
; xiaoche:xiaoche_instance|PosCounter:pos_counter3|count[7]                                                                                                                    ; 3       ;
; xiaoche:xiaoche_instance|PosCounter:pos_counter3|count[8]                                                                                                                    ; 3       ;
; xiaoche:xiaoche_instance|PosCounter:pos_counter3|count[9]                                                                                                                    ; 3       ;
; xiaoche:xiaoche_instance|PosCounter:pos_counter3|count[10]                                                                                                                   ; 3       ;
; xiaoche:xiaoche_instance|PosCounter:pos_counter3|count[11]                                                                                                                   ; 3       ;
; xiaoche:xiaoche_instance|PosCounter:pos_counter3|count[12]                                                                                                                   ; 3       ;
; xiaoche:xiaoche_instance|PosCounter:pos_counter3|count[13]                                                                                                                   ; 3       ;
; xiaoche:xiaoche_instance|PosCounter:pos_counter3|count[14]                                                                                                                   ; 3       ;
; xiaoche:xiaoche_instance|PosCounter:pos_counter3|count[15]                                                                                                                   ; 3       ;
; xiaoche:xiaoche_instance|PosCounter:pos_counter3|count[16]                                                                                                                   ; 3       ;
; xiaoche:xiaoche_instance|PosCounter:pos_counter3|count[17]                                                                                                                   ; 3       ;
; xiaoche:xiaoche_instance|PosCounter:pos_counter3|count[18]                                                                                                                   ; 3       ;
; xiaoche:xiaoche_instance|PosCounter:pos_counter3|count[19]                                                                                                                   ; 3       ;
; xiaoche:xiaoche_instance|PosCounter:pos_counter2|count[1]                                                                                                                    ; 3       ;
; xiaoche:xiaoche_instance|PosCounter:pos_counter1|count[1]                                                                                                                    ; 3       ;
; xiaoche:xiaoche_instance|PosCounter:pos_counter2|count[2]                                                                                                                    ; 3       ;
; xiaoche:xiaoche_instance|PosCounter:pos_counter1|count[2]                                                                                                                    ; 3       ;
; xiaoche:xiaoche_instance|PosCounter:pos_counter2|count[3]                                                                                                                    ; 3       ;
; xiaoche:xiaoche_instance|PosCounter:pos_counter1|count[3]                                                                                                                    ; 3       ;
; xiaoche:xiaoche_instance|PosCounter:pos_counter2|count[4]                                                                                                                    ; 3       ;
; xiaoche:xiaoche_instance|PosCounter:pos_counter1|count[4]                                                                                                                    ; 3       ;
; xiaoche:xiaoche_instance|PosCounter:pos_counter2|count[5]                                                                                                                    ; 3       ;
; xiaoche:xiaoche_instance|PosCounter:pos_counter1|count[5]                                                                                                                    ; 3       ;
; xiaoche:xiaoche_instance|PosCounter:pos_counter2|count[6]                                                                                                                    ; 3       ;
; xiaoche:xiaoche_instance|PosCounter:pos_counter1|count[6]                                                                                                                    ; 3       ;
; xiaoche:xiaoche_instance|PosCounter:pos_counter2|count[7]                                                                                                                    ; 3       ;
; xiaoche:xiaoche_instance|PosCounter:pos_counter1|count[7]                                                                                                                    ; 3       ;
; xiaoche:xiaoche_instance|PosCounter:pos_counter2|count[8]                                                                                                                    ; 3       ;
; xiaoche:xiaoche_instance|PosCounter:pos_counter1|count[8]                                                                                                                    ; 3       ;
; xiaoche:xiaoche_instance|PosCounter:pos_counter2|count[9]                                                                                                                    ; 3       ;
; xiaoche:xiaoche_instance|PosCounter:pos_counter1|count[9]                                                                                                                    ; 3       ;
; xiaoche:xiaoche_instance|PosCounter:pos_counter2|count[10]                                                                                                                   ; 3       ;
; xiaoche:xiaoche_instance|PosCounter:pos_counter1|count[10]                                                                                                                   ; 3       ;
; xiaoche:xiaoche_instance|PosCounter:pos_counter2|count[11]                                                                                                                   ; 3       ;
; xiaoche:xiaoche_instance|PosCounter:pos_counter1|count[11]                                                                                                                   ; 3       ;
; xiaoche:xiaoche_instance|PosCounter:pos_counter2|count[12]                                                                                                                   ; 3       ;
; xiaoche:xiaoche_instance|PosCounter:pos_counter1|count[12]                                                                                                                   ; 3       ;
; xiaoche:xiaoche_instance|PosCounter:pos_counter2|count[13]                                                                                                                   ; 3       ;
; xiaoche:xiaoche_instance|PosCounter:pos_counter1|count[13]                                                                                                                   ; 3       ;
; xiaoche:xiaoche_instance|PosCounter:pos_counter2|count[14]                                                                                                                   ; 3       ;
; xiaoche:xiaoche_instance|PosCounter:pos_counter1|count[14]                                                                                                                   ; 3       ;
; xiaoche:xiaoche_instance|PosCounter:pos_counter2|count[15]                                                                                                                   ; 3       ;
; xiaoche:xiaoche_instance|PosCounter:pos_counter2|count[16]                                                                                                                   ; 3       ;
; xiaoche:xiaoche_instance|PosCounter:pos_counter2|count[17]                                                                                                                   ; 3       ;
; xiaoche:xiaoche_instance|PosCounter:pos_counter2|count[18]                                                                                                                   ; 3       ;
; xiaoche:xiaoche_instance|PosCounter:pos_counter2|count[19]                                                                                                                   ; 3       ;
; xiaoche:xiaoche_instance|PosCounter:pos_counter1|count[15]                                                                                                                   ; 3       ;
; xiaoche:xiaoche_instance|PosCounter:pos_counter1|count[16]                                                                                                                   ; 3       ;
; xiaoche:xiaoche_instance|PosCounter:pos_counter1|count[17]                                                                                                                   ; 3       ;
; xiaoche:xiaoche_instance|PosCounter:pos_counter1|count[18]                                                                                                                   ; 3       ;
; xiaoche:xiaoche_instance|PosCounter:pos_counter1|count[19]                                                                                                                   ; 3       ;
; xiaoche:xiaoche_instance|boche:boche_executor|pwm_value[4]                                                                                                                   ; 3       ;
; xiaoche:xiaoche_instance|boche:boche_executor|pwm_value[1]                                                                                                                   ; 3       ;
; xiaoche:xiaoche_instance|Mux2~0                                                                                                                                              ; 3       ;
; xiaoche:xiaoche_instance|LessThan9~16                                                                                                                                        ; 3       ;
; xiaoche:xiaoche_instance|LessThan10~1                                                                                                                                        ; 3       ;
; xiaoche:xiaoche_instance|LessThan9~13                                                                                                                                        ; 3       ;
; xiaoche:xiaoche_instance|PosCounter:pos_counter3|dis_reg[2]                                                                                                                  ; 3       ;
; xiaoche:xiaoche_instance|PosCounter:pos_counter3|dis_reg[15]                                                                                                                 ; 3       ;
; xiaoche:xiaoche_instance|PosCounter:pos_counter3|dis_reg[16]                                                                                                                 ; 3       ;
; xiaoche:xiaoche_instance|PosCounter:pos_counter3|dis_reg[17]                                                                                                                 ; 3       ;
; xiaoche:xiaoche_instance|PosCounter:pos_counter3|dis_reg[18]                                                                                                                 ; 3       ;
; xiaoche:xiaoche_instance|PosCounter:pos_counter2|dis_reg[2]                                                                                                                  ; 3       ;
; xiaoche:xiaoche_instance|PosCounter:pos_counter1|dis_reg[2]                                                                                                                  ; 3       ;
; xiaoche:xiaoche_instance|PosCounter:pos_counter2|dis_reg[15]                                                                                                                 ; 3       ;
; xiaoche:xiaoche_instance|PosCounter:pos_counter2|dis_reg[16]                                                                                                                 ; 3       ;
; xiaoche:xiaoche_instance|PosCounter:pos_counter2|dis_reg[17]                                                                                                                 ; 3       ;
; xiaoche:xiaoche_instance|PosCounter:pos_counter2|dis_reg[18]                                                                                                                 ; 3       ;
; xiaoche:xiaoche_instance|PosCounter:pos_counter1|dis_reg[15]                                                                                                                 ; 3       ;
; xiaoche:xiaoche_instance|PosCounter:pos_counter1|dis_reg[16]                                                                                                                 ; 3       ;
; xiaoche:xiaoche_instance|PosCounter:pos_counter1|dis_reg[17]                                                                                                                 ; 3       ;
; xiaoche:xiaoche_instance|PosCounter:pos_counter1|dis_reg[18]                                                                                                                 ; 3       ;
; xiaoche:xiaoche_instance|everything:path_executor|current_state.RIGHT_200MS_4                                                                                                ; 3       ;
; xiaoche:xiaoche_instance|everything:path_executor|current_state.RIGHT_200MS_3                                                                                                ; 3       ;
; xiaoche:xiaoche_instance|everything:path_executor|current_state.RIGHT_200MS_2                                                                                                ; 3       ;
; xiaoche:xiaoche_instance|everything:path_executor|current_state.RIGHT_200MS                                                                                                  ; 3       ;
; xiaoche:xiaoche_instance|xunji:xunji_instance|always0~5                                                                                                                      ; 3       ;
; xiaoche:xiaoche_instance|everything:path_executor|current_state.FORWARD_2S_4                                                                                                 ; 3       ;
; xiaoche:xiaoche_instance|everything:path_executor|current_state.FORWARD_2S_3                                                                                                 ; 3       ;
; xiaoche:xiaoche_instance|everything:path_executor|current_state.FORWARD_2S_2                                                                                                 ; 3       ;
; xiaoche:xiaoche_instance|everything:path_executor|current_state.FORWARD_2S                                                                                                   ; 3       ;
; xiaoche:xiaoche_instance|boche:boche_executor|pwm_value[2]~8                                                                                                                 ; 3       ;
; xiaoche:xiaoche_instance|xunji:xunji_instance|left_dir[1]~9                                                                                                                  ; 3       ;
; xiaoche:xiaoche_instance|xunji:xunji_instance|always0~0                                                                                                                      ; 3       ;
; xiaoche:xiaoche_instance|LessThan0~3                                                                                                                                         ; 3       ;
; xiaoche:xiaoche_instance|everything:path_executor|current_state.stop                                                                                                         ; 3       ;
; xiaoche:xiaoche_instance|boche:boche_executor|timer[20]                                                                                                                      ; 3       ;
; xiaoche:xiaoche_instance|boche:boche_executor|timer[19]                                                                                                                      ; 3       ;
; xiaoche:xiaoche_instance|boche:boche_executor|timer[8]                                                                                                                       ; 3       ;
; xiaoche:xiaoche_instance|everything:path_executor|timer[24]                                                                                                                  ; 3       ;
; xiaoche:xiaoche_instance|everything:path_executor|timer[23]                                                                                                                  ; 3       ;
; xiaoche:xiaoche_instance|everything:path_executor|timer[20]                                                                                                                  ; 3       ;
; xiaoche:xiaoche_instance|everything:path_executor|timer[22]                                                                                                                  ; 3       ;
; xiaoche:xiaoche_instance|everything:path_executor|timer[21]                                                                                                                  ; 3       ;
; xiaoche:xiaoche_instance|everything:path_executor|timer[19]                                                                                                                  ; 3       ;
; xiaoche:xiaoche_instance|everything:path_executor|timer[18]                                                                                                                  ; 3       ;
; xiaoche:xiaoche_instance|everything:path_executor|timer[16]                                                                                                                  ; 3       ;
; xiaoche:xiaoche_instance|everything:path_executor|timer[15]                                                                                                                  ; 3       ;
; xiaoche:xiaoche_instance|everything:path_executor|timer[14]                                                                                                                  ; 3       ;
; xiaoche:xiaoche_instance|everything:path_executor|timer[17]                                                                                                                  ; 3       ;
; xiaoche:xiaoche_instance|everything:path_executor|timer[13]                                                                                                                  ; 3       ;
; xiaoche:xiaoche_instance|everything:path_executor|timer[12]                                                                                                                  ; 3       ;
; xiaoche:xiaoche_instance|everything:path_executor|timer[11]                                                                                                                  ; 3       ;
; xiaoche:xiaoche_instance|everything:path_executor|timer[10]                                                                                                                  ; 3       ;
; xiaoche:xiaoche_instance|xunji:xunji_instance|all_white_counter[19]                                                                                                          ; 3       ;
; xiaoche:xiaoche_instance|pwm_counter[0]                                                                                                                                      ; 3       ;
; xiaoche:xiaoche_instance|enable_counter[18]                                                                                                                                  ; 3       ;
; xiaoche:xiaoche_instance|enable_counter[17]                                                                                                                                  ; 3       ;
; xiaoche:xiaoche_instance|trig_counter[21]                                                                                                                                    ; 3       ;
; xiaoche:xiaoche_instance|trig_counter[20]                                                                                                                                    ; 3       ;
; xiaoche:xiaoche_instance|trig_counter[19]                                                                                                                                    ; 3       ;
; xiaoche:xiaoche_instance|trig_counter[18]                                                                                                                                    ; 3       ;
; xiaoche:xiaoche_instance|trig_counter[17]                                                                                                                                    ; 3       ;
; xiaoche:xiaoche_instance|trig_counter[16]                                                                                                                                    ; 3       ;
; xiaoche:xiaoche_instance|trig_counter[15]                                                                                                                                    ; 3       ;
; xiaoche:xiaoche_instance|trig_counter[12]                                                                                                                                    ; 3       ;
; xiaoche:xiaoche_instance|trig_counter[11]                                                                                                                                    ; 3       ;
; xiaoche:xiaoche_instance|trig_counter[7]                                                                                                                                     ; 3       ;
; xiaoche:xiaoche_instance|trig_counter[5]                                                                                                                                     ; 3       ;
; xiaoche:xiaoche_instance|trig_counter[4]                                                                                                                                     ; 3       ;
; xiaoche:xiaoche_instance|trig_counter[3]                                                                                                                                     ; 3       ;
; xiaoche:xiaoche_instance|trig_counter[6]                                                                                                                                     ; 3       ;
; xiaoche:xiaoche_instance|trig_counter[14]                                                                                                                                    ; 3       ;
; xiaoche:xiaoche_instance|trig_counter[13]                                                                                                                                    ; 3       ;
; xiaoche:xiaoche_instance|trig_counter[2]                                                                                                                                     ; 3       ;
; xiaoche:xiaoche_instance|trig_counter[1]                                                                                                                                     ; 3       ;
; xiaoche:xiaoche_instance|trig_counter[0]                                                                                                                                     ; 3       ;
; xiaoche:xiaoche_instance|PosCounter:pos_counter3|lpm_divide:Div0|lpm_divide_mhm:auto_generated|sign_div_unsign_nlh:divider|alt_u_div_p5f:divider|StageOut[121]~366           ; 2       ;
; xiaoche:xiaoche_instance|PosCounter:pos_counter3|lpm_divide:Div0|lpm_divide_mhm:auto_generated|sign_div_unsign_nlh:divider|alt_u_div_p5f:divider|StageOut[114]~365           ; 2       ;
; xiaoche:xiaoche_instance|PosCounter:pos_counter3|lpm_divide:Div0|lpm_divide_mhm:auto_generated|sign_div_unsign_nlh:divider|alt_u_div_p5f:divider|StageOut[107]~364           ; 2       ;
; xiaoche:xiaoche_instance|PosCounter:pos_counter3|lpm_divide:Div0|lpm_divide_mhm:auto_generated|sign_div_unsign_nlh:divider|alt_u_div_p5f:divider|StageOut[100]~363           ; 2       ;
; xiaoche:xiaoche_instance|PosCounter:pos_counter3|lpm_divide:Div0|lpm_divide_mhm:auto_generated|sign_div_unsign_nlh:divider|alt_u_div_p5f:divider|StageOut[93]~362            ; 2       ;
; xiaoche:xiaoche_instance|PosCounter:pos_counter3|lpm_divide:Div0|lpm_divide_mhm:auto_generated|sign_div_unsign_nlh:divider|alt_u_div_p5f:divider|StageOut[86]~361            ; 2       ;
; xiaoche:xiaoche_instance|PosCounter:pos_counter3|lpm_divide:Div0|lpm_divide_mhm:auto_generated|sign_div_unsign_nlh:divider|alt_u_div_p5f:divider|StageOut[79]~360            ; 2       ;
; xiaoche:xiaoche_instance|PosCounter:pos_counter3|lpm_divide:Div0|lpm_divide_mhm:auto_generated|sign_div_unsign_nlh:divider|alt_u_div_p5f:divider|StageOut[72]~359            ; 2       ;
; xiaoche:xiaoche_instance|PosCounter:pos_counter3|lpm_divide:Div0|lpm_divide_mhm:auto_generated|sign_div_unsign_nlh:divider|alt_u_div_p5f:divider|StageOut[65]~358            ; 2       ;
; xiaoche:xiaoche_instance|PosCounter:pos_counter3|lpm_divide:Div0|lpm_divide_mhm:auto_generated|sign_div_unsign_nlh:divider|alt_u_div_p5f:divider|StageOut[58]~357            ; 2       ;
; xiaoche:xiaoche_instance|PosCounter:pos_counter3|lpm_divide:Div0|lpm_divide_mhm:auto_generated|sign_div_unsign_nlh:divider|alt_u_div_p5f:divider|StageOut[51]~356            ; 2       ;
; xiaoche:xiaoche_instance|PosCounter:pos_counter3|lpm_divide:Div0|lpm_divide_mhm:auto_generated|sign_div_unsign_nlh:divider|alt_u_div_p5f:divider|StageOut[44]~355            ; 2       ;
; xiaoche:xiaoche_instance|PosCounter:pos_counter3|lpm_divide:Div0|lpm_divide_mhm:auto_generated|sign_div_unsign_nlh:divider|alt_u_div_p5f:divider|StageOut[45]~354            ; 2       ;
; xiaoche:xiaoche_instance|PosCounter:pos_counter3|lpm_divide:Div0|lpm_divide_mhm:auto_generated|sign_div_unsign_nlh:divider|alt_u_div_p5f:divider|StageOut[46]~353            ; 2       ;
; xiaoche:xiaoche_instance|PosCounter:pos_counter2|lpm_divide:Div0|lpm_divide_mhm:auto_generated|sign_div_unsign_nlh:divider|alt_u_div_p5f:divider|StageOut[121]~366           ; 2       ;
; xiaoche:xiaoche_instance|PosCounter:pos_counter1|lpm_divide:Div0|lpm_divide_mhm:auto_generated|sign_div_unsign_nlh:divider|alt_u_div_p5f:divider|StageOut[121]~366           ; 2       ;
; xiaoche:xiaoche_instance|PosCounter:pos_counter2|lpm_divide:Div0|lpm_divide_mhm:auto_generated|sign_div_unsign_nlh:divider|alt_u_div_p5f:divider|StageOut[114]~365           ; 2       ;
; xiaoche:xiaoche_instance|PosCounter:pos_counter1|lpm_divide:Div0|lpm_divide_mhm:auto_generated|sign_div_unsign_nlh:divider|alt_u_div_p5f:divider|StageOut[114]~365           ; 2       ;
; xiaoche:xiaoche_instance|PosCounter:pos_counter2|lpm_divide:Div0|lpm_divide_mhm:auto_generated|sign_div_unsign_nlh:divider|alt_u_div_p5f:divider|StageOut[107]~364           ; 2       ;
; xiaoche:xiaoche_instance|PosCounter:pos_counter1|lpm_divide:Div0|lpm_divide_mhm:auto_generated|sign_div_unsign_nlh:divider|alt_u_div_p5f:divider|StageOut[107]~364           ; 2       ;
; xiaoche:xiaoche_instance|PosCounter:pos_counter2|lpm_divide:Div0|lpm_divide_mhm:auto_generated|sign_div_unsign_nlh:divider|alt_u_div_p5f:divider|StageOut[100]~363           ; 2       ;
; xiaoche:xiaoche_instance|PosCounter:pos_counter1|lpm_divide:Div0|lpm_divide_mhm:auto_generated|sign_div_unsign_nlh:divider|alt_u_div_p5f:divider|StageOut[100]~363           ; 2       ;
; xiaoche:xiaoche_instance|PosCounter:pos_counter2|lpm_divide:Div0|lpm_divide_mhm:auto_generated|sign_div_unsign_nlh:divider|alt_u_div_p5f:divider|StageOut[93]~362            ; 2       ;
; xiaoche:xiaoche_instance|PosCounter:pos_counter1|lpm_divide:Div0|lpm_divide_mhm:auto_generated|sign_div_unsign_nlh:divider|alt_u_div_p5f:divider|StageOut[93]~362            ; 2       ;
; xiaoche:xiaoche_instance|PosCounter:pos_counter2|lpm_divide:Div0|lpm_divide_mhm:auto_generated|sign_div_unsign_nlh:divider|alt_u_div_p5f:divider|StageOut[86]~361            ; 2       ;
; xiaoche:xiaoche_instance|PosCounter:pos_counter1|lpm_divide:Div0|lpm_divide_mhm:auto_generated|sign_div_unsign_nlh:divider|alt_u_div_p5f:divider|StageOut[86]~361            ; 2       ;
; xiaoche:xiaoche_instance|PosCounter:pos_counter2|lpm_divide:Div0|lpm_divide_mhm:auto_generated|sign_div_unsign_nlh:divider|alt_u_div_p5f:divider|StageOut[79]~360            ; 2       ;
; xiaoche:xiaoche_instance|PosCounter:pos_counter1|lpm_divide:Div0|lpm_divide_mhm:auto_generated|sign_div_unsign_nlh:divider|alt_u_div_p5f:divider|StageOut[79]~360            ; 2       ;
; xiaoche:xiaoche_instance|PosCounter:pos_counter2|lpm_divide:Div0|lpm_divide_mhm:auto_generated|sign_div_unsign_nlh:divider|alt_u_div_p5f:divider|StageOut[72]~359            ; 2       ;
; xiaoche:xiaoche_instance|PosCounter:pos_counter1|lpm_divide:Div0|lpm_divide_mhm:auto_generated|sign_div_unsign_nlh:divider|alt_u_div_p5f:divider|StageOut[72]~359            ; 2       ;
; xiaoche:xiaoche_instance|PosCounter:pos_counter2|lpm_divide:Div0|lpm_divide_mhm:auto_generated|sign_div_unsign_nlh:divider|alt_u_div_p5f:divider|StageOut[65]~358            ; 2       ;
; xiaoche:xiaoche_instance|PosCounter:pos_counter1|lpm_divide:Div0|lpm_divide_mhm:auto_generated|sign_div_unsign_nlh:divider|alt_u_div_p5f:divider|StageOut[65]~358            ; 2       ;
; xiaoche:xiaoche_instance|PosCounter:pos_counter2|lpm_divide:Div0|lpm_divide_mhm:auto_generated|sign_div_unsign_nlh:divider|alt_u_div_p5f:divider|StageOut[58]~357            ; 2       ;
; xiaoche:xiaoche_instance|PosCounter:pos_counter1|lpm_divide:Div0|lpm_divide_mhm:auto_generated|sign_div_unsign_nlh:divider|alt_u_div_p5f:divider|StageOut[58]~357            ; 2       ;
; xiaoche:xiaoche_instance|PosCounter:pos_counter2|lpm_divide:Div0|lpm_divide_mhm:auto_generated|sign_div_unsign_nlh:divider|alt_u_div_p5f:divider|StageOut[51]~356            ; 2       ;
; xiaoche:xiaoche_instance|PosCounter:pos_counter1|lpm_divide:Div0|lpm_divide_mhm:auto_generated|sign_div_unsign_nlh:divider|alt_u_div_p5f:divider|StageOut[51]~356            ; 2       ;
; xiaoche:xiaoche_instance|PosCounter:pos_counter2|lpm_divide:Div0|lpm_divide_mhm:auto_generated|sign_div_unsign_nlh:divider|alt_u_div_p5f:divider|StageOut[44]~355            ; 2       ;
; xiaoche:xiaoche_instance|PosCounter:pos_counter2|lpm_divide:Div0|lpm_divide_mhm:auto_generated|sign_div_unsign_nlh:divider|alt_u_div_p5f:divider|StageOut[45]~354            ; 2       ;
; xiaoche:xiaoche_instance|PosCounter:pos_counter2|lpm_divide:Div0|lpm_divide_mhm:auto_generated|sign_div_unsign_nlh:divider|alt_u_div_p5f:divider|StageOut[46]~353            ; 2       ;
; xiaoche:xiaoche_instance|PosCounter:pos_counter1|lpm_divide:Div0|lpm_divide_mhm:auto_generated|sign_div_unsign_nlh:divider|alt_u_div_p5f:divider|StageOut[44]~355            ; 2       ;
; xiaoche:xiaoche_instance|PosCounter:pos_counter1|lpm_divide:Div0|lpm_divide_mhm:auto_generated|sign_div_unsign_nlh:divider|alt_u_div_p5f:divider|StageOut[45]~354            ; 2       ;
; xiaoche:xiaoche_instance|PosCounter:pos_counter1|lpm_divide:Div0|lpm_divide_mhm:auto_generated|sign_div_unsign_nlh:divider|alt_u_div_p5f:divider|StageOut[46]~353            ; 2       ;
; xiaoche:xiaoche_instance|xunji:xunji_instance|pwm_value[3]~26                                                                                                                ; 2       ;
; xiaoche:xiaoche_instance|boche:boche_executor|pwm_value[2]~9                                                                                                                 ; 2       ;
; xiaoche:xiaoche_instance|PosCounter:pos_counter3|lpm_divide:Div0|lpm_divide_mhm:auto_generated|sign_div_unsign_nlh:divider|alt_u_div_p5f:divider|StageOut[122]~348           ; 2       ;
; xiaoche:xiaoche_instance|PosCounter:pos_counter3|lpm_divide:Div0|lpm_divide_mhm:auto_generated|sign_div_unsign_nlh:divider|alt_u_div_p5f:divider|StageOut[123]~347           ; 2       ;
; xiaoche:xiaoche_instance|PosCounter:pos_counter3|lpm_divide:Div0|lpm_divide_mhm:auto_generated|sign_div_unsign_nlh:divider|alt_u_div_p5f:divider|StageOut[115]~345           ; 2       ;
; xiaoche:xiaoche_instance|PosCounter:pos_counter3|lpm_divide:Div0|lpm_divide_mhm:auto_generated|sign_div_unsign_nlh:divider|alt_u_div_p5f:divider|StageOut[116]~344           ; 2       ;
; xiaoche:xiaoche_instance|PosCounter:pos_counter3|lpm_divide:Div0|lpm_divide_mhm:auto_generated|sign_div_unsign_nlh:divider|alt_u_div_p5f:divider|StageOut[108]~342           ; 2       ;
; xiaoche:xiaoche_instance|PosCounter:pos_counter3|lpm_divide:Div0|lpm_divide_mhm:auto_generated|sign_div_unsign_nlh:divider|alt_u_div_p5f:divider|StageOut[109]~341           ; 2       ;
; xiaoche:xiaoche_instance|PosCounter:pos_counter3|lpm_divide:Div0|lpm_divide_mhm:auto_generated|sign_div_unsign_nlh:divider|alt_u_div_p5f:divider|StageOut[101]~339           ; 2       ;
; xiaoche:xiaoche_instance|PosCounter:pos_counter3|lpm_divide:Div0|lpm_divide_mhm:auto_generated|sign_div_unsign_nlh:divider|alt_u_div_p5f:divider|StageOut[102]~338           ; 2       ;
; xiaoche:xiaoche_instance|PosCounter:pos_counter3|lpm_divide:Div0|lpm_divide_mhm:auto_generated|sign_div_unsign_nlh:divider|alt_u_div_p5f:divider|StageOut[94]~336            ; 2       ;
; xiaoche:xiaoche_instance|PosCounter:pos_counter3|lpm_divide:Div0|lpm_divide_mhm:auto_generated|sign_div_unsign_nlh:divider|alt_u_div_p5f:divider|StageOut[95]~335            ; 2       ;
; xiaoche:xiaoche_instance|PosCounter:pos_counter3|lpm_divide:Div0|lpm_divide_mhm:auto_generated|sign_div_unsign_nlh:divider|alt_u_div_p5f:divider|StageOut[87]~333            ; 2       ;
; xiaoche:xiaoche_instance|PosCounter:pos_counter3|lpm_divide:Div0|lpm_divide_mhm:auto_generated|sign_div_unsign_nlh:divider|alt_u_div_p5f:divider|StageOut[88]~332            ; 2       ;
; xiaoche:xiaoche_instance|PosCounter:pos_counter3|lpm_divide:Div0|lpm_divide_mhm:auto_generated|sign_div_unsign_nlh:divider|alt_u_div_p5f:divider|StageOut[80]~330            ; 2       ;
; xiaoche:xiaoche_instance|PosCounter:pos_counter3|lpm_divide:Div0|lpm_divide_mhm:auto_generated|sign_div_unsign_nlh:divider|alt_u_div_p5f:divider|StageOut[81]~329            ; 2       ;
; xiaoche:xiaoche_instance|PosCounter:pos_counter3|lpm_divide:Div0|lpm_divide_mhm:auto_generated|sign_div_unsign_nlh:divider|alt_u_div_p5f:divider|StageOut[73]~327            ; 2       ;
; xiaoche:xiaoche_instance|PosCounter:pos_counter3|lpm_divide:Div0|lpm_divide_mhm:auto_generated|sign_div_unsign_nlh:divider|alt_u_div_p5f:divider|StageOut[74]~326            ; 2       ;
; xiaoche:xiaoche_instance|PosCounter:pos_counter3|lpm_divide:Div0|lpm_divide_mhm:auto_generated|sign_div_unsign_nlh:divider|alt_u_div_p5f:divider|StageOut[66]~324            ; 2       ;
; xiaoche:xiaoche_instance|PosCounter:pos_counter3|lpm_divide:Div0|lpm_divide_mhm:auto_generated|sign_div_unsign_nlh:divider|alt_u_div_p5f:divider|StageOut[67]~323            ; 2       ;
; xiaoche:xiaoche_instance|PosCounter:pos_counter3|lpm_divide:Div0|lpm_divide_mhm:auto_generated|sign_div_unsign_nlh:divider|alt_u_div_p5f:divider|StageOut[59]~321            ; 2       ;
; xiaoche:xiaoche_instance|PosCounter:pos_counter3|lpm_divide:Div0|lpm_divide_mhm:auto_generated|sign_div_unsign_nlh:divider|alt_u_div_p5f:divider|StageOut[60]~320            ; 2       ;
; xiaoche:xiaoche_instance|PosCounter:pos_counter3|lpm_divide:Div0|lpm_divide_mhm:auto_generated|sign_div_unsign_nlh:divider|alt_u_div_p5f:divider|StageOut[52]~318            ; 2       ;
; xiaoche:xiaoche_instance|PosCounter:pos_counter3|lpm_divide:Div0|lpm_divide_mhm:auto_generated|sign_div_unsign_nlh:divider|alt_u_div_p5f:divider|StageOut[53]~317            ; 2       ;
; xiaoche:xiaoche_instance|PosCounter:pos_counter2|lpm_divide:Div0|lpm_divide_mhm:auto_generated|sign_div_unsign_nlh:divider|alt_u_div_p5f:divider|StageOut[122]~348           ; 2       ;
; xiaoche:xiaoche_instance|PosCounter:pos_counter2|lpm_divide:Div0|lpm_divide_mhm:auto_generated|sign_div_unsign_nlh:divider|alt_u_div_p5f:divider|StageOut[123]~347           ; 2       ;
; xiaoche:xiaoche_instance|PosCounter:pos_counter1|lpm_divide:Div0|lpm_divide_mhm:auto_generated|sign_div_unsign_nlh:divider|alt_u_div_p5f:divider|StageOut[122]~348           ; 2       ;
; xiaoche:xiaoche_instance|PosCounter:pos_counter1|lpm_divide:Div0|lpm_divide_mhm:auto_generated|sign_div_unsign_nlh:divider|alt_u_div_p5f:divider|StageOut[123]~347           ; 2       ;
; xiaoche:xiaoche_instance|PosCounter:pos_counter2|lpm_divide:Div0|lpm_divide_mhm:auto_generated|sign_div_unsign_nlh:divider|alt_u_div_p5f:divider|StageOut[115]~345           ; 2       ;
; xiaoche:xiaoche_instance|PosCounter:pos_counter2|lpm_divide:Div0|lpm_divide_mhm:auto_generated|sign_div_unsign_nlh:divider|alt_u_div_p5f:divider|StageOut[116]~344           ; 2       ;
; xiaoche:xiaoche_instance|PosCounter:pos_counter1|lpm_divide:Div0|lpm_divide_mhm:auto_generated|sign_div_unsign_nlh:divider|alt_u_div_p5f:divider|StageOut[115]~345           ; 2       ;
; xiaoche:xiaoche_instance|PosCounter:pos_counter1|lpm_divide:Div0|lpm_divide_mhm:auto_generated|sign_div_unsign_nlh:divider|alt_u_div_p5f:divider|StageOut[116]~344           ; 2       ;
; xiaoche:xiaoche_instance|PosCounter:pos_counter2|lpm_divide:Div0|lpm_divide_mhm:auto_generated|sign_div_unsign_nlh:divider|alt_u_div_p5f:divider|StageOut[108]~342           ; 2       ;
; xiaoche:xiaoche_instance|PosCounter:pos_counter2|lpm_divide:Div0|lpm_divide_mhm:auto_generated|sign_div_unsign_nlh:divider|alt_u_div_p5f:divider|StageOut[109]~341           ; 2       ;
; xiaoche:xiaoche_instance|PosCounter:pos_counter1|lpm_divide:Div0|lpm_divide_mhm:auto_generated|sign_div_unsign_nlh:divider|alt_u_div_p5f:divider|StageOut[108]~342           ; 2       ;
; xiaoche:xiaoche_instance|PosCounter:pos_counter1|lpm_divide:Div0|lpm_divide_mhm:auto_generated|sign_div_unsign_nlh:divider|alt_u_div_p5f:divider|StageOut[109]~341           ; 2       ;
; xiaoche:xiaoche_instance|PosCounter:pos_counter2|lpm_divide:Div0|lpm_divide_mhm:auto_generated|sign_div_unsign_nlh:divider|alt_u_div_p5f:divider|StageOut[101]~339           ; 2       ;
; xiaoche:xiaoche_instance|PosCounter:pos_counter2|lpm_divide:Div0|lpm_divide_mhm:auto_generated|sign_div_unsign_nlh:divider|alt_u_div_p5f:divider|StageOut[102]~338           ; 2       ;
; xiaoche:xiaoche_instance|PosCounter:pos_counter1|lpm_divide:Div0|lpm_divide_mhm:auto_generated|sign_div_unsign_nlh:divider|alt_u_div_p5f:divider|StageOut[101]~339           ; 2       ;
; xiaoche:xiaoche_instance|PosCounter:pos_counter1|lpm_divide:Div0|lpm_divide_mhm:auto_generated|sign_div_unsign_nlh:divider|alt_u_div_p5f:divider|StageOut[102]~338           ; 2       ;
; xiaoche:xiaoche_instance|PosCounter:pos_counter2|lpm_divide:Div0|lpm_divide_mhm:auto_generated|sign_div_unsign_nlh:divider|alt_u_div_p5f:divider|StageOut[94]~336            ; 2       ;
; xiaoche:xiaoche_instance|PosCounter:pos_counter2|lpm_divide:Div0|lpm_divide_mhm:auto_generated|sign_div_unsign_nlh:divider|alt_u_div_p5f:divider|StageOut[95]~335            ; 2       ;
; xiaoche:xiaoche_instance|PosCounter:pos_counter1|lpm_divide:Div0|lpm_divide_mhm:auto_generated|sign_div_unsign_nlh:divider|alt_u_div_p5f:divider|StageOut[94]~336            ; 2       ;
; xiaoche:xiaoche_instance|PosCounter:pos_counter1|lpm_divide:Div0|lpm_divide_mhm:auto_generated|sign_div_unsign_nlh:divider|alt_u_div_p5f:divider|StageOut[95]~335            ; 2       ;
; xiaoche:xiaoche_instance|PosCounter:pos_counter2|lpm_divide:Div0|lpm_divide_mhm:auto_generated|sign_div_unsign_nlh:divider|alt_u_div_p5f:divider|StageOut[87]~333            ; 2       ;
; xiaoche:xiaoche_instance|PosCounter:pos_counter2|lpm_divide:Div0|lpm_divide_mhm:auto_generated|sign_div_unsign_nlh:divider|alt_u_div_p5f:divider|StageOut[88]~332            ; 2       ;
; xiaoche:xiaoche_instance|PosCounter:pos_counter1|lpm_divide:Div0|lpm_divide_mhm:auto_generated|sign_div_unsign_nlh:divider|alt_u_div_p5f:divider|StageOut[87]~333            ; 2       ;
; xiaoche:xiaoche_instance|PosCounter:pos_counter1|lpm_divide:Div0|lpm_divide_mhm:auto_generated|sign_div_unsign_nlh:divider|alt_u_div_p5f:divider|StageOut[88]~332            ; 2       ;
; xiaoche:xiaoche_instance|PosCounter:pos_counter2|lpm_divide:Div0|lpm_divide_mhm:auto_generated|sign_div_unsign_nlh:divider|alt_u_div_p5f:divider|StageOut[80]~330            ; 2       ;
; xiaoche:xiaoche_instance|PosCounter:pos_counter2|lpm_divide:Div0|lpm_divide_mhm:auto_generated|sign_div_unsign_nlh:divider|alt_u_div_p5f:divider|StageOut[81]~329            ; 2       ;
; xiaoche:xiaoche_instance|PosCounter:pos_counter1|lpm_divide:Div0|lpm_divide_mhm:auto_generated|sign_div_unsign_nlh:divider|alt_u_div_p5f:divider|StageOut[80]~330            ; 2       ;
; xiaoche:xiaoche_instance|PosCounter:pos_counter1|lpm_divide:Div0|lpm_divide_mhm:auto_generated|sign_div_unsign_nlh:divider|alt_u_div_p5f:divider|StageOut[81]~329            ; 2       ;
; xiaoche:xiaoche_instance|PosCounter:pos_counter2|lpm_divide:Div0|lpm_divide_mhm:auto_generated|sign_div_unsign_nlh:divider|alt_u_div_p5f:divider|StageOut[73]~327            ; 2       ;
; xiaoche:xiaoche_instance|PosCounter:pos_counter2|lpm_divide:Div0|lpm_divide_mhm:auto_generated|sign_div_unsign_nlh:divider|alt_u_div_p5f:divider|StageOut[74]~326            ; 2       ;
; xiaoche:xiaoche_instance|PosCounter:pos_counter1|lpm_divide:Div0|lpm_divide_mhm:auto_generated|sign_div_unsign_nlh:divider|alt_u_div_p5f:divider|StageOut[73]~327            ; 2       ;
; xiaoche:xiaoche_instance|PosCounter:pos_counter1|lpm_divide:Div0|lpm_divide_mhm:auto_generated|sign_div_unsign_nlh:divider|alt_u_div_p5f:divider|StageOut[74]~326            ; 2       ;
; xiaoche:xiaoche_instance|PosCounter:pos_counter2|lpm_divide:Div0|lpm_divide_mhm:auto_generated|sign_div_unsign_nlh:divider|alt_u_div_p5f:divider|StageOut[66]~324            ; 2       ;
; xiaoche:xiaoche_instance|PosCounter:pos_counter2|lpm_divide:Div0|lpm_divide_mhm:auto_generated|sign_div_unsign_nlh:divider|alt_u_div_p5f:divider|StageOut[67]~323            ; 2       ;
; xiaoche:xiaoche_instance|PosCounter:pos_counter1|lpm_divide:Div0|lpm_divide_mhm:auto_generated|sign_div_unsign_nlh:divider|alt_u_div_p5f:divider|StageOut[66]~324            ; 2       ;
; xiaoche:xiaoche_instance|PosCounter:pos_counter1|lpm_divide:Div0|lpm_divide_mhm:auto_generated|sign_div_unsign_nlh:divider|alt_u_div_p5f:divider|StageOut[67]~323            ; 2       ;
; xiaoche:xiaoche_instance|PosCounter:pos_counter2|lpm_divide:Div0|lpm_divide_mhm:auto_generated|sign_div_unsign_nlh:divider|alt_u_div_p5f:divider|StageOut[59]~321            ; 2       ;
; xiaoche:xiaoche_instance|PosCounter:pos_counter2|lpm_divide:Div0|lpm_divide_mhm:auto_generated|sign_div_unsign_nlh:divider|alt_u_div_p5f:divider|StageOut[60]~320            ; 2       ;
; xiaoche:xiaoche_instance|PosCounter:pos_counter1|lpm_divide:Div0|lpm_divide_mhm:auto_generated|sign_div_unsign_nlh:divider|alt_u_div_p5f:divider|StageOut[59]~321            ; 2       ;
; xiaoche:xiaoche_instance|PosCounter:pos_counter1|lpm_divide:Div0|lpm_divide_mhm:auto_generated|sign_div_unsign_nlh:divider|alt_u_div_p5f:divider|StageOut[60]~320            ; 2       ;
; xiaoche:xiaoche_instance|PosCounter:pos_counter2|lpm_divide:Div0|lpm_divide_mhm:auto_generated|sign_div_unsign_nlh:divider|alt_u_div_p5f:divider|StageOut[52]~318            ; 2       ;
; xiaoche:xiaoche_instance|PosCounter:pos_counter2|lpm_divide:Div0|lpm_divide_mhm:auto_generated|sign_div_unsign_nlh:divider|alt_u_div_p5f:divider|StageOut[53]~317            ; 2       ;
; xiaoche:xiaoche_instance|PosCounter:pos_counter1|lpm_divide:Div0|lpm_divide_mhm:auto_generated|sign_div_unsign_nlh:divider|alt_u_div_p5f:divider|StageOut[52]~318            ; 2       ;
; xiaoche:xiaoche_instance|PosCounter:pos_counter1|lpm_divide:Div0|lpm_divide_mhm:auto_generated|sign_div_unsign_nlh:divider|alt_u_div_p5f:divider|StageOut[53]~317            ; 2       ;
; xiaoche:xiaoche_instance|xunji:xunji_instance|left_dir~17                                                                                                                    ; 2       ;
; xiaoche:xiaoche_instance|PosCounter:pos_counter3|Selector1~0                                                                                                                 ; 2       ;
; xiaoche:xiaoche_instance|PosCounter:pos_counter2|Selector2~1                                                                                                                 ; 2       ;
; xiaoche:xiaoche_instance|PosCounter:pos_counter1|Selector2~1                                                                                                                 ; 2       ;
; xiaoche:xiaoche_instance|PosCounter:pos_counter3|count[0]                                                                                                                    ; 2       ;
; xiaoche:xiaoche_instance|PosCounter:pos_counter2|count[0]                                                                                                                    ; 2       ;
; xiaoche:xiaoche_instance|PosCounter:pos_counter1|count[0]                                                                                                                    ; 2       ;
; xiaoche:xiaoche_instance|boche:boche_executor|prev_mode[1]                                                                                                                   ; 2       ;
; xiaoche:xiaoche_instance|boche:boche_executor|prev_mode[0]                                                                                                                   ; 2       ;
; xiaoche:xiaoche_instance|boche:boche_executor|current_state~19                                                                                                               ; 2       ;
; xiaoche:xiaoche_instance|boche:boche_executor|LessThan1~5                                                                                                                    ; 2       ;
; xiaoche:xiaoche_instance|boche:boche_executor|current_state~17                                                                                                               ; 2       ;
; xiaoche:xiaoche_instance|boche:boche_executor|timer[31]~34                                                                                                                   ; 2       ;
; xiaoche:xiaoche_instance|boche:boche_executor|LessThan2~0                                                                                                                    ; 2       ;
; xiaoche:xiaoche_instance|boche:boche_executor|timer[31]~33                                                                                                                   ; 2       ;
; xiaoche:xiaoche_instance|Mux2~3                                                                                                                                              ; 2       ;
; xiaoche:xiaoche_instance|Mux2~2                                                                                                                                              ; 2       ;
; xiaoche:xiaoche_instance|min_distance~4                                                                                                                                      ; 2       ;
; xiaoche:xiaoche_instance|Mux1~0                                                                                                                                              ; 2       ;
; xiaoche:xiaoche_instance|PosCounter:pos_counter3|dis_reg[1]                                                                                                                  ; 2       ;
; xiaoche:xiaoche_instance|PosCounter:pos_counter3|dis_reg[19]                                                                                                                 ; 2       ;
; xiaoche:xiaoche_instance|PosCounter:pos_counter2|dis_reg[1]                                                                                                                  ; 2       ;
; xiaoche:xiaoche_instance|PosCounter:pos_counter1|dis_reg[1]                                                                                                                  ; 2       ;
; xiaoche:xiaoche_instance|PosCounter:pos_counter2|dis_reg[19]                                                                                                                 ; 2       ;
; xiaoche:xiaoche_instance|PosCounter:pos_counter1|dis_reg[19]                                                                                                                 ; 2       ;
; xiaoche:xiaoche_instance|enable_prev                                                                                                                                         ; 2       ;
; xiaoche:xiaoche_instance|everything:path_executor|LessThan0~1                                                                                                                ; 2       ;
; xiaoche:xiaoche_instance|everything:path_executor|Selector43~0                                                                                                               ; 2       ;
; xiaoche:xiaoche_instance|xunji:xunji_instance|right_dir~4                                                                                                                    ; 2       ;
; xiaoche:xiaoche_instance|xunji:xunji_instance|pwm_value~7                                                                                                                    ; 2       ;
; xiaoche:xiaoche_instance|xunji:xunji_instance|LessThan0~5                                                                                                                    ; 2       ;
; xiaoche:xiaoche_instance|xunji:xunji_instance|LessThan0~4                                                                                                                    ; 2       ;
; xiaoche:xiaoche_instance|xunji:xunji_instance|LessThan0~0                                                                                                                    ; 2       ;
; xiaoche:xiaoche_instance|everything:path_executor|Selector44~0                                                                                                               ; 2       ;
; xiaoche:xiaoche_instance|Mux10~1                                                                                                                                             ; 2       ;
; xiaoche:xiaoche_instance|steer_state~16                                                                                                                                      ; 2       ;
; xiaoche:xiaoche_instance|xunji:xunji_instance|left_dir~13                                                                                                                    ; 2       ;
; xiaoche:xiaoche_instance|current_mode[1]~0                                                                                                                                   ; 2       ;
; xiaoche:xiaoche_instance|LessThan0~2                                                                                                                                         ; 2       ;
; xiaoche:xiaoche_instance|boche:boche_executor|right[1]                                                                                                                       ; 2       ;
; xiaoche:xiaoche_instance|everything:path_executor|right[1]                                                                                                                   ; 2       ;
; xiaoche:xiaoche_instance|boche:boche_executor|right[0]                                                                                                                       ; 2       ;
; xiaoche:xiaoche_instance|everything:path_executor|right[0]                                                                                                                   ; 2       ;
; xiaoche:xiaoche_instance|boche:boche_executor|left[1]                                                                                                                        ; 2       ;
; xiaoche:xiaoche_instance|everything:path_executor|left[0]                                                                                                                    ; 2       ;
; xiaoche:xiaoche_instance|Equal1~2                                                                                                                                            ; 2       ;
; xiaoche:xiaoche_instance|Equal1~1                                                                                                                                            ; 2       ;
; xiaoche:xiaoche_instance|everything:path_executor|timer[9]                                                                                                                   ; 2       ;
; xiaoche:xiaoche_instance|boche:boche_executor|timer[7]                                                                                                                       ; 2       ;
; xiaoche:xiaoche_instance|boche:boche_executor|timer[31]                                                                                                                      ; 2       ;
; xiaoche:xiaoche_instance|boche:boche_executor|timer[30]                                                                                                                      ; 2       ;
; xiaoche:xiaoche_instance|boche:boche_executor|timer[29]                                                                                                                      ; 2       ;
; xiaoche:xiaoche_instance|boche:boche_executor|timer[28]                                                                                                                      ; 2       ;
; xiaoche:xiaoche_instance|boche:boche_executor|timer[27]                                                                                                                      ; 2       ;
; xiaoche:xiaoche_instance|boche:boche_executor|timer[26]                                                                                                                      ; 2       ;
; xiaoche:xiaoche_instance|boche:boche_executor|timer[25]                                                                                                                      ; 2       ;
; xiaoche:xiaoche_instance|LessThan8~38                                                                                                                                        ; 2       ;
; xiaoche:xiaoche_instance|PosCounter:pos_counter3|lpm_divide:Div0|lpm_divide_mhm:auto_generated|sign_div_unsign_nlh:divider|alt_u_div_p5f:divider|add_sub_17_result_int[4]~6  ; 2       ;
; xiaoche:xiaoche_instance|PosCounter:pos_counter3|lpm_divide:Div0|lpm_divide_mhm:auto_generated|sign_div_unsign_nlh:divider|alt_u_div_p5f:divider|add_sub_17_result_int[3]~4  ; 2       ;
; xiaoche:xiaoche_instance|PosCounter:pos_counter3|lpm_divide:Div0|lpm_divide_mhm:auto_generated|sign_div_unsign_nlh:divider|alt_u_div_p5f:divider|add_sub_17_result_int[2]~2  ; 2       ;
; xiaoche:xiaoche_instance|PosCounter:pos_counter3|lpm_divide:Div0|lpm_divide_mhm:auto_generated|sign_div_unsign_nlh:divider|alt_u_div_p5f:divider|add_sub_17_result_int[1]~0  ; 2       ;
; xiaoche:xiaoche_instance|PosCounter:pos_counter3|lpm_divide:Div0|lpm_divide_mhm:auto_generated|sign_div_unsign_nlh:divider|alt_u_div_p5f:divider|add_sub_16_result_int[4]~6  ; 2       ;
; xiaoche:xiaoche_instance|PosCounter:pos_counter3|lpm_divide:Div0|lpm_divide_mhm:auto_generated|sign_div_unsign_nlh:divider|alt_u_div_p5f:divider|add_sub_16_result_int[3]~4  ; 2       ;
; xiaoche:xiaoche_instance|PosCounter:pos_counter3|lpm_divide:Div0|lpm_divide_mhm:auto_generated|sign_div_unsign_nlh:divider|alt_u_div_p5f:divider|add_sub_16_result_int[2]~2  ; 2       ;
; xiaoche:xiaoche_instance|PosCounter:pos_counter3|lpm_divide:Div0|lpm_divide_mhm:auto_generated|sign_div_unsign_nlh:divider|alt_u_div_p5f:divider|add_sub_16_result_int[1]~0  ; 2       ;
; xiaoche:xiaoche_instance|PosCounter:pos_counter3|lpm_divide:Div0|lpm_divide_mhm:auto_generated|sign_div_unsign_nlh:divider|alt_u_div_p5f:divider|add_sub_15_result_int[4]~6  ; 2       ;
; xiaoche:xiaoche_instance|PosCounter:pos_counter3|lpm_divide:Div0|lpm_divide_mhm:auto_generated|sign_div_unsign_nlh:divider|alt_u_div_p5f:divider|add_sub_15_result_int[3]~4  ; 2       ;
; xiaoche:xiaoche_instance|PosCounter:pos_counter3|lpm_divide:Div0|lpm_divide_mhm:auto_generated|sign_div_unsign_nlh:divider|alt_u_div_p5f:divider|add_sub_15_result_int[2]~2  ; 2       ;
; xiaoche:xiaoche_instance|PosCounter:pos_counter3|lpm_divide:Div0|lpm_divide_mhm:auto_generated|sign_div_unsign_nlh:divider|alt_u_div_p5f:divider|add_sub_15_result_int[1]~0  ; 2       ;
; xiaoche:xiaoche_instance|PosCounter:pos_counter3|lpm_divide:Div0|lpm_divide_mhm:auto_generated|sign_div_unsign_nlh:divider|alt_u_div_p5f:divider|add_sub_14_result_int[4]~6  ; 2       ;
; xiaoche:xiaoche_instance|PosCounter:pos_counter3|lpm_divide:Div0|lpm_divide_mhm:auto_generated|sign_div_unsign_nlh:divider|alt_u_div_p5f:divider|add_sub_14_result_int[3]~4  ; 2       ;
; xiaoche:xiaoche_instance|PosCounter:pos_counter3|lpm_divide:Div0|lpm_divide_mhm:auto_generated|sign_div_unsign_nlh:divider|alt_u_div_p5f:divider|add_sub_14_result_int[2]~2  ; 2       ;
; xiaoche:xiaoche_instance|PosCounter:pos_counter3|lpm_divide:Div0|lpm_divide_mhm:auto_generated|sign_div_unsign_nlh:divider|alt_u_div_p5f:divider|add_sub_14_result_int[1]~0  ; 2       ;
; xiaoche:xiaoche_instance|PosCounter:pos_counter3|lpm_divide:Div0|lpm_divide_mhm:auto_generated|sign_div_unsign_nlh:divider|alt_u_div_p5f:divider|add_sub_13_result_int[4]~6  ; 2       ;
; xiaoche:xiaoche_instance|PosCounter:pos_counter3|lpm_divide:Div0|lpm_divide_mhm:auto_generated|sign_div_unsign_nlh:divider|alt_u_div_p5f:divider|add_sub_13_result_int[3]~4  ; 2       ;
; xiaoche:xiaoche_instance|PosCounter:pos_counter3|lpm_divide:Div0|lpm_divide_mhm:auto_generated|sign_div_unsign_nlh:divider|alt_u_div_p5f:divider|add_sub_13_result_int[2]~2  ; 2       ;
; xiaoche:xiaoche_instance|PosCounter:pos_counter3|lpm_divide:Div0|lpm_divide_mhm:auto_generated|sign_div_unsign_nlh:divider|alt_u_div_p5f:divider|add_sub_13_result_int[1]~0  ; 2       ;
; xiaoche:xiaoche_instance|PosCounter:pos_counter3|lpm_divide:Div0|lpm_divide_mhm:auto_generated|sign_div_unsign_nlh:divider|alt_u_div_p5f:divider|add_sub_12_result_int[4]~6  ; 2       ;
; xiaoche:xiaoche_instance|PosCounter:pos_counter3|lpm_divide:Div0|lpm_divide_mhm:auto_generated|sign_div_unsign_nlh:divider|alt_u_div_p5f:divider|add_sub_12_result_int[3]~4  ; 2       ;
; xiaoche:xiaoche_instance|PosCounter:pos_counter3|lpm_divide:Div0|lpm_divide_mhm:auto_generated|sign_div_unsign_nlh:divider|alt_u_div_p5f:divider|add_sub_12_result_int[2]~2  ; 2       ;
; xiaoche:xiaoche_instance|PosCounter:pos_counter3|lpm_divide:Div0|lpm_divide_mhm:auto_generated|sign_div_unsign_nlh:divider|alt_u_div_p5f:divider|add_sub_12_result_int[1]~0  ; 2       ;
; xiaoche:xiaoche_instance|PosCounter:pos_counter3|lpm_divide:Div0|lpm_divide_mhm:auto_generated|sign_div_unsign_nlh:divider|alt_u_div_p5f:divider|add_sub_11_result_int[4]~6  ; 2       ;
; xiaoche:xiaoche_instance|PosCounter:pos_counter3|lpm_divide:Div0|lpm_divide_mhm:auto_generated|sign_div_unsign_nlh:divider|alt_u_div_p5f:divider|add_sub_11_result_int[3]~4  ; 2       ;
; xiaoche:xiaoche_instance|PosCounter:pos_counter3|lpm_divide:Div0|lpm_divide_mhm:auto_generated|sign_div_unsign_nlh:divider|alt_u_div_p5f:divider|add_sub_11_result_int[2]~2  ; 2       ;
; xiaoche:xiaoche_instance|PosCounter:pos_counter3|lpm_divide:Div0|lpm_divide_mhm:auto_generated|sign_div_unsign_nlh:divider|alt_u_div_p5f:divider|add_sub_11_result_int[1]~0  ; 2       ;
; xiaoche:xiaoche_instance|PosCounter:pos_counter3|lpm_divide:Div0|lpm_divide_mhm:auto_generated|sign_div_unsign_nlh:divider|alt_u_div_p5f:divider|add_sub_10_result_int[4]~6  ; 2       ;
; xiaoche:xiaoche_instance|PosCounter:pos_counter3|lpm_divide:Div0|lpm_divide_mhm:auto_generated|sign_div_unsign_nlh:divider|alt_u_div_p5f:divider|add_sub_10_result_int[3]~4  ; 2       ;
; xiaoche:xiaoche_instance|PosCounter:pos_counter3|lpm_divide:Div0|lpm_divide_mhm:auto_generated|sign_div_unsign_nlh:divider|alt_u_div_p5f:divider|add_sub_10_result_int[2]~2  ; 2       ;
; xiaoche:xiaoche_instance|PosCounter:pos_counter3|lpm_divide:Div0|lpm_divide_mhm:auto_generated|sign_div_unsign_nlh:divider|alt_u_div_p5f:divider|add_sub_10_result_int[1]~0  ; 2       ;
; xiaoche:xiaoche_instance|PosCounter:pos_counter3|lpm_divide:Div0|lpm_divide_mhm:auto_generated|sign_div_unsign_nlh:divider|alt_u_div_p5f:divider|add_sub_9_result_int[4]~6   ; 2       ;
; xiaoche:xiaoche_instance|PosCounter:pos_counter3|lpm_divide:Div0|lpm_divide_mhm:auto_generated|sign_div_unsign_nlh:divider|alt_u_div_p5f:divider|add_sub_9_result_int[3]~4   ; 2       ;
; xiaoche:xiaoche_instance|PosCounter:pos_counter3|lpm_divide:Div0|lpm_divide_mhm:auto_generated|sign_div_unsign_nlh:divider|alt_u_div_p5f:divider|add_sub_9_result_int[2]~2   ; 2       ;
; xiaoche:xiaoche_instance|PosCounter:pos_counter3|lpm_divide:Div0|lpm_divide_mhm:auto_generated|sign_div_unsign_nlh:divider|alt_u_div_p5f:divider|add_sub_9_result_int[1]~0   ; 2       ;
; xiaoche:xiaoche_instance|PosCounter:pos_counter3|lpm_divide:Div0|lpm_divide_mhm:auto_generated|sign_div_unsign_nlh:divider|alt_u_div_p5f:divider|add_sub_8_result_int[4]~6   ; 2       ;
; xiaoche:xiaoche_instance|PosCounter:pos_counter3|lpm_divide:Div0|lpm_divide_mhm:auto_generated|sign_div_unsign_nlh:divider|alt_u_div_p5f:divider|add_sub_8_result_int[3]~4   ; 2       ;
; xiaoche:xiaoche_instance|PosCounter:pos_counter3|lpm_divide:Div0|lpm_divide_mhm:auto_generated|sign_div_unsign_nlh:divider|alt_u_div_p5f:divider|add_sub_8_result_int[2]~2   ; 2       ;
; xiaoche:xiaoche_instance|PosCounter:pos_counter3|lpm_divide:Div0|lpm_divide_mhm:auto_generated|sign_div_unsign_nlh:divider|alt_u_div_p5f:divider|add_sub_8_result_int[1]~0   ; 2       ;
; xiaoche:xiaoche_instance|PosCounter:pos_counter3|lpm_divide:Div0|lpm_divide_mhm:auto_generated|sign_div_unsign_nlh:divider|alt_u_div_p5f:divider|add_sub_7_result_int[4]~6   ; 2       ;
; xiaoche:xiaoche_instance|PosCounter:pos_counter3|lpm_divide:Div0|lpm_divide_mhm:auto_generated|sign_div_unsign_nlh:divider|alt_u_div_p5f:divider|add_sub_7_result_int[3]~4   ; 2       ;
; xiaoche:xiaoche_instance|PosCounter:pos_counter3|lpm_divide:Div0|lpm_divide_mhm:auto_generated|sign_div_unsign_nlh:divider|alt_u_div_p5f:divider|add_sub_7_result_int[2]~2   ; 2       ;
; xiaoche:xiaoche_instance|PosCounter:pos_counter3|lpm_divide:Div0|lpm_divide_mhm:auto_generated|sign_div_unsign_nlh:divider|alt_u_div_p5f:divider|add_sub_7_result_int[1]~0   ; 2       ;
; xiaoche:xiaoche_instance|PosCounter:pos_counter3|lpm_divide:Div0|lpm_divide_mhm:auto_generated|sign_div_unsign_nlh:divider|alt_u_div_p5f:divider|add_sub_6_result_int[4]~6   ; 2       ;
; xiaoche:xiaoche_instance|PosCounter:pos_counter3|lpm_divide:Div0|lpm_divide_mhm:auto_generated|sign_div_unsign_nlh:divider|alt_u_div_p5f:divider|add_sub_6_result_int[3]~4   ; 2       ;
; xiaoche:xiaoche_instance|PosCounter:pos_counter3|lpm_divide:Div0|lpm_divide_mhm:auto_generated|sign_div_unsign_nlh:divider|alt_u_div_p5f:divider|add_sub_6_result_int[2]~2   ; 2       ;
; xiaoche:xiaoche_instance|PosCounter:pos_counter3|lpm_divide:Div0|lpm_divide_mhm:auto_generated|sign_div_unsign_nlh:divider|alt_u_div_p5f:divider|add_sub_6_result_int[1]~0   ; 2       ;
; xiaoche:xiaoche_instance|PosCounter:pos_counter3|lpm_divide:Div0|lpm_divide_mhm:auto_generated|sign_div_unsign_nlh:divider|alt_u_div_p5f:divider|add_sub_5_result_int[4]~6   ; 2       ;
; xiaoche:xiaoche_instance|PosCounter:pos_counter3|lpm_divide:Div0|lpm_divide_mhm:auto_generated|sign_div_unsign_nlh:divider|alt_u_div_p5f:divider|add_sub_5_result_int[3]~4   ; 2       ;
; xiaoche:xiaoche_instance|PosCounter:pos_counter3|lpm_divide:Div0|lpm_divide_mhm:auto_generated|sign_div_unsign_nlh:divider|alt_u_div_p5f:divider|add_sub_5_result_int[2]~2   ; 2       ;
; xiaoche:xiaoche_instance|PosCounter:pos_counter3|lpm_divide:Div0|lpm_divide_mhm:auto_generated|sign_div_unsign_nlh:divider|alt_u_div_p5f:divider|add_sub_5_result_int[1]~0   ; 2       ;
; xiaoche:xiaoche_instance|PosCounter:pos_counter2|lpm_divide:Div0|lpm_divide_mhm:auto_generated|sign_div_unsign_nlh:divider|alt_u_div_p5f:divider|add_sub_17_result_int[4]~6  ; 2       ;
; xiaoche:xiaoche_instance|PosCounter:pos_counter2|lpm_divide:Div0|lpm_divide_mhm:auto_generated|sign_div_unsign_nlh:divider|alt_u_div_p5f:divider|add_sub_17_result_int[3]~4  ; 2       ;
; xiaoche:xiaoche_instance|PosCounter:pos_counter2|lpm_divide:Div0|lpm_divide_mhm:auto_generated|sign_div_unsign_nlh:divider|alt_u_div_p5f:divider|add_sub_17_result_int[2]~2  ; 2       ;
; xiaoche:xiaoche_instance|PosCounter:pos_counter2|lpm_divide:Div0|lpm_divide_mhm:auto_generated|sign_div_unsign_nlh:divider|alt_u_div_p5f:divider|add_sub_17_result_int[1]~0  ; 2       ;
; xiaoche:xiaoche_instance|PosCounter:pos_counter1|lpm_divide:Div0|lpm_divide_mhm:auto_generated|sign_div_unsign_nlh:divider|alt_u_div_p5f:divider|add_sub_17_result_int[4]~6  ; 2       ;
; xiaoche:xiaoche_instance|PosCounter:pos_counter1|lpm_divide:Div0|lpm_divide_mhm:auto_generated|sign_div_unsign_nlh:divider|alt_u_div_p5f:divider|add_sub_17_result_int[3]~4  ; 2       ;
; xiaoche:xiaoche_instance|PosCounter:pos_counter1|lpm_divide:Div0|lpm_divide_mhm:auto_generated|sign_div_unsign_nlh:divider|alt_u_div_p5f:divider|add_sub_17_result_int[2]~2  ; 2       ;
; xiaoche:xiaoche_instance|PosCounter:pos_counter1|lpm_divide:Div0|lpm_divide_mhm:auto_generated|sign_div_unsign_nlh:divider|alt_u_div_p5f:divider|add_sub_17_result_int[1]~0  ; 2       ;
; xiaoche:xiaoche_instance|PosCounter:pos_counter2|lpm_divide:Div0|lpm_divide_mhm:auto_generated|sign_div_unsign_nlh:divider|alt_u_div_p5f:divider|add_sub_16_result_int[4]~6  ; 2       ;
; xiaoche:xiaoche_instance|PosCounter:pos_counter2|lpm_divide:Div0|lpm_divide_mhm:auto_generated|sign_div_unsign_nlh:divider|alt_u_div_p5f:divider|add_sub_16_result_int[3]~4  ; 2       ;
; xiaoche:xiaoche_instance|PosCounter:pos_counter2|lpm_divide:Div0|lpm_divide_mhm:auto_generated|sign_div_unsign_nlh:divider|alt_u_div_p5f:divider|add_sub_16_result_int[2]~2  ; 2       ;
; xiaoche:xiaoche_instance|PosCounter:pos_counter2|lpm_divide:Div0|lpm_divide_mhm:auto_generated|sign_div_unsign_nlh:divider|alt_u_div_p5f:divider|add_sub_16_result_int[1]~0  ; 2       ;
; xiaoche:xiaoche_instance|PosCounter:pos_counter1|lpm_divide:Div0|lpm_divide_mhm:auto_generated|sign_div_unsign_nlh:divider|alt_u_div_p5f:divider|add_sub_16_result_int[4]~6  ; 2       ;
; xiaoche:xiaoche_instance|PosCounter:pos_counter1|lpm_divide:Div0|lpm_divide_mhm:auto_generated|sign_div_unsign_nlh:divider|alt_u_div_p5f:divider|add_sub_16_result_int[3]~4  ; 2       ;
; xiaoche:xiaoche_instance|PosCounter:pos_counter1|lpm_divide:Div0|lpm_divide_mhm:auto_generated|sign_div_unsign_nlh:divider|alt_u_div_p5f:divider|add_sub_16_result_int[2]~2  ; 2       ;
; xiaoche:xiaoche_instance|PosCounter:pos_counter1|lpm_divide:Div0|lpm_divide_mhm:auto_generated|sign_div_unsign_nlh:divider|alt_u_div_p5f:divider|add_sub_16_result_int[1]~0  ; 2       ;
; xiaoche:xiaoche_instance|PosCounter:pos_counter2|lpm_divide:Div0|lpm_divide_mhm:auto_generated|sign_div_unsign_nlh:divider|alt_u_div_p5f:divider|add_sub_15_result_int[4]~6  ; 2       ;
; xiaoche:xiaoche_instance|PosCounter:pos_counter2|lpm_divide:Div0|lpm_divide_mhm:auto_generated|sign_div_unsign_nlh:divider|alt_u_div_p5f:divider|add_sub_15_result_int[3]~4  ; 2       ;
; xiaoche:xiaoche_instance|PosCounter:pos_counter2|lpm_divide:Div0|lpm_divide_mhm:auto_generated|sign_div_unsign_nlh:divider|alt_u_div_p5f:divider|add_sub_15_result_int[2]~2  ; 2       ;
; xiaoche:xiaoche_instance|PosCounter:pos_counter2|lpm_divide:Div0|lpm_divide_mhm:auto_generated|sign_div_unsign_nlh:divider|alt_u_div_p5f:divider|add_sub_15_result_int[1]~0  ; 2       ;
; xiaoche:xiaoche_instance|PosCounter:pos_counter1|lpm_divide:Div0|lpm_divide_mhm:auto_generated|sign_div_unsign_nlh:divider|alt_u_div_p5f:divider|add_sub_15_result_int[4]~6  ; 2       ;
; xiaoche:xiaoche_instance|PosCounter:pos_counter1|lpm_divide:Div0|lpm_divide_mhm:auto_generated|sign_div_unsign_nlh:divider|alt_u_div_p5f:divider|add_sub_15_result_int[3]~4  ; 2       ;
; xiaoche:xiaoche_instance|PosCounter:pos_counter1|lpm_divide:Div0|lpm_divide_mhm:auto_generated|sign_div_unsign_nlh:divider|alt_u_div_p5f:divider|add_sub_15_result_int[2]~2  ; 2       ;
; xiaoche:xiaoche_instance|PosCounter:pos_counter1|lpm_divide:Div0|lpm_divide_mhm:auto_generated|sign_div_unsign_nlh:divider|alt_u_div_p5f:divider|add_sub_15_result_int[1]~0  ; 2       ;
; xiaoche:xiaoche_instance|PosCounter:pos_counter2|lpm_divide:Div0|lpm_divide_mhm:auto_generated|sign_div_unsign_nlh:divider|alt_u_div_p5f:divider|add_sub_14_result_int[4]~6  ; 2       ;
; xiaoche:xiaoche_instance|PosCounter:pos_counter2|lpm_divide:Div0|lpm_divide_mhm:auto_generated|sign_div_unsign_nlh:divider|alt_u_div_p5f:divider|add_sub_14_result_int[3]~4  ; 2       ;
; xiaoche:xiaoche_instance|PosCounter:pos_counter2|lpm_divide:Div0|lpm_divide_mhm:auto_generated|sign_div_unsign_nlh:divider|alt_u_div_p5f:divider|add_sub_14_result_int[2]~2  ; 2       ;
; xiaoche:xiaoche_instance|PosCounter:pos_counter2|lpm_divide:Div0|lpm_divide_mhm:auto_generated|sign_div_unsign_nlh:divider|alt_u_div_p5f:divider|add_sub_14_result_int[1]~0  ; 2       ;
; xiaoche:xiaoche_instance|PosCounter:pos_counter1|lpm_divide:Div0|lpm_divide_mhm:auto_generated|sign_div_unsign_nlh:divider|alt_u_div_p5f:divider|add_sub_14_result_int[4]~6  ; 2       ;
; xiaoche:xiaoche_instance|PosCounter:pos_counter1|lpm_divide:Div0|lpm_divide_mhm:auto_generated|sign_div_unsign_nlh:divider|alt_u_div_p5f:divider|add_sub_14_result_int[3]~4  ; 2       ;
; xiaoche:xiaoche_instance|PosCounter:pos_counter1|lpm_divide:Div0|lpm_divide_mhm:auto_generated|sign_div_unsign_nlh:divider|alt_u_div_p5f:divider|add_sub_14_result_int[2]~2  ; 2       ;
; xiaoche:xiaoche_instance|PosCounter:pos_counter1|lpm_divide:Div0|lpm_divide_mhm:auto_generated|sign_div_unsign_nlh:divider|alt_u_div_p5f:divider|add_sub_14_result_int[1]~0  ; 2       ;
; xiaoche:xiaoche_instance|PosCounter:pos_counter2|lpm_divide:Div0|lpm_divide_mhm:auto_generated|sign_div_unsign_nlh:divider|alt_u_div_p5f:divider|add_sub_13_result_int[4]~6  ; 2       ;
; xiaoche:xiaoche_instance|PosCounter:pos_counter2|lpm_divide:Div0|lpm_divide_mhm:auto_generated|sign_div_unsign_nlh:divider|alt_u_div_p5f:divider|add_sub_13_result_int[3]~4  ; 2       ;
; xiaoche:xiaoche_instance|PosCounter:pos_counter2|lpm_divide:Div0|lpm_divide_mhm:auto_generated|sign_div_unsign_nlh:divider|alt_u_div_p5f:divider|add_sub_13_result_int[2]~2  ; 2       ;
; xiaoche:xiaoche_instance|PosCounter:pos_counter2|lpm_divide:Div0|lpm_divide_mhm:auto_generated|sign_div_unsign_nlh:divider|alt_u_div_p5f:divider|add_sub_13_result_int[1]~0  ; 2       ;
; xiaoche:xiaoche_instance|PosCounter:pos_counter1|lpm_divide:Div0|lpm_divide_mhm:auto_generated|sign_div_unsign_nlh:divider|alt_u_div_p5f:divider|add_sub_13_result_int[4]~6  ; 2       ;
; xiaoche:xiaoche_instance|PosCounter:pos_counter1|lpm_divide:Div0|lpm_divide_mhm:auto_generated|sign_div_unsign_nlh:divider|alt_u_div_p5f:divider|add_sub_13_result_int[3]~4  ; 2       ;
; xiaoche:xiaoche_instance|PosCounter:pos_counter1|lpm_divide:Div0|lpm_divide_mhm:auto_generated|sign_div_unsign_nlh:divider|alt_u_div_p5f:divider|add_sub_13_result_int[2]~2  ; 2       ;
; xiaoche:xiaoche_instance|PosCounter:pos_counter1|lpm_divide:Div0|lpm_divide_mhm:auto_generated|sign_div_unsign_nlh:divider|alt_u_div_p5f:divider|add_sub_13_result_int[1]~0  ; 2       ;
; xiaoche:xiaoche_instance|PosCounter:pos_counter2|lpm_divide:Div0|lpm_divide_mhm:auto_generated|sign_div_unsign_nlh:divider|alt_u_div_p5f:divider|add_sub_12_result_int[4]~6  ; 2       ;
; xiaoche:xiaoche_instance|PosCounter:pos_counter2|lpm_divide:Div0|lpm_divide_mhm:auto_generated|sign_div_unsign_nlh:divider|alt_u_div_p5f:divider|add_sub_12_result_int[3]~4  ; 2       ;
; xiaoche:xiaoche_instance|PosCounter:pos_counter2|lpm_divide:Div0|lpm_divide_mhm:auto_generated|sign_div_unsign_nlh:divider|alt_u_div_p5f:divider|add_sub_12_result_int[2]~2  ; 2       ;
; xiaoche:xiaoche_instance|PosCounter:pos_counter2|lpm_divide:Div0|lpm_divide_mhm:auto_generated|sign_div_unsign_nlh:divider|alt_u_div_p5f:divider|add_sub_12_result_int[1]~0  ; 2       ;
; xiaoche:xiaoche_instance|PosCounter:pos_counter1|lpm_divide:Div0|lpm_divide_mhm:auto_generated|sign_div_unsign_nlh:divider|alt_u_div_p5f:divider|add_sub_12_result_int[4]~6  ; 2       ;
; xiaoche:xiaoche_instance|PosCounter:pos_counter1|lpm_divide:Div0|lpm_divide_mhm:auto_generated|sign_div_unsign_nlh:divider|alt_u_div_p5f:divider|add_sub_12_result_int[3]~4  ; 2       ;
; xiaoche:xiaoche_instance|PosCounter:pos_counter1|lpm_divide:Div0|lpm_divide_mhm:auto_generated|sign_div_unsign_nlh:divider|alt_u_div_p5f:divider|add_sub_12_result_int[2]~2  ; 2       ;
; xiaoche:xiaoche_instance|PosCounter:pos_counter1|lpm_divide:Div0|lpm_divide_mhm:auto_generated|sign_div_unsign_nlh:divider|alt_u_div_p5f:divider|add_sub_12_result_int[1]~0  ; 2       ;
; xiaoche:xiaoche_instance|PosCounter:pos_counter2|lpm_divide:Div0|lpm_divide_mhm:auto_generated|sign_div_unsign_nlh:divider|alt_u_div_p5f:divider|add_sub_11_result_int[4]~6  ; 2       ;
; xiaoche:xiaoche_instance|PosCounter:pos_counter2|lpm_divide:Div0|lpm_divide_mhm:auto_generated|sign_div_unsign_nlh:divider|alt_u_div_p5f:divider|add_sub_11_result_int[3]~4  ; 2       ;
; xiaoche:xiaoche_instance|PosCounter:pos_counter2|lpm_divide:Div0|lpm_divide_mhm:auto_generated|sign_div_unsign_nlh:divider|alt_u_div_p5f:divider|add_sub_11_result_int[2]~2  ; 2       ;
; xiaoche:xiaoche_instance|PosCounter:pos_counter2|lpm_divide:Div0|lpm_divide_mhm:auto_generated|sign_div_unsign_nlh:divider|alt_u_div_p5f:divider|add_sub_11_result_int[1]~0  ; 2       ;
; xiaoche:xiaoche_instance|PosCounter:pos_counter1|lpm_divide:Div0|lpm_divide_mhm:auto_generated|sign_div_unsign_nlh:divider|alt_u_div_p5f:divider|add_sub_11_result_int[4]~6  ; 2       ;
; xiaoche:xiaoche_instance|PosCounter:pos_counter1|lpm_divide:Div0|lpm_divide_mhm:auto_generated|sign_div_unsign_nlh:divider|alt_u_div_p5f:divider|add_sub_11_result_int[3]~4  ; 2       ;
; xiaoche:xiaoche_instance|PosCounter:pos_counter1|lpm_divide:Div0|lpm_divide_mhm:auto_generated|sign_div_unsign_nlh:divider|alt_u_div_p5f:divider|add_sub_11_result_int[2]~2  ; 2       ;
; xiaoche:xiaoche_instance|PosCounter:pos_counter1|lpm_divide:Div0|lpm_divide_mhm:auto_generated|sign_div_unsign_nlh:divider|alt_u_div_p5f:divider|add_sub_11_result_int[1]~0  ; 2       ;
; xiaoche:xiaoche_instance|PosCounter:pos_counter2|lpm_divide:Div0|lpm_divide_mhm:auto_generated|sign_div_unsign_nlh:divider|alt_u_div_p5f:divider|add_sub_10_result_int[4]~6  ; 2       ;
; xiaoche:xiaoche_instance|PosCounter:pos_counter2|lpm_divide:Div0|lpm_divide_mhm:auto_generated|sign_div_unsign_nlh:divider|alt_u_div_p5f:divider|add_sub_10_result_int[3]~4  ; 2       ;
; xiaoche:xiaoche_instance|PosCounter:pos_counter2|lpm_divide:Div0|lpm_divide_mhm:auto_generated|sign_div_unsign_nlh:divider|alt_u_div_p5f:divider|add_sub_10_result_int[2]~2  ; 2       ;
; xiaoche:xiaoche_instance|PosCounter:pos_counter2|lpm_divide:Div0|lpm_divide_mhm:auto_generated|sign_div_unsign_nlh:divider|alt_u_div_p5f:divider|add_sub_10_result_int[1]~0  ; 2       ;
; xiaoche:xiaoche_instance|PosCounter:pos_counter1|lpm_divide:Div0|lpm_divide_mhm:auto_generated|sign_div_unsign_nlh:divider|alt_u_div_p5f:divider|add_sub_10_result_int[4]~6  ; 2       ;
; xiaoche:xiaoche_instance|PosCounter:pos_counter1|lpm_divide:Div0|lpm_divide_mhm:auto_generated|sign_div_unsign_nlh:divider|alt_u_div_p5f:divider|add_sub_10_result_int[3]~4  ; 2       ;
; xiaoche:xiaoche_instance|PosCounter:pos_counter1|lpm_divide:Div0|lpm_divide_mhm:auto_generated|sign_div_unsign_nlh:divider|alt_u_div_p5f:divider|add_sub_10_result_int[2]~2  ; 2       ;
; xiaoche:xiaoche_instance|PosCounter:pos_counter1|lpm_divide:Div0|lpm_divide_mhm:auto_generated|sign_div_unsign_nlh:divider|alt_u_div_p5f:divider|add_sub_10_result_int[1]~0  ; 2       ;
; xiaoche:xiaoche_instance|PosCounter:pos_counter2|lpm_divide:Div0|lpm_divide_mhm:auto_generated|sign_div_unsign_nlh:divider|alt_u_div_p5f:divider|add_sub_9_result_int[4]~6   ; 2       ;
; xiaoche:xiaoche_instance|PosCounter:pos_counter2|lpm_divide:Div0|lpm_divide_mhm:auto_generated|sign_div_unsign_nlh:divider|alt_u_div_p5f:divider|add_sub_9_result_int[3]~4   ; 2       ;
; xiaoche:xiaoche_instance|PosCounter:pos_counter2|lpm_divide:Div0|lpm_divide_mhm:auto_generated|sign_div_unsign_nlh:divider|alt_u_div_p5f:divider|add_sub_9_result_int[2]~2   ; 2       ;
; xiaoche:xiaoche_instance|PosCounter:pos_counter2|lpm_divide:Div0|lpm_divide_mhm:auto_generated|sign_div_unsign_nlh:divider|alt_u_div_p5f:divider|add_sub_9_result_int[1]~0   ; 2       ;
; xiaoche:xiaoche_instance|PosCounter:pos_counter1|lpm_divide:Div0|lpm_divide_mhm:auto_generated|sign_div_unsign_nlh:divider|alt_u_div_p5f:divider|add_sub_9_result_int[4]~6   ; 2       ;
; xiaoche:xiaoche_instance|PosCounter:pos_counter1|lpm_divide:Div0|lpm_divide_mhm:auto_generated|sign_div_unsign_nlh:divider|alt_u_div_p5f:divider|add_sub_9_result_int[3]~4   ; 2       ;
; xiaoche:xiaoche_instance|PosCounter:pos_counter1|lpm_divide:Div0|lpm_divide_mhm:auto_generated|sign_div_unsign_nlh:divider|alt_u_div_p5f:divider|add_sub_9_result_int[2]~2   ; 2       ;
; xiaoche:xiaoche_instance|PosCounter:pos_counter1|lpm_divide:Div0|lpm_divide_mhm:auto_generated|sign_div_unsign_nlh:divider|alt_u_div_p5f:divider|add_sub_9_result_int[1]~0   ; 2       ;
; xiaoche:xiaoche_instance|PosCounter:pos_counter2|lpm_divide:Div0|lpm_divide_mhm:auto_generated|sign_div_unsign_nlh:divider|alt_u_div_p5f:divider|add_sub_8_result_int[4]~6   ; 2       ;
; xiaoche:xiaoche_instance|PosCounter:pos_counter2|lpm_divide:Div0|lpm_divide_mhm:auto_generated|sign_div_unsign_nlh:divider|alt_u_div_p5f:divider|add_sub_8_result_int[3]~4   ; 2       ;
; xiaoche:xiaoche_instance|PosCounter:pos_counter2|lpm_divide:Div0|lpm_divide_mhm:auto_generated|sign_div_unsign_nlh:divider|alt_u_div_p5f:divider|add_sub_8_result_int[2]~2   ; 2       ;
; xiaoche:xiaoche_instance|PosCounter:pos_counter2|lpm_divide:Div0|lpm_divide_mhm:auto_generated|sign_div_unsign_nlh:divider|alt_u_div_p5f:divider|add_sub_8_result_int[1]~0   ; 2       ;
; xiaoche:xiaoche_instance|PosCounter:pos_counter1|lpm_divide:Div0|lpm_divide_mhm:auto_generated|sign_div_unsign_nlh:divider|alt_u_div_p5f:divider|add_sub_8_result_int[4]~6   ; 2       ;
; xiaoche:xiaoche_instance|PosCounter:pos_counter1|lpm_divide:Div0|lpm_divide_mhm:auto_generated|sign_div_unsign_nlh:divider|alt_u_div_p5f:divider|add_sub_8_result_int[3]~4   ; 2       ;
; xiaoche:xiaoche_instance|PosCounter:pos_counter1|lpm_divide:Div0|lpm_divide_mhm:auto_generated|sign_div_unsign_nlh:divider|alt_u_div_p5f:divider|add_sub_8_result_int[2]~2   ; 2       ;
; xiaoche:xiaoche_instance|PosCounter:pos_counter1|lpm_divide:Div0|lpm_divide_mhm:auto_generated|sign_div_unsign_nlh:divider|alt_u_div_p5f:divider|add_sub_8_result_int[1]~0   ; 2       ;
; xiaoche:xiaoche_instance|PosCounter:pos_counter2|lpm_divide:Div0|lpm_divide_mhm:auto_generated|sign_div_unsign_nlh:divider|alt_u_div_p5f:divider|add_sub_7_result_int[4]~6   ; 2       ;
; xiaoche:xiaoche_instance|PosCounter:pos_counter2|lpm_divide:Div0|lpm_divide_mhm:auto_generated|sign_div_unsign_nlh:divider|alt_u_div_p5f:divider|add_sub_7_result_int[3]~4   ; 2       ;
; xiaoche:xiaoche_instance|PosCounter:pos_counter2|lpm_divide:Div0|lpm_divide_mhm:auto_generated|sign_div_unsign_nlh:divider|alt_u_div_p5f:divider|add_sub_7_result_int[2]~2   ; 2       ;
; xiaoche:xiaoche_instance|PosCounter:pos_counter2|lpm_divide:Div0|lpm_divide_mhm:auto_generated|sign_div_unsign_nlh:divider|alt_u_div_p5f:divider|add_sub_7_result_int[1]~0   ; 2       ;
; xiaoche:xiaoche_instance|PosCounter:pos_counter1|lpm_divide:Div0|lpm_divide_mhm:auto_generated|sign_div_unsign_nlh:divider|alt_u_div_p5f:divider|add_sub_7_result_int[4]~6   ; 2       ;
; xiaoche:xiaoche_instance|PosCounter:pos_counter1|lpm_divide:Div0|lpm_divide_mhm:auto_generated|sign_div_unsign_nlh:divider|alt_u_div_p5f:divider|add_sub_7_result_int[3]~4   ; 2       ;
; xiaoche:xiaoche_instance|PosCounter:pos_counter1|lpm_divide:Div0|lpm_divide_mhm:auto_generated|sign_div_unsign_nlh:divider|alt_u_div_p5f:divider|add_sub_7_result_int[2]~2   ; 2       ;
; xiaoche:xiaoche_instance|PosCounter:pos_counter1|lpm_divide:Div0|lpm_divide_mhm:auto_generated|sign_div_unsign_nlh:divider|alt_u_div_p5f:divider|add_sub_7_result_int[1]~0   ; 2       ;
; xiaoche:xiaoche_instance|PosCounter:pos_counter2|lpm_divide:Div0|lpm_divide_mhm:auto_generated|sign_div_unsign_nlh:divider|alt_u_div_p5f:divider|add_sub_6_result_int[4]~6   ; 2       ;
; xiaoche:xiaoche_instance|PosCounter:pos_counter2|lpm_divide:Div0|lpm_divide_mhm:auto_generated|sign_div_unsign_nlh:divider|alt_u_div_p5f:divider|add_sub_6_result_int[3]~4   ; 2       ;
; xiaoche:xiaoche_instance|PosCounter:pos_counter2|lpm_divide:Div0|lpm_divide_mhm:auto_generated|sign_div_unsign_nlh:divider|alt_u_div_p5f:divider|add_sub_6_result_int[2]~2   ; 2       ;
; xiaoche:xiaoche_instance|PosCounter:pos_counter2|lpm_divide:Div0|lpm_divide_mhm:auto_generated|sign_div_unsign_nlh:divider|alt_u_div_p5f:divider|add_sub_6_result_int[1]~0   ; 2       ;
; xiaoche:xiaoche_instance|PosCounter:pos_counter1|lpm_divide:Div0|lpm_divide_mhm:auto_generated|sign_div_unsign_nlh:divider|alt_u_div_p5f:divider|add_sub_6_result_int[4]~6   ; 2       ;
; xiaoche:xiaoche_instance|PosCounter:pos_counter1|lpm_divide:Div0|lpm_divide_mhm:auto_generated|sign_div_unsign_nlh:divider|alt_u_div_p5f:divider|add_sub_6_result_int[3]~4   ; 2       ;
; xiaoche:xiaoche_instance|PosCounter:pos_counter1|lpm_divide:Div0|lpm_divide_mhm:auto_generated|sign_div_unsign_nlh:divider|alt_u_div_p5f:divider|add_sub_6_result_int[2]~2   ; 2       ;
; xiaoche:xiaoche_instance|PosCounter:pos_counter1|lpm_divide:Div0|lpm_divide_mhm:auto_generated|sign_div_unsign_nlh:divider|alt_u_div_p5f:divider|add_sub_6_result_int[1]~0   ; 2       ;
; xiaoche:xiaoche_instance|PosCounter:pos_counter2|lpm_divide:Div0|lpm_divide_mhm:auto_generated|sign_div_unsign_nlh:divider|alt_u_div_p5f:divider|add_sub_5_result_int[4]~6   ; 2       ;
; xiaoche:xiaoche_instance|PosCounter:pos_counter2|lpm_divide:Div0|lpm_divide_mhm:auto_generated|sign_div_unsign_nlh:divider|alt_u_div_p5f:divider|add_sub_5_result_int[3]~4   ; 2       ;
; xiaoche:xiaoche_instance|PosCounter:pos_counter2|lpm_divide:Div0|lpm_divide_mhm:auto_generated|sign_div_unsign_nlh:divider|alt_u_div_p5f:divider|add_sub_5_result_int[2]~2   ; 2       ;
; xiaoche:xiaoche_instance|PosCounter:pos_counter2|lpm_divide:Div0|lpm_divide_mhm:auto_generated|sign_div_unsign_nlh:divider|alt_u_div_p5f:divider|add_sub_5_result_int[1]~0   ; 2       ;
; xiaoche:xiaoche_instance|PosCounter:pos_counter1|lpm_divide:Div0|lpm_divide_mhm:auto_generated|sign_div_unsign_nlh:divider|alt_u_div_p5f:divider|add_sub_5_result_int[4]~6   ; 2       ;
; xiaoche:xiaoche_instance|PosCounter:pos_counter1|lpm_divide:Div0|lpm_divide_mhm:auto_generated|sign_div_unsign_nlh:divider|alt_u_div_p5f:divider|add_sub_5_result_int[3]~4   ; 2       ;
; xiaoche:xiaoche_instance|PosCounter:pos_counter1|lpm_divide:Div0|lpm_divide_mhm:auto_generated|sign_div_unsign_nlh:divider|alt_u_div_p5f:divider|add_sub_5_result_int[2]~2   ; 2       ;
; xiaoche:xiaoche_instance|PosCounter:pos_counter1|lpm_divide:Div0|lpm_divide_mhm:auto_generated|sign_div_unsign_nlh:divider|alt_u_div_p5f:divider|add_sub_5_result_int[1]~0   ; 2       ;
; xiaoche:xiaoche_instance|everything:path_executor|timer[31]                                                                                                                  ; 2       ;
; xiaoche:xiaoche_instance|everything:path_executor|timer[30]                                                                                                                  ; 2       ;
; xiaoche:xiaoche_instance|everything:path_executor|timer[29]                                                                                                                  ; 2       ;
; xiaoche:xiaoche_instance|everything:path_executor|timer[28]                                                                                                                  ; 2       ;
; xiaoche:xiaoche_instance|everything:path_executor|timer[27]                                                                                                                  ; 2       ;
; xiaoche:xiaoche_instance|everything:path_executor|timer[26]                                                                                                                  ; 2       ;
; xiaoche:xiaoche_instance|everything:path_executor|timer[25]                                                                                                                  ; 2       ;
; xiaoche:xiaoche_instance|xunji:xunji_instance|all_white_counter[18]                                                                                                          ; 2       ;
; xiaoche:xiaoche_instance|xunji:xunji_instance|all_white_counter[17]                                                                                                          ; 2       ;
; xiaoche:xiaoche_instance|xunji:xunji_instance|all_white_counter[16]                                                                                                          ; 2       ;
; xiaoche:xiaoche_instance|xunji:xunji_instance|all_white_counter[15]                                                                                                          ; 2       ;
; xiaoche:xiaoche_instance|xunji:xunji_instance|all_white_counter[14]                                                                                                          ; 2       ;
; xiaoche:xiaoche_instance|xunji:xunji_instance|all_white_counter[13]                                                                                                          ; 2       ;
; xiaoche:xiaoche_instance|xunji:xunji_instance|all_white_counter[12]                                                                                                          ; 2       ;
; xiaoche:xiaoche_instance|xunji:xunji_instance|all_white_counter[11]                                                                                                          ; 2       ;
; xiaoche:xiaoche_instance|xunji:xunji_instance|all_white_counter[10]                                                                                                          ; 2       ;
; xiaoche:xiaoche_instance|xunji:xunji_instance|all_white_counter[9]                                                                                                           ; 2       ;
; xiaoche:xiaoche_instance|xunji:xunji_instance|all_white_counter[8]                                                                                                           ; 2       ;
; xiaoche:xiaoche_instance|xunji:xunji_instance|all_white_counter[7]                                                                                                           ; 2       ;
; xiaoche:xiaoche_instance|xunji:xunji_instance|all_white_counter[6]                                                                                                           ; 2       ;
; xiaoche:xiaoche_instance|xunji:xunji_instance|all_white_counter[23]                                                                                                          ; 2       ;
; xiaoche:xiaoche_instance|xunji:xunji_instance|all_white_counter[22]                                                                                                          ; 2       ;
; xiaoche:xiaoche_instance|xunji:xunji_instance|all_white_counter[21]                                                                                                          ; 2       ;
; xiaoche:xiaoche_instance|xunji:xunji_instance|all_white_counter[20]                                                                                                          ; 2       ;
; xiaoche:xiaoche_instance|pwm_counter[1]                                                                                                                                      ; 2       ;
; xiaoche:xiaoche_instance|pwm_counter[2]                                                                                                                                      ; 2       ;
; xiaoche:xiaoche_instance|pwm_counter[3]                                                                                                                                      ; 2       ;
; xiaoche:xiaoche_instance|pwm_counter[4]                                                                                                                                      ; 2       ;
; xiaoche:xiaoche_instance|pwm_counter[5]                                                                                                                                      ; 2       ;
; xiaoche:xiaoche_instance|pwm_counter[6]                                                                                                                                      ; 2       ;
; xiaoche:xiaoche_instance|pwm_counter[7]                                                                                                                                      ; 2       ;
; xiaoche:xiaoche_instance|LessThan13~38                                                                                                                                       ; 2       ;
; xiaoche:xiaoche_instance|enable_counter[12]                                                                                                                                  ; 2       ;
; xiaoche:xiaoche_instance|enable_counter[11]                                                                                                                                  ; 2       ;
; xiaoche:xiaoche_instance|enable_counter[10]                                                                                                                                  ; 2       ;
; xiaoche:xiaoche_instance|enable_counter[9]                                                                                                                                   ; 2       ;
; xiaoche:xiaoche_instance|enable_counter[8]                                                                                                                                   ; 2       ;
; xiaoche:xiaoche_instance|enable_counter[7]                                                                                                                                   ; 2       ;
; xiaoche:xiaoche_instance|enable_counter[16]                                                                                                                                  ; 2       ;
; xiaoche:xiaoche_instance|enable_counter[15]                                                                                                                                  ; 2       ;
; xiaoche:xiaoche_instance|enable_counter[14]                                                                                                                                  ; 2       ;
; xiaoche:xiaoche_instance|enable_counter[13]                                                                                                                                  ; 2       ;
; xiaoche:xiaoche_instance|steer_state.STEER_LEFT                                                                                                                              ; 2       ;
; xiaoche:xiaoche_instance|steer_state.STEER_BACK                                                                                                                              ; 2       ;
; xiaoche:xiaoche_instance|steer_state.STEER_RIGHT                                                                                                                             ; 2       ;
; xiaoche:xiaoche_instance|steer_state.STEER_FORWARD                                                                                                                           ; 2       ;
; xiaoche:xiaoche_instance|trig_counter[31]                                                                                                                                    ; 2       ;
; xiaoche:xiaoche_instance|trig_counter[30]                                                                                                                                    ; 2       ;
; xiaoche:xiaoche_instance|trig_counter[29]                                                                                                                                    ; 2       ;
; xiaoche:xiaoche_instance|trig_counter[28]                                                                                                                                    ; 2       ;
; xiaoche:xiaoche_instance|trig_counter[10]                                                                                                                                    ; 2       ;
; xiaoche:xiaoche_instance|trig_counter[9]                                                                                                                                     ; 2       ;
; xiaoche:xiaoche_instance|trig_counter[8]                                                                                                                                     ; 2       ;
; xiaoche:xiaoche_instance|trig_counter[27]                                                                                                                                    ; 2       ;
; xiaoche:xiaoche_instance|trig_counter[26]                                                                                                                                    ; 2       ;
; xiaoche:xiaoche_instance|trig_counter[25]                                                                                                                                    ; 2       ;
; xiaoche:xiaoche_instance|trig_counter[24]                                                                                                                                    ; 2       ;
; xiaoche:xiaoche_instance|trig_counter[23]                                                                                                                                    ; 2       ;
; xiaoche:xiaoche_instance|trig_counter[22]                                                                                                                                    ; 2       ;
; xiaoche:xiaoche_instance|pwm_threshold[7]~feeder                                                                                                                             ; 1       ;
; echo3~input                                                                                                                                                                  ; 1       ;
; echo2~input                                                                                                                                                                  ; 1       ;
; echo1~input                                                                                                                                                                  ; 1       ;
; xiaoche:xiaoche_instance|boche:boche_executor|pwm_value[2]~11                                                                                                                ; 1       ;
; xiaoche:xiaoche_instance|distance3[1]~28                                                                                                                                     ; 1       ;
; xiaoche:xiaoche_instance|distance3[2]~27                                                                                                                                     ; 1       ;
; xiaoche:xiaoche_instance|distance3[3]~26                                                                                                                                     ; 1       ;
; xiaoche:xiaoche_instance|distance3[4]~25                                                                                                                                     ; 1       ;
; xiaoche:xiaoche_instance|distance3[5]~24                                                                                                                                     ; 1       ;
; xiaoche:xiaoche_instance|distance3[6]~23                                                                                                                                     ; 1       ;
; xiaoche:xiaoche_instance|distance3[7]~22                                                                                                                                     ; 1       ;
; xiaoche:xiaoche_instance|distance3[8]~21                                                                                                                                     ; 1       ;
; xiaoche:xiaoche_instance|distance3[9]~20                                                                                                                                     ; 1       ;
; xiaoche:xiaoche_instance|distance3[10]~19                                                                                                                                    ; 1       ;
; xiaoche:xiaoche_instance|distance3[11]~18                                                                                                                                    ; 1       ;
; xiaoche:xiaoche_instance|distance3[12]~17                                                                                                                                    ; 1       ;
; xiaoche:xiaoche_instance|distance3[13]~16                                                                                                                                    ; 1       ;
; xiaoche:xiaoche_instance|distance3[14]~15                                                                                                                                    ; 1       ;
; xiaoche:xiaoche_instance|distance2[1]~28                                                                                                                                     ; 1       ;
; xiaoche:xiaoche_instance|distance1[1]~28                                                                                                                                     ; 1       ;
; xiaoche:xiaoche_instance|distance2[2]~27                                                                                                                                     ; 1       ;
; xiaoche:xiaoche_instance|distance1[2]~27                                                                                                                                     ; 1       ;
; xiaoche:xiaoche_instance|distance2[3]~26                                                                                                                                     ; 1       ;
; xiaoche:xiaoche_instance|distance1[3]~26                                                                                                                                     ; 1       ;
; xiaoche:xiaoche_instance|distance2[4]~25                                                                                                                                     ; 1       ;
; xiaoche:xiaoche_instance|distance1[4]~25                                                                                                                                     ; 1       ;
; xiaoche:xiaoche_instance|distance2[5]~24                                                                                                                                     ; 1       ;
; xiaoche:xiaoche_instance|distance1[5]~24                                                                                                                                     ; 1       ;
; xiaoche:xiaoche_instance|distance2[6]~23                                                                                                                                     ; 1       ;
; xiaoche:xiaoche_instance|distance1[6]~23                                                                                                                                     ; 1       ;
; xiaoche:xiaoche_instance|distance2[7]~22                                                                                                                                     ; 1       ;
; xiaoche:xiaoche_instance|distance1[7]~22                                                                                                                                     ; 1       ;
; xiaoche:xiaoche_instance|distance2[8]~21                                                                                                                                     ; 1       ;
; xiaoche:xiaoche_instance|distance1[8]~21                                                                                                                                     ; 1       ;
; xiaoche:xiaoche_instance|distance2[9]~20                                                                                                                                     ; 1       ;
; xiaoche:xiaoche_instance|distance1[9]~20                                                                                                                                     ; 1       ;
; xiaoche:xiaoche_instance|distance2[10]~19                                                                                                                                    ; 1       ;
; xiaoche:xiaoche_instance|distance1[10]~19                                                                                                                                    ; 1       ;
; xiaoche:xiaoche_instance|distance2[11]~18                                                                                                                                    ; 1       ;
; xiaoche:xiaoche_instance|distance1[11]~18                                                                                                                                    ; 1       ;
; xiaoche:xiaoche_instance|distance2[12]~17                                                                                                                                    ; 1       ;
; xiaoche:xiaoche_instance|distance1[12]~17                                                                                                                                    ; 1       ;
; xiaoche:xiaoche_instance|distance2[13]~16                                                                                                                                    ; 1       ;
; xiaoche:xiaoche_instance|distance1[13]~16                                                                                                                                    ; 1       ;
; xiaoche:xiaoche_instance|distance2[14]~15                                                                                                                                    ; 1       ;
; xiaoche:xiaoche_instance|distance1[14]~15                                                                                                                                    ; 1       ;
; xiaoche:xiaoche_instance|PosCounter:pos_counter3|lpm_divide:Div0|lpm_divide_mhm:auto_generated|sign_div_unsign_nlh:divider|alt_u_div_p5f:divider|StageOut[128]~367           ; 1       ;
; xiaoche:xiaoche_instance|PosCounter:pos_counter3|lpm_divide:Div0|lpm_divide_mhm:auto_generated|sign_div_unsign_nlh:divider|alt_u_div_p5f:divider|StageOut[47]~352            ; 1       ;
; xiaoche:xiaoche_instance|PosCounter:pos_counter2|lpm_divide:Div0|lpm_divide_mhm:auto_generated|sign_div_unsign_nlh:divider|alt_u_div_p5f:divider|StageOut[128]~367           ; 1       ;
; xiaoche:xiaoche_instance|PosCounter:pos_counter1|lpm_divide:Div0|lpm_divide_mhm:auto_generated|sign_div_unsign_nlh:divider|alt_u_div_p5f:divider|StageOut[128]~367           ; 1       ;
; xiaoche:xiaoche_instance|PosCounter:pos_counter2|lpm_divide:Div0|lpm_divide_mhm:auto_generated|sign_div_unsign_nlh:divider|alt_u_div_p5f:divider|StageOut[47]~352            ; 1       ;
; xiaoche:xiaoche_instance|PosCounter:pos_counter1|lpm_divide:Div0|lpm_divide_mhm:auto_generated|sign_div_unsign_nlh:divider|alt_u_div_p5f:divider|StageOut[47]~352            ; 1       ;
; xiaoche:xiaoche_instance|xunji:xunji_instance|pwm_value~25                                                                                                                   ; 1       ;
; xiaoche:xiaoche_instance|boche:boche_executor|pwm_value[4]~10                                                                                                                ; 1       ;
; xiaoche:xiaoche_instance|PosCounter:pos_counter3|lpm_divide:Div0|lpm_divide_mhm:auto_generated|sign_div_unsign_nlh:divider|alt_u_div_p5f:divider|StageOut[129]~351           ; 1       ;
; xiaoche:xiaoche_instance|PosCounter:pos_counter3|lpm_divide:Div0|lpm_divide_mhm:auto_generated|sign_div_unsign_nlh:divider|alt_u_div_p5f:divider|StageOut[130]~350           ; 1       ;
; xiaoche:xiaoche_instance|PosCounter:pos_counter3|lpm_divide:Div0|lpm_divide_mhm:auto_generated|sign_div_unsign_nlh:divider|alt_u_div_p5f:divider|StageOut[131]~349           ; 1       ;
; xiaoche:xiaoche_instance|PosCounter:pos_counter3|lpm_divide:Div0|lpm_divide_mhm:auto_generated|sign_div_unsign_nlh:divider|alt_u_div_p5f:divider|StageOut[124]~346           ; 1       ;
; xiaoche:xiaoche_instance|PosCounter:pos_counter3|lpm_divide:Div0|lpm_divide_mhm:auto_generated|sign_div_unsign_nlh:divider|alt_u_div_p5f:divider|StageOut[117]~343           ; 1       ;
; xiaoche:xiaoche_instance|PosCounter:pos_counter3|lpm_divide:Div0|lpm_divide_mhm:auto_generated|sign_div_unsign_nlh:divider|alt_u_div_p5f:divider|StageOut[110]~340           ; 1       ;
; xiaoche:xiaoche_instance|PosCounter:pos_counter3|lpm_divide:Div0|lpm_divide_mhm:auto_generated|sign_div_unsign_nlh:divider|alt_u_div_p5f:divider|StageOut[103]~337           ; 1       ;
; xiaoche:xiaoche_instance|PosCounter:pos_counter3|lpm_divide:Div0|lpm_divide_mhm:auto_generated|sign_div_unsign_nlh:divider|alt_u_div_p5f:divider|StageOut[96]~334            ; 1       ;
; xiaoche:xiaoche_instance|PosCounter:pos_counter3|lpm_divide:Div0|lpm_divide_mhm:auto_generated|sign_div_unsign_nlh:divider|alt_u_div_p5f:divider|StageOut[89]~331            ; 1       ;
; xiaoche:xiaoche_instance|PosCounter:pos_counter3|lpm_divide:Div0|lpm_divide_mhm:auto_generated|sign_div_unsign_nlh:divider|alt_u_div_p5f:divider|StageOut[82]~328            ; 1       ;
; xiaoche:xiaoche_instance|PosCounter:pos_counter3|lpm_divide:Div0|lpm_divide_mhm:auto_generated|sign_div_unsign_nlh:divider|alt_u_div_p5f:divider|StageOut[75]~325            ; 1       ;
; xiaoche:xiaoche_instance|PosCounter:pos_counter3|lpm_divide:Div0|lpm_divide_mhm:auto_generated|sign_div_unsign_nlh:divider|alt_u_div_p5f:divider|StageOut[68]~322            ; 1       ;
; xiaoche:xiaoche_instance|PosCounter:pos_counter3|lpm_divide:Div0|lpm_divide_mhm:auto_generated|sign_div_unsign_nlh:divider|alt_u_div_p5f:divider|StageOut[61]~319            ; 1       ;
; xiaoche:xiaoche_instance|PosCounter:pos_counter3|lpm_divide:Div0|lpm_divide_mhm:auto_generated|sign_div_unsign_nlh:divider|alt_u_div_p5f:divider|StageOut[54]~316            ; 1       ;
; xiaoche:xiaoche_instance|PosCounter:pos_counter2|lpm_divide:Div0|lpm_divide_mhm:auto_generated|sign_div_unsign_nlh:divider|alt_u_div_p5f:divider|StageOut[129]~351           ; 1       ;
; xiaoche:xiaoche_instance|PosCounter:pos_counter2|lpm_divide:Div0|lpm_divide_mhm:auto_generated|sign_div_unsign_nlh:divider|alt_u_div_p5f:divider|StageOut[130]~350           ; 1       ;
; xiaoche:xiaoche_instance|PosCounter:pos_counter2|lpm_divide:Div0|lpm_divide_mhm:auto_generated|sign_div_unsign_nlh:divider|alt_u_div_p5f:divider|StageOut[131]~349           ; 1       ;
; xiaoche:xiaoche_instance|PosCounter:pos_counter1|lpm_divide:Div0|lpm_divide_mhm:auto_generated|sign_div_unsign_nlh:divider|alt_u_div_p5f:divider|StageOut[129]~351           ; 1       ;
; xiaoche:xiaoche_instance|PosCounter:pos_counter1|lpm_divide:Div0|lpm_divide_mhm:auto_generated|sign_div_unsign_nlh:divider|alt_u_div_p5f:divider|StageOut[130]~350           ; 1       ;
; xiaoche:xiaoche_instance|PosCounter:pos_counter1|lpm_divide:Div0|lpm_divide_mhm:auto_generated|sign_div_unsign_nlh:divider|alt_u_div_p5f:divider|StageOut[131]~349           ; 1       ;
; xiaoche:xiaoche_instance|PosCounter:pos_counter2|lpm_divide:Div0|lpm_divide_mhm:auto_generated|sign_div_unsign_nlh:divider|alt_u_div_p5f:divider|StageOut[124]~346           ; 1       ;
; xiaoche:xiaoche_instance|PosCounter:pos_counter1|lpm_divide:Div0|lpm_divide_mhm:auto_generated|sign_div_unsign_nlh:divider|alt_u_div_p5f:divider|StageOut[124]~346           ; 1       ;
; xiaoche:xiaoche_instance|PosCounter:pos_counter2|lpm_divide:Div0|lpm_divide_mhm:auto_generated|sign_div_unsign_nlh:divider|alt_u_div_p5f:divider|StageOut[117]~343           ; 1       ;
; xiaoche:xiaoche_instance|PosCounter:pos_counter1|lpm_divide:Div0|lpm_divide_mhm:auto_generated|sign_div_unsign_nlh:divider|alt_u_div_p5f:divider|StageOut[117]~343           ; 1       ;
; xiaoche:xiaoche_instance|PosCounter:pos_counter2|lpm_divide:Div0|lpm_divide_mhm:auto_generated|sign_div_unsign_nlh:divider|alt_u_div_p5f:divider|StageOut[110]~340           ; 1       ;
; xiaoche:xiaoche_instance|PosCounter:pos_counter1|lpm_divide:Div0|lpm_divide_mhm:auto_generated|sign_div_unsign_nlh:divider|alt_u_div_p5f:divider|StageOut[110]~340           ; 1       ;
; xiaoche:xiaoche_instance|PosCounter:pos_counter2|lpm_divide:Div0|lpm_divide_mhm:auto_generated|sign_div_unsign_nlh:divider|alt_u_div_p5f:divider|StageOut[103]~337           ; 1       ;
; xiaoche:xiaoche_instance|PosCounter:pos_counter1|lpm_divide:Div0|lpm_divide_mhm:auto_generated|sign_div_unsign_nlh:divider|alt_u_div_p5f:divider|StageOut[103]~337           ; 1       ;
; xiaoche:xiaoche_instance|PosCounter:pos_counter2|lpm_divide:Div0|lpm_divide_mhm:auto_generated|sign_div_unsign_nlh:divider|alt_u_div_p5f:divider|StageOut[96]~334            ; 1       ;
; xiaoche:xiaoche_instance|PosCounter:pos_counter1|lpm_divide:Div0|lpm_divide_mhm:auto_generated|sign_div_unsign_nlh:divider|alt_u_div_p5f:divider|StageOut[96]~334            ; 1       ;
; xiaoche:xiaoche_instance|PosCounter:pos_counter2|lpm_divide:Div0|lpm_divide_mhm:auto_generated|sign_div_unsign_nlh:divider|alt_u_div_p5f:divider|StageOut[89]~331            ; 1       ;
; xiaoche:xiaoche_instance|PosCounter:pos_counter1|lpm_divide:Div0|lpm_divide_mhm:auto_generated|sign_div_unsign_nlh:divider|alt_u_div_p5f:divider|StageOut[89]~331            ; 1       ;
; xiaoche:xiaoche_instance|PosCounter:pos_counter2|lpm_divide:Div0|lpm_divide_mhm:auto_generated|sign_div_unsign_nlh:divider|alt_u_div_p5f:divider|StageOut[82]~328            ; 1       ;
; xiaoche:xiaoche_instance|PosCounter:pos_counter1|lpm_divide:Div0|lpm_divide_mhm:auto_generated|sign_div_unsign_nlh:divider|alt_u_div_p5f:divider|StageOut[82]~328            ; 1       ;
; xiaoche:xiaoche_instance|PosCounter:pos_counter2|lpm_divide:Div0|lpm_divide_mhm:auto_generated|sign_div_unsign_nlh:divider|alt_u_div_p5f:divider|StageOut[75]~325            ; 1       ;
; xiaoche:xiaoche_instance|PosCounter:pos_counter1|lpm_divide:Div0|lpm_divide_mhm:auto_generated|sign_div_unsign_nlh:divider|alt_u_div_p5f:divider|StageOut[75]~325            ; 1       ;
; xiaoche:xiaoche_instance|PosCounter:pos_counter2|lpm_divide:Div0|lpm_divide_mhm:auto_generated|sign_div_unsign_nlh:divider|alt_u_div_p5f:divider|StageOut[68]~322            ; 1       ;
; xiaoche:xiaoche_instance|PosCounter:pos_counter1|lpm_divide:Div0|lpm_divide_mhm:auto_generated|sign_div_unsign_nlh:divider|alt_u_div_p5f:divider|StageOut[68]~322            ; 1       ;
; xiaoche:xiaoche_instance|PosCounter:pos_counter2|lpm_divide:Div0|lpm_divide_mhm:auto_generated|sign_div_unsign_nlh:divider|alt_u_div_p5f:divider|StageOut[61]~319            ; 1       ;
; xiaoche:xiaoche_instance|PosCounter:pos_counter1|lpm_divide:Div0|lpm_divide_mhm:auto_generated|sign_div_unsign_nlh:divider|alt_u_div_p5f:divider|StageOut[61]~319            ; 1       ;
; xiaoche:xiaoche_instance|PosCounter:pos_counter2|lpm_divide:Div0|lpm_divide_mhm:auto_generated|sign_div_unsign_nlh:divider|alt_u_div_p5f:divider|StageOut[54]~316            ; 1       ;
; xiaoche:xiaoche_instance|PosCounter:pos_counter1|lpm_divide:Div0|lpm_divide_mhm:auto_generated|sign_div_unsign_nlh:divider|alt_u_div_p5f:divider|StageOut[54]~316            ; 1       ;
; xiaoche:xiaoche_instance|boche:boche_executor|left[1]~2                                                                                                                      ; 1       ;
; xiaoche:xiaoche_instance|Mux14~3                                                                                                                                             ; 1       ;
; xiaoche:xiaoche_instance|PosCounter:pos_counter3|Selector0~0                                                                                                                 ; 1       ;
; xiaoche:xiaoche_instance|PosCounter:pos_counter3|Selector22~1                                                                                                                ; 1       ;
; xiaoche:xiaoche_instance|PosCounter:pos_counter3|curr_state.S1~0                                                                                                             ; 1       ;
; xiaoche:xiaoche_instance|PosCounter:pos_counter2|Selector0~0                                                                                                                 ; 1       ;
; xiaoche:xiaoche_instance|PosCounter:pos_counter2|Selector22~1                                                                                                                ; 1       ;
; xiaoche:xiaoche_instance|PosCounter:pos_counter2|curr_state.S1~0                                                                                                             ; 1       ;
; xiaoche:xiaoche_instance|PosCounter:pos_counter1|Selector0~0                                                                                                                 ; 1       ;
; xiaoche:xiaoche_instance|PosCounter:pos_counter1|Selector22~1                                                                                                                ; 1       ;
; xiaoche:xiaoche_instance|PosCounter:pos_counter1|curr_state.S1~0                                                                                                             ; 1       ;
; xiaoche:xiaoche_instance|PosCounter:pos_counter3|Selector21~0                                                                                                                ; 1       ;
; xiaoche:xiaoche_instance|PosCounter:pos_counter3|Selector20~0                                                                                                                ; 1       ;
; xiaoche:xiaoche_instance|PosCounter:pos_counter3|Selector19~0                                                                                                                ; 1       ;
; xiaoche:xiaoche_instance|PosCounter:pos_counter3|Selector18~0                                                                                                                ; 1       ;
; xiaoche:xiaoche_instance|PosCounter:pos_counter3|Selector17~0                                                                                                                ; 1       ;
; xiaoche:xiaoche_instance|PosCounter:pos_counter3|Selector16~0                                                                                                                ; 1       ;
; xiaoche:xiaoche_instance|PosCounter:pos_counter3|Selector15~0                                                                                                                ; 1       ;
; xiaoche:xiaoche_instance|PosCounter:pos_counter3|Selector14~0                                                                                                                ; 1       ;
; xiaoche:xiaoche_instance|PosCounter:pos_counter3|Selector13~0                                                                                                                ; 1       ;
; xiaoche:xiaoche_instance|PosCounter:pos_counter3|Selector12~0                                                                                                                ; 1       ;
; xiaoche:xiaoche_instance|PosCounter:pos_counter3|Selector11~0                                                                                                                ; 1       ;
; xiaoche:xiaoche_instance|PosCounter:pos_counter3|Selector10~0                                                                                                                ; 1       ;
; xiaoche:xiaoche_instance|PosCounter:pos_counter3|Selector9~0                                                                                                                 ; 1       ;
; xiaoche:xiaoche_instance|PosCounter:pos_counter3|Selector8~0                                                                                                                 ; 1       ;
; xiaoche:xiaoche_instance|PosCounter:pos_counter3|Selector7~0                                                                                                                 ; 1       ;
; xiaoche:xiaoche_instance|PosCounter:pos_counter3|Selector6~0                                                                                                                 ; 1       ;
; xiaoche:xiaoche_instance|PosCounter:pos_counter3|Selector5~0                                                                                                                 ; 1       ;
; xiaoche:xiaoche_instance|PosCounter:pos_counter3|Selector4~0                                                                                                                 ; 1       ;
; xiaoche:xiaoche_instance|PosCounter:pos_counter3|Selector2~0                                                                                                                 ; 1       ;
; xiaoche:xiaoche_instance|PosCounter:pos_counter3|Selector3~0                                                                                                                 ; 1       ;
; xiaoche:xiaoche_instance|PosCounter:pos_counter3|finish                                                                                                                      ; 1       ;
; xiaoche:xiaoche_instance|PosCounter:pos_counter2|Selector21~0                                                                                                                ; 1       ;
; xiaoche:xiaoche_instance|PosCounter:pos_counter1|Selector21~0                                                                                                                ; 1       ;
; xiaoche:xiaoche_instance|PosCounter:pos_counter2|Selector20~0                                                                                                                ; 1       ;
; xiaoche:xiaoche_instance|PosCounter:pos_counter1|Selector20~0                                                                                                                ; 1       ;
; xiaoche:xiaoche_instance|PosCounter:pos_counter2|Selector19~0                                                                                                                ; 1       ;
; xiaoche:xiaoche_instance|PosCounter:pos_counter1|Selector19~0                                                                                                                ; 1       ;
; xiaoche:xiaoche_instance|PosCounter:pos_counter2|Selector18~0                                                                                                                ; 1       ;
; xiaoche:xiaoche_instance|PosCounter:pos_counter1|Selector18~0                                                                                                                ; 1       ;
; xiaoche:xiaoche_instance|PosCounter:pos_counter2|Selector17~0                                                                                                                ; 1       ;
; xiaoche:xiaoche_instance|PosCounter:pos_counter1|Selector17~0                                                                                                                ; 1       ;
; xiaoche:xiaoche_instance|PosCounter:pos_counter2|Selector16~0                                                                                                                ; 1       ;
; xiaoche:xiaoche_instance|PosCounter:pos_counter1|Selector16~0                                                                                                                ; 1       ;
; xiaoche:xiaoche_instance|PosCounter:pos_counter2|Selector15~0                                                                                                                ; 1       ;
; xiaoche:xiaoche_instance|PosCounter:pos_counter1|Selector15~0                                                                                                                ; 1       ;
; xiaoche:xiaoche_instance|PosCounter:pos_counter2|Selector14~0                                                                                                                ; 1       ;
; xiaoche:xiaoche_instance|PosCounter:pos_counter1|Selector14~0                                                                                                                ; 1       ;
; xiaoche:xiaoche_instance|PosCounter:pos_counter2|Selector13~0                                                                                                                ; 1       ;
; xiaoche:xiaoche_instance|PosCounter:pos_counter1|Selector13~0                                                                                                                ; 1       ;
; xiaoche:xiaoche_instance|PosCounter:pos_counter2|Selector12~0                                                                                                                ; 1       ;
; xiaoche:xiaoche_instance|PosCounter:pos_counter1|Selector12~0                                                                                                                ; 1       ;
; xiaoche:xiaoche_instance|PosCounter:pos_counter2|Selector11~0                                                                                                                ; 1       ;
; xiaoche:xiaoche_instance|PosCounter:pos_counter1|Selector11~0                                                                                                                ; 1       ;
; xiaoche:xiaoche_instance|PosCounter:pos_counter2|Selector10~0                                                                                                                ; 1       ;
; xiaoche:xiaoche_instance|PosCounter:pos_counter1|Selector10~0                                                                                                                ; 1       ;
; xiaoche:xiaoche_instance|PosCounter:pos_counter2|Selector9~0                                                                                                                 ; 1       ;
; xiaoche:xiaoche_instance|PosCounter:pos_counter1|Selector9~0                                                                                                                 ; 1       ;
; xiaoche:xiaoche_instance|PosCounter:pos_counter2|Selector8~0                                                                                                                 ; 1       ;
; xiaoche:xiaoche_instance|PosCounter:pos_counter1|Selector8~0                                                                                                                 ; 1       ;
; xiaoche:xiaoche_instance|PosCounter:pos_counter2|Selector7~0                                                                                                                 ; 1       ;
; xiaoche:xiaoche_instance|PosCounter:pos_counter2|Selector6~0                                                                                                                 ; 1       ;
; xiaoche:xiaoche_instance|PosCounter:pos_counter2|Selector5~0                                                                                                                 ; 1       ;
; xiaoche:xiaoche_instance|PosCounter:pos_counter2|Selector4~0                                                                                                                 ; 1       ;
; xiaoche:xiaoche_instance|PosCounter:pos_counter2|Selector2~0                                                                                                                 ; 1       ;
; xiaoche:xiaoche_instance|PosCounter:pos_counter2|Selector3~0                                                                                                                 ; 1       ;
; xiaoche:xiaoche_instance|PosCounter:pos_counter2|finish                                                                                                                      ; 1       ;
; xiaoche:xiaoche_instance|PosCounter:pos_counter1|Selector7~0                                                                                                                 ; 1       ;
; xiaoche:xiaoche_instance|PosCounter:pos_counter1|Selector6~0                                                                                                                 ; 1       ;
; xiaoche:xiaoche_instance|PosCounter:pos_counter1|Selector5~0                                                                                                                 ; 1       ;
; xiaoche:xiaoche_instance|PosCounter:pos_counter1|Selector4~0                                                                                                                 ; 1       ;
; xiaoche:xiaoche_instance|PosCounter:pos_counter1|Selector2~0                                                                                                                 ; 1       ;
; xiaoche:xiaoche_instance|PosCounter:pos_counter1|Selector3~0                                                                                                                 ; 1       ;
; xiaoche:xiaoche_instance|PosCounter:pos_counter1|finish                                                                                                                      ; 1       ;
; xiaoche:xiaoche_instance|boche:boche_executor|timer[31]~88                                                                                                                   ; 1       ;
; xiaoche:xiaoche_instance|boche:boche_executor|timer[31]~87                                                                                                                   ; 1       ;
; xiaoche:xiaoche_instance|xunji:xunji_instance|pwm_value~24                                                                                                                   ; 1       ;
; xiaoche:xiaoche_instance|xunji:xunji_instance|pwm_value~23                                                                                                                   ; 1       ;
; xiaoche:xiaoche_instance|xunji:xunji_instance|pwm_value~22                                                                                                                   ; 1       ;
; xiaoche:xiaoche_instance|xunji:xunji_instance|pwm_value~21                                                                                                                   ; 1       ;
; xiaoche:xiaoche_instance|xunji:xunji_instance|pwm_value~20                                                                                                                   ; 1       ;
; xiaoche:xiaoche_instance|xunji:xunji_instance|pwm_value~19                                                                                                                   ; 1       ;
; xiaoche:xiaoche_instance|xunji:xunji_instance|pwm_value~18                                                                                                                   ; 1       ;
; xiaoche:xiaoche_instance|xunji:xunji_instance|pwm_value~17                                                                                                                   ; 1       ;
; xiaoche:xiaoche_instance|xunji:xunji_instance|pwm_value~16                                                                                                                   ; 1       ;
; xiaoche:xiaoche_instance|xunji:xunji_instance|pwm_value~15                                                                                                                   ; 1       ;
; xiaoche:xiaoche_instance|xunji:xunji_instance|pwm_value~13                                                                                                                   ; 1       ;
; xiaoche:xiaoche_instance|xunji:xunji_instance|pwm_value~12                                                                                                                   ; 1       ;
; xiaoche:xiaoche_instance|xunji:xunji_instance|pwm_value~11                                                                                                                   ; 1       ;
; xiaoche:xiaoche_instance|xunji:xunji_instance|pwm_value~10                                                                                                                   ; 1       ;
; xiaoche:xiaoche_instance|xunji:xunji_instance|pwm_value~9                                                                                                                    ; 1       ;
; xiaoche:xiaoche_instance|boche:boche_executor|Selector43~0                                                                                                                   ; 1       ;
; xiaoche:xiaoche_instance|everything:path_executor|timer[5]~84                                                                                                                ; 1       ;
; xiaoche:xiaoche_instance|boche:boche_executor|current_state.FORWARD_2S_2~0                                                                                                   ; 1       ;
; xiaoche:xiaoche_instance|boche:boche_executor|current_state.FORWARD_2S~1                                                                                                     ; 1       ;
; xiaoche:xiaoche_instance|boche:boche_executor|current_state.FORWARD_2S~0                                                                                                     ; 1       ;
; xiaoche:xiaoche_instance|everything:path_executor|Selector8~0                                                                                                                ; 1       ;
; xiaoche:xiaoche_instance|everything:path_executor|Selector6~0                                                                                                                ; 1       ;
; xiaoche:xiaoche_instance|everything:path_executor|Selector4~0                                                                                                                ; 1       ;
; xiaoche:xiaoche_instance|everything:path_executor|Selector2~0                                                                                                                ; 1       ;
; xiaoche:xiaoche_instance|boche:boche_executor|current_state.RIGHT_200MS~0                                                                                                    ; 1       ;
; xiaoche:xiaoche_instance|everything:path_executor|Selector7~0                                                                                                                ; 1       ;
; xiaoche:xiaoche_instance|everything:path_executor|Selector5~0                                                                                                                ; 1       ;
; xiaoche:xiaoche_instance|everything:path_executor|Selector3~0                                                                                                                ; 1       ;
; xiaoche:xiaoche_instance|everything:path_executor|Selector1~0                                                                                                                ; 1       ;
; xiaoche:xiaoche_instance|everything:path_executor|LessThan0~6                                                                                                                ; 1       ;
; xiaoche:xiaoche_instance|everything:path_executor|LessThan0~5                                                                                                                ; 1       ;
; xiaoche:xiaoche_instance|everything:path_executor|LessThan0~4                                                                                                                ; 1       ;
; xiaoche:xiaoche_instance|everything:path_executor|LessThan0~3                                                                                                                ; 1       ;
; xiaoche:xiaoche_instance|everything:path_executor|LessThan0~2                                                                                                                ; 1       ;
; xiaoche:xiaoche_instance|boche:boche_executor|current_state.stop~0                                                                                                           ; 1       ;
; xiaoche:xiaoche_instance|boche:boche_executor|current_state.IDLE~4                                                                                                           ; 1       ;
; xiaoche:xiaoche_instance|boche:boche_executor|current_state~18                                                                                                               ; 1       ;
; xiaoche:xiaoche_instance|boche:boche_executor|LessThan1~4                                                                                                                    ; 1       ;
; xiaoche:xiaoche_instance|boche:boche_executor|LessThan1~3                                                                                                                    ; 1       ;
; xiaoche:xiaoche_instance|boche:boche_executor|LessThan1~2                                                                                                                    ; 1       ;
; xiaoche:xiaoche_instance|boche:boche_executor|LessThan1~1                                                                                                                    ; 1       ;
; xiaoche:xiaoche_instance|boche:boche_executor|LessThan1~0                                                                                                                    ; 1       ;
; xiaoche:xiaoche_instance|boche:boche_executor|LessThan2~4                                                                                                                    ; 1       ;
; xiaoche:xiaoche_instance|boche:boche_executor|LessThan2~3                                                                                                                    ; 1       ;
; xiaoche:xiaoche_instance|boche:boche_executor|LessThan2~2                                                                                                                    ; 1       ;
; xiaoche:xiaoche_instance|boche:boche_executor|LessThan2~1                                                                                                                    ; 1       ;
; xiaoche:xiaoche_instance|boche:boche_executor|LessThan0~4                                                                                                                    ; 1       ;
; xiaoche:xiaoche_instance|boche:boche_executor|LessThan0~3                                                                                                                    ; 1       ;
; xiaoche:xiaoche_instance|boche:boche_executor|LessThan0~2                                                                                                                    ; 1       ;
; xiaoche:xiaoche_instance|boche:boche_executor|LessThan0~1                                                                                                                    ; 1       ;
; xiaoche:xiaoche_instance|boche:boche_executor|LessThan0~0                                                                                                                    ; 1       ;
; xiaoche:xiaoche_instance|boche:boche_executor|timer[31]~32                                                                                                                   ; 1       ;
; xiaoche:xiaoche_instance|Mux7~1                                                                                                                                              ; 1       ;
; xiaoche:xiaoche_instance|Mux7~0                                                                                                                                              ; 1       ;
; xiaoche:xiaoche_instance|xunji:xunji_instance|pwm_value[0]                                                                                                                   ; 1       ;
; xiaoche:xiaoche_instance|boche:boche_executor|pwm_value[0]                                                                                                                   ; 1       ;
; xiaoche:xiaoche_instance|Mux2~5                                                                                                                                              ; 1       ;
; xiaoche:xiaoche_instance|xunji:xunji_instance|pwm_value[1]                                                                                                                   ; 1       ;
; xiaoche:xiaoche_instance|pwm_threshold~2                                                                                                                                     ; 1       ;
; xiaoche:xiaoche_instance|xunji:xunji_instance|pwm_value[2]                                                                                                                   ; 1       ;
; xiaoche:xiaoche_instance|Mux4~0                                                                                                                                              ; 1       ;
; xiaoche:xiaoche_instance|xunji:xunji_instance|pwm_value[3]                                                                                                                   ; 1       ;
; xiaoche:xiaoche_instance|Mux3~2                                                                                                                                              ; 1       ;
; xiaoche:xiaoche_instance|Mux3~1                                                                                                                                              ; 1       ;
; xiaoche:xiaoche_instance|Mux3~0                                                                                                                                              ; 1       ;
; xiaoche:xiaoche_instance|xunji:xunji_instance|pwm_value[4]                                                                                                                   ; 1       ;
; xiaoche:xiaoche_instance|Mux2~4                                                                                                                                              ; 1       ;
; xiaoche:xiaoche_instance|Mux2~1                                                                                                                                              ; 1       ;
; xiaoche:xiaoche_instance|Mux1~1                                                                                                                                              ; 1       ;
; xiaoche:xiaoche_instance|min_distance~7                                                                                                                                      ; 1       ;
; xiaoche:xiaoche_instance|min_distance~6                                                                                                                                      ; 1       ;
; xiaoche:xiaoche_instance|LessThan10~0                                                                                                                                        ; 1       ;
; xiaoche:xiaoche_instance|min_distance~5                                                                                                                                      ; 1       ;
; xiaoche:xiaoche_instance|min_distance~3                                                                                                                                      ; 1       ;
; xiaoche:xiaoche_instance|LessThan9~15                                                                                                                                        ; 1       ;
; xiaoche:xiaoche_instance|LessThan9~14                                                                                                                                        ; 1       ;
; xiaoche:xiaoche_instance|LessThan9~12                                                                                                                                        ; 1       ;
; xiaoche:xiaoche_instance|LessThan9~11                                                                                                                                        ; 1       ;
; xiaoche:xiaoche_instance|LessThan9~10                                                                                                                                        ; 1       ;
; xiaoche:xiaoche_instance|LessThan9~9                                                                                                                                         ; 1       ;
; xiaoche:xiaoche_instance|LessThan9~8                                                                                                                                         ; 1       ;
; xiaoche:xiaoche_instance|LessThan9~7                                                                                                                                         ; 1       ;
; xiaoche:xiaoche_instance|LessThan9~6                                                                                                                                         ; 1       ;
; xiaoche:xiaoche_instance|LessThan9~5                                                                                                                                         ; 1       ;
; xiaoche:xiaoche_instance|LessThan9~4                                                                                                                                         ; 1       ;
; xiaoche:xiaoche_instance|LessThan9~3                                                                                                                                         ; 1       ;
; xiaoche:xiaoche_instance|LessThan9~2                                                                                                                                         ; 1       ;
; xiaoche:xiaoche_instance|LessThan9~1                                                                                                                                         ; 1       ;
; xiaoche:xiaoche_instance|LessThan9~0                                                                                                                                         ; 1       ;
; xiaoche:xiaoche_instance|min_distance~0                                                                                                                                      ; 1       ;
; xiaoche:xiaoche_instance|boche:boche_executor|pwm_value[2]                                                                                                                   ; 1       ;
; xiaoche:xiaoche_instance|LessThan5~4                                                                                                                                         ; 1       ;
; xiaoche:xiaoche_instance|LessThan5~3                                                                                                                                         ; 1       ;
; xiaoche:xiaoche_instance|LessThan5~2                                                                                                                                         ; 1       ;
; xiaoche:xiaoche_instance|LessThan5~1                                                                                                                                         ; 1       ;
; xiaoche:xiaoche_instance|LessThan5~0                                                                                                                                         ; 1       ;
; xiaoche:xiaoche_instance|LessThan3~4                                                                                                                                         ; 1       ;
; xiaoche:xiaoche_instance|LessThan3~3                                                                                                                                         ; 1       ;
; xiaoche:xiaoche_instance|LessThan3~2                                                                                                                                         ; 1       ;
; xiaoche:xiaoche_instance|LessThan3~1                                                                                                                                         ; 1       ;
; xiaoche:xiaoche_instance|LessThan3~0                                                                                                                                         ; 1       ;
; xiaoche:xiaoche_instance|PosCounter:pos_counter3|lpm_divide:Div0|lpm_divide_mhm:auto_generated|sign_div_unsign_nlh:divider|alt_u_div_p5f:divider|StageOut[126]~315           ; 1       ;
+------------------------------------------------------------------------------------------------------------------------------------------------------------------------------+---------+


+------------------------------------------------+
; Routing Usage Summary                          ;
+-----------------------+------------------------+
; Routing Resource Type ; Usage                  ;
+-----------------------+------------------------+
; Block interconnects   ; 1,700 / 32,401 ( 5 % ) ;
; C16 interconnects     ; 17 / 1,326 ( 1 % )     ;
; C4 interconnects      ; 662 / 21,816 ( 3 % )   ;
; Direct links          ; 483 / 32,401 ( 1 % )   ;
; Global clocks         ; 2 / 10 ( 20 % )        ;
; Local interconnects   ; 827 / 10,320 ( 8 % )   ;
; R24 interconnects     ; 13 / 1,289 ( 1 % )     ;
; R4 interconnects      ; 805 / 28,186 ( 3 % )   ;
+-----------------------+------------------------+


+-----------------------------------------------------------------------------+
; LAB Logic Elements                                                          ;
+---------------------------------------------+-------------------------------+
; Number of Logic Elements  (Average = 13.22) ; Number of LABs  (Total = 115) ;
+---------------------------------------------+-------------------------------+
; 1                                           ; 6                             ;
; 2                                           ; 3                             ;
; 3                                           ; 1                             ;
; 4                                           ; 5                             ;
; 5                                           ; 2                             ;
; 6                                           ; 1                             ;
; 7                                           ; 1                             ;
; 8                                           ; 2                             ;
; 9                                           ; 2                             ;
; 10                                          ; 1                             ;
; 11                                          ; 2                             ;
; 12                                          ; 3                             ;
; 13                                          ; 1                             ;
; 14                                          ; 5                             ;
; 15                                          ; 3                             ;
; 16                                          ; 77                            ;
+---------------------------------------------+-------------------------------+


+--------------------------------------------------------------------+
; LAB-wide Signals                                                   ;
+------------------------------------+-------------------------------+
; LAB-wide Signals  (Average = 1.37) ; Number of LABs  (Total = 115) ;
+------------------------------------+-------------------------------+
; 1 Async. clear                     ; 60                            ;
; 1 Clock                            ; 59                            ;
; 1 Clock enable                     ; 29                            ;
; 1 Sync. clear                      ; 8                             ;
; 2 Clocks                           ; 1                             ;
+------------------------------------+-------------------------------+


+------------------------------------------------------------------------------+
; LAB Signals Sourced                                                          ;
+----------------------------------------------+-------------------------------+
; Number of Signals Sourced  (Average = 15.22) ; Number of LABs  (Total = 115) ;
+----------------------------------------------+-------------------------------+
; 0                                            ; 0                             ;
; 1                                            ; 6                             ;
; 2                                            ; 3                             ;
; 3                                            ; 1                             ;
; 4                                            ; 1                             ;
; 5                                            ; 3                             ;
; 6                                            ; 3                             ;
; 7                                            ; 2                             ;
; 8                                            ; 6                             ;
; 9                                            ; 0                             ;
; 10                                           ; 1                             ;
; 11                                           ; 3                             ;
; 12                                           ; 2                             ;
; 13                                           ; 2                             ;
; 14                                           ; 4                             ;
; 15                                           ; 35                            ;
; 16                                           ; 5                             ;
; 17                                           ; 3                             ;
; 18                                           ; 4                             ;
; 19                                           ; 1                             ;
; 20                                           ; 4                             ;
; 21                                           ; 5                             ;
; 22                                           ; 6                             ;
; 23                                           ; 2                             ;
; 24                                           ; 1                             ;
; 25                                           ; 0                             ;
; 26                                           ; 2                             ;
; 27                                           ; 2                             ;
; 28                                           ; 2                             ;
; 29                                           ; 0                             ;
; 30                                           ; 0                             ;
; 31                                           ; 1                             ;
; 32                                           ; 5                             ;
+----------------------------------------------+-------------------------------+


+---------------------------------------------------------------------------------+
; LAB Signals Sourced Out                                                         ;
+-------------------------------------------------+-------------------------------+
; Number of Signals Sourced Out  (Average = 8.46) ; Number of LABs  (Total = 115) ;
+-------------------------------------------------+-------------------------------+
; 0                                               ; 0                             ;
; 1                                               ; 10                            ;
; 2                                               ; 5                             ;
; 3                                               ; 7                             ;
; 4                                               ; 6                             ;
; 5                                               ; 4                             ;
; 6                                               ; 7                             ;
; 7                                               ; 6                             ;
; 8                                               ; 5                             ;
; 9                                               ; 6                             ;
; 10                                              ; 19                            ;
; 11                                              ; 17                            ;
; 12                                              ; 9                             ;
; 13                                              ; 2                             ;
; 14                                              ; 1                             ;
; 15                                              ; 1                             ;
; 16                                              ; 4                             ;
; 17                                              ; 4                             ;
; 18                                              ; 0                             ;
; 19                                              ; 2                             ;
+-------------------------------------------------+-------------------------------+


+------------------------------------------------------------------------------+
; LAB Distinct Inputs                                                          ;
+----------------------------------------------+-------------------------------+
; Number of Distinct Inputs  (Average = 13.87) ; Number of LABs  (Total = 115) ;
+----------------------------------------------+-------------------------------+
; 0                                            ; 0                             ;
; 1                                            ; 2                             ;
; 2                                            ; 3                             ;
; 3                                            ; 3                             ;
; 4                                            ; 5                             ;
; 5                                            ; 5                             ;
; 6                                            ; 2                             ;
; 7                                            ; 2                             ;
; 8                                            ; 6                             ;
; 9                                            ; 6                             ;
; 10                                           ; 5                             ;
; 11                                           ; 1                             ;
; 12                                           ; 3                             ;
; 13                                           ; 1                             ;
; 14                                           ; 6                             ;
; 15                                           ; 8                             ;
; 16                                           ; 9                             ;
; 17                                           ; 13                            ;
; 18                                           ; 8                             ;
; 19                                           ; 9                             ;
; 20                                           ; 5                             ;
; 21                                           ; 2                             ;
; 22                                           ; 5                             ;
; 23                                           ; 1                             ;
; 24                                           ; 2                             ;
; 25                                           ; 0                             ;
; 26                                           ; 0                             ;
; 27                                           ; 1                             ;
; 28                                           ; 0                             ;
; 29                                           ; 1                             ;
; 30                                           ; 0                             ;
; 31                                           ; 0                             ;
; 32                                           ; 1                             ;
+----------------------------------------------+-------------------------------+


+------------------------------------------+
; I/O Rules Summary                        ;
+----------------------------------+-------+
; I/O Rules Statistic              ; Total ;
+----------------------------------+-------+
; Total I/O Rules                  ; 30    ;
; Number of I/O Rules Passed       ; 12    ;
; Number of I/O Rules Failed       ; 0     ;
; Number of I/O Rules Unchecked    ; 0     ;
; Number of I/O Rules Inapplicable ; 18    ;
+----------------------------------+-------+


+-----------------------------------------------------------------------------------------------------------------------------------------------------------------------------------------------------------------------------------------------------------------------------------------------------+
; I/O Rules Details                                                                                                                                                                                                                                                                                   ;
+--------------+-----------+-----------------------------------+------------------------------------------------------------------------------------------------------+----------+--------------------------------------------------------------------------+---------------------+-------------------+
; Status       ; ID        ; Category                          ; Rule Description                                                                                     ; Severity ; Information                                                              ; Area                ; Extra Information ;
+--------------+-----------+-----------------------------------+------------------------------------------------------------------------------------------------------+----------+--------------------------------------------------------------------------+---------------------+-------------------+
; Pass         ; IO_000001 ; Capacity Checks                   ; Number of pins in an I/O bank should not exceed the number of locations available.                   ; Critical ; 0 such failures found.                                                   ; I/O                 ;                   ;
; Inapplicable ; IO_000002 ; Capacity Checks                   ; Number of clocks in an I/O bank should not exceed the number of clocks available.                    ; Critical ; No Global Signal assignments found.                                      ; I/O                 ;                   ;
; Pass         ; IO_000003 ; Capacity Checks                   ; Number of pins in a Vrefgroup should not exceed the number of locations available.                   ; Critical ; 0 such failures found.                                                   ; I/O                 ;                   ;
; Inapplicable ; IO_000004 ; Voltage Compatibility Checks      ; The I/O bank should support the requested VCCIO.                                                     ; Critical ; No IOBANK_VCCIO assignments found.                                       ; I/O                 ;                   ;
; Inapplicable ; IO_000005 ; Voltage Compatibility Checks      ; The I/O bank should not have competing VREF values.                                                  ; Critical ; No VREF I/O Standard assignments found.                                  ; I/O                 ;                   ;
; Pass         ; IO_000006 ; Voltage Compatibility Checks      ; The I/O bank should not have competing VCCIO values.                                                 ; Critical ; 0 such failures found.                                                   ; I/O                 ;                   ;
; Pass         ; IO_000007 ; Valid Location Checks             ; Checks for unavailable locations.                                                                    ; Critical ; 0 such failures found.                                                   ; I/O                 ;                   ;
; Inapplicable ; IO_000008 ; Valid Location Checks             ; Checks for reserved locations.                                                                       ; Critical ; No reserved LogicLock region found.                                      ; I/O                 ;                   ;
; Pass         ; IO_000009 ; I/O Properties Checks for One I/O ; The location should support the requested I/O standard.                                              ; Critical ; 0 such failures found.                                                   ; I/O                 ;                   ;
; Pass         ; IO_000010 ; I/O Properties Checks for One I/O ; The location should support the requested I/O direction.                                             ; Critical ; 0 such failures found.                                                   ; I/O                 ;                   ;
; Inapplicable ; IO_000011 ; I/O Properties Checks for One I/O ; The location should support the requested Current Strength.                                          ; Critical ; No Current Strength assignments found.                                   ; I/O                 ;                   ;
; Pass         ; IO_000012 ; I/O Properties Checks for One I/O ; The location should support the requested On Chip Termination value.                                 ; Critical ; 0 such failures found.                                                   ; I/O                 ;                   ;
; Inapplicable ; IO_000013 ; I/O Properties Checks for One I/O ; The location should support the requested Bus Hold value.                                            ; Critical ; No Enable Bus-Hold Circuitry assignments found.                          ; I/O                 ;                   ;
; Inapplicable ; IO_000014 ; I/O Properties Checks for One I/O ; The location should support the requested Weak Pull Up value.                                        ; Critical ; No Weak Pull-Up Resistor assignments found.                              ; I/O                 ;                   ;
; Pass         ; IO_000015 ; I/O Properties Checks for One I/O ; The location should support the requested PCI Clamp Diode.                                           ; Critical ; 0 such failures found.                                                   ; I/O                 ;                   ;
; Inapplicable ; IO_000018 ; I/O Properties Checks for One I/O ; The I/O standard should support the requested Current Strength.                                      ; Critical ; No Current Strength assignments found.                                   ; I/O                 ;                   ;
; Pass         ; IO_000019 ; I/O Properties Checks for One I/O ; The I/O standard should support the requested On Chip Termination value.                             ; Critical ; 0 such failures found.                                                   ; I/O                 ;                   ;
; Pass         ; IO_000020 ; I/O Properties Checks for One I/O ; The I/O standard should support the requested PCI Clamp Diode.                                       ; Critical ; 0 such failures found.                                                   ; I/O                 ;                   ;
; Inapplicable ; IO_000021 ; I/O Properties Checks for One I/O ; The I/O standard should support the requested Weak Pull Up value.                                    ; Critical ; No Weak Pull-Up Resistor assignments found.                              ; I/O                 ;                   ;
; Inapplicable ; IO_000022 ; I/O Properties Checks for One I/O ; The I/O standard should support the requested Bus Hold value.                                        ; Critical ; No Enable Bus-Hold Circuitry assignments found.                          ; I/O                 ;                   ;
; Inapplicable ; IO_000023 ; I/O Properties Checks for One I/O ; The I/O standard should support the Open Drain value.                                                ; Critical ; No open drain assignments found.                                         ; I/O                 ;                   ;
; Pass         ; IO_000024 ; I/O Properties Checks for One I/O ; The I/O direction should support the On Chip Termination value.                                      ; Critical ; 0 such failures found.                                                   ; I/O                 ;                   ;
; Inapplicable ; IO_000026 ; I/O Properties Checks for One I/O ; On Chip Termination and Current Strength should not be used at the same time.                        ; Critical ; No Current Strength assignments found.                                   ; I/O                 ;                   ;
; Inapplicable ; IO_000027 ; I/O Properties Checks for One I/O ; Weak Pull Up and Bus Hold should not be used at the same time.                                       ; Critical ; No Enable Bus-Hold Circuitry or Weak Pull-Up Resistor assignments found. ; I/O                 ;                   ;
; Inapplicable ; IO_000045 ; I/O Properties Checks for One I/O ; The I/O standard should support the requested Slew Rate value.                                       ; Critical ; No Slew Rate assignments found.                                          ; I/O                 ;                   ;
; Inapplicable ; IO_000046 ; I/O Properties Checks for One I/O ; The location should support the requested Slew Rate value.                                           ; Critical ; No Slew Rate assignments found.                                          ; I/O                 ;                   ;
; Inapplicable ; IO_000047 ; I/O Properties Checks for One I/O ; On Chip Termination and Slew Rate should not be used at the same time.                               ; Critical ; No Slew Rate assignments found.                                          ; I/O                 ;                   ;
; Pass         ; IO_000033 ; Electromigration Checks           ; Current density for consecutive I/Os should not exceed 240mA for row I/Os and 240mA for column I/Os. ; Critical ; 0 such failures found.                                                   ; I/O                 ;                   ;
; Inapplicable ; IO_000034 ; SI Related Distance Checks        ; Single-ended outputs should be 5 LAB row(s) away from a differential I/O.                            ; High     ; No Differential I/O Standard assignments found.                          ; I/O                 ;                   ;
; Inapplicable ; IO_000042 ; SI Related SSO Limit Checks       ; No more than 20 outputs are allowed in a VREF group when VREF is being read from.                    ; High     ; No VREF I/O Standard assignments found.                                  ; I/O                 ;                   ;
; ----         ; ----      ; Disclaimer                        ; OCT rules are checked but not reported.                                                              ; None     ; ----                                                                     ; On Chip Termination ;                   ;
+--------------+-----------+-----------------------------------+------------------------------------------------------------------------------------------------------+----------+--------------------------------------------------------------------------+---------------------+-------------------+


+--------------------------------------------------------------------------------------------------------------------------------------------------------------------------------------------------------------------------------------------------------------------------------------------------------------------------------------------------------------------------------------------------------------------------------------------------------------------------+
; I/O Rules Matrix                                                                                                                                                                                                                                                                                                                                                                                                                                                         ;
+--------------------+--------------+--------------+--------------+--------------+--------------+-----------+--------------+--------------+-----------+-----------+--------------+--------------+--------------+--------------+--------------+--------------+--------------+--------------+--------------+--------------+--------------+--------------+--------------+--------------+--------------+--------------+--------------+-----------+--------------+--------------+
; Pin/Rules          ; IO_000001    ; IO_000002    ; IO_000003    ; IO_000004    ; IO_000005    ; IO_000006 ; IO_000007    ; IO_000008    ; IO_000009 ; IO_000010 ; IO_000011    ; IO_000012    ; IO_000013    ; IO_000014    ; IO_000015    ; IO_000018    ; IO_000019    ; IO_000020    ; IO_000021    ; IO_000022    ; IO_000023    ; IO_000024    ; IO_000026    ; IO_000027    ; IO_000045    ; IO_000046    ; IO_000047    ; IO_000033 ; IO_000034    ; IO_000042    ;
+--------------------+--------------+--------------+--------------+--------------+--------------+-----------+--------------+--------------+-----------+-----------+--------------+--------------+--------------+--------------+--------------+--------------+--------------+--------------+--------------+--------------+--------------+--------------+--------------+--------------+--------------+--------------+--------------+-----------+--------------+--------------+
; Total Pass         ; 20           ; 0            ; 20           ; 0            ; 0            ; 21        ; 20           ; 0            ; 21        ; 21        ; 0            ; 8            ; 0            ; 0            ; 13           ; 0            ; 8            ; 13           ; 0            ; 0            ; 0            ; 8            ; 0            ; 0            ; 0            ; 0            ; 0            ; 21        ; 0            ; 0            ;
; Total Unchecked    ; 0            ; 0            ; 0            ; 0            ; 0            ; 0         ; 0            ; 0            ; 0         ; 0         ; 0            ; 0            ; 0            ; 0            ; 0            ; 0            ; 0            ; 0            ; 0            ; 0            ; 0            ; 0            ; 0            ; 0            ; 0            ; 0            ; 0            ; 0         ; 0            ; 0            ;
; Total Inapplicable ; 1            ; 21           ; 1            ; 21           ; 21           ; 0         ; 1            ; 21           ; 0         ; 0         ; 21           ; 13           ; 21           ; 21           ; 8            ; 21           ; 13           ; 8            ; 21           ; 21           ; 21           ; 13           ; 21           ; 21           ; 21           ; 21           ; 21           ; 0         ; 21           ; 21           ;
; Total Fail         ; 0            ; 0            ; 0            ; 0            ; 0            ; 0         ; 0            ; 0            ; 0         ; 0         ; 0            ; 0            ; 0            ; 0            ; 0            ; 0            ; 0            ; 0            ; 0            ; 0            ; 0            ; 0            ; 0            ; 0            ; 0            ; 0            ; 0            ; 0         ; 0            ; 0            ;
; trig1              ; Pass         ; Inapplicable ; Pass         ; Inapplicable ; Inapplicable ; Pass      ; Pass         ; Inapplicable ; Pass      ; Pass      ; Inapplicable ; Pass         ; Inapplicable ; Inapplicable ; Inapplicable ; Inapplicable ; Pass         ; Inapplicable ; Inapplicable ; Inapplicable ; Inapplicable ; Pass         ; Inapplicable ; Inapplicable ; Inapplicable ; Inapplicable ; Inapplicable ; Pass      ; Inapplicable ; Inapplicable ;
; trig2              ; Pass         ; Inapplicable ; Pass         ; Inapplicable ; Inapplicable ; Pass      ; Pass         ; Inapplicable ; Pass      ; Pass      ; Inapplicable ; Pass         ; Inapplicable ; Inapplicable ; Inapplicable ; Inapplicable ; Pass         ; Inapplicable ; Inapplicable ; Inapplicable ; Inapplicable ; Pass         ; Inapplicable ; Inapplicable ; Inapplicable ; Inapplicable ; Inapplicable ; Pass      ; Inapplicable ; Inapplicable ;
; trig3              ; Pass         ; Inapplicable ; Pass         ; Inapplicable ; Inapplicable ; Pass      ; Pass         ; Inapplicable ; Pass      ; Pass      ; Inapplicable ; Pass         ; Inapplicable ; Inapplicable ; Inapplicable ; Inapplicable ; Pass         ; Inapplicable ; Inapplicable ; Inapplicable ; Inapplicable ; Pass         ; Inapplicable ; Inapplicable ; Inapplicable ; Inapplicable ; Inapplicable ; Pass      ; Inapplicable ; Inapplicable ;
; left[0]            ; Pass         ; Inapplicable ; Pass         ; Inapplicable ; Inapplicable ; Pass      ; Pass         ; Inapplicable ; Pass      ; Pass      ; Inapplicable ; Pass         ; Inapplicable ; Inapplicable ; Inapplicable ; Inapplicable ; Pass         ; Inapplicable ; Inapplicable ; Inapplicable ; Inapplicable ; Pass         ; Inapplicable ; Inapplicable ; Inapplicable ; Inapplicable ; Inapplicable ; Pass      ; Inapplicable ; Inapplicable ;
; left[1]            ; Pass         ; Inapplicable ; Pass         ; Inapplicable ; Inapplicable ; Pass      ; Pass         ; Inapplicable ; Pass      ; Pass      ; Inapplicable ; Pass         ; Inapplicable ; Inapplicable ; Inapplicable ; Inapplicable ; Pass         ; Inapplicable ; Inapplicable ; Inapplicable ; Inapplicable ; Pass         ; Inapplicable ; Inapplicable ; Inapplicable ; Inapplicable ; Inapplicable ; Pass      ; Inapplicable ; Inapplicable ;
; right[0]           ; Pass         ; Inapplicable ; Pass         ; Inapplicable ; Inapplicable ; Pass      ; Pass         ; Inapplicable ; Pass      ; Pass      ; Inapplicable ; Pass         ; Inapplicable ; Inapplicable ; Inapplicable ; Inapplicable ; Pass         ; Inapplicable ; Inapplicable ; Inapplicable ; Inapplicable ; Pass         ; Inapplicable ; Inapplicable ; Inapplicable ; Inapplicable ; Inapplicable ; Pass      ; Inapplicable ; Inapplicable ;
; right[1]           ; Pass         ; Inapplicable ; Pass         ; Inapplicable ; Inapplicable ; Pass      ; Pass         ; Inapplicable ; Pass      ; Pass      ; Inapplicable ; Pass         ; Inapplicable ; Inapplicable ; Inapplicable ; Inapplicable ; Pass         ; Inapplicable ; Inapplicable ; Inapplicable ; Inapplicable ; Pass         ; Inapplicable ; Inapplicable ; Inapplicable ; Inapplicable ; Inapplicable ; Pass      ; Inapplicable ; Inapplicable ;
; obstacle_detected  ; Inapplicable ; Inapplicable ; Inapplicable ; Inapplicable ; Inapplicable ; Pass      ; Inapplicable ; Inapplicable ; Pass      ; Pass      ; Inapplicable ; Pass         ; Inapplicable ; Inapplicable ; Inapplicable ; Inapplicable ; Pass         ; Inapplicable ; Inapplicable ; Inapplicable ; Inapplicable ; Pass         ; Inapplicable ; Inapplicable ; Inapplicable ; Inapplicable ; Inapplicable ; Pass      ; Inapplicable ; Inapplicable ;
; reset              ; Pass         ; Inapplicable ; Pass         ; Inapplicable ; Inapplicable ; Pass      ; Pass         ; Inapplicable ; Pass      ; Pass      ; Inapplicable ; Inapplicable ; Inapplicable ; Inapplicable ; Pass         ; Inapplicable ; Inapplicable ; Pass         ; Inapplicable ; Inapplicable ; Inapplicable ; Inapplicable ; Inapplicable ; Inapplicable ; Inapplicable ; Inapplicable ; Inapplicable ; Pass      ; Inapplicable ; Inapplicable ;
; enable             ; Pass         ; Inapplicable ; Pass         ; Inapplicable ; Inapplicable ; Pass      ; Pass         ; Inapplicable ; Pass      ; Pass      ; Inapplicable ; Inapplicable ; Inapplicable ; Inapplicable ; Pass         ; Inapplicable ; Inapplicable ; Pass         ; Inapplicable ; Inapplicable ; Inapplicable ; Inapplicable ; Inapplicable ; Inapplicable ; Inapplicable ; Inapplicable ; Inapplicable ; Pass      ; Inapplicable ; Inapplicable ;
; clk                ; Pass         ; Inapplicable ; Pass         ; Inapplicable ; Inapplicable ; Pass      ; Pass         ; Inapplicable ; Pass      ; Pass      ; Inapplicable ; Inapplicable ; Inapplicable ; Inapplicable ; Pass         ; Inapplicable ; Inapplicable ; Pass         ; Inapplicable ; Inapplicable ; Inapplicable ; Inapplicable ; Inapplicable ; Inapplicable ; Inapplicable ; Inapplicable ; Inapplicable ; Pass      ; Inapplicable ; Inapplicable ;
; track7             ; Pass         ; Inapplicable ; Pass         ; Inapplicable ; Inapplicable ; Pass      ; Pass         ; Inapplicable ; Pass      ; Pass      ; Inapplicable ; Inapplicable ; Inapplicable ; Inapplicable ; Pass         ; Inapplicable ; Inapplicable ; Pass         ; Inapplicable ; Inapplicable ; Inapplicable ; Inapplicable ; Inapplicable ; Inapplicable ; Inapplicable ; Inapplicable ; Inapplicable ; Pass      ; Inapplicable ; Inapplicable ;
; track6             ; Pass         ; Inapplicable ; Pass         ; Inapplicable ; Inapplicable ; Pass      ; Pass         ; Inapplicable ; Pass      ; Pass      ; Inapplicable ; Inapplicable ; Inapplicable ; Inapplicable ; Pass         ; Inapplicable ; Inapplicable ; Pass         ; Inapplicable ; Inapplicable ; Inapplicable ; Inapplicable ; Inapplicable ; Inapplicable ; Inapplicable ; Inapplicable ; Inapplicable ; Pass      ; Inapplicable ; Inapplicable ;
; track5             ; Pass         ; Inapplicable ; Pass         ; Inapplicable ; Inapplicable ; Pass      ; Pass         ; Inapplicable ; Pass      ; Pass      ; Inapplicable ; Inapplicable ; Inapplicable ; Inapplicable ; Pass         ; Inapplicable ; Inapplicable ; Pass         ; Inapplicable ; Inapplicable ; Inapplicable ; Inapplicable ; Inapplicable ; Inapplicable ; Inapplicable ; Inapplicable ; Inapplicable ; Pass      ; Inapplicable ; Inapplicable ;
; track4             ; Pass         ; Inapplicable ; Pass         ; Inapplicable ; Inapplicable ; Pass      ; Pass         ; Inapplicable ; Pass      ; Pass      ; Inapplicable ; Inapplicable ; Inapplicable ; Inapplicable ; Pass         ; Inapplicable ; Inapplicable ; Pass         ; Inapplicable ; Inapplicable ; Inapplicable ; Inapplicable ; Inapplicable ; Inapplicable ; Inapplicable ; Inapplicable ; Inapplicable ; Pass      ; Inapplicable ; Inapplicable ;
; track2             ; Pass         ; Inapplicable ; Pass         ; Inapplicable ; Inapplicable ; Pass      ; Pass         ; Inapplicable ; Pass      ; Pass      ; Inapplicable ; Inapplicable ; Inapplicable ; Inapplicable ; Pass         ; Inapplicable ; Inapplicable ; Pass         ; Inapplicable ; Inapplicable ; Inapplicable ; Inapplicable ; Inapplicable ; Inapplicable ; Inapplicable ; Inapplicable ; Inapplicable ; Pass      ; Inapplicable ; Inapplicable ;
; track3             ; Pass         ; Inapplicable ; Pass         ; Inapplicable ; Inapplicable ; Pass      ; Pass         ; Inapplicable ; Pass      ; Pass      ; Inapplicable ; Inapplicable ; Inapplicable ; Inapplicable ; Pass         ; Inapplicable ; Inapplicable ; Pass         ; Inapplicable ; Inapplicable ; Inapplicable ; Inapplicable ; Inapplicable ; Inapplicable ; Inapplicable ; Inapplicable ; Inapplicable ; Pass      ; Inapplicable ; Inapplicable ;
; track1             ; Pass         ; Inapplicable ; Pass         ; Inapplicable ; Inapplicable ; Pass      ; Pass         ; Inapplicable ; Pass      ; Pass      ; Inapplicable ; Inapplicable ; Inapplicable ; Inapplicable ; Pass         ; Inapplicable ; Inapplicable ; Pass         ; Inapplicable ; Inapplicable ; Inapplicable ; Inapplicable ; Inapplicable ; Inapplicable ; Inapplicable ; Inapplicable ; Inapplicable ; Pass      ; Inapplicable ; Inapplicable ;
; echo1              ; Pass         ; Inapplicable ; Pass         ; Inapplicable ; Inapplicable ; Pass      ; Pass         ; Inapplicable ; Pass      ; Pass      ; Inapplicable ; Inapplicable ; Inapplicable ; Inapplicable ; Pass         ; Inapplicable ; Inapplicable ; Pass         ; Inapplicable ; Inapplicable ; Inapplicable ; Inapplicable ; Inapplicable ; Inapplicable ; Inapplicable ; Inapplicable ; Inapplicable ; Pass      ; Inapplicable ; Inapplicable ;
; echo2              ; Pass         ; Inapplicable ; Pass         ; Inapplicable ; Inapplicable ; Pass      ; Pass         ; Inapplicable ; Pass      ; Pass      ; Inapplicable ; Inapplicable ; Inapplicable ; Inapplicable ; Pass         ; Inapplicable ; Inapplicable ; Pass         ; Inapplicable ; Inapplicable ; Inapplicable ; Inapplicable ; Inapplicable ; Inapplicable ; Inapplicable ; Inapplicable ; Inapplicable ; Pass      ; Inapplicable ; Inapplicable ;
; echo3              ; Pass         ; Inapplicable ; Pass         ; Inapplicable ; Inapplicable ; Pass      ; Pass         ; Inapplicable ; Pass      ; Pass      ; Inapplicable ; Inapplicable ; Inapplicable ; Inapplicable ; Pass         ; Inapplicable ; Inapplicable ; Pass         ; Inapplicable ; Inapplicable ; Inapplicable ; Inapplicable ; Inapplicable ; Inapplicable ; Inapplicable ; Inapplicable ; Inapplicable ; Pass      ; Inapplicable ; Inapplicable ;
+--------------------+--------------+--------------+--------------+--------------+--------------+-----------+--------------+--------------+-----------+-----------+--------------+--------------+--------------+--------------+--------------+--------------+--------------+--------------+--------------+--------------+--------------+--------------+--------------+--------------+--------------+--------------+--------------+-----------+--------------+--------------+


+---------------------------------------------------------------------------------------------+
; Fitter Device Options                                                                       ;
+------------------------------------------------------------------+--------------------------+
; Option                                                           ; Setting                  ;
+------------------------------------------------------------------+--------------------------+
; Enable user-supplied start-up clock (CLKUSR)                     ; Off                      ;
; Enable device-wide reset (DEV_CLRn)                              ; Off                      ;
; Enable device-wide output enable (DEV_OE)                        ; Off                      ;
; Enable INIT_DONE output                                          ; Off                      ;
; Configuration scheme                                             ; Active Serial            ;
; Error detection CRC                                              ; Off                      ;
; Enable open drain on CRC_ERROR pin                               ; Off                      ;
; Enable input tri-state on active configuration pins in user mode ; Off                      ;
; Configuration Voltage Level                                      ; Auto                     ;
; Force Configuration Voltage Level                                ; Off                      ;
; nCEO                                                             ; As output driving ground ;
; Data[0]                                                          ; As input tri-stated      ;
; Data[1]/ASDO                                                     ; As input tri-stated      ;
; Data[7..2]                                                       ; Unreserved               ;
; FLASH_nCE/nCSO                                                   ; As input tri-stated      ;
; Other Active Parallel pins                                       ; Unreserved               ;
; DCLK                                                             ; As output driving ground ;
; Base pin-out file on sameframe device                            ; Off                      ;
+------------------------------------------------------------------+--------------------------+


+------------------------------------+
; Operating Settings and Conditions  ;
+---------------------------+--------+
; Setting                   ; Value  ;
+---------------------------+--------+
; Nominal Core Voltage      ; 1.20 V ;
; Low Junction Temperature  ; 0 °C   ;
; High Junction Temperature ; 85 °C  ;
+---------------------------+--------+


+------------------------------------------------------------+
; Estimated Delay Added for Hold Timing Summary              ;
+-----------------+----------------------+-------------------+
; Source Clock(s) ; Destination Clock(s) ; Delay Added in ns ;
+-----------------+----------------------+-------------------+
; clk             ; clk                  ; 2.5               ;
+-----------------+----------------------+-------------------+
Note: For more information on problematic transfers, consider running the Fitter again with the Optimize hold timing option (Settings Menu) turned off.
This will disable optimization of problematic paths and expose them for further analysis using the TimeQuest Timing Analyzer.


+------------------------------------------------------------------------------------------------------------------------------------------------------+
; Estimated Delay Added for Hold Timing Details                                                                                                        ;
+-------------------------------------------------------------------------+--------------------------------------------------------+-------------------+
; Source Register                                                         ; Destination Register                                   ; Delay Added in ns ;
+-------------------------------------------------------------------------+--------------------------------------------------------+-------------------+
; xiaoche:xiaoche_instance|clk_div[4]                                     ; xiaoche:xiaoche_instance|clk_div[4]                    ; 2.504             ;
; xiaoche:xiaoche_instance|boche:boche_executor|current_state.RIGHT_200MS ; xiaoche:xiaoche_instance|boche:boche_executor|right[0] ; 0.020             ;
; xiaoche:xiaoche_instance|current_mode[1]                                ; xiaoche:xiaoche_instance|right[1]                      ; 0.019             ;
+-------------------------------------------------------------------------+--------------------------------------------------------+-------------------+
Note: This table only shows the top 3 path(s) that have the largest delay added for hold.


+-----------------+
; Fitter Messages ;
+-----------------+
Info (11104): Parallel Compilation has detected 24 hyper-threaded processors. However, the extra hyper-threaded processors will not be used by default. Parallel Compilation will use 16 of the 16 physical processors detected instead.
Info (119006): Selected device EP3C10E144C8 for design "top"
Info (21077): Low junction temperature is 0 degrees C
Info (21077): High junction temperature is 85 degrees C
Info (171003): Fitter is performing an Auto Fit compilation, which may decrease Fitter effort to reduce compilation time
Info (176444): Device migration not selected. If you intend to use device migration later, you may need to change the pin assignments as they may be incompatible with other devices
    Info (176445): Device EP3C5E144C8 is compatible
    Info (176445): Device EP3C16E144C8 is compatible
    Info (176445): Device EP3C25E144C8 is compatible
Info (169124): Fitter converted 5 user pins into dedicated programming pins
    Info (169125): Pin ~ALTERA_ASDO_DATA1~ is reserved at location 6
    Info (169125): Pin ~ALTERA_FLASH_nCE_nCSO~ is reserved at location 8
    Info (169125): Pin ~ALTERA_DCLK~ is reserved at location 12
    Info (169125): Pin ~ALTERA_DATA0~ is reserved at location 13
    Info (169125): Pin ~ALTERA_nCEO~ is reserved at location 101
Warning (15714): Some pins have incomplete I/O assignments. Refer to the I/O Assignment Warnings report for details
Critical Warning (169085): No exact pin location assignment(s) for 1 pins of 21 total pins
    Info (169086): Pin obstacle_detected not assigned to an exact location on the device
Critical Warning (332012): Synopsys Design Constraints File file not found: 'top.sdc'. A Synopsys Design Constraints File is required by the TimeQuest Timing Analyzer to get proper timing constraints. Without it, the Compiler will not properly optimize the design.
Info (332144): No user constrained base clocks found in the design
Info (332143): No user constrained clock uncertainty found in the design. Calling "derive_clock_uncertainty"
Info (332123): Deriving Clock Uncertainty. Please refer to report_sdc in TimeQuest to see clock uncertainties.
Info (332130): Timing requirements not specified -- quality metrics such as performance may be sacrificed to reduce compilation time.
Info (176353): Automatically promoted node clk~input (placed in PIN 22 (CLK0, DIFFCLK_0p))
    Info (176355): Automatically promoted destinations to use location or clock signal Global Clock CLKCTRL_G4
Info (176353): Automatically promoted node xiaoche:xiaoche_instance|clk_div[4] 
    Info (176355): Automatically promoted destinations to use location or clock signal Global Clock
    Info (176356): Following destination nodes may be non-global or may not use global or regional clocks
        Info (176357): Destination node xiaoche:xiaoche_instance|clk_div[4]~10
Info (176233): Starting register packing
Info (176235): Finished register packing
    Extra Info (176219): No registers were packed into other blocks
Info (176214): Statistics of I/O pins that need to be placed that use the same VCCIO and VREF, before I/O pin placement
    Info (176211): Number of I/O pins in group: 1 (unused VREF, 2.5V VCCIO, 0 input, 1 output, 0 bidirectional)
        Info (176212): I/O standards used: 2.5 V.
Info (176215): I/O bank details before I/O pin placement
    Info (176214): Statistics of I/O banks
        Info (176213): I/O bank number 1 does not use VREF pins and has undetermined VCCIO pins. 8 total pin(s) used --  5 pins available
        Info (176213): I/O bank number 2 does not use VREF pins and has undetermined VCCIO pins. 0 total pin(s) used --  8 pins available
        Info (176213): I/O bank number 3 does not use VREF pins and has undetermined VCCIO pins. 4 total pin(s) used --  7 pins available
        Info (176213): I/O bank number 4 does not use VREF pins and has undetermined VCCIO pins. 3 total pin(s) used --  11 pins available
        Info (176213): I/O bank number 5 does not use VREF pins and has 2.5V VCCIO pins. 3 total pin(s) used --  11 pins available
        Info (176213): I/O bank number 6 does not use VREF pins and has undetermined VCCIO pins. 2 total pin(s) used --  8 pins available
        Info (176213): I/O bank number 7 does not use VREF pins and has undetermined VCCIO pins. 0 total pin(s) used --  13 pins available
        Info (176213): I/O bank number 8 does not use VREF pins and has 2.5V VCCIO pins. 5 total pin(s) used --  7 pins available
Info (171121): Fitter preparation operations ending: elapsed time is 00:00:01
Info (170189): Fitter placement preparation operations beginning
Info (170190): Fitter placement preparation operations ending: elapsed time is 00:00:00
Info (170191): Fitter placement operations beginning
Info (170137): Fitter placement was successful
Info (170192): Fitter placement operations ending: elapsed time is 00:00:01
Info (170193): Fitter routing operations beginning
Info (170195): Router estimated average interconnect usage is 2% of the available device resources
    Info (170196): Router estimated peak interconnect usage is 7% of the available device resources in the region that extends from location X11_Y12 to location X22_Y24
Info (170194): Fitter routing operations ending: elapsed time is 00:00:01
Info (170199): The Fitter performed an Auto Fit compilation.  Optimizations were skipped to reduce compilation time.
    Info (170201): Optimizations that may affect the design's routability were skipped
Info (11888): Total time spent on timing analysis during the Fitter is 0.73 seconds.
Info (334003): Started post-fitting delay annotation
Info (334004): Delay annotation completed successfully
Info (334003): Started post-fitting delay annotation
Info (334004): Delay annotation completed successfully
Info (11218): Fitter post-fit operations ending: elapsed time is 00:00:01
Info (144001): Generated suppressed messages file E:/QuartusDate/xiaoche/test13/top/output_files/top.fit.smsg
Info: Quartus II 64-Bit Fitter was successful. 0 errors, 3 warnings
    Info: Peak virtual memory: 6177 megabytes
    Info: Processing ended: Sat Oct 18 22:42:59 2025
    Info: Elapsed time: 00:00:06
    Info: Total CPU time (on all processors): 00:00:09


+----------------------------+
; Fitter Suppressed Messages ;
+----------------------------+
The suppressed messages can be found in E:/QuartusDate/xiaoche/test13/top/output_files/top.fit.smsg.


