TimeQuest Timing Analyzer report for top
Sat Oct 18 22:43:04 2025
Quartus II 64-Bit Version 13.1.0 Build 162 10/23/2013 SJ Full Version


---------------------
; Table of Contents ;
---------------------
  1. Legal Notice
  2. TimeQuest Timing Analyzer Summary
  3. Parallel Compilation
  4. Clocks
  5. Slow 1200mV 85C Model Fmax Summary
  6. Timing Closure Recommendations
  7. Slow 1200mV 85C Model Setup Summary
  8. Slow 1200mV 85C Model Hold Summary
  9. Slow 1200mV 85C Model Recovery Summary
 10. Slow 1200mV 85C Model Removal Summary
 11. Slow 1200mV 85C Model Minimum Pulse Width Summary
 12. Slow 1200mV 85C Model Setup: 'clk'
 13. Slow 1200mV 85C Model Setup: 'xiaoche:xiaoche_instance|clk_div[4]'
 14. Slow 1200mV 85C Model Hold: 'clk'
 15. Slow 1200mV 85C Model Hold: 'xiaoche:xiaoche_instance|clk_div[4]'
 16. Slow 1200mV 85C Model Minimum Pulse Width: 'clk'
 17. Slow 1200mV 85C Model Minimum Pulse Width: 'xiaoche:xiaoche_instance|clk_div[4]'
 18. Setup Times
 19. Hold Times
 20. Clock to Output Times
 21. Minimum Clock to Output Times
 22. Propagation Delay
 23. Minimum Propagation Delay
 24. Slow 1200mV 85C Model Metastability Report
 25. Slow 1200mV 0C Model Fmax Summary
 26. Slow 1200mV 0C Model Setup Summary
 27. Slow 1200mV 0C Model Hold Summary
 28. Slow 1200mV 0C Model Recovery Summary
 29. Slow 1200mV 0C Model Removal Summary
 30. Slow 1200mV 0C Model Minimum Pulse Width Summary
 31. Slow 1200mV 0C Model Setup: 'clk'
 32. Slow 1200mV 0C Model Setup: 'xiaoche:xiaoche_instance|clk_div[4]'
 33. Slow 1200mV 0C Model Hold: 'clk'
 34. Slow 1200mV 0C Model Hold: 'xiaoche:xiaoche_instance|clk_div[4]'
 35. Slow 1200mV 0C Model Minimum Pulse Width: 'clk'
 36. Slow 1200mV 0C Model Minimum Pulse Width: 'xiaoche:xiaoche_instance|clk_div[4]'
 37. Setup Times
 38. Hold Times
 39. Clock to Output Times
 40. Minimum Clock to Output Times
 41. Propagation Delay
 42. Minimum Propagation Delay
 43. Slow 1200mV 0C Model Metastability Report
 44. Fast 1200mV 0C Model Setup Summary
 45. Fast 1200mV 0C Model Hold Summary
 46. Fast 1200mV 0C Model Recovery Summary
 47. Fast 1200mV 0C Model Removal Summary
 48. Fast 1200mV 0C Model Minimum Pulse Width Summary
 49. Fast 1200mV 0C Model Setup: 'clk'
 50. Fast 1200mV 0C Model Setup: 'xiaoche:xiaoche_instance|clk_div[4]'
 51. Fast 1200mV 0C Model Hold: 'clk'
 52. Fast 1200mV 0C Model Hold: 'xiaoche:xiaoche_instance|clk_div[4]'
 53. Fast 1200mV 0C Model Minimum Pulse Width: 'clk'
 54. Fast 1200mV 0C Model Minimum Pulse Width: 'xiaoche:xiaoche_instance|clk_div[4]'
 55. Setup Times
 56. Hold Times
 57. Clock to Output Times
 58. Minimum Clock to Output Times
 59. Propagation Delay
 60. Minimum Propagation Delay
 61. Fast 1200mV 0C Model Metastability Report
 62. Multicorner Timing Analysis Summary
 63. Setup Times
 64. Hold Times
 65. Clock to Output Times
 66. Minimum Clock to Output Times
 67. Propagation Delay
 68. Minimum Propagation Delay
 69. Board Trace Model Assignments
 70. Input Transition Times
 71. Slow Corner Signal Integrity Metrics
 72. Fast Corner Signal Integrity Metrics
 73. Setup Transfers
 74. Hold Transfers
 75. Report TCCS
 76. Report RSKM
 77. Unconstrained Paths
 78. TimeQuest Timing Analyzer Messages



----------------
; Legal Notice ;
----------------
Copyright (C) 1991-2013 Altera Corporation
Your use of Altera Corporation's design tools, logic functions 
and other software and tools, and its AMPP partner logic 
functions, and any output files from any of the foregoing 
(including device programming or simulation files), and any 
associated documentation or information are expressly subject 
to the terms and conditions of the Altera Program License 
Subscription Agreement, Altera MegaCore Function License 
Agreement, or other applicable license agreement, including, 
without limitation, that your use is for the sole purpose of 
programming logic devices manufactured by Altera and sold by 
Altera or its authorized distributors.  Please refer to the 
applicable agreement for further details.



+--------------------------------------------------------------------------+
; TimeQuest Timing Analyzer Summary                                        ;
+--------------------+-----------------------------------------------------+
; Quartus II Version ; Version 13.1.0 Build 162 10/23/2013 SJ Full Version ;
; Revision Name      ; top                                                 ;
; Device Family      ; Cyclone III                                         ;
; Device Name        ; EP3C10E144C8                                        ;
; Timing Models      ; Final                                               ;
; Delay Model        ; Combined                                            ;
; Rise/Fall Delays   ; Enabled                                             ;
+--------------------+-----------------------------------------------------+


+------------------------------------------+
; Parallel Compilation                     ;
+----------------------------+-------------+
; Processors                 ; Number      ;
+----------------------------+-------------+
; Number detected on machine ; 24          ;
; Maximum allowed            ; 16          ;
;                            ;             ;
; Average used               ; 1.00        ;
; Maximum used               ; 16          ;
;                            ;             ;
; Usage by Processor         ; % Time Used ;
;     Processor 1            ; 100.0%      ;
;     Processors 2-16        ; < 0.1%      ;
;     Processors 17-24       ;   0.0%      ;
+----------------------------+-------------+


+------------------------------------------------------------------------------------------------------------------------------------------------------------------------------------------------------------------------------------------+
; Clocks                                                                                                                                                                                                                                   ;
+-------------------------------------+------+--------+------------+-------+-------+------------+-----------+-------------+-------+--------+-----------+------------+----------+--------+--------+-----------------------------------------+
; Clock Name                          ; Type ; Period ; Frequency  ; Rise  ; Fall  ; Duty Cycle ; Divide by ; Multiply by ; Phase ; Offset ; Edge List ; Edge Shift ; Inverted ; Master ; Source ; Targets                                 ;
+-------------------------------------+------+--------+------------+-------+-------+------------+-----------+-------------+-------+--------+-----------+------------+----------+--------+--------+-----------------------------------------+
; clk                                 ; Base ; 1.000  ; 1000.0 MHz ; 0.000 ; 0.500 ;            ;           ;             ;       ;        ;           ;            ;          ;        ;        ; { clk }                                 ;
; xiaoche:xiaoche_instance|clk_div[4] ; Base ; 1.000  ; 1000.0 MHz ; 0.000 ; 0.500 ;            ;           ;             ;       ;        ;           ;            ;          ;        ;        ; { xiaoche:xiaoche_instance|clk_div[4] } ;
+-------------------------------------+------+--------+------------+-------+-------+------------+-----------+-------------+-------+--------+-----------+------------+----------+--------+--------+-----------------------------------------+


+---------------------------------------------------------------------------+
; Slow 1200mV 85C Model Fmax Summary                                        ;
+------------+-----------------+-------------------------------------+------+
; Fmax       ; Restricted Fmax ; Clock Name                          ; Note ;
+------------+-----------------+-------------------------------------+------+
; 109.63 MHz ; 109.63 MHz      ; clk                                 ;      ;
; 206.4 MHz  ; 206.4 MHz       ; xiaoche:xiaoche_instance|clk_div[4] ;      ;
+------------+-----------------+-------------------------------------+------+
This panel reports FMAX for every clock in the design, regardless of the user-specified clock periods.  FMAX is only computed for paths where the source and destination registers or ports are driven by the same clock.  Paths of different clocks, including generated clocks, are ignored.  For paths between a clock and its inversion, FMAX is computed as if the rising and falling edges are scaled along with FMAX, such that the duty cycle (in terms of a percentage) is maintained. Altera recommends that you always use clock constraints and other slack reports for sign-off analysis.


----------------------------------
; Timing Closure Recommendations ;
----------------------------------
HTML report is unavailable in plain text report export.


+---------------------------------------------------------------+
; Slow 1200mV 85C Model Setup Summary                           ;
+-------------------------------------+---------+---------------+
; Clock                               ; Slack   ; End Point TNS ;
+-------------------------------------+---------+---------------+
; clk                                 ; -46.101 ; -2028.262     ;
; xiaoche:xiaoche_instance|clk_div[4] ; -3.845  ; -262.247      ;
+-------------------------------------+---------+---------------+


+-------------------------------------------------------------+
; Slow 1200mV 85C Model Hold Summary                          ;
+-------------------------------------+-------+---------------+
; Clock                               ; Slack ; End Point TNS ;
+-------------------------------------+-------+---------------+
; clk                                 ; 0.155 ; 0.000         ;
; xiaoche:xiaoche_instance|clk_div[4] ; 0.432 ; 0.000         ;
+-------------------------------------+-------+---------------+


------------------------------------------
; Slow 1200mV 85C Model Recovery Summary ;
------------------------------------------
No paths to report.


-----------------------------------------
; Slow 1200mV 85C Model Removal Summary ;
-----------------------------------------
No paths to report.


+--------------------------------------------------------------+
; Slow 1200mV 85C Model Minimum Pulse Width Summary            ;
+-------------------------------------+--------+---------------+
; Clock                               ; Slack  ; End Point TNS ;
+-------------------------------------+--------+---------------+
; clk                                 ; -3.000 ; -385.159      ;
; xiaoche:xiaoche_instance|clk_div[4] ; -1.487 ; -196.284      ;
+-------------------------------------+--------+---------------+


+-------------------------------------------------------------------------------------------------------------------------------------------------------------------------------------------------------------+
; Slow 1200mV 85C Model Setup: 'clk'                                                                                                                                                                          ;
+---------+--------------------------------------------------------------+---------------------------------------+-------------------------------------+-------------+--------------+------------+------------+
; Slack   ; From Node                                                    ; To Node                               ; Launch Clock                        ; Latch Clock ; Relationship ; Clock Skew ; Data Delay ;
+---------+--------------------------------------------------------------+---------------------------------------+-------------------------------------+-------------+--------------+------------+------------+
; -46.101 ; xiaoche:xiaoche_instance|PosCounter:pos_counter3|dis_reg[16] ; xiaoche:xiaoche_instance|distance3[0] ; xiaoche:xiaoche_instance|clk_div[4] ; clk         ; 1.000        ; 0.207      ; 47.299     ;
; -46.005 ; xiaoche:xiaoche_instance|PosCounter:pos_counter3|dis_reg[15] ; xiaoche:xiaoche_instance|distance3[0] ; xiaoche:xiaoche_instance|clk_div[4] ; clk         ; 1.000        ; 0.207      ; 47.203     ;
; -45.969 ; xiaoche:xiaoche_instance|PosCounter:pos_counter1|dis_reg[15] ; xiaoche:xiaoche_instance|distance1[0] ; xiaoche:xiaoche_instance|clk_div[4] ; clk         ; 1.000        ; 0.238      ; 47.198     ;
; -45.965 ; xiaoche:xiaoche_instance|PosCounter:pos_counter1|dis_reg[16] ; xiaoche:xiaoche_instance|distance1[0] ; xiaoche:xiaoche_instance|clk_div[4] ; clk         ; 1.000        ; 0.238      ; 47.194     ;
; -45.846 ; xiaoche:xiaoche_instance|PosCounter:pos_counter3|dis_reg[18] ; xiaoche:xiaoche_instance|distance3[0] ; xiaoche:xiaoche_instance|clk_div[4] ; clk         ; 1.000        ; 0.207      ; 47.044     ;
; -45.823 ; xiaoche:xiaoche_instance|PosCounter:pos_counter3|dis_reg[17] ; xiaoche:xiaoche_instance|distance3[0] ; xiaoche:xiaoche_instance|clk_div[4] ; clk         ; 1.000        ; 0.207      ; 47.021     ;
; -45.823 ; xiaoche:xiaoche_instance|PosCounter:pos_counter1|dis_reg[17] ; xiaoche:xiaoche_instance|distance1[0] ; xiaoche:xiaoche_instance|clk_div[4] ; clk         ; 1.000        ; 0.238      ; 47.052     ;
; -45.822 ; xiaoche:xiaoche_instance|PosCounter:pos_counter1|dis_reg[18] ; xiaoche:xiaoche_instance|distance1[0] ; xiaoche:xiaoche_instance|clk_div[4] ; clk         ; 1.000        ; 0.238      ; 47.051     ;
; -45.678 ; xiaoche:xiaoche_instance|PosCounter:pos_counter3|dis_reg[19] ; xiaoche:xiaoche_instance|distance3[0] ; xiaoche:xiaoche_instance|clk_div[4] ; clk         ; 1.000        ; 0.207      ; 46.876     ;
; -45.661 ; xiaoche:xiaoche_instance|PosCounter:pos_counter1|dis_reg[19] ; xiaoche:xiaoche_instance|distance1[0] ; xiaoche:xiaoche_instance|clk_div[4] ; clk         ; 1.000        ; 0.238      ; 46.890     ;
; -44.445 ; xiaoche:xiaoche_instance|PosCounter:pos_counter3|dis_reg[14] ; xiaoche:xiaoche_instance|distance3[0] ; xiaoche:xiaoche_instance|clk_div[4] ; clk         ; 1.000        ; 0.208      ; 45.644     ;
; -43.847 ; xiaoche:xiaoche_instance|PosCounter:pos_counter3|dis_reg[16] ; xiaoche:xiaoche_instance|distance3[1] ; xiaoche:xiaoche_instance|clk_div[4] ; clk         ; 1.000        ; 0.195      ; 45.033     ;
; -43.751 ; xiaoche:xiaoche_instance|PosCounter:pos_counter3|dis_reg[15] ; xiaoche:xiaoche_instance|distance3[1] ; xiaoche:xiaoche_instance|clk_div[4] ; clk         ; 1.000        ; 0.195      ; 44.937     ;
; -43.728 ; xiaoche:xiaoche_instance|PosCounter:pos_counter2|dis_reg[16] ; xiaoche:xiaoche_instance|distance2[0] ; xiaoche:xiaoche_instance|clk_div[4] ; clk         ; 1.000        ; 0.211      ; 44.930     ;
; -43.709 ; xiaoche:xiaoche_instance|PosCounter:pos_counter2|dis_reg[15] ; xiaoche:xiaoche_instance|distance2[0] ; xiaoche:xiaoche_instance|clk_div[4] ; clk         ; 1.000        ; 0.211      ; 44.911     ;
; -43.626 ; xiaoche:xiaoche_instance|PosCounter:pos_counter1|dis_reg[14] ; xiaoche:xiaoche_instance|distance1[0] ; xiaoche:xiaoche_instance|clk_div[4] ; clk         ; 1.000        ; 0.224      ; 44.841     ;
; -43.592 ; xiaoche:xiaoche_instance|PosCounter:pos_counter3|dis_reg[18] ; xiaoche:xiaoche_instance|distance3[1] ; xiaoche:xiaoche_instance|clk_div[4] ; clk         ; 1.000        ; 0.195      ; 44.778     ;
; -43.578 ; xiaoche:xiaoche_instance|PosCounter:pos_counter2|dis_reg[18] ; xiaoche:xiaoche_instance|distance2[0] ; xiaoche:xiaoche_instance|clk_div[4] ; clk         ; 1.000        ; 0.211      ; 44.780     ;
; -43.569 ; xiaoche:xiaoche_instance|PosCounter:pos_counter3|dis_reg[17] ; xiaoche:xiaoche_instance|distance3[1] ; xiaoche:xiaoche_instance|clk_div[4] ; clk         ; 1.000        ; 0.195      ; 44.755     ;
; -43.559 ; xiaoche:xiaoche_instance|PosCounter:pos_counter1|dis_reg[15] ; xiaoche:xiaoche_instance|distance1[1] ; xiaoche:xiaoche_instance|clk_div[4] ; clk         ; 1.000        ; 0.226      ; 44.776     ;
; -43.555 ; xiaoche:xiaoche_instance|PosCounter:pos_counter1|dis_reg[16] ; xiaoche:xiaoche_instance|distance1[1] ; xiaoche:xiaoche_instance|clk_div[4] ; clk         ; 1.000        ; 0.226      ; 44.772     ;
; -43.549 ; xiaoche:xiaoche_instance|PosCounter:pos_counter2|dis_reg[17] ; xiaoche:xiaoche_instance|distance2[0] ; xiaoche:xiaoche_instance|clk_div[4] ; clk         ; 1.000        ; 0.211      ; 44.751     ;
; -43.424 ; xiaoche:xiaoche_instance|PosCounter:pos_counter3|dis_reg[19] ; xiaoche:xiaoche_instance|distance3[1] ; xiaoche:xiaoche_instance|clk_div[4] ; clk         ; 1.000        ; 0.195      ; 44.610     ;
; -43.413 ; xiaoche:xiaoche_instance|PosCounter:pos_counter1|dis_reg[17] ; xiaoche:xiaoche_instance|distance1[1] ; xiaoche:xiaoche_instance|clk_div[4] ; clk         ; 1.000        ; 0.226      ; 44.630     ;
; -43.412 ; xiaoche:xiaoche_instance|PosCounter:pos_counter1|dis_reg[18] ; xiaoche:xiaoche_instance|distance1[1] ; xiaoche:xiaoche_instance|clk_div[4] ; clk         ; 1.000        ; 0.226      ; 44.629     ;
; -43.408 ; xiaoche:xiaoche_instance|PosCounter:pos_counter2|dis_reg[19] ; xiaoche:xiaoche_instance|distance2[0] ; xiaoche:xiaoche_instance|clk_div[4] ; clk         ; 1.000        ; 0.211      ; 44.610     ;
; -43.251 ; xiaoche:xiaoche_instance|PosCounter:pos_counter1|dis_reg[19] ; xiaoche:xiaoche_instance|distance1[1] ; xiaoche:xiaoche_instance|clk_div[4] ; clk         ; 1.000        ; 0.226      ; 44.468     ;
; -42.558 ; xiaoche:xiaoche_instance|PosCounter:pos_counter2|dis_reg[16] ; xiaoche:xiaoche_instance|distance2[1] ; xiaoche:xiaoche_instance|clk_div[4] ; clk         ; 1.000        ; 0.195      ; 43.744     ;
; -42.539 ; xiaoche:xiaoche_instance|PosCounter:pos_counter2|dis_reg[15] ; xiaoche:xiaoche_instance|distance2[1] ; xiaoche:xiaoche_instance|clk_div[4] ; clk         ; 1.000        ; 0.195      ; 43.725     ;
; -42.408 ; xiaoche:xiaoche_instance|PosCounter:pos_counter2|dis_reg[18] ; xiaoche:xiaoche_instance|distance2[1] ; xiaoche:xiaoche_instance|clk_div[4] ; clk         ; 1.000        ; 0.195      ; 43.594     ;
; -42.379 ; xiaoche:xiaoche_instance|PosCounter:pos_counter2|dis_reg[17] ; xiaoche:xiaoche_instance|distance2[1] ; xiaoche:xiaoche_instance|clk_div[4] ; clk         ; 1.000        ; 0.195      ; 43.565     ;
; -42.238 ; xiaoche:xiaoche_instance|PosCounter:pos_counter2|dis_reg[19] ; xiaoche:xiaoche_instance|distance2[1] ; xiaoche:xiaoche_instance|clk_div[4] ; clk         ; 1.000        ; 0.195      ; 43.424     ;
; -42.191 ; xiaoche:xiaoche_instance|PosCounter:pos_counter3|dis_reg[14] ; xiaoche:xiaoche_instance|distance3[1] ; xiaoche:xiaoche_instance|clk_div[4] ; clk         ; 1.000        ; 0.196      ; 43.378     ;
; -41.745 ; xiaoche:xiaoche_instance|PosCounter:pos_counter2|dis_reg[14] ; xiaoche:xiaoche_instance|distance2[0] ; xiaoche:xiaoche_instance|clk_div[4] ; clk         ; 1.000        ; 0.206      ; 42.942     ;
; -41.626 ; xiaoche:xiaoche_instance|PosCounter:pos_counter3|dis_reg[13] ; xiaoche:xiaoche_instance|distance3[0] ; xiaoche:xiaoche_instance|clk_div[4] ; clk         ; 1.000        ; 0.212      ; 42.829     ;
; -41.383 ; xiaoche:xiaoche_instance|PosCounter:pos_counter3|dis_reg[16] ; xiaoche:xiaoche_instance|distance3[2] ; xiaoche:xiaoche_instance|clk_div[4] ; clk         ; 1.000        ; 0.195      ; 42.569     ;
; -41.287 ; xiaoche:xiaoche_instance|PosCounter:pos_counter3|dis_reg[15] ; xiaoche:xiaoche_instance|distance3[2] ; xiaoche:xiaoche_instance|clk_div[4] ; clk         ; 1.000        ; 0.195      ; 42.473     ;
; -41.216 ; xiaoche:xiaoche_instance|PosCounter:pos_counter1|dis_reg[14] ; xiaoche:xiaoche_instance|distance1[1] ; xiaoche:xiaoche_instance|clk_div[4] ; clk         ; 1.000        ; 0.212      ; 42.419     ;
; -41.128 ; xiaoche:xiaoche_instance|PosCounter:pos_counter3|dis_reg[18] ; xiaoche:xiaoche_instance|distance3[2] ; xiaoche:xiaoche_instance|clk_div[4] ; clk         ; 1.000        ; 0.195      ; 42.314     ;
; -41.105 ; xiaoche:xiaoche_instance|PosCounter:pos_counter3|dis_reg[17] ; xiaoche:xiaoche_instance|distance3[2] ; xiaoche:xiaoche_instance|clk_div[4] ; clk         ; 1.000        ; 0.195      ; 42.291     ;
; -40.960 ; xiaoche:xiaoche_instance|PosCounter:pos_counter3|dis_reg[19] ; xiaoche:xiaoche_instance|distance3[2] ; xiaoche:xiaoche_instance|clk_div[4] ; clk         ; 1.000        ; 0.195      ; 42.146     ;
; -40.575 ; xiaoche:xiaoche_instance|PosCounter:pos_counter2|dis_reg[14] ; xiaoche:xiaoche_instance|distance2[1] ; xiaoche:xiaoche_instance|clk_div[4] ; clk         ; 1.000        ; 0.190      ; 41.756     ;
; -40.451 ; xiaoche:xiaoche_instance|PosCounter:pos_counter1|dis_reg[15] ; xiaoche:xiaoche_instance|distance1[2] ; xiaoche:xiaoche_instance|clk_div[4] ; clk         ; 1.000        ; 0.226      ; 41.668     ;
; -40.447 ; xiaoche:xiaoche_instance|PosCounter:pos_counter1|dis_reg[16] ; xiaoche:xiaoche_instance|distance1[2] ; xiaoche:xiaoche_instance|clk_div[4] ; clk         ; 1.000        ; 0.226      ; 41.664     ;
; -40.305 ; xiaoche:xiaoche_instance|PosCounter:pos_counter1|dis_reg[17] ; xiaoche:xiaoche_instance|distance1[2] ; xiaoche:xiaoche_instance|clk_div[4] ; clk         ; 1.000        ; 0.226      ; 41.522     ;
; -40.304 ; xiaoche:xiaoche_instance|PosCounter:pos_counter1|dis_reg[18] ; xiaoche:xiaoche_instance|distance1[2] ; xiaoche:xiaoche_instance|clk_div[4] ; clk         ; 1.000        ; 0.226      ; 41.521     ;
; -40.143 ; xiaoche:xiaoche_instance|PosCounter:pos_counter1|dis_reg[19] ; xiaoche:xiaoche_instance|distance1[2] ; xiaoche:xiaoche_instance|clk_div[4] ; clk         ; 1.000        ; 0.226      ; 41.360     ;
; -40.061 ; xiaoche:xiaoche_instance|PosCounter:pos_counter1|dis_reg[13] ; xiaoche:xiaoche_instance|distance1[0] ; xiaoche:xiaoche_instance|clk_div[4] ; clk         ; 1.000        ; 0.224      ; 41.276     ;
; -39.727 ; xiaoche:xiaoche_instance|PosCounter:pos_counter3|dis_reg[14] ; xiaoche:xiaoche_instance|distance3[2] ; xiaoche:xiaoche_instance|clk_div[4] ; clk         ; 1.000        ; 0.196      ; 40.914     ;
; -39.568 ; xiaoche:xiaoche_instance|PosCounter:pos_counter2|dis_reg[16] ; xiaoche:xiaoche_instance|distance2[2] ; xiaoche:xiaoche_instance|clk_div[4] ; clk         ; 1.000        ; 0.195      ; 40.754     ;
; -39.549 ; xiaoche:xiaoche_instance|PosCounter:pos_counter2|dis_reg[15] ; xiaoche:xiaoche_instance|distance2[2] ; xiaoche:xiaoche_instance|clk_div[4] ; clk         ; 1.000        ; 0.195      ; 40.735     ;
; -39.418 ; xiaoche:xiaoche_instance|PosCounter:pos_counter2|dis_reg[18] ; xiaoche:xiaoche_instance|distance2[2] ; xiaoche:xiaoche_instance|clk_div[4] ; clk         ; 1.000        ; 0.195      ; 40.604     ;
; -39.389 ; xiaoche:xiaoche_instance|PosCounter:pos_counter2|dis_reg[17] ; xiaoche:xiaoche_instance|distance2[2] ; xiaoche:xiaoche_instance|clk_div[4] ; clk         ; 1.000        ; 0.195      ; 40.575     ;
; -39.372 ; xiaoche:xiaoche_instance|PosCounter:pos_counter3|dis_reg[13] ; xiaoche:xiaoche_instance|distance3[1] ; xiaoche:xiaoche_instance|clk_div[4] ; clk         ; 1.000        ; 0.200      ; 40.563     ;
; -39.248 ; xiaoche:xiaoche_instance|PosCounter:pos_counter2|dis_reg[19] ; xiaoche:xiaoche_instance|distance2[2] ; xiaoche:xiaoche_instance|clk_div[4] ; clk         ; 1.000        ; 0.195      ; 40.434     ;
; -38.947 ; xiaoche:xiaoche_instance|PosCounter:pos_counter2|dis_reg[13] ; xiaoche:xiaoche_instance|distance2[0] ; xiaoche:xiaoche_instance|clk_div[4] ; clk         ; 1.000        ; 0.206      ; 40.144     ;
; -38.199 ; xiaoche:xiaoche_instance|PosCounter:pos_counter3|dis_reg[12] ; xiaoche:xiaoche_instance|distance3[0] ; xiaoche:xiaoche_instance|clk_div[4] ; clk         ; 1.000        ; 0.212      ; 39.402     ;
; -38.173 ; xiaoche:xiaoche_instance|PosCounter:pos_counter3|dis_reg[16] ; xiaoche:xiaoche_instance|distance3[3] ; xiaoche:xiaoche_instance|clk_div[4] ; clk         ; 1.000        ; 0.198      ; 39.362     ;
; -38.108 ; xiaoche:xiaoche_instance|PosCounter:pos_counter1|dis_reg[14] ; xiaoche:xiaoche_instance|distance1[2] ; xiaoche:xiaoche_instance|clk_div[4] ; clk         ; 1.000        ; 0.212      ; 39.311     ;
; -38.077 ; xiaoche:xiaoche_instance|PosCounter:pos_counter3|dis_reg[15] ; xiaoche:xiaoche_instance|distance3[3] ; xiaoche:xiaoche_instance|clk_div[4] ; clk         ; 1.000        ; 0.198      ; 39.266     ;
; -37.918 ; xiaoche:xiaoche_instance|PosCounter:pos_counter3|dis_reg[18] ; xiaoche:xiaoche_instance|distance3[3] ; xiaoche:xiaoche_instance|clk_div[4] ; clk         ; 1.000        ; 0.198      ; 39.107     ;
; -37.895 ; xiaoche:xiaoche_instance|PosCounter:pos_counter3|dis_reg[17] ; xiaoche:xiaoche_instance|distance3[3] ; xiaoche:xiaoche_instance|clk_div[4] ; clk         ; 1.000        ; 0.198      ; 39.084     ;
; -37.777 ; xiaoche:xiaoche_instance|PosCounter:pos_counter2|dis_reg[13] ; xiaoche:xiaoche_instance|distance2[1] ; xiaoche:xiaoche_instance|clk_div[4] ; clk         ; 1.000        ; 0.190      ; 38.958     ;
; -37.750 ; xiaoche:xiaoche_instance|PosCounter:pos_counter3|dis_reg[19] ; xiaoche:xiaoche_instance|distance3[3] ; xiaoche:xiaoche_instance|clk_div[4] ; clk         ; 1.000        ; 0.198      ; 38.939     ;
; -37.651 ; xiaoche:xiaoche_instance|PosCounter:pos_counter1|dis_reg[13] ; xiaoche:xiaoche_instance|distance1[1] ; xiaoche:xiaoche_instance|clk_div[4] ; clk         ; 1.000        ; 0.212      ; 38.854     ;
; -37.585 ; xiaoche:xiaoche_instance|PosCounter:pos_counter2|dis_reg[14] ; xiaoche:xiaoche_instance|distance2[2] ; xiaoche:xiaoche_instance|clk_div[4] ; clk         ; 1.000        ; 0.190      ; 38.766     ;
; -37.514 ; xiaoche:xiaoche_instance|PosCounter:pos_counter1|dis_reg[12] ; xiaoche:xiaoche_instance|distance1[0] ; xiaoche:xiaoche_instance|clk_div[4] ; clk         ; 1.000        ; 0.224      ; 38.729     ;
; -37.459 ; xiaoche:xiaoche_instance|PosCounter:pos_counter1|dis_reg[15] ; xiaoche:xiaoche_instance|distance1[3] ; xiaoche:xiaoche_instance|clk_div[4] ; clk         ; 1.000        ; 0.226      ; 38.676     ;
; -37.455 ; xiaoche:xiaoche_instance|PosCounter:pos_counter1|dis_reg[16] ; xiaoche:xiaoche_instance|distance1[3] ; xiaoche:xiaoche_instance|clk_div[4] ; clk         ; 1.000        ; 0.226      ; 38.672     ;
; -37.313 ; xiaoche:xiaoche_instance|PosCounter:pos_counter1|dis_reg[17] ; xiaoche:xiaoche_instance|distance1[3] ; xiaoche:xiaoche_instance|clk_div[4] ; clk         ; 1.000        ; 0.226      ; 38.530     ;
; -37.312 ; xiaoche:xiaoche_instance|PosCounter:pos_counter1|dis_reg[18] ; xiaoche:xiaoche_instance|distance1[3] ; xiaoche:xiaoche_instance|clk_div[4] ; clk         ; 1.000        ; 0.226      ; 38.529     ;
; -37.151 ; xiaoche:xiaoche_instance|PosCounter:pos_counter1|dis_reg[19] ; xiaoche:xiaoche_instance|distance1[3] ; xiaoche:xiaoche_instance|clk_div[4] ; clk         ; 1.000        ; 0.226      ; 38.368     ;
; -36.908 ; xiaoche:xiaoche_instance|PosCounter:pos_counter3|dis_reg[13] ; xiaoche:xiaoche_instance|distance3[2] ; xiaoche:xiaoche_instance|clk_div[4] ; clk         ; 1.000        ; 0.200      ; 38.099     ;
; -36.517 ; xiaoche:xiaoche_instance|PosCounter:pos_counter3|dis_reg[14] ; xiaoche:xiaoche_instance|distance3[3] ; xiaoche:xiaoche_instance|clk_div[4] ; clk         ; 1.000        ; 0.199      ; 37.707     ;
; -36.453 ; xiaoche:xiaoche_instance|PosCounter:pos_counter2|dis_reg[16] ; xiaoche:xiaoche_instance|distance2[3] ; xiaoche:xiaoche_instance|clk_div[4] ; clk         ; 1.000        ; 0.198      ; 37.642     ;
; -36.434 ; xiaoche:xiaoche_instance|PosCounter:pos_counter2|dis_reg[15] ; xiaoche:xiaoche_instance|distance2[3] ; xiaoche:xiaoche_instance|clk_div[4] ; clk         ; 1.000        ; 0.198      ; 37.623     ;
; -36.303 ; xiaoche:xiaoche_instance|PosCounter:pos_counter2|dis_reg[18] ; xiaoche:xiaoche_instance|distance2[3] ; xiaoche:xiaoche_instance|clk_div[4] ; clk         ; 1.000        ; 0.198      ; 37.492     ;
; -36.274 ; xiaoche:xiaoche_instance|PosCounter:pos_counter2|dis_reg[17] ; xiaoche:xiaoche_instance|distance2[3] ; xiaoche:xiaoche_instance|clk_div[4] ; clk         ; 1.000        ; 0.198      ; 37.463     ;
; -36.133 ; xiaoche:xiaoche_instance|PosCounter:pos_counter2|dis_reg[19] ; xiaoche:xiaoche_instance|distance2[3] ; xiaoche:xiaoche_instance|clk_div[4] ; clk         ; 1.000        ; 0.198      ; 37.322     ;
; -35.945 ; xiaoche:xiaoche_instance|PosCounter:pos_counter3|dis_reg[12] ; xiaoche:xiaoche_instance|distance3[1] ; xiaoche:xiaoche_instance|clk_div[4] ; clk         ; 1.000        ; 0.200      ; 37.136     ;
; -35.716 ; xiaoche:xiaoche_instance|PosCounter:pos_counter2|dis_reg[12] ; xiaoche:xiaoche_instance|distance2[0] ; xiaoche:xiaoche_instance|clk_div[4] ; clk         ; 1.000        ; 0.206      ; 36.913     ;
; -35.545 ; xiaoche:xiaoche_instance|PosCounter:pos_counter3|dis_reg[11] ; xiaoche:xiaoche_instance|distance3[0] ; xiaoche:xiaoche_instance|clk_div[4] ; clk         ; 1.000        ; 0.212      ; 36.748     ;
; -35.116 ; xiaoche:xiaoche_instance|PosCounter:pos_counter1|dis_reg[14] ; xiaoche:xiaoche_instance|distance1[3] ; xiaoche:xiaoche_instance|clk_div[4] ; clk         ; 1.000        ; 0.212      ; 36.319     ;
; -35.104 ; xiaoche:xiaoche_instance|PosCounter:pos_counter1|dis_reg[12] ; xiaoche:xiaoche_instance|distance1[1] ; xiaoche:xiaoche_instance|clk_div[4] ; clk         ; 1.000        ; 0.212      ; 36.307     ;
; -34.787 ; xiaoche:xiaoche_instance|PosCounter:pos_counter2|dis_reg[13] ; xiaoche:xiaoche_instance|distance2[2] ; xiaoche:xiaoche_instance|clk_div[4] ; clk         ; 1.000        ; 0.190      ; 35.968     ;
; -34.775 ; xiaoche:xiaoche_instance|PosCounter:pos_counter3|dis_reg[16] ; xiaoche:xiaoche_instance|distance3[4] ; xiaoche:xiaoche_instance|clk_div[4] ; clk         ; 1.000        ; 0.195      ; 35.961     ;
; -34.679 ; xiaoche:xiaoche_instance|PosCounter:pos_counter3|dis_reg[15] ; xiaoche:xiaoche_instance|distance3[4] ; xiaoche:xiaoche_instance|clk_div[4] ; clk         ; 1.000        ; 0.195      ; 35.865     ;
; -34.546 ; xiaoche:xiaoche_instance|PosCounter:pos_counter2|dis_reg[12] ; xiaoche:xiaoche_instance|distance2[1] ; xiaoche:xiaoche_instance|clk_div[4] ; clk         ; 1.000        ; 0.190      ; 35.727     ;
; -34.543 ; xiaoche:xiaoche_instance|PosCounter:pos_counter1|dis_reg[13] ; xiaoche:xiaoche_instance|distance1[2] ; xiaoche:xiaoche_instance|clk_div[4] ; clk         ; 1.000        ; 0.212      ; 35.746     ;
; -34.527 ; xiaoche:xiaoche_instance|PosCounter:pos_counter1|dis_reg[15] ; xiaoche:xiaoche_instance|distance1[4] ; xiaoche:xiaoche_instance|clk_div[4] ; clk         ; 1.000        ; 0.226      ; 35.744     ;
; -34.523 ; xiaoche:xiaoche_instance|PosCounter:pos_counter1|dis_reg[16] ; xiaoche:xiaoche_instance|distance1[4] ; xiaoche:xiaoche_instance|clk_div[4] ; clk         ; 1.000        ; 0.226      ; 35.740     ;
; -34.520 ; xiaoche:xiaoche_instance|PosCounter:pos_counter3|dis_reg[18] ; xiaoche:xiaoche_instance|distance3[4] ; xiaoche:xiaoche_instance|clk_div[4] ; clk         ; 1.000        ; 0.195      ; 35.706     ;
; -34.497 ; xiaoche:xiaoche_instance|PosCounter:pos_counter3|dis_reg[17] ; xiaoche:xiaoche_instance|distance3[4] ; xiaoche:xiaoche_instance|clk_div[4] ; clk         ; 1.000        ; 0.195      ; 35.683     ;
; -34.470 ; xiaoche:xiaoche_instance|PosCounter:pos_counter2|dis_reg[14] ; xiaoche:xiaoche_instance|distance2[3] ; xiaoche:xiaoche_instance|clk_div[4] ; clk         ; 1.000        ; 0.193      ; 35.654     ;
; -34.381 ; xiaoche:xiaoche_instance|PosCounter:pos_counter1|dis_reg[17] ; xiaoche:xiaoche_instance|distance1[4] ; xiaoche:xiaoche_instance|clk_div[4] ; clk         ; 1.000        ; 0.226      ; 35.598     ;
; -34.380 ; xiaoche:xiaoche_instance|PosCounter:pos_counter1|dis_reg[18] ; xiaoche:xiaoche_instance|distance1[4] ; xiaoche:xiaoche_instance|clk_div[4] ; clk         ; 1.000        ; 0.226      ; 35.597     ;
; -34.352 ; xiaoche:xiaoche_instance|PosCounter:pos_counter3|dis_reg[19] ; xiaoche:xiaoche_instance|distance3[4] ; xiaoche:xiaoche_instance|clk_div[4] ; clk         ; 1.000        ; 0.195      ; 35.538     ;
; -34.219 ; xiaoche:xiaoche_instance|PosCounter:pos_counter1|dis_reg[19] ; xiaoche:xiaoche_instance|distance1[4] ; xiaoche:xiaoche_instance|clk_div[4] ; clk         ; 1.000        ; 0.226      ; 35.436     ;
; -34.120 ; xiaoche:xiaoche_instance|PosCounter:pos_counter1|dis_reg[11] ; xiaoche:xiaoche_instance|distance1[0] ; xiaoche:xiaoche_instance|clk_div[4] ; clk         ; 1.000        ; 0.234      ; 35.345     ;
; -33.698 ; xiaoche:xiaoche_instance|PosCounter:pos_counter3|dis_reg[13] ; xiaoche:xiaoche_instance|distance3[3] ; xiaoche:xiaoche_instance|clk_div[4] ; clk         ; 1.000        ; 0.203      ; 34.892     ;
+---------+--------------------------------------------------------------+---------------------------------------+-------------------------------------+-------------+--------------+------------+------------+


+---------------------------------------------------------------------------------------------------------------------------------------------------------------------------------------------------------------------------------------------------------------+
; Slow 1200mV 85C Model Setup: 'xiaoche:xiaoche_instance|clk_div[4]'                                                                                                                                                                                            ;
+--------+----------------------------------------------------------------+----------------------------------------------------------------+-------------------------------------+-------------------------------------+--------------+------------+------------+
; Slack  ; From Node                                                      ; To Node                                                        ; Launch Clock                        ; Latch Clock                         ; Relationship ; Clock Skew ; Data Delay ;
+--------+----------------------------------------------------------------+----------------------------------------------------------------+-------------------------------------+-------------------------------------+--------------+------------+------------+
; -3.845 ; xiaoche:xiaoche_instance|PosCounter:pos_counter1|echo_reg1     ; xiaoche:xiaoche_instance|PosCounter:pos_counter1|count[17]     ; xiaoche:xiaoche_instance|clk_div[4] ; xiaoche:xiaoche_instance|clk_div[4] ; 1.000        ; 0.381      ; 5.227      ;
; -3.771 ; xiaoche:xiaoche_instance|PosCounter:pos_counter1|echo_reg1     ; xiaoche:xiaoche_instance|PosCounter:pos_counter1|count[16]     ; xiaoche:xiaoche_instance|clk_div[4] ; xiaoche:xiaoche_instance|clk_div[4] ; 1.000        ; 0.381      ; 5.153      ;
; -3.699 ; xiaoche:xiaoche_instance|PosCounter:pos_counter1|echo_reg1     ; xiaoche:xiaoche_instance|PosCounter:pos_counter1|count[14]     ; xiaoche:xiaoche_instance|clk_div[4] ; xiaoche:xiaoche_instance|clk_div[4] ; 1.000        ; 0.381      ; 5.081      ;
; -3.670 ; xiaoche:xiaoche_instance|PosCounter:pos_counter3|echo_reg2     ; xiaoche:xiaoche_instance|PosCounter:pos_counter3|count[15]     ; xiaoche:xiaoche_instance|clk_div[4] ; xiaoche:xiaoche_instance|clk_div[4] ; 1.000        ; -0.090     ; 4.581      ;
; -3.589 ; xiaoche:xiaoche_instance|PosCounter:pos_counter3|echo_reg2     ; xiaoche:xiaoche_instance|PosCounter:pos_counter3|count[16]     ; xiaoche:xiaoche_instance|clk_div[4] ; xiaoche:xiaoche_instance|clk_div[4] ; 1.000        ; -0.090     ; 4.500      ;
; -3.580 ; xiaoche:xiaoche_instance|PosCounter:pos_counter1|echo_reg2     ; xiaoche:xiaoche_instance|PosCounter:pos_counter1|count[17]     ; xiaoche:xiaoche_instance|clk_div[4] ; xiaoche:xiaoche_instance|clk_div[4] ; 1.000        ; 0.381      ; 4.962      ;
; -3.525 ; xiaoche:xiaoche_instance|PosCounter:pos_counter1|echo_reg1     ; xiaoche:xiaoche_instance|PosCounter:pos_counter1|count[19]     ; xiaoche:xiaoche_instance|clk_div[4] ; xiaoche:xiaoche_instance|clk_div[4] ; 1.000        ; 0.382      ; 4.908      ;
; -3.469 ; xiaoche:xiaoche_instance|PosCounter:pos_counter3|echo_reg1     ; xiaoche:xiaoche_instance|PosCounter:pos_counter3|count[16]     ; xiaoche:xiaoche_instance|clk_div[4] ; xiaoche:xiaoche_instance|clk_div[4] ; 1.000        ; -0.090     ; 4.380      ;
; -3.442 ; xiaoche:xiaoche_instance|PosCounter:pos_counter1|echo_reg1     ; xiaoche:xiaoche_instance|PosCounter:pos_counter1|count[18]     ; xiaoche:xiaoche_instance|clk_div[4] ; xiaoche:xiaoche_instance|clk_div[4] ; 1.000        ; 0.382      ; 4.825      ;
; -3.434 ; xiaoche:xiaoche_instance|PosCounter:pos_counter3|echo_reg1     ; xiaoche:xiaoche_instance|PosCounter:pos_counter3|count[15]     ; xiaoche:xiaoche_instance|clk_div[4] ; xiaoche:xiaoche_instance|clk_div[4] ; 1.000        ; -0.090     ; 4.345      ;
; -3.396 ; xiaoche:xiaoche_instance|PosCounter:pos_counter1|echo_reg2     ; xiaoche:xiaoche_instance|PosCounter:pos_counter1|count[16]     ; xiaoche:xiaoche_instance|clk_div[4] ; xiaoche:xiaoche_instance|clk_div[4] ; 1.000        ; 0.381      ; 4.778      ;
; -3.356 ; xiaoche:xiaoche_instance|PosCounter:pos_counter3|echo_reg2     ; xiaoche:xiaoche_instance|PosCounter:pos_counter3|count[17]     ; xiaoche:xiaoche_instance|clk_div[4] ; xiaoche:xiaoche_instance|clk_div[4] ; 1.000        ; 0.383      ; 4.740      ;
; -3.353 ; xiaoche:xiaoche_instance|PosCounter:pos_counter1|echo_reg1     ; xiaoche:xiaoche_instance|PosCounter:pos_counter1|count[12]     ; xiaoche:xiaoche_instance|clk_div[4] ; xiaoche:xiaoche_instance|clk_div[4] ; 1.000        ; 0.382      ; 4.736      ;
; -3.324 ; xiaoche:xiaoche_instance|PosCounter:pos_counter1|echo_reg2     ; xiaoche:xiaoche_instance|PosCounter:pos_counter1|count[14]     ; xiaoche:xiaoche_instance|clk_div[4] ; xiaoche:xiaoche_instance|clk_div[4] ; 1.000        ; 0.381      ; 4.706      ;
; -3.301 ; xiaoche:xiaoche_instance|PosCounter:pos_counter1|echo_reg1     ; xiaoche:xiaoche_instance|PosCounter:pos_counter1|count[13]     ; xiaoche:xiaoche_instance|clk_div[4] ; xiaoche:xiaoche_instance|clk_div[4] ; 1.000        ; 0.381      ; 4.683      ;
; -3.295 ; xiaoche:xiaoche_instance|PosCounter:pos_counter3|echo_reg2     ; xiaoche:xiaoche_instance|PosCounter:pos_counter3|count[13]     ; xiaoche:xiaoche_instance|clk_div[4] ; xiaoche:xiaoche_instance|clk_div[4] ; 1.000        ; -0.090     ; 4.206      ;
; -3.260 ; xiaoche:xiaoche_instance|PosCounter:pos_counter1|echo_reg2     ; xiaoche:xiaoche_instance|PosCounter:pos_counter1|count[19]     ; xiaoche:xiaoche_instance|clk_div[4] ; xiaoche:xiaoche_instance|clk_div[4] ; 1.000        ; 0.382      ; 4.643      ;
; -3.233 ; xiaoche:xiaoche_instance|PosCounter:pos_counter1|echo_reg1     ; xiaoche:xiaoche_instance|PosCounter:pos_counter1|count[15]     ; xiaoche:xiaoche_instance|clk_div[4] ; xiaoche:xiaoche_instance|clk_div[4] ; 1.000        ; 0.382      ; 4.616      ;
; -3.206 ; xiaoche:xiaoche_instance|PosCounter:pos_counter1|echo_reg1     ; xiaoche:xiaoche_instance|PosCounter:pos_counter1|count[10]     ; xiaoche:xiaoche_instance|clk_div[4] ; xiaoche:xiaoche_instance|clk_div[4] ; 1.000        ; 0.382      ; 4.589      ;
; -3.192 ; xiaoche:xiaoche_instance|PosCounter:pos_counter1|count[0]      ; xiaoche:xiaoche_instance|PosCounter:pos_counter1|count[17]     ; xiaoche:xiaoche_instance|clk_div[4] ; xiaoche:xiaoche_instance|clk_div[4] ; 1.000        ; -0.060     ; 4.133      ;
; -3.169 ; xiaoche:xiaoche_instance|PosCounter:pos_counter2|echo_reg2     ; xiaoche:xiaoche_instance|PosCounter:pos_counter2|count[19]     ; xiaoche:xiaoche_instance|clk_div[4] ; xiaoche:xiaoche_instance|clk_div[4] ; 1.000        ; -0.082     ; 4.088      ;
; -3.159 ; xiaoche:xiaoche_instance|PosCounter:pos_counter2|count[3]      ; xiaoche:xiaoche_instance|PosCounter:pos_counter2|count[18]     ; xiaoche:xiaoche_instance|clk_div[4] ; xiaoche:xiaoche_instance|clk_div[4] ; 1.000        ; -0.100     ; 4.060      ;
; -3.153 ; xiaoche:xiaoche_instance|PosCounter:pos_counter1|echo_reg1     ; xiaoche:xiaoche_instance|PosCounter:pos_counter1|count[9]      ; xiaoche:xiaoche_instance|clk_div[4] ; xiaoche:xiaoche_instance|clk_div[4] ; 1.000        ; 0.381      ; 4.535      ;
; -3.140 ; xiaoche:xiaoche_instance|PosCounter:pos_counter3|echo_reg2     ; xiaoche:xiaoche_instance|PosCounter:pos_counter3|count[9]      ; xiaoche:xiaoche_instance|clk_div[4] ; xiaoche:xiaoche_instance|clk_div[4] ; 1.000        ; -0.082     ; 4.059      ;
; -3.122 ; xiaoche:xiaoche_instance|PosCounter:pos_counter2|echo_reg1     ; xiaoche:xiaoche_instance|PosCounter:pos_counter2|count[19]     ; xiaoche:xiaoche_instance|clk_div[4] ; xiaoche:xiaoche_instance|clk_div[4] ; 1.000        ; -0.082     ; 4.041      ;
; -3.120 ; xiaoche:xiaoche_instance|PosCounter:pos_counter3|echo_reg1     ; xiaoche:xiaoche_instance|PosCounter:pos_counter3|count[17]     ; xiaoche:xiaoche_instance|clk_div[4] ; xiaoche:xiaoche_instance|clk_div[4] ; 1.000        ; 0.383      ; 4.504      ;
; -3.070 ; xiaoche:xiaoche_instance|PosCounter:pos_counter3|echo_reg2     ; xiaoche:xiaoche_instance|PosCounter:pos_counter3|count[12]     ; xiaoche:xiaoche_instance|clk_div[4] ; xiaoche:xiaoche_instance|clk_div[4] ; 1.000        ; -0.090     ; 3.981      ;
; -3.069 ; xiaoche:xiaoche_instance|PosCounter:pos_counter1|count[2]      ; xiaoche:xiaoche_instance|PosCounter:pos_counter1|count[17]     ; xiaoche:xiaoche_instance|clk_div[4] ; xiaoche:xiaoche_instance|clk_div[4] ; 1.000        ; -0.060     ; 4.010      ;
; -3.067 ; xiaoche:xiaoche_instance|PosCounter:pos_counter1|echo_reg2     ; xiaoche:xiaoche_instance|PosCounter:pos_counter1|count[18]     ; xiaoche:xiaoche_instance|clk_div[4] ; xiaoche:xiaoche_instance|clk_div[4] ; 1.000        ; 0.382      ; 4.450      ;
; -3.059 ; xiaoche:xiaoche_instance|PosCounter:pos_counter3|echo_reg1     ; xiaoche:xiaoche_instance|PosCounter:pos_counter3|count[13]     ; xiaoche:xiaoche_instance|clk_div[4] ; xiaoche:xiaoche_instance|clk_div[4] ; 1.000        ; -0.090     ; 3.970      ;
; -3.048 ; xiaoche:xiaoche_instance|PosCounter:pos_counter3|echo_reg2     ; xiaoche:xiaoche_instance|PosCounter:pos_counter3|count[19]     ; xiaoche:xiaoche_instance|clk_div[4] ; xiaoche:xiaoche_instance|clk_div[4] ; 1.000        ; 0.382      ; 4.431      ;
; -3.046 ; xiaoche:xiaoche_instance|PosCounter:pos_counter2|count[3]      ; xiaoche:xiaoche_instance|PosCounter:pos_counter2|count[19]     ; xiaoche:xiaoche_instance|clk_div[4] ; xiaoche:xiaoche_instance|clk_div[4] ; 1.000        ; -0.533     ; 3.514      ;
; -3.040 ; xiaoche:xiaoche_instance|PosCounter:pos_counter1|echo_reg1     ; xiaoche:xiaoche_instance|PosCounter:pos_counter1|count[6]      ; xiaoche:xiaoche_instance|clk_div[4] ; xiaoche:xiaoche_instance|clk_div[4] ; 1.000        ; -0.090     ; 3.951      ;
; -3.036 ; xiaoche:xiaoche_instance|PosCounter:pos_counter1|echo_reg2     ; xiaoche:xiaoche_instance|PosCounter:pos_counter1|count[13]     ; xiaoche:xiaoche_instance|clk_div[4] ; xiaoche:xiaoche_instance|clk_div[4] ; 1.000        ; 0.381      ; 4.418      ;
; -3.036 ; xiaoche:xiaoche_instance|PosCounter:pos_counter2|count[4]      ; xiaoche:xiaoche_instance|PosCounter:pos_counter2|count[19]     ; xiaoche:xiaoche_instance|clk_div[4] ; xiaoche:xiaoche_instance|clk_div[4] ; 1.000        ; -0.533     ; 3.504      ;
; -3.031 ; xiaoche:xiaoche_instance|PosCounter:pos_counter1|echo_reg1     ; xiaoche:xiaoche_instance|PosCounter:pos_counter1|count[1]      ; xiaoche:xiaoche_instance|clk_div[4] ; xiaoche:xiaoche_instance|clk_div[4] ; 1.000        ; -0.090     ; 3.942      ;
; -3.010 ; xiaoche:xiaoche_instance|PosCounter:pos_counter1|echo_reg2     ; xiaoche:xiaoche_instance|PosCounter:pos_counter1|count[12]     ; xiaoche:xiaoche_instance|clk_div[4] ; xiaoche:xiaoche_instance|clk_div[4] ; 1.000        ; 0.382      ; 4.393      ;
; -3.009 ; xiaoche:xiaoche_instance|PosCounter:pos_counter2|echo_reg2     ; xiaoche:xiaoche_instance|PosCounter:pos_counter2|count[18]     ; xiaoche:xiaoche_instance|clk_div[4] ; xiaoche:xiaoche_instance|clk_div[4] ; 1.000        ; 0.351      ; 4.361      ;
; -3.007 ; xiaoche:xiaoche_instance|PosCounter:pos_counter1|count[0]      ; xiaoche:xiaoche_instance|PosCounter:pos_counter1|count[16]     ; xiaoche:xiaoche_instance|clk_div[4] ; xiaoche:xiaoche_instance|clk_div[4] ; 1.000        ; -0.060     ; 3.948      ;
; -2.968 ; xiaoche:xiaoche_instance|PosCounter:pos_counter1|echo_reg2     ; xiaoche:xiaoche_instance|PosCounter:pos_counter1|count[15]     ; xiaoche:xiaoche_instance|clk_div[4] ; xiaoche:xiaoche_instance|clk_div[4] ; 1.000        ; 0.382      ; 4.351      ;
; -2.962 ; xiaoche:xiaoche_instance|PosCounter:pos_counter2|echo_reg1     ; xiaoche:xiaoche_instance|PosCounter:pos_counter2|count[18]     ; xiaoche:xiaoche_instance|clk_div[4] ; xiaoche:xiaoche_instance|clk_div[4] ; 1.000        ; 0.351      ; 4.314      ;
; -2.961 ; xiaoche:xiaoche_instance|PosCounter:pos_counter1|echo_reg1     ; xiaoche:xiaoche_instance|PosCounter:pos_counter1|count[8]      ; xiaoche:xiaoche_instance|clk_div[4] ; xiaoche:xiaoche_instance|clk_div[4] ; 1.000        ; 0.342      ; 4.304      ;
; -2.950 ; xiaoche:xiaoche_instance|PosCounter:pos_counter3|echo_reg1     ; xiaoche:xiaoche_instance|PosCounter:pos_counter3|count[12]     ; xiaoche:xiaoche_instance|clk_div[4] ; xiaoche:xiaoche_instance|clk_div[4] ; 1.000        ; -0.090     ; 3.861      ;
; -2.945 ; xiaoche:xiaoche_instance|PosCounter:pos_counter2|count[6]      ; xiaoche:xiaoche_instance|PosCounter:pos_counter2|count[19]     ; xiaoche:xiaoche_instance|clk_div[4] ; xiaoche:xiaoche_instance|clk_div[4] ; 1.000        ; -0.533     ; 3.413      ;
; -2.944 ; xiaoche:xiaoche_instance|PosCounter:pos_counter1|echo_reg1     ; xiaoche:xiaoche_instance|PosCounter:pos_counter1|count[11]     ; xiaoche:xiaoche_instance|clk_div[4] ; xiaoche:xiaoche_instance|clk_div[4] ; 1.000        ; 0.382      ; 4.327      ;
; -2.939 ; xiaoche:xiaoche_instance|PosCounter:pos_counter3|echo_reg2     ; xiaoche:xiaoche_instance|PosCounter:pos_counter3|count[11]     ; xiaoche:xiaoche_instance|clk_div[4] ; xiaoche:xiaoche_instance|clk_div[4] ; 1.000        ; -0.090     ; 3.850      ;
; -2.935 ; xiaoche:xiaoche_instance|PosCounter:pos_counter1|count[0]      ; xiaoche:xiaoche_instance|PosCounter:pos_counter1|count[14]     ; xiaoche:xiaoche_instance|clk_div[4] ; xiaoche:xiaoche_instance|clk_div[4] ; 1.000        ; -0.060     ; 3.876      ;
; -2.933 ; xiaoche:xiaoche_instance|PosCounter:pos_counter1|echo_reg1     ; xiaoche:xiaoche_instance|PosCounter:pos_counter1|count[7]      ; xiaoche:xiaoche_instance|clk_div[4] ; xiaoche:xiaoche_instance|clk_div[4] ; 1.000        ; 0.342      ; 4.276      ;
; -2.920 ; xiaoche:xiaoche_instance|PosCounter:pos_counter2|count[4]      ; xiaoche:xiaoche_instance|PosCounter:pos_counter2|count[18]     ; xiaoche:xiaoche_instance|clk_div[4] ; xiaoche:xiaoche_instance|clk_div[4] ; 1.000        ; -0.100     ; 3.821      ;
; -2.918 ; xiaoche:xiaoche_instance|PosCounter:pos_counter3|count[1]      ; xiaoche:xiaoche_instance|PosCounter:pos_counter3|count[16]     ; xiaoche:xiaoche_instance|clk_div[4] ; xiaoche:xiaoche_instance|clk_div[4] ; 1.000        ; -0.089     ; 3.830      ;
; -2.915 ; xiaoche:xiaoche_instance|PosCounter:pos_counter2|echo_reg2     ; xiaoche:xiaoche_instance|PosCounter:pos_counter2|count[15]     ; xiaoche:xiaoche_instance|clk_div[4] ; xiaoche:xiaoche_instance|clk_div[4] ; 1.000        ; 0.351      ; 4.267      ;
; -2.911 ; xiaoche:xiaoche_instance|PosCounter:pos_counter3|count[2]      ; xiaoche:xiaoche_instance|PosCounter:pos_counter3|count[15]     ; xiaoche:xiaoche_instance|clk_div[4] ; xiaoche:xiaoche_instance|clk_div[4] ; 1.000        ; -0.090     ; 3.822      ;
; -2.911 ; xiaoche:xiaoche_instance|PosCounter:pos_counter1|count[8]      ; xiaoche:xiaoche_instance|PosCounter:pos_counter1|count[17]     ; xiaoche:xiaoche_instance|clk_div[4] ; xiaoche:xiaoche_instance|clk_div[4] ; 1.000        ; -0.060     ; 3.852      ;
; -2.904 ; xiaoche:xiaoche_instance|PosCounter:pos_counter3|echo_reg1     ; xiaoche:xiaoche_instance|PosCounter:pos_counter3|count[9]      ; xiaoche:xiaoche_instance|clk_div[4] ; xiaoche:xiaoche_instance|clk_div[4] ; 1.000        ; -0.082     ; 3.823      ;
; -2.893 ; xiaoche:xiaoche_instance|PosCounter:pos_counter1|echo_reg1     ; xiaoche:xiaoche_instance|PosCounter:pos_counter1|count[4]      ; xiaoche:xiaoche_instance|clk_div[4] ; xiaoche:xiaoche_instance|clk_div[4] ; 1.000        ; -0.090     ; 3.804      ;
; -2.891 ; xiaoche:xiaoche_instance|PosCounter:pos_counter2|count[7]      ; xiaoche:xiaoche_instance|PosCounter:pos_counter2|count[18]     ; xiaoche:xiaoche_instance|clk_div[4] ; xiaoche:xiaoche_instance|clk_div[4] ; 1.000        ; -0.100     ; 3.792      ;
; -2.888 ; xiaoche:xiaoche_instance|PosCounter:pos_counter1|echo_reg2     ; xiaoche:xiaoche_instance|PosCounter:pos_counter1|count[9]      ; xiaoche:xiaoche_instance|clk_div[4] ; xiaoche:xiaoche_instance|clk_div[4] ; 1.000        ; 0.381      ; 4.270      ;
; -2.886 ; xiaoche:xiaoche_instance|PosCounter:pos_counter1|count[2]      ; xiaoche:xiaoche_instance|PosCounter:pos_counter1|count[16]     ; xiaoche:xiaoche_instance|clk_div[4] ; xiaoche:xiaoche_instance|clk_div[4] ; 1.000        ; -0.060     ; 3.827      ;
; -2.883 ; xiaoche:xiaoche_instance|PosCounter:pos_counter3|echo_reg2     ; xiaoche:xiaoche_instance|PosCounter:pos_counter3|count[7]      ; xiaoche:xiaoche_instance|clk_div[4] ; xiaoche:xiaoche_instance|clk_div[4] ; 1.000        ; -0.081     ; 3.803      ;
; -2.872 ; xiaoche:xiaoche_instance|PosCounter:pos_counter1|count[0]      ; xiaoche:xiaoche_instance|PosCounter:pos_counter1|count[19]     ; xiaoche:xiaoche_instance|clk_div[4] ; xiaoche:xiaoche_instance|clk_div[4] ; 1.000        ; -0.059     ; 3.814      ;
; -2.868 ; xiaoche:xiaoche_instance|PosCounter:pos_counter2|echo_reg1     ; xiaoche:xiaoche_instance|PosCounter:pos_counter2|count[15]     ; xiaoche:xiaoche_instance|clk_div[4] ; xiaoche:xiaoche_instance|clk_div[4] ; 1.000        ; 0.351      ; 4.220      ;
; -2.863 ; xiaoche:xiaoche_instance|PosCounter:pos_counter1|echo_reg2     ; xiaoche:xiaoche_instance|PosCounter:pos_counter1|count[10]     ; xiaoche:xiaoche_instance|clk_div[4] ; xiaoche:xiaoche_instance|clk_div[4] ; 1.000        ; 0.382      ; 4.246      ;
; -2.862 ; xiaoche:xiaoche_instance|PosCounter:pos_counter1|echo_reg1     ; xiaoche:xiaoche_instance|PosCounter:pos_counter1|count[5]      ; xiaoche:xiaoche_instance|clk_div[4] ; xiaoche:xiaoche_instance|clk_div[4] ; 1.000        ; 0.381      ; 4.244      ;
; -2.857 ; xiaoche:xiaoche_instance|PosCounter:pos_counter3|count[2]      ; xiaoche:xiaoche_instance|PosCounter:pos_counter3|count[16]     ; xiaoche:xiaoche_instance|clk_div[4] ; xiaoche:xiaoche_instance|clk_div[4] ; 1.000        ; -0.090     ; 3.768      ;
; -2.853 ; xiaoche:xiaoche_instance|PosCounter:pos_counter3|echo_reg2     ; xiaoche:xiaoche_instance|PosCounter:pos_counter3|count[18]     ; xiaoche:xiaoche_instance|clk_div[4] ; xiaoche:xiaoche_instance|clk_div[4] ; 1.000        ; 0.382      ; 4.236      ;
; -2.849 ; xiaoche:xiaoche_instance|PosCounter:pos_counter1|echo_reg1     ; xiaoche:xiaoche_instance|PosCounter:pos_counter1|curr_state.S1 ; xiaoche:xiaoche_instance|clk_div[4] ; xiaoche:xiaoche_instance|clk_div[4] ; 1.000        ; -0.081     ; 3.769      ;
; -2.847 ; xiaoche:xiaoche_instance|PosCounter:pos_counter3|echo_reg2     ; xiaoche:xiaoche_instance|PosCounter:pos_counter3|count[5]      ; xiaoche:xiaoche_instance|clk_div[4] ; xiaoche:xiaoche_instance|clk_div[4] ; 1.000        ; -0.082     ; 3.766      ;
; -2.831 ; xiaoche:xiaoche_instance|PosCounter:pos_counter1|echo_reg1     ; xiaoche:xiaoche_instance|PosCounter:pos_counter1|count[3]      ; xiaoche:xiaoche_instance|clk_div[4] ; xiaoche:xiaoche_instance|clk_div[4] ; 1.000        ; -0.090     ; 3.742      ;
; -2.826 ; xiaoche:xiaoche_instance|PosCounter:pos_counter2|echo_reg2     ; xiaoche:xiaoche_instance|PosCounter:pos_counter2|count[13]     ; xiaoche:xiaoche_instance|clk_div[4] ; xiaoche:xiaoche_instance|clk_div[4] ; 1.000        ; 0.351      ; 4.178      ;
; -2.814 ; xiaoche:xiaoche_instance|PosCounter:pos_counter1|count[2]      ; xiaoche:xiaoche_instance|PosCounter:pos_counter1|count[14]     ; xiaoche:xiaoche_instance|clk_div[4] ; xiaoche:xiaoche_instance|clk_div[4] ; 1.000        ; -0.060     ; 3.755      ;
; -2.812 ; xiaoche:xiaoche_instance|PosCounter:pos_counter3|echo_reg1     ; xiaoche:xiaoche_instance|PosCounter:pos_counter3|count[19]     ; xiaoche:xiaoche_instance|clk_div[4] ; xiaoche:xiaoche_instance|clk_div[4] ; 1.000        ; 0.382      ; 4.195      ;
; -2.808 ; xiaoche:xiaoche_instance|PosCounter:pos_counter3|echo_reg2     ; xiaoche:xiaoche_instance|PosCounter:pos_counter3|count[4]      ; xiaoche:xiaoche_instance|clk_div[4] ; xiaoche:xiaoche_instance|clk_div[4] ; 1.000        ; -0.081     ; 3.728      ;
; -2.806 ; xiaoche:xiaoche_instance|PosCounter:pos_counter3|count[0]      ; xiaoche:xiaoche_instance|PosCounter:pos_counter3|count[16]     ; xiaoche:xiaoche_instance|clk_div[4] ; xiaoche:xiaoche_instance|clk_div[4] ; 1.000        ; -0.089     ; 3.718      ;
; -2.804 ; xiaoche:xiaoche_instance|PosCounter:pos_counter2|count[6]      ; xiaoche:xiaoche_instance|PosCounter:pos_counter2|count[18]     ; xiaoche:xiaoche_instance|clk_div[4] ; xiaoche:xiaoche_instance|clk_div[4] ; 1.000        ; -0.100     ; 3.705      ;
; -2.793 ; xiaoche:xiaoche_instance|PosCounter:pos_counter3|count[0]      ; xiaoche:xiaoche_instance|PosCounter:pos_counter3|count[15]     ; xiaoche:xiaoche_instance|clk_div[4] ; xiaoche:xiaoche_instance|clk_div[4] ; 1.000        ; -0.089     ; 3.705      ;
; -2.786 ; xiaoche:xiaoche_instance|PosCounter:pos_counter3|count[3]      ; xiaoche:xiaoche_instance|PosCounter:pos_counter3|count[16]     ; xiaoche:xiaoche_instance|clk_div[4] ; xiaoche:xiaoche_instance|clk_div[4] ; 1.000        ; -0.089     ; 3.698      ;
; -2.782 ; xiaoche:xiaoche_instance|PosCounter:pos_counter2|count[4]      ; xiaoche:xiaoche_instance|PosCounter:pos_counter2|count[15]     ; xiaoche:xiaoche_instance|clk_div[4] ; xiaoche:xiaoche_instance|clk_div[4] ; 1.000        ; -0.100     ; 3.683      ;
; -2.779 ; xiaoche:xiaoche_instance|PosCounter:pos_counter2|echo_reg1     ; xiaoche:xiaoche_instance|PosCounter:pos_counter2|count[13]     ; xiaoche:xiaoche_instance|clk_div[4] ; xiaoche:xiaoche_instance|clk_div[4] ; 1.000        ; 0.351      ; 4.131      ;
; -2.778 ; xiaoche:xiaoche_instance|PosCounter:pos_counter2|count[7]      ; xiaoche:xiaoche_instance|PosCounter:pos_counter2|count[19]     ; xiaoche:xiaoche_instance|clk_div[4] ; xiaoche:xiaoche_instance|clk_div[4] ; 1.000        ; -0.533     ; 3.246      ;
; -2.773 ; xiaoche:xiaoche_instance|PosCounter:pos_counter3|echo_reg2     ; xiaoche:xiaoche_instance|PosCounter:pos_counter3|count[8]      ; xiaoche:xiaoche_instance|clk_div[4] ; xiaoche:xiaoche_instance|clk_div[4] ; 1.000        ; -0.081     ; 3.693      ;
; -2.772 ; xiaoche:xiaoche_instance|PosCounter:pos_counter1|echo_reg1     ; xiaoche:xiaoche_instance|PosCounter:pos_counter1|curr_state.S0 ; xiaoche:xiaoche_instance|clk_div[4] ; xiaoche:xiaoche_instance|clk_div[4] ; 1.000        ; -0.081     ; 3.692      ;
; -2.766 ; xiaoche:xiaoche_instance|PosCounter:pos_counter2|echo_reg2     ; xiaoche:xiaoche_instance|PosCounter:pos_counter2|count[17]     ; xiaoche:xiaoche_instance|clk_div[4] ; xiaoche:xiaoche_instance|clk_div[4] ; 1.000        ; 0.390      ; 4.157      ;
; -2.766 ; xiaoche:xiaoche_instance|PosCounter:pos_counter1|echo_reg2     ; xiaoche:xiaoche_instance|PosCounter:pos_counter1|count[1]      ; xiaoche:xiaoche_instance|clk_div[4] ; xiaoche:xiaoche_instance|clk_div[4] ; 1.000        ; -0.090     ; 3.677      ;
; -2.763 ; xiaoche:xiaoche_instance|PosCounter:pos_counter2|count[3]      ; xiaoche:xiaoche_instance|PosCounter:pos_counter2|count[15]     ; xiaoche:xiaoche_instance|clk_div[4] ; xiaoche:xiaoche_instance|clk_div[4] ; 1.000        ; -0.100     ; 3.664      ;
; -2.761 ; xiaoche:xiaoche_instance|PosCounter:pos_counter1|curr_state.S1 ; xiaoche:xiaoche_instance|PosCounter:pos_counter1|curr_state.S1 ; xiaoche:xiaoche_instance|clk_div[4] ; xiaoche:xiaoche_instance|clk_div[4] ; 1.000        ; -0.081     ; 3.681      ;
; -2.753 ; xiaoche:xiaoche_instance|PosCounter:pos_counter2|count[9]      ; xiaoche:xiaoche_instance|PosCounter:pos_counter2|count[18]     ; xiaoche:xiaoche_instance|clk_div[4] ; xiaoche:xiaoche_instance|clk_div[4] ; 1.000        ; -0.100     ; 3.654      ;
; -2.749 ; xiaoche:xiaoche_instance|PosCounter:pos_counter1|count[2]      ; xiaoche:xiaoche_instance|PosCounter:pos_counter1|count[19]     ; xiaoche:xiaoche_instance|clk_div[4] ; xiaoche:xiaoche_instance|clk_div[4] ; 1.000        ; -0.059     ; 3.691      ;
; -2.744 ; xiaoche:xiaoche_instance|PosCounter:pos_counter3|echo_reg2     ; xiaoche:xiaoche_instance|PosCounter:pos_counter3|count[10]     ; xiaoche:xiaoche_instance|clk_div[4] ; xiaoche:xiaoche_instance|clk_div[4] ; 1.000        ; -0.090     ; 3.655      ;
; -2.736 ; xiaoche:xiaoche_instance|PosCounter:pos_counter3|echo_reg2     ; xiaoche:xiaoche_instance|PosCounter:pos_counter3|count[14]     ; xiaoche:xiaoche_instance|clk_div[4] ; xiaoche:xiaoche_instance|clk_div[4] ; 1.000        ; 0.382      ; 4.119      ;
; -2.722 ; xiaoche:xiaoche_instance|PosCounter:pos_counter3|count[4]      ; xiaoche:xiaoche_instance|PosCounter:pos_counter3|count[15]     ; xiaoche:xiaoche_instance|clk_div[4] ; xiaoche:xiaoche_instance|clk_div[4] ; 1.000        ; -0.090     ; 3.633      ;
; -2.719 ; xiaoche:xiaoche_instance|PosCounter:pos_counter2|echo_reg1     ; xiaoche:xiaoche_instance|PosCounter:pos_counter2|count[17]     ; xiaoche:xiaoche_instance|clk_div[4] ; xiaoche:xiaoche_instance|clk_div[4] ; 1.000        ; 0.390      ; 4.110      ;
; -2.710 ; xiaoche:xiaoche_instance|PosCounter:pos_counter2|count[3]      ; xiaoche:xiaoche_instance|PosCounter:pos_counter2|count[13]     ; xiaoche:xiaoche_instance|clk_div[4] ; xiaoche:xiaoche_instance|clk_div[4] ; 1.000        ; -0.100     ; 3.611      ;
; -2.705 ; xiaoche:xiaoche_instance|PosCounter:pos_counter3|echo_reg1     ; xiaoche:xiaoche_instance|PosCounter:pos_counter3|count[18]     ; xiaoche:xiaoche_instance|clk_div[4] ; xiaoche:xiaoche_instance|clk_div[4] ; 1.000        ; 0.382      ; 4.088      ;
; -2.703 ; xiaoche:xiaoche_instance|PosCounter:pos_counter3|echo_reg1     ; xiaoche:xiaoche_instance|PosCounter:pos_counter3|count[11]     ; xiaoche:xiaoche_instance|clk_div[4] ; xiaoche:xiaoche_instance|clk_div[4] ; 1.000        ; -0.090     ; 3.614      ;
; -2.697 ; xiaoche:xiaoche_instance|PosCounter:pos_counter3|count[1]      ; xiaoche:xiaoche_instance|PosCounter:pos_counter3|count[15]     ; xiaoche:xiaoche_instance|clk_div[4] ; xiaoche:xiaoche_instance|clk_div[4] ; 1.000        ; -0.089     ; 3.609      ;
; -2.697 ; xiaoche:xiaoche_instance|PosCounter:pos_counter1|count[8]      ; xiaoche:xiaoche_instance|PosCounter:pos_counter1|count[16]     ; xiaoche:xiaoche_instance|clk_div[4] ; xiaoche:xiaoche_instance|clk_div[4] ; 1.000        ; -0.060     ; 3.638      ;
; -2.694 ; xiaoche:xiaoche_instance|PosCounter:pos_counter2|count[1]      ; xiaoche:xiaoche_instance|PosCounter:pos_counter2|count[18]     ; xiaoche:xiaoche_instance|clk_div[4] ; xiaoche:xiaoche_instance|clk_div[4] ; 1.000        ; 0.351      ; 4.046      ;
; -2.693 ; xiaoche:xiaoche_instance|PosCounter:pos_counter2|count[4]      ; xiaoche:xiaoche_instance|PosCounter:pos_counter2|count[13]     ; xiaoche:xiaoche_instance|clk_div[4] ; xiaoche:xiaoche_instance|clk_div[4] ; 1.000        ; -0.100     ; 3.594      ;
; -2.691 ; xiaoche:xiaoche_instance|PosCounter:pos_counter2|count[6]      ; xiaoche:xiaoche_instance|PosCounter:pos_counter2|count[15]     ; xiaoche:xiaoche_instance|clk_div[4] ; xiaoche:xiaoche_instance|clk_div[4] ; 1.000        ; -0.100     ; 3.592      ;
; -2.688 ; xiaoche:xiaoche_instance|PosCounter:pos_counter3|echo_reg1     ; xiaoche:xiaoche_instance|PosCounter:pos_counter3|count[4]      ; xiaoche:xiaoche_instance|clk_div[4] ; xiaoche:xiaoche_instance|clk_div[4] ; 1.000        ; -0.081     ; 3.608      ;
+--------+----------------------------------------------------------------+----------------------------------------------------------------+-------------------------------------+-------------------------------------+--------------+------------+------------+


+--------------------------------------------------------------------------------------------------------------------------------------------------------------------------------------------------------------------------------------------------------------------+
; Slow 1200mV 85C Model Hold: 'clk'                                                                                                                                                                                                                                  ;
+-------+-------------------------------------------------------------------------------+-------------------------------------------------------------------------------+-------------------------------------+-------------+--------------+------------+------------+
; Slack ; From Node                                                                     ; To Node                                                                       ; Launch Clock                        ; Latch Clock ; Relationship ; Clock Skew ; Data Delay ;
+-------+-------------------------------------------------------------------------------+-------------------------------------------------------------------------------+-------------------------------------+-------------+--------------+------------+------------+
; 0.155 ; xiaoche:xiaoche_instance|clk_div[4]                                           ; xiaoche:xiaoche_instance|clk_div[4]                                           ; xiaoche:xiaoche_instance|clk_div[4] ; clk         ; 0.000        ; 2.715      ; 3.373      ;
; 0.434 ; xiaoche:xiaoche_instance|boche:boche_executor|current_state.IDLE              ; xiaoche:xiaoche_instance|boche:boche_executor|current_state.IDLE              ; clk                                 ; clk         ; 0.000        ; 0.100      ; 0.746      ;
; 0.434 ; xiaoche:xiaoche_instance|boche:boche_executor|current_state.stop              ; xiaoche:xiaoche_instance|boche:boche_executor|current_state.stop              ; clk                                 ; clk         ; 0.000        ; 0.100      ; 0.746      ;
; 0.434 ; xiaoche:xiaoche_instance|boche:boche_executor|current_state.FORWARD_2S_2      ; xiaoche:xiaoche_instance|boche:boche_executor|current_state.FORWARD_2S_2      ; clk                                 ; clk         ; 0.000        ; 0.100      ; 0.746      ;
; 0.434 ; xiaoche:xiaoche_instance|boche:boche_executor|current_state.RIGHT_200MS       ; xiaoche:xiaoche_instance|boche:boche_executor|current_state.RIGHT_200MS       ; clk                                 ; clk         ; 0.000        ; 0.100      ; 0.746      ;
; 0.434 ; xiaoche:xiaoche_instance|boche:boche_executor|current_state.FORWARD_2S        ; xiaoche:xiaoche_instance|boche:boche_executor|current_state.FORWARD_2S        ; clk                                 ; clk         ; 0.000        ; 0.100      ; 0.746      ;
; 0.452 ; xiaoche:xiaoche_instance|everything:path_executor|right[1]                    ; xiaoche:xiaoche_instance|everything:path_executor|right[1]                    ; clk                                 ; clk         ; 0.000        ; 0.082      ; 0.746      ;
; 0.452 ; xiaoche:xiaoche_instance|everything:path_executor|right[0]                    ; xiaoche:xiaoche_instance|everything:path_executor|right[0]                    ; clk                                 ; clk         ; 0.000        ; 0.082      ; 0.746      ;
; 0.452 ; xiaoche:xiaoche_instance|everything:path_executor|current_state.RIGHT_200MS   ; xiaoche:xiaoche_instance|everything:path_executor|current_state.RIGHT_200MS   ; clk                                 ; clk         ; 0.000        ; 0.082      ; 0.746      ;
; 0.452 ; xiaoche:xiaoche_instance|everything:path_executor|current_state.FORWARD_2S    ; xiaoche:xiaoche_instance|everything:path_executor|current_state.FORWARD_2S    ; clk                                 ; clk         ; 0.000        ; 0.082      ; 0.746      ;
; 0.452 ; xiaoche:xiaoche_instance|everything:path_executor|current_state.RIGHT_200MS_4 ; xiaoche:xiaoche_instance|everything:path_executor|current_state.RIGHT_200MS_4 ; clk                                 ; clk         ; 0.000        ; 0.082      ; 0.746      ;
; 0.452 ; xiaoche:xiaoche_instance|everything:path_executor|current_state.FORWARD_2S_4  ; xiaoche:xiaoche_instance|everything:path_executor|current_state.FORWARD_2S_4  ; clk                                 ; clk         ; 0.000        ; 0.082      ; 0.746      ;
; 0.452 ; xiaoche:xiaoche_instance|everything:path_executor|current_state.RIGHT_200MS_3 ; xiaoche:xiaoche_instance|everything:path_executor|current_state.RIGHT_200MS_3 ; clk                                 ; clk         ; 0.000        ; 0.082      ; 0.746      ;
; 0.452 ; xiaoche:xiaoche_instance|everything:path_executor|current_state.FORWARD_2S_3  ; xiaoche:xiaoche_instance|everything:path_executor|current_state.FORWARD_2S_3  ; clk                                 ; clk         ; 0.000        ; 0.082      ; 0.746      ;
; 0.452 ; xiaoche:xiaoche_instance|everything:path_executor|current_state.RIGHT_200MS_2 ; xiaoche:xiaoche_instance|everything:path_executor|current_state.RIGHT_200MS_2 ; clk                                 ; clk         ; 0.000        ; 0.082      ; 0.746      ;
; 0.452 ; xiaoche:xiaoche_instance|everything:path_executor|current_state.FORWARD_2S_2  ; xiaoche:xiaoche_instance|everything:path_executor|current_state.FORWARD_2S_2  ; clk                                 ; clk         ; 0.000        ; 0.082      ; 0.746      ;
; 0.452 ; xiaoche:xiaoche_instance|everything:path_executor|current_state.stop          ; xiaoche:xiaoche_instance|everything:path_executor|current_state.stop          ; clk                                 ; clk         ; 0.000        ; 0.082      ; 0.746      ;
; 0.453 ; xiaoche:xiaoche_instance|everything:path_executor|left[0]                     ; xiaoche:xiaoche_instance|everything:path_executor|left[0]                     ; clk                                 ; clk         ; 0.000        ; 0.081      ; 0.746      ;
; 0.453 ; xiaoche:xiaoche_instance|everything:path_executor|current_state.IDLE          ; xiaoche:xiaoche_instance|everything:path_executor|current_state.IDLE          ; clk                                 ; clk         ; 0.000        ; 0.081      ; 0.746      ;
; 0.453 ; xiaoche:xiaoche_instance|current_mode[1]                                      ; xiaoche:xiaoche_instance|current_mode[1]                                      ; clk                                 ; clk         ; 0.000        ; 0.081      ; 0.746      ;
; 0.453 ; xiaoche:xiaoche_instance|current_mode[0]                                      ; xiaoche:xiaoche_instance|current_mode[0]                                      ; clk                                 ; clk         ; 0.000        ; 0.081      ; 0.746      ;
; 0.453 ; xiaoche:xiaoche_instance|mode_switch_pending                                  ; xiaoche:xiaoche_instance|mode_switch_pending                                  ; clk                                 ; clk         ; 0.000        ; 0.081      ; 0.746      ;
; 0.454 ; xiaoche:xiaoche_instance|trig_pulse                                           ; xiaoche:xiaoche_instance|trig_pulse                                           ; clk                                 ; clk         ; 0.000        ; 0.080      ; 0.746      ;
; 0.454 ; xiaoche:xiaoche_instance|boche:boche_executor|right[1]                        ; xiaoche:xiaoche_instance|boche:boche_executor|right[1]                        ; clk                                 ; clk         ; 0.000        ; 0.080      ; 0.746      ;
; 0.454 ; xiaoche:xiaoche_instance|boche:boche_executor|right[0]                        ; xiaoche:xiaoche_instance|boche:boche_executor|right[0]                        ; clk                                 ; clk         ; 0.000        ; 0.080      ; 0.746      ;
; 0.454 ; xiaoche:xiaoche_instance|boche:boche_executor|left[1]                         ; xiaoche:xiaoche_instance|boche:boche_executor|left[1]                         ; clk                                 ; clk         ; 0.000        ; 0.080      ; 0.746      ;
; 0.454 ; xiaoche:xiaoche_instance|boche:boche_executor|pwm_value[4]                    ; xiaoche:xiaoche_instance|boche:boche_executor|pwm_value[4]                    ; clk                                 ; clk         ; 0.000        ; 0.080      ; 0.746      ;
; 0.454 ; xiaoche:xiaoche_instance|boche:boche_executor|pwm_value[1]                    ; xiaoche:xiaoche_instance|boche:boche_executor|pwm_value[1]                    ; clk                                 ; clk         ; 0.000        ; 0.080      ; 0.746      ;
; 0.487 ; xiaoche:xiaoche_instance|clk_div[4]                                           ; xiaoche:xiaoche_instance|clk_div[4]                                           ; xiaoche:xiaoche_instance|clk_div[4] ; clk         ; -0.500       ; 2.715      ; 3.205      ;
; 0.501 ; xiaoche:xiaoche_instance|mode_switch_pending                                  ; xiaoche:xiaoche_instance|current_mode[0]                                      ; clk                                 ; clk         ; 0.000        ; 0.081      ; 0.794      ;
; 0.512 ; xiaoche:xiaoche_instance|steer_state.STEER_BACK                               ; xiaoche:xiaoche_instance|left[1]                                              ; clk                                 ; clk         ; 0.000        ; 0.081      ; 0.805      ;
; 0.533 ; xiaoche:xiaoche_instance|current_mode[1]                                      ; xiaoche:xiaoche_instance|pwm_threshold[3]                                     ; clk                                 ; clk         ; 0.000        ; 0.081      ; 0.826      ;
; 0.652 ; xiaoche:xiaoche_instance|steer_state.STEER_LEFT                               ; xiaoche:xiaoche_instance|left[1]                                              ; clk                                 ; clk         ; 0.000        ; 0.081      ; 0.945      ;
; 0.707 ; xiaoche:xiaoche_instance|enable_prev                                          ; xiaoche:xiaoche_instance|mode_switch_pending                                  ; clk                                 ; clk         ; 0.000        ; 0.081      ; 1.000      ;
; 0.715 ; xiaoche:xiaoche_instance|boche:boche_executor|timer[1]                        ; xiaoche:xiaoche_instance|boche:boche_executor|timer[1]                        ; clk                                 ; clk         ; 0.000        ; 0.101      ; 1.028      ;
; 0.715 ; xiaoche:xiaoche_instance|boche:boche_executor|timer[3]                        ; xiaoche:xiaoche_instance|boche:boche_executor|timer[3]                        ; clk                                 ; clk         ; 0.000        ; 0.101      ; 1.028      ;
; 0.715 ; xiaoche:xiaoche_instance|boche:boche_executor|timer[5]                        ; xiaoche:xiaoche_instance|boche:boche_executor|timer[5]                        ; clk                                 ; clk         ; 0.000        ; 0.101      ; 1.028      ;
; 0.718 ; xiaoche:xiaoche_instance|boche:boche_executor|timer[2]                        ; xiaoche:xiaoche_instance|boche:boche_executor|timer[2]                        ; clk                                 ; clk         ; 0.000        ; 0.101      ; 1.031      ;
; 0.718 ; xiaoche:xiaoche_instance|boche:boche_executor|timer[6]                        ; xiaoche:xiaoche_instance|boche:boche_executor|timer[6]                        ; clk                                 ; clk         ; 0.000        ; 0.101      ; 1.031      ;
; 0.719 ; xiaoche:xiaoche_instance|boche:boche_executor|timer[4]                        ; xiaoche:xiaoche_instance|boche:boche_executor|timer[4]                        ; clk                                 ; clk         ; 0.000        ; 0.101      ; 1.032      ;
; 0.730 ; xiaoche:xiaoche_instance|obstacle_near3                                       ; xiaoche:xiaoche_instance|steer_state.STEER_BACK                               ; clk                                 ; clk         ; 0.000        ; 0.081      ; 1.023      ;
; 0.731 ; xiaoche:xiaoche_instance|everything:path_executor|current_state.stop          ; xiaoche:xiaoche_instance|everything:path_executor|left[0]                     ; clk                                 ; clk         ; 0.000        ; 0.081      ; 1.024      ;
; 0.735 ; xiaoche:xiaoche_instance|xunji:xunji_instance|all_white_counter[1]            ; xiaoche:xiaoche_instance|xunji:xunji_instance|all_white_counter[1]            ; clk                                 ; clk         ; 0.000        ; 0.082      ; 1.029      ;
; 0.735 ; xiaoche:xiaoche_instance|everything:path_executor|timer[1]                    ; xiaoche:xiaoche_instance|everything:path_executor|timer[1]                    ; clk                                 ; clk         ; 0.000        ; 0.081      ; 1.028      ;
; 0.735 ; xiaoche:xiaoche_instance|everything:path_executor|timer[3]                    ; xiaoche:xiaoche_instance|everything:path_executor|timer[3]                    ; clk                                 ; clk         ; 0.000        ; 0.081      ; 1.028      ;
; 0.735 ; xiaoche:xiaoche_instance|everything:path_executor|timer[5]                    ; xiaoche:xiaoche_instance|everything:path_executor|timer[5]                    ; clk                                 ; clk         ; 0.000        ; 0.081      ; 1.028      ;
; 0.736 ; xiaoche:xiaoche_instance|enable_counter[4]                                    ; xiaoche:xiaoche_instance|enable_counter[4]                                    ; clk                                 ; clk         ; 0.000        ; 0.082      ; 1.030      ;
; 0.736 ; xiaoche:xiaoche_instance|enable_counter[5]                                    ; xiaoche:xiaoche_instance|enable_counter[5]                                    ; clk                                 ; clk         ; 0.000        ; 0.082      ; 1.030      ;
; 0.736 ; xiaoche:xiaoche_instance|enable_counter[6]                                    ; xiaoche:xiaoche_instance|enable_counter[6]                                    ; clk                                 ; clk         ; 0.000        ; 0.082      ; 1.030      ;
; 0.737 ; xiaoche:xiaoche_instance|xunji:xunji_instance|all_white_counter[2]            ; xiaoche:xiaoche_instance|xunji:xunji_instance|all_white_counter[2]            ; clk                                 ; clk         ; 0.000        ; 0.082      ; 1.031      ;
; 0.737 ; xiaoche:xiaoche_instance|xunji:xunji_instance|all_white_counter[3]            ; xiaoche:xiaoche_instance|xunji:xunji_instance|all_white_counter[3]            ; clk                                 ; clk         ; 0.000        ; 0.082      ; 1.031      ;
; 0.737 ; xiaoche:xiaoche_instance|xunji:xunji_instance|all_white_counter[5]            ; xiaoche:xiaoche_instance|xunji:xunji_instance|all_white_counter[5]            ; clk                                 ; clk         ; 0.000        ; 0.082      ; 1.031      ;
; 0.737 ; xiaoche:xiaoche_instance|enable_counter[1]                                    ; xiaoche:xiaoche_instance|enable_counter[1]                                    ; clk                                 ; clk         ; 0.000        ; 0.082      ; 1.031      ;
; 0.737 ; xiaoche:xiaoche_instance|enable_counter[3]                                    ; xiaoche:xiaoche_instance|enable_counter[3]                                    ; clk                                 ; clk         ; 0.000        ; 0.082      ; 1.031      ;
; 0.738 ; xiaoche:xiaoche_instance|everything:path_executor|timer[2]                    ; xiaoche:xiaoche_instance|everything:path_executor|timer[2]                    ; clk                                 ; clk         ; 0.000        ; 0.081      ; 1.031      ;
; 0.738 ; xiaoche:xiaoche_instance|everything:path_executor|timer[6]                    ; xiaoche:xiaoche_instance|everything:path_executor|timer[6]                    ; clk                                 ; clk         ; 0.000        ; 0.081      ; 1.031      ;
; 0.738 ; xiaoche:xiaoche_instance|everything:path_executor|timer[7]                    ; xiaoche:xiaoche_instance|everything:path_executor|timer[7]                    ; clk                                 ; clk         ; 0.000        ; 0.081      ; 1.031      ;
; 0.739 ; xiaoche:xiaoche_instance|xunji:xunji_instance|all_white_counter[4]            ; xiaoche:xiaoche_instance|xunji:xunji_instance|all_white_counter[4]            ; clk                                 ; clk         ; 0.000        ; 0.082      ; 1.033      ;
; 0.739 ; xiaoche:xiaoche_instance|everything:path_executor|timer[4]                    ; xiaoche:xiaoche_instance|everything:path_executor|timer[4]                    ; clk                                 ; clk         ; 0.000        ; 0.081      ; 1.032      ;
; 0.739 ; xiaoche:xiaoche_instance|boche:boche_executor|timer[11]                       ; xiaoche:xiaoche_instance|boche:boche_executor|timer[11]                       ; clk                                 ; clk         ; 0.000        ; 0.101      ; 1.052      ;
; 0.739 ; xiaoche:xiaoche_instance|boche:boche_executor|timer[13]                       ; xiaoche:xiaoche_instance|boche:boche_executor|timer[13]                       ; clk                                 ; clk         ; 0.000        ; 0.101      ; 1.052      ;
; 0.739 ; xiaoche:xiaoche_instance|boche:boche_executor|timer[15]                       ; xiaoche:xiaoche_instance|boche:boche_executor|timer[15]                       ; clk                                 ; clk         ; 0.000        ; 0.101      ; 1.052      ;
; 0.739 ; xiaoche:xiaoche_instance|clk_div[2]                                           ; xiaoche:xiaoche_instance|clk_div[2]                                           ; clk                                 ; clk         ; 0.000        ; 0.081      ; 1.032      ;
; 0.739 ; xiaoche:xiaoche_instance|enable_counter[2]                                    ; xiaoche:xiaoche_instance|enable_counter[2]                                    ; clk                                 ; clk         ; 0.000        ; 0.082      ; 1.033      ;
; 0.740 ; xiaoche:xiaoche_instance|trig_counter[1]                                      ; xiaoche:xiaoche_instance|trig_counter[1]                                      ; clk                                 ; clk         ; 0.000        ; 0.101      ; 1.053      ;
; 0.740 ; xiaoche:xiaoche_instance|everything:path_executor|timer[8]                    ; xiaoche:xiaoche_instance|everything:path_executor|timer[8]                    ; clk                                 ; clk         ; 0.000        ; 0.081      ; 1.033      ;
; 0.740 ; xiaoche:xiaoche_instance|boche:boche_executor|timer[0]                        ; xiaoche:xiaoche_instance|boche:boche_executor|timer[0]                        ; clk                                 ; clk         ; 0.000        ; 0.101      ; 1.053      ;
; 0.741 ; xiaoche:xiaoche_instance|clk_div[3]                                           ; xiaoche:xiaoche_instance|clk_div[3]                                           ; clk                                 ; clk         ; 0.000        ; 0.081      ; 1.034      ;
; 0.742 ; xiaoche:xiaoche_instance|boche:boche_executor|timer[7]                        ; xiaoche:xiaoche_instance|boche:boche_executor|timer[7]                        ; clk                                 ; clk         ; 0.000        ; 0.101      ; 1.055      ;
; 0.742 ; xiaoche:xiaoche_instance|boche:boche_executor|timer[9]                        ; xiaoche:xiaoche_instance|boche:boche_executor|timer[9]                        ; clk                                 ; clk         ; 0.000        ; 0.101      ; 1.055      ;
; 0.743 ; xiaoche:xiaoche_instance|xunji:xunji_instance|all_white_counter[7]            ; xiaoche:xiaoche_instance|xunji:xunji_instance|all_white_counter[7]            ; clk                                 ; clk         ; 0.000        ; 0.082      ; 1.037      ;
; 0.743 ; xiaoche:xiaoche_instance|xunji:xunji_instance|all_white_counter[9]            ; xiaoche:xiaoche_instance|xunji:xunji_instance|all_white_counter[9]            ; clk                                 ; clk         ; 0.000        ; 0.082      ; 1.037      ;
; 0.743 ; xiaoche:xiaoche_instance|xunji:xunji_instance|all_white_counter[11]           ; xiaoche:xiaoche_instance|xunji:xunji_instance|all_white_counter[11]           ; clk                                 ; clk         ; 0.000        ; 0.082      ; 1.037      ;
; 0.743 ; xiaoche:xiaoche_instance|xunji:xunji_instance|all_white_counter[15]           ; xiaoche:xiaoche_instance|xunji:xunji_instance|all_white_counter[15]           ; clk                                 ; clk         ; 0.000        ; 0.082      ; 1.037      ;
; 0.743 ; xiaoche:xiaoche_instance|boche:boche_executor|timer[12]                       ; xiaoche:xiaoche_instance|boche:boche_executor|timer[12]                       ; clk                                 ; clk         ; 0.000        ; 0.101      ; 1.056      ;
; 0.743 ; xiaoche:xiaoche_instance|boche:boche_executor|timer[14]                       ; xiaoche:xiaoche_instance|boche:boche_executor|timer[14]                       ; clk                                 ; clk         ; 0.000        ; 0.101      ; 1.056      ;
; 0.744 ; xiaoche:xiaoche_instance|xunji:xunji_instance|all_white_counter[17]           ; xiaoche:xiaoche_instance|xunji:xunji_instance|all_white_counter[17]           ; clk                                 ; clk         ; 0.000        ; 0.082      ; 1.038      ;
; 0.744 ; xiaoche:xiaoche_instance|xunji:xunji_instance|all_white_counter[13]           ; xiaoche:xiaoche_instance|xunji:xunji_instance|all_white_counter[13]           ; clk                                 ; clk         ; 0.000        ; 0.082      ; 1.038      ;
; 0.745 ; xiaoche:xiaoche_instance|pwm_counter[3]                                       ; xiaoche:xiaoche_instance|pwm_counter[3]                                       ; clk                                 ; clk         ; 0.000        ; 0.081      ; 1.038      ;
; 0.745 ; xiaoche:xiaoche_instance|pwm_counter[1]                                       ; xiaoche:xiaoche_instance|pwm_counter[1]                                       ; clk                                 ; clk         ; 0.000        ; 0.081      ; 1.038      ;
; 0.745 ; xiaoche:xiaoche_instance|enable_counter[9]                                    ; xiaoche:xiaoche_instance|enable_counter[9]                                    ; clk                                 ; clk         ; 0.000        ; 0.081      ; 1.038      ;
; 0.746 ; xiaoche:xiaoche_instance|xunji:xunji_instance|all_white_counter[23]           ; xiaoche:xiaoche_instance|xunji:xunji_instance|all_white_counter[23]           ; clk                                 ; clk         ; 0.000        ; 0.082      ; 1.040      ;
; 0.746 ; xiaoche:xiaoche_instance|xunji:xunji_instance|all_white_counter[8]            ; xiaoche:xiaoche_instance|xunji:xunji_instance|all_white_counter[8]            ; clk                                 ; clk         ; 0.000        ; 0.082      ; 1.040      ;
; 0.746 ; xiaoche:xiaoche_instance|xunji:xunji_instance|all_white_counter[14]           ; xiaoche:xiaoche_instance|xunji:xunji_instance|all_white_counter[14]           ; clk                                 ; clk         ; 0.000        ; 0.082      ; 1.040      ;
; 0.746 ; xiaoche:xiaoche_instance|xunji:xunji_instance|all_white_counter[21]           ; xiaoche:xiaoche_instance|xunji:xunji_instance|all_white_counter[21]           ; clk                                 ; clk         ; 0.000        ; 0.082      ; 1.040      ;
; 0.746 ; xiaoche:xiaoche_instance|pwm_counter[5]                                       ; xiaoche:xiaoche_instance|pwm_counter[5]                                       ; clk                                 ; clk         ; 0.000        ; 0.081      ; 1.039      ;
; 0.746 ; xiaoche:xiaoche_instance|enable_counter[11]                                   ; xiaoche:xiaoche_instance|enable_counter[11]                                   ; clk                                 ; clk         ; 0.000        ; 0.081      ; 1.039      ;
; 0.746 ; xiaoche:xiaoche_instance|enable_counter[15]                                   ; xiaoche:xiaoche_instance|enable_counter[15]                                   ; clk                                 ; clk         ; 0.000        ; 0.081      ; 1.039      ;
; 0.747 ; xiaoche:xiaoche_instance|xunji:xunji_instance|all_white_counter[6]            ; xiaoche:xiaoche_instance|xunji:xunji_instance|all_white_counter[6]            ; clk                                 ; clk         ; 0.000        ; 0.082      ; 1.041      ;
; 0.747 ; xiaoche:xiaoche_instance|xunji:xunji_instance|all_white_counter[10]           ; xiaoche:xiaoche_instance|xunji:xunji_instance|all_white_counter[10]           ; clk                                 ; clk         ; 0.000        ; 0.082      ; 1.041      ;
; 0.747 ; xiaoche:xiaoche_instance|xunji:xunji_instance|all_white_counter[16]           ; xiaoche:xiaoche_instance|xunji:xunji_instance|all_white_counter[16]           ; clk                                 ; clk         ; 0.000        ; 0.082      ; 1.041      ;
; 0.747 ; xiaoche:xiaoche_instance|xunji:xunji_instance|all_white_counter[18]           ; xiaoche:xiaoche_instance|xunji:xunji_instance|all_white_counter[18]           ; clk                                 ; clk         ; 0.000        ; 0.082      ; 1.041      ;
; 0.747 ; xiaoche:xiaoche_instance|enable_counter[12]                                   ; xiaoche:xiaoche_instance|enable_counter[12]                                   ; clk                                 ; clk         ; 0.000        ; 0.081      ; 1.040      ;
; 0.747 ; xiaoche:xiaoche_instance|enable_counter[10]                                   ; xiaoche:xiaoche_instance|enable_counter[10]                                   ; clk                                 ; clk         ; 0.000        ; 0.081      ; 1.040      ;
; 0.747 ; xiaoche:xiaoche_instance|enable_counter[13]                                   ; xiaoche:xiaoche_instance|enable_counter[13]                                   ; clk                                 ; clk         ; 0.000        ; 0.081      ; 1.040      ;
; 0.747 ; xiaoche:xiaoche_instance|enable_counter[14]                                   ; xiaoche:xiaoche_instance|enable_counter[14]                                   ; clk                                 ; clk         ; 0.000        ; 0.081      ; 1.040      ;
; 0.748 ; xiaoche:xiaoche_instance|pwm_counter[6]                                       ; xiaoche:xiaoche_instance|pwm_counter[6]                                       ; clk                                 ; clk         ; 0.000        ; 0.081      ; 1.041      ;
; 0.748 ; xiaoche:xiaoche_instance|pwm_counter[2]                                       ; xiaoche:xiaoche_instance|pwm_counter[2]                                       ; clk                                 ; clk         ; 0.000        ; 0.081      ; 1.041      ;
; 0.749 ; xiaoche:xiaoche_instance|xunji:xunji_instance|all_white_counter[20]           ; xiaoche:xiaoche_instance|xunji:xunji_instance|all_white_counter[20]           ; clk                                 ; clk         ; 0.000        ; 0.082      ; 1.043      ;
; 0.749 ; xiaoche:xiaoche_instance|pwm_counter[4]                                       ; xiaoche:xiaoche_instance|pwm_counter[4]                                       ; clk                                 ; clk         ; 0.000        ; 0.081      ; 1.042      ;
+-------+-------------------------------------------------------------------------------+-------------------------------------------------------------------------------+-------------------------------------+-------------+--------------+------------+------------+


+--------------------------------------------------------------------------------------------------------------------------------------------------------------------------------------------------------------------------------------------------------------+
; Slow 1200mV 85C Model Hold: 'xiaoche:xiaoche_instance|clk_div[4]'                                                                                                                                                                                            ;
+-------+----------------------------------------------------------------+----------------------------------------------------------------+-------------------------------------+-------------------------------------+--------------+------------+------------+
; Slack ; From Node                                                      ; To Node                                                        ; Launch Clock                        ; Latch Clock                         ; Relationship ; Clock Skew ; Data Delay ;
+-------+----------------------------------------------------------------+----------------------------------------------------------------+-------------------------------------+-------------------------------------+--------------+------------+------------+
; 0.432 ; xiaoche:xiaoche_instance|PosCounter:pos_counter2|count[17]     ; xiaoche:xiaoche_instance|PosCounter:pos_counter2|count[17]     ; xiaoche:xiaoche_instance|clk_div[4] ; xiaoche:xiaoche_instance|clk_div[4] ; 0.000        ; 0.102      ; 0.746      ;
; 0.432 ; xiaoche:xiaoche_instance|PosCounter:pos_counter2|count[16]     ; xiaoche:xiaoche_instance|PosCounter:pos_counter2|count[16]     ; xiaoche:xiaoche_instance|clk_div[4] ; xiaoche:xiaoche_instance|clk_div[4] ; 0.000        ; 0.102      ; 0.746      ;
; 0.432 ; xiaoche:xiaoche_instance|PosCounter:pos_counter2|count[12]     ; xiaoche:xiaoche_instance|PosCounter:pos_counter2|count[12]     ; xiaoche:xiaoche_instance|clk_div[4] ; xiaoche:xiaoche_instance|clk_div[4] ; 0.000        ; 0.102      ; 0.746      ;
; 0.433 ; xiaoche:xiaoche_instance|PosCounter:pos_counter3|count[19]     ; xiaoche:xiaoche_instance|PosCounter:pos_counter3|count[19]     ; xiaoche:xiaoche_instance|clk_div[4] ; xiaoche:xiaoche_instance|clk_div[4] ; 0.000        ; 0.101      ; 0.746      ;
; 0.433 ; xiaoche:xiaoche_instance|PosCounter:pos_counter3|count[18]     ; xiaoche:xiaoche_instance|PosCounter:pos_counter3|count[18]     ; xiaoche:xiaoche_instance|clk_div[4] ; xiaoche:xiaoche_instance|clk_div[4] ; 0.000        ; 0.101      ; 0.746      ;
; 0.433 ; xiaoche:xiaoche_instance|PosCounter:pos_counter3|count[17]     ; xiaoche:xiaoche_instance|PosCounter:pos_counter3|count[17]     ; xiaoche:xiaoche_instance|clk_div[4] ; xiaoche:xiaoche_instance|clk_div[4] ; 0.000        ; 0.101      ; 0.746      ;
; 0.433 ; xiaoche:xiaoche_instance|PosCounter:pos_counter3|count[14]     ; xiaoche:xiaoche_instance|PosCounter:pos_counter3|count[14]     ; xiaoche:xiaoche_instance|clk_div[4] ; xiaoche:xiaoche_instance|clk_div[4] ; 0.000        ; 0.101      ; 0.746      ;
; 0.434 ; xiaoche:xiaoche_instance|PosCounter:pos_counter1|count[19]     ; xiaoche:xiaoche_instance|PosCounter:pos_counter1|count[19]     ; xiaoche:xiaoche_instance|clk_div[4] ; xiaoche:xiaoche_instance|clk_div[4] ; 0.000        ; 0.100      ; 0.746      ;
; 0.434 ; xiaoche:xiaoche_instance|PosCounter:pos_counter1|count[18]     ; xiaoche:xiaoche_instance|PosCounter:pos_counter1|count[18]     ; xiaoche:xiaoche_instance|clk_div[4] ; xiaoche:xiaoche_instance|clk_div[4] ; 0.000        ; 0.100      ; 0.746      ;
; 0.434 ; xiaoche:xiaoche_instance|PosCounter:pos_counter1|count[17]     ; xiaoche:xiaoche_instance|PosCounter:pos_counter1|count[17]     ; xiaoche:xiaoche_instance|clk_div[4] ; xiaoche:xiaoche_instance|clk_div[4] ; 0.000        ; 0.100      ; 0.746      ;
; 0.434 ; xiaoche:xiaoche_instance|PosCounter:pos_counter1|count[16]     ; xiaoche:xiaoche_instance|PosCounter:pos_counter1|count[16]     ; xiaoche:xiaoche_instance|clk_div[4] ; xiaoche:xiaoche_instance|clk_div[4] ; 0.000        ; 0.100      ; 0.746      ;
; 0.434 ; xiaoche:xiaoche_instance|PosCounter:pos_counter1|count[15]     ; xiaoche:xiaoche_instance|PosCounter:pos_counter1|count[15]     ; xiaoche:xiaoche_instance|clk_div[4] ; xiaoche:xiaoche_instance|clk_div[4] ; 0.000        ; 0.100      ; 0.746      ;
; 0.434 ; xiaoche:xiaoche_instance|PosCounter:pos_counter1|count[14]     ; xiaoche:xiaoche_instance|PosCounter:pos_counter1|count[14]     ; xiaoche:xiaoche_instance|clk_div[4] ; xiaoche:xiaoche_instance|clk_div[4] ; 0.000        ; 0.100      ; 0.746      ;
; 0.434 ; xiaoche:xiaoche_instance|PosCounter:pos_counter1|count[13]     ; xiaoche:xiaoche_instance|PosCounter:pos_counter1|count[13]     ; xiaoche:xiaoche_instance|clk_div[4] ; xiaoche:xiaoche_instance|clk_div[4] ; 0.000        ; 0.100      ; 0.746      ;
; 0.434 ; xiaoche:xiaoche_instance|PosCounter:pos_counter1|count[12]     ; xiaoche:xiaoche_instance|PosCounter:pos_counter1|count[12]     ; xiaoche:xiaoche_instance|clk_div[4] ; xiaoche:xiaoche_instance|clk_div[4] ; 0.000        ; 0.100      ; 0.746      ;
; 0.434 ; xiaoche:xiaoche_instance|PosCounter:pos_counter1|count[11]     ; xiaoche:xiaoche_instance|PosCounter:pos_counter1|count[11]     ; xiaoche:xiaoche_instance|clk_div[4] ; xiaoche:xiaoche_instance|clk_div[4] ; 0.000        ; 0.100      ; 0.746      ;
; 0.434 ; xiaoche:xiaoche_instance|PosCounter:pos_counter1|count[10]     ; xiaoche:xiaoche_instance|PosCounter:pos_counter1|count[10]     ; xiaoche:xiaoche_instance|clk_div[4] ; xiaoche:xiaoche_instance|clk_div[4] ; 0.000        ; 0.100      ; 0.746      ;
; 0.434 ; xiaoche:xiaoche_instance|PosCounter:pos_counter1|count[9]      ; xiaoche:xiaoche_instance|PosCounter:pos_counter1|count[9]      ; xiaoche:xiaoche_instance|clk_div[4] ; xiaoche:xiaoche_instance|clk_div[4] ; 0.000        ; 0.100      ; 0.746      ;
; 0.434 ; xiaoche:xiaoche_instance|PosCounter:pos_counter1|count[5]      ; xiaoche:xiaoche_instance|PosCounter:pos_counter1|count[5]      ; xiaoche:xiaoche_instance|clk_div[4] ; xiaoche:xiaoche_instance|clk_div[4] ; 0.000        ; 0.100      ; 0.746      ;
; 0.434 ; xiaoche:xiaoche_instance|PosCounter:pos_counter2|count[18]     ; xiaoche:xiaoche_instance|PosCounter:pos_counter2|count[18]     ; xiaoche:xiaoche_instance|clk_div[4] ; xiaoche:xiaoche_instance|clk_div[4] ; 0.000        ; 0.100      ; 0.746      ;
; 0.434 ; xiaoche:xiaoche_instance|PosCounter:pos_counter2|count[15]     ; xiaoche:xiaoche_instance|PosCounter:pos_counter2|count[15]     ; xiaoche:xiaoche_instance|clk_div[4] ; xiaoche:xiaoche_instance|clk_div[4] ; 0.000        ; 0.100      ; 0.746      ;
; 0.434 ; xiaoche:xiaoche_instance|PosCounter:pos_counter2|count[14]     ; xiaoche:xiaoche_instance|PosCounter:pos_counter2|count[14]     ; xiaoche:xiaoche_instance|clk_div[4] ; xiaoche:xiaoche_instance|clk_div[4] ; 0.000        ; 0.100      ; 0.746      ;
; 0.434 ; xiaoche:xiaoche_instance|PosCounter:pos_counter2|count[13]     ; xiaoche:xiaoche_instance|PosCounter:pos_counter2|count[13]     ; xiaoche:xiaoche_instance|clk_div[4] ; xiaoche:xiaoche_instance|clk_div[4] ; 0.000        ; 0.100      ; 0.746      ;
; 0.434 ; xiaoche:xiaoche_instance|PosCounter:pos_counter2|count[9]      ; xiaoche:xiaoche_instance|PosCounter:pos_counter2|count[9]      ; xiaoche:xiaoche_instance|clk_div[4] ; xiaoche:xiaoche_instance|clk_div[4] ; 0.000        ; 0.100      ; 0.746      ;
; 0.434 ; xiaoche:xiaoche_instance|PosCounter:pos_counter2|count[7]      ; xiaoche:xiaoche_instance|PosCounter:pos_counter2|count[7]      ; xiaoche:xiaoche_instance|clk_div[4] ; xiaoche:xiaoche_instance|clk_div[4] ; 0.000        ; 0.100      ; 0.746      ;
; 0.434 ; xiaoche:xiaoche_instance|PosCounter:pos_counter2|count[6]      ; xiaoche:xiaoche_instance|PosCounter:pos_counter2|count[6]      ; xiaoche:xiaoche_instance|clk_div[4] ; xiaoche:xiaoche_instance|clk_div[4] ; 0.000        ; 0.100      ; 0.746      ;
; 0.434 ; xiaoche:xiaoche_instance|PosCounter:pos_counter2|count[4]      ; xiaoche:xiaoche_instance|PosCounter:pos_counter2|count[4]      ; xiaoche:xiaoche_instance|clk_div[4] ; xiaoche:xiaoche_instance|clk_div[4] ; 0.000        ; 0.100      ; 0.746      ;
; 0.434 ; xiaoche:xiaoche_instance|PosCounter:pos_counter2|count[3]      ; xiaoche:xiaoche_instance|PosCounter:pos_counter2|count[3]      ; xiaoche:xiaoche_instance|clk_div[4] ; xiaoche:xiaoche_instance|clk_div[4] ; 0.000        ; 0.100      ; 0.746      ;
; 0.435 ; xiaoche:xiaoche_instance|PosCounter:pos_counter1|count[8]      ; xiaoche:xiaoche_instance|PosCounter:pos_counter1|count[8]      ; xiaoche:xiaoche_instance|clk_div[4] ; xiaoche:xiaoche_instance|clk_div[4] ; 0.000        ; 0.099      ; 0.746      ;
; 0.435 ; xiaoche:xiaoche_instance|PosCounter:pos_counter1|count[7]      ; xiaoche:xiaoche_instance|PosCounter:pos_counter1|count[7]      ; xiaoche:xiaoche_instance|clk_div[4] ; xiaoche:xiaoche_instance|clk_div[4] ; 0.000        ; 0.099      ; 0.746      ;
; 0.435 ; xiaoche:xiaoche_instance|PosCounter:pos_counter1|count[2]      ; xiaoche:xiaoche_instance|PosCounter:pos_counter1|count[2]      ; xiaoche:xiaoche_instance|clk_div[4] ; xiaoche:xiaoche_instance|clk_div[4] ; 0.000        ; 0.099      ; 0.746      ;
; 0.435 ; xiaoche:xiaoche_instance|PosCounter:pos_counter1|count[0]      ; xiaoche:xiaoche_instance|PosCounter:pos_counter1|count[0]      ; xiaoche:xiaoche_instance|clk_div[4] ; xiaoche:xiaoche_instance|clk_div[4] ; 0.000        ; 0.099      ; 0.746      ;
; 0.452 ; xiaoche:xiaoche_instance|PosCounter:pos_counter2|count[8]      ; xiaoche:xiaoche_instance|PosCounter:pos_counter2|count[8]      ; xiaoche:xiaoche_instance|clk_div[4] ; xiaoche:xiaoche_instance|clk_div[4] ; 0.000        ; 0.082      ; 0.746      ;
; 0.452 ; xiaoche:xiaoche_instance|PosCounter:pos_counter2|count[5]      ; xiaoche:xiaoche_instance|PosCounter:pos_counter2|count[5]      ; xiaoche:xiaoche_instance|clk_div[4] ; xiaoche:xiaoche_instance|clk_div[4] ; 0.000        ; 0.082      ; 0.746      ;
; 0.452 ; xiaoche:xiaoche_instance|PosCounter:pos_counter2|count[2]      ; xiaoche:xiaoche_instance|PosCounter:pos_counter2|count[2]      ; xiaoche:xiaoche_instance|clk_div[4] ; xiaoche:xiaoche_instance|clk_div[4] ; 0.000        ; 0.082      ; 0.746      ;
; 0.452 ; xiaoche:xiaoche_instance|PosCounter:pos_counter2|count[1]      ; xiaoche:xiaoche_instance|PosCounter:pos_counter2|count[1]      ; xiaoche:xiaoche_instance|clk_div[4] ; xiaoche:xiaoche_instance|clk_div[4] ; 0.000        ; 0.082      ; 0.746      ;
; 0.452 ; xiaoche:xiaoche_instance|PosCounter:pos_counter2|count[0]      ; xiaoche:xiaoche_instance|PosCounter:pos_counter2|count[0]      ; xiaoche:xiaoche_instance|clk_div[4] ; xiaoche:xiaoche_instance|clk_div[4] ; 0.000        ; 0.082      ; 0.746      ;
; 0.452 ; xiaoche:xiaoche_instance|PosCounter:pos_counter2|curr_state.S1 ; xiaoche:xiaoche_instance|PosCounter:pos_counter2|curr_state.S1 ; xiaoche:xiaoche_instance|clk_div[4] ; xiaoche:xiaoche_instance|clk_div[4] ; 0.000        ; 0.082      ; 0.746      ;
; 0.452 ; xiaoche:xiaoche_instance|PosCounter:pos_counter2|curr_state.S0 ; xiaoche:xiaoche_instance|PosCounter:pos_counter2|curr_state.S0 ; xiaoche:xiaoche_instance|clk_div[4] ; xiaoche:xiaoche_instance|clk_div[4] ; 0.000        ; 0.082      ; 0.746      ;
; 0.452 ; xiaoche:xiaoche_instance|PosCounter:pos_counter2|curr_state.S2 ; xiaoche:xiaoche_instance|PosCounter:pos_counter2|curr_state.S2 ; xiaoche:xiaoche_instance|clk_div[4] ; xiaoche:xiaoche_instance|clk_div[4] ; 0.000        ; 0.082      ; 0.746      ;
; 0.453 ; xiaoche:xiaoche_instance|PosCounter:pos_counter3|count[16]     ; xiaoche:xiaoche_instance|PosCounter:pos_counter3|count[16]     ; xiaoche:xiaoche_instance|clk_div[4] ; xiaoche:xiaoche_instance|clk_div[4] ; 0.000        ; 0.081      ; 0.746      ;
; 0.453 ; xiaoche:xiaoche_instance|PosCounter:pos_counter3|count[15]     ; xiaoche:xiaoche_instance|PosCounter:pos_counter3|count[15]     ; xiaoche:xiaoche_instance|clk_div[4] ; xiaoche:xiaoche_instance|clk_div[4] ; 0.000        ; 0.081      ; 0.746      ;
; 0.453 ; xiaoche:xiaoche_instance|PosCounter:pos_counter3|count[13]     ; xiaoche:xiaoche_instance|PosCounter:pos_counter3|count[13]     ; xiaoche:xiaoche_instance|clk_div[4] ; xiaoche:xiaoche_instance|clk_div[4] ; 0.000        ; 0.081      ; 0.746      ;
; 0.453 ; xiaoche:xiaoche_instance|PosCounter:pos_counter3|count[12]     ; xiaoche:xiaoche_instance|PosCounter:pos_counter3|count[12]     ; xiaoche:xiaoche_instance|clk_div[4] ; xiaoche:xiaoche_instance|clk_div[4] ; 0.000        ; 0.081      ; 0.746      ;
; 0.453 ; xiaoche:xiaoche_instance|PosCounter:pos_counter3|count[11]     ; xiaoche:xiaoche_instance|PosCounter:pos_counter3|count[11]     ; xiaoche:xiaoche_instance|clk_div[4] ; xiaoche:xiaoche_instance|clk_div[4] ; 0.000        ; 0.081      ; 0.746      ;
; 0.453 ; xiaoche:xiaoche_instance|PosCounter:pos_counter3|count[10]     ; xiaoche:xiaoche_instance|PosCounter:pos_counter3|count[10]     ; xiaoche:xiaoche_instance|clk_div[4] ; xiaoche:xiaoche_instance|clk_div[4] ; 0.000        ; 0.081      ; 0.746      ;
; 0.453 ; xiaoche:xiaoche_instance|PosCounter:pos_counter3|count[9]      ; xiaoche:xiaoche_instance|PosCounter:pos_counter3|count[9]      ; xiaoche:xiaoche_instance|clk_div[4] ; xiaoche:xiaoche_instance|clk_div[4] ; 0.000        ; 0.081      ; 0.746      ;
; 0.453 ; xiaoche:xiaoche_instance|PosCounter:pos_counter3|count[8]      ; xiaoche:xiaoche_instance|PosCounter:pos_counter3|count[8]      ; xiaoche:xiaoche_instance|clk_div[4] ; xiaoche:xiaoche_instance|clk_div[4] ; 0.000        ; 0.081      ; 0.746      ;
; 0.453 ; xiaoche:xiaoche_instance|PosCounter:pos_counter3|count[7]      ; xiaoche:xiaoche_instance|PosCounter:pos_counter3|count[7]      ; xiaoche:xiaoche_instance|clk_div[4] ; xiaoche:xiaoche_instance|clk_div[4] ; 0.000        ; 0.081      ; 0.746      ;
; 0.453 ; xiaoche:xiaoche_instance|PosCounter:pos_counter3|count[6]      ; xiaoche:xiaoche_instance|PosCounter:pos_counter3|count[6]      ; xiaoche:xiaoche_instance|clk_div[4] ; xiaoche:xiaoche_instance|clk_div[4] ; 0.000        ; 0.081      ; 0.746      ;
; 0.453 ; xiaoche:xiaoche_instance|PosCounter:pos_counter3|count[5]      ; xiaoche:xiaoche_instance|PosCounter:pos_counter3|count[5]      ; xiaoche:xiaoche_instance|clk_div[4] ; xiaoche:xiaoche_instance|clk_div[4] ; 0.000        ; 0.081      ; 0.746      ;
; 0.453 ; xiaoche:xiaoche_instance|PosCounter:pos_counter3|count[4]      ; xiaoche:xiaoche_instance|PosCounter:pos_counter3|count[4]      ; xiaoche:xiaoche_instance|clk_div[4] ; xiaoche:xiaoche_instance|clk_div[4] ; 0.000        ; 0.081      ; 0.746      ;
; 0.453 ; xiaoche:xiaoche_instance|PosCounter:pos_counter3|count[3]      ; xiaoche:xiaoche_instance|PosCounter:pos_counter3|count[3]      ; xiaoche:xiaoche_instance|clk_div[4] ; xiaoche:xiaoche_instance|clk_div[4] ; 0.000        ; 0.081      ; 0.746      ;
; 0.453 ; xiaoche:xiaoche_instance|PosCounter:pos_counter3|count[2]      ; xiaoche:xiaoche_instance|PosCounter:pos_counter3|count[2]      ; xiaoche:xiaoche_instance|clk_div[4] ; xiaoche:xiaoche_instance|clk_div[4] ; 0.000        ; 0.081      ; 0.746      ;
; 0.453 ; xiaoche:xiaoche_instance|PosCounter:pos_counter3|count[1]      ; xiaoche:xiaoche_instance|PosCounter:pos_counter3|count[1]      ; xiaoche:xiaoche_instance|clk_div[4] ; xiaoche:xiaoche_instance|clk_div[4] ; 0.000        ; 0.081      ; 0.746      ;
; 0.453 ; xiaoche:xiaoche_instance|PosCounter:pos_counter3|count[0]      ; xiaoche:xiaoche_instance|PosCounter:pos_counter3|count[0]      ; xiaoche:xiaoche_instance|clk_div[4] ; xiaoche:xiaoche_instance|clk_div[4] ; 0.000        ; 0.081      ; 0.746      ;
; 0.453 ; xiaoche:xiaoche_instance|PosCounter:pos_counter3|curr_state.S0 ; xiaoche:xiaoche_instance|PosCounter:pos_counter3|curr_state.S0 ; xiaoche:xiaoche_instance|clk_div[4] ; xiaoche:xiaoche_instance|clk_div[4] ; 0.000        ; 0.081      ; 0.746      ;
; 0.453 ; xiaoche:xiaoche_instance|PosCounter:pos_counter3|curr_state.S1 ; xiaoche:xiaoche_instance|PosCounter:pos_counter3|curr_state.S1 ; xiaoche:xiaoche_instance|clk_div[4] ; xiaoche:xiaoche_instance|clk_div[4] ; 0.000        ; 0.081      ; 0.746      ;
; 0.453 ; xiaoche:xiaoche_instance|PosCounter:pos_counter3|curr_state.S2 ; xiaoche:xiaoche_instance|PosCounter:pos_counter3|curr_state.S2 ; xiaoche:xiaoche_instance|clk_div[4] ; xiaoche:xiaoche_instance|clk_div[4] ; 0.000        ; 0.081      ; 0.746      ;
; 0.453 ; xiaoche:xiaoche_instance|PosCounter:pos_counter1|count[6]      ; xiaoche:xiaoche_instance|PosCounter:pos_counter1|count[6]      ; xiaoche:xiaoche_instance|clk_div[4] ; xiaoche:xiaoche_instance|clk_div[4] ; 0.000        ; 0.081      ; 0.746      ;
; 0.453 ; xiaoche:xiaoche_instance|PosCounter:pos_counter1|count[4]      ; xiaoche:xiaoche_instance|PosCounter:pos_counter1|count[4]      ; xiaoche:xiaoche_instance|clk_div[4] ; xiaoche:xiaoche_instance|clk_div[4] ; 0.000        ; 0.081      ; 0.746      ;
; 0.453 ; xiaoche:xiaoche_instance|PosCounter:pos_counter1|count[3]      ; xiaoche:xiaoche_instance|PosCounter:pos_counter1|count[3]      ; xiaoche:xiaoche_instance|clk_div[4] ; xiaoche:xiaoche_instance|clk_div[4] ; 0.000        ; 0.081      ; 0.746      ;
; 0.453 ; xiaoche:xiaoche_instance|PosCounter:pos_counter1|count[1]      ; xiaoche:xiaoche_instance|PosCounter:pos_counter1|count[1]      ; xiaoche:xiaoche_instance|clk_div[4] ; xiaoche:xiaoche_instance|clk_div[4] ; 0.000        ; 0.081      ; 0.746      ;
; 0.453 ; xiaoche:xiaoche_instance|PosCounter:pos_counter1|curr_state.S2 ; xiaoche:xiaoche_instance|PosCounter:pos_counter1|curr_state.S2 ; xiaoche:xiaoche_instance|clk_div[4] ; xiaoche:xiaoche_instance|clk_div[4] ; 0.000        ; 0.081      ; 0.746      ;
; 0.453 ; xiaoche:xiaoche_instance|PosCounter:pos_counter2|count[19]     ; xiaoche:xiaoche_instance|PosCounter:pos_counter2|count[19]     ; xiaoche:xiaoche_instance|clk_div[4] ; xiaoche:xiaoche_instance|clk_div[4] ; 0.000        ; 0.081      ; 0.746      ;
; 0.453 ; xiaoche:xiaoche_instance|PosCounter:pos_counter2|count[11]     ; xiaoche:xiaoche_instance|PosCounter:pos_counter2|count[11]     ; xiaoche:xiaoche_instance|clk_div[4] ; xiaoche:xiaoche_instance|clk_div[4] ; 0.000        ; 0.081      ; 0.746      ;
; 0.453 ; xiaoche:xiaoche_instance|PosCounter:pos_counter2|count[10]     ; xiaoche:xiaoche_instance|PosCounter:pos_counter2|count[10]     ; xiaoche:xiaoche_instance|clk_div[4] ; xiaoche:xiaoche_instance|clk_div[4] ; 0.000        ; 0.081      ; 0.746      ;
; 0.453 ; xiaoche:xiaoche_instance|PosCounter:pos_counter1|curr_state.S1 ; xiaoche:xiaoche_instance|PosCounter:pos_counter1|curr_state.S1 ; xiaoche:xiaoche_instance|clk_div[4] ; xiaoche:xiaoche_instance|clk_div[4] ; 0.000        ; 0.081      ; 0.746      ;
; 0.453 ; xiaoche:xiaoche_instance|PosCounter:pos_counter1|curr_state.S0 ; xiaoche:xiaoche_instance|PosCounter:pos_counter1|curr_state.S0 ; xiaoche:xiaoche_instance|clk_div[4] ; xiaoche:xiaoche_instance|clk_div[4] ; 0.000        ; 0.081      ; 0.746      ;
; 0.492 ; xiaoche:xiaoche_instance|PosCounter:pos_counter1|curr_state.S0 ; xiaoche:xiaoche_instance|PosCounter:pos_counter1|curr_state.S1 ; xiaoche:xiaoche_instance|clk_div[4] ; xiaoche:xiaoche_instance|clk_div[4] ; 0.000        ; 0.081      ; 0.785      ;
; 0.708 ; xiaoche:xiaoche_instance|PosCounter:pos_counter3|count[1]      ; xiaoche:xiaoche_instance|PosCounter:pos_counter3|dis_reg[1]    ; xiaoche:xiaoche_instance|clk_div[4] ; xiaoche:xiaoche_instance|clk_div[4] ; 0.000        ; 0.081      ; 1.001      ;
; 0.735 ; xiaoche:xiaoche_instance|PosCounter:pos_counter3|echo_reg2     ; xiaoche:xiaoche_instance|PosCounter:pos_counter3|curr_state.S2 ; xiaoche:xiaoche_instance|clk_div[4] ; xiaoche:xiaoche_instance|clk_div[4] ; 0.000        ; 0.081      ; 1.028      ;
; 0.766 ; xiaoche:xiaoche_instance|PosCounter:pos_counter3|curr_state.S1 ; xiaoche:xiaoche_instance|PosCounter:pos_counter3|count[17]     ; xiaoche:xiaoche_instance|clk_div[4] ; xiaoche:xiaoche_instance|clk_div[4] ; 0.000        ; 0.565      ; 1.543      ;
; 0.766 ; xiaoche:xiaoche_instance|PosCounter:pos_counter3|curr_state.S0 ; xiaoche:xiaoche_instance|PosCounter:pos_counter3|curr_state.S1 ; xiaoche:xiaoche_instance|clk_div[4] ; xiaoche:xiaoche_instance|clk_div[4] ; 0.000        ; 0.081      ; 1.059      ;
; 0.775 ; xiaoche:xiaoche_instance|PosCounter:pos_counter2|curr_state.S0 ; xiaoche:xiaoche_instance|PosCounter:pos_counter2|curr_state.S1 ; xiaoche:xiaoche_instance|clk_div[4] ; xiaoche:xiaoche_instance|clk_div[4] ; 0.000        ; 0.082      ; 1.069      ;
; 0.776 ; xiaoche:xiaoche_instance|PosCounter:pos_counter2|curr_state.S1 ; xiaoche:xiaoche_instance|PosCounter:pos_counter2|curr_state.S2 ; xiaoche:xiaoche_instance|clk_div[4] ; xiaoche:xiaoche_instance|clk_div[4] ; 0.000        ; 0.082      ; 1.070      ;
; 0.799 ; xiaoche:xiaoche_instance|PosCounter:pos_counter3|curr_state.S2 ; xiaoche:xiaoche_instance|PosCounter:pos_counter3|curr_state.S0 ; xiaoche:xiaoche_instance|clk_div[4] ; xiaoche:xiaoche_instance|clk_div[4] ; 0.000        ; 0.081      ; 1.092      ;
; 0.800 ; xiaoche:xiaoche_instance|PosCounter:pos_counter3|curr_state.S1 ; xiaoche:xiaoche_instance|PosCounter:pos_counter3|count[1]      ; xiaoche:xiaoche_instance|clk_div[4] ; xiaoche:xiaoche_instance|clk_div[4] ; 0.000        ; 0.080      ; 1.092      ;
; 0.823 ; xiaoche:xiaoche_instance|PosCounter:pos_counter2|curr_state.S2 ; xiaoche:xiaoche_instance|PosCounter:pos_counter2|curr_state.S0 ; xiaoche:xiaoche_instance|clk_div[4] ; xiaoche:xiaoche_instance|clk_div[4] ; 0.000        ; 0.082      ; 1.117      ;
; 0.826 ; xiaoche:xiaoche_instance|PosCounter:pos_counter3|curr_state.S1 ; xiaoche:xiaoche_instance|PosCounter:pos_counter3|count[14]     ; xiaoche:xiaoche_instance|clk_div[4] ; xiaoche:xiaoche_instance|clk_div[4] ; 0.000        ; 0.564      ; 1.602      ;
; 0.827 ; xiaoche:xiaoche_instance|PosCounter:pos_counter3|curr_state.S1 ; xiaoche:xiaoche_instance|PosCounter:pos_counter3|count[18]     ; xiaoche:xiaoche_instance|clk_div[4] ; xiaoche:xiaoche_instance|clk_div[4] ; 0.000        ; 0.564      ; 1.603      ;
; 0.827 ; xiaoche:xiaoche_instance|PosCounter:pos_counter3|curr_state.S1 ; xiaoche:xiaoche_instance|PosCounter:pos_counter3|curr_state.S2 ; xiaoche:xiaoche_instance|clk_div[4] ; xiaoche:xiaoche_instance|clk_div[4] ; 0.000        ; 0.081      ; 1.120      ;
; 0.829 ; xiaoche:xiaoche_instance|PosCounter:pos_counter3|curr_state.S1 ; xiaoche:xiaoche_instance|PosCounter:pos_counter3|count[19]     ; xiaoche:xiaoche_instance|clk_div[4] ; xiaoche:xiaoche_instance|clk_div[4] ; 0.000        ; 0.564      ; 1.605      ;
; 0.830 ; xiaoche:xiaoche_instance|PosCounter:pos_counter3|curr_state.S1 ; xiaoche:xiaoche_instance|PosCounter:pos_counter3|count[7]      ; xiaoche:xiaoche_instance|clk_div[4] ; xiaoche:xiaoche_instance|clk_div[4] ; 0.000        ; 0.081      ; 1.123      ;
; 0.830 ; xiaoche:xiaoche_instance|PosCounter:pos_counter3|curr_state.S1 ; xiaoche:xiaoche_instance|PosCounter:pos_counter3|count[2]      ; xiaoche:xiaoche_instance|clk_div[4] ; xiaoche:xiaoche_instance|clk_div[4] ; 0.000        ; 0.081      ; 1.123      ;
; 0.831 ; xiaoche:xiaoche_instance|PosCounter:pos_counter3|curr_state.S1 ; xiaoche:xiaoche_instance|PosCounter:pos_counter3|count[8]      ; xiaoche:xiaoche_instance|clk_div[4] ; xiaoche:xiaoche_instance|clk_div[4] ; 0.000        ; 0.081      ; 1.124      ;
; 0.834 ; xiaoche:xiaoche_instance|PosCounter:pos_counter3|curr_state.S1 ; xiaoche:xiaoche_instance|PosCounter:pos_counter3|count[4]      ; xiaoche:xiaoche_instance|clk_div[4] ; xiaoche:xiaoche_instance|clk_div[4] ; 0.000        ; 0.081      ; 1.127      ;
; 0.857 ; xiaoche:xiaoche_instance|PosCounter:pos_counter3|curr_state.S2 ; xiaoche:xiaoche_instance|PosCounter:pos_counter3|curr_state.S1 ; xiaoche:xiaoche_instance|clk_div[4] ; xiaoche:xiaoche_instance|clk_div[4] ; 0.000        ; 0.081      ; 1.150      ;
; 0.884 ; xiaoche:xiaoche_instance|PosCounter:pos_counter1|curr_state.S1 ; xiaoche:xiaoche_instance|PosCounter:pos_counter1|count[12]     ; xiaoche:xiaoche_instance|clk_div[4] ; xiaoche:xiaoche_instance|clk_div[4] ; 0.000        ; 0.575      ; 1.671      ;
; 0.884 ; xiaoche:xiaoche_instance|PosCounter:pos_counter1|curr_state.S1 ; xiaoche:xiaoche_instance|PosCounter:pos_counter1|count[10]     ; xiaoche:xiaoche_instance|clk_div[4] ; xiaoche:xiaoche_instance|clk_div[4] ; 0.000        ; 0.575      ; 1.671      ;
; 0.898 ; xiaoche:xiaoche_instance|PosCounter:pos_counter2|count[2]      ; xiaoche:xiaoche_instance|PosCounter:pos_counter2|dis_reg[2]    ; xiaoche:xiaoche_instance|clk_div[4] ; xiaoche:xiaoche_instance|clk_div[4] ; 0.000        ; 0.081      ; 1.191      ;
; 0.902 ; xiaoche:xiaoche_instance|PosCounter:pos_counter3|echo_reg1     ; xiaoche:xiaoche_instance|PosCounter:pos_counter3|echo_reg2     ; xiaoche:xiaoche_instance|clk_div[4] ; xiaoche:xiaoche_instance|clk_div[4] ; 0.000        ; 0.081      ; 1.195      ;
; 0.911 ; xiaoche:xiaoche_instance|PosCounter:pos_counter3|count[4]      ; xiaoche:xiaoche_instance|PosCounter:pos_counter3|dis_reg[4]    ; xiaoche:xiaoche_instance|clk_div[4] ; xiaoche:xiaoche_instance|clk_div[4] ; 0.000        ; 0.080      ; 1.203      ;
; 0.924 ; xiaoche:xiaoche_instance|PosCounter:pos_counter2|count[1]      ; xiaoche:xiaoche_instance|PosCounter:pos_counter2|dis_reg[1]    ; xiaoche:xiaoche_instance|clk_div[4] ; xiaoche:xiaoche_instance|clk_div[4] ; 0.000        ; 0.081      ; 1.217      ;
; 0.958 ; xiaoche:xiaoche_instance|PosCounter:pos_counter2|count[14]     ; xiaoche:xiaoche_instance|PosCounter:pos_counter2|dis_reg[14]   ; xiaoche:xiaoche_instance|clk_div[4] ; xiaoche:xiaoche_instance|clk_div[4] ; 0.000        ; -0.352     ; 0.818      ;
; 0.959 ; xiaoche:xiaoche_instance|PosCounter:pos_counter1|count[2]      ; xiaoche:xiaoche_instance|PosCounter:pos_counter1|dis_reg[2]    ; xiaoche:xiaoche_instance|clk_div[4] ; xiaoche:xiaoche_instance|clk_div[4] ; 0.000        ; -0.352     ; 0.819      ;
; 0.960 ; xiaoche:xiaoche_instance|PosCounter:pos_counter2|count[4]      ; xiaoche:xiaoche_instance|PosCounter:pos_counter2|dis_reg[4]    ; xiaoche:xiaoche_instance|clk_div[4] ; xiaoche:xiaoche_instance|clk_div[4] ; 0.000        ; -0.352     ; 0.820      ;
; 0.960 ; xiaoche:xiaoche_instance|PosCounter:pos_counter2|count[3]      ; xiaoche:xiaoche_instance|PosCounter:pos_counter2|dis_reg[3]    ; xiaoche:xiaoche_instance|clk_div[4] ; xiaoche:xiaoche_instance|clk_div[4] ; 0.000        ; -0.352     ; 0.820      ;
; 0.994 ; xiaoche:xiaoche_instance|PosCounter:pos_counter1|curr_state.S1 ; xiaoche:xiaoche_instance|PosCounter:pos_counter1|count[9]      ; xiaoche:xiaoche_instance|clk_div[4] ; xiaoche:xiaoche_instance|clk_div[4] ; 0.000        ; 0.574      ; 1.780      ;
; 0.996 ; xiaoche:xiaoche_instance|PosCounter:pos_counter1|curr_state.S1 ; xiaoche:xiaoche_instance|PosCounter:pos_counter1|count[5]      ; xiaoche:xiaoche_instance|clk_div[4] ; xiaoche:xiaoche_instance|clk_div[4] ; 0.000        ; 0.574      ; 1.782      ;
+-------+----------------------------------------------------------------+----------------------------------------------------------------+-------------------------------------+-------------------------------------+--------------+------------+------------+


+-----------------------------------------------------------------------------------------------------------------------------------------------------+
; Slow 1200mV 85C Model Minimum Pulse Width: 'clk'                                                                                                    ;
+--------+--------------+----------------+------------+-------+------------+--------------------------------------------------------------------------+
; Slack  ; Actual Width ; Required Width ; Type       ; Clock ; Clock Edge ; Target                                                                   ;
+--------+--------------+----------------+------------+-------+------------+--------------------------------------------------------------------------+
; -3.000 ; 1.000        ; 4.000          ; Port Rate  ; clk   ; Rise       ; clk                                                                      ;
; -1.487 ; 1.000        ; 2.487          ; Min Period ; clk   ; Rise       ; xiaoche:xiaoche_instance|boche:boche_executor|current_state.FORWARD_2S   ;
; -1.487 ; 1.000        ; 2.487          ; Min Period ; clk   ; Rise       ; xiaoche:xiaoche_instance|boche:boche_executor|current_state.FORWARD_2S_2 ;
; -1.487 ; 1.000        ; 2.487          ; Min Period ; clk   ; Rise       ; xiaoche:xiaoche_instance|boche:boche_executor|current_state.IDLE         ;
; -1.487 ; 1.000        ; 2.487          ; Min Period ; clk   ; Rise       ; xiaoche:xiaoche_instance|boche:boche_executor|current_state.RIGHT_200MS  ;
; -1.487 ; 1.000        ; 2.487          ; Min Period ; clk   ; Rise       ; xiaoche:xiaoche_instance|boche:boche_executor|current_state.stop         ;
; -1.487 ; 1.000        ; 2.487          ; Min Period ; clk   ; Rise       ; xiaoche:xiaoche_instance|boche:boche_executor|left[1]                    ;
; -1.487 ; 1.000        ; 2.487          ; Min Period ; clk   ; Rise       ; xiaoche:xiaoche_instance|boche:boche_executor|prev_mode[0]               ;
; -1.487 ; 1.000        ; 2.487          ; Min Period ; clk   ; Rise       ; xiaoche:xiaoche_instance|boche:boche_executor|prev_mode[1]               ;
; -1.487 ; 1.000        ; 2.487          ; Min Period ; clk   ; Rise       ; xiaoche:xiaoche_instance|boche:boche_executor|pwm_value[0]               ;
; -1.487 ; 1.000        ; 2.487          ; Min Period ; clk   ; Rise       ; xiaoche:xiaoche_instance|boche:boche_executor|pwm_value[1]               ;
; -1.487 ; 1.000        ; 2.487          ; Min Period ; clk   ; Rise       ; xiaoche:xiaoche_instance|boche:boche_executor|pwm_value[2]               ;
; -1.487 ; 1.000        ; 2.487          ; Min Period ; clk   ; Rise       ; xiaoche:xiaoche_instance|boche:boche_executor|pwm_value[4]               ;
; -1.487 ; 1.000        ; 2.487          ; Min Period ; clk   ; Rise       ; xiaoche:xiaoche_instance|boche:boche_executor|right[0]                   ;
; -1.487 ; 1.000        ; 2.487          ; Min Period ; clk   ; Rise       ; xiaoche:xiaoche_instance|boche:boche_executor|right[1]                   ;
; -1.487 ; 1.000        ; 2.487          ; Min Period ; clk   ; Rise       ; xiaoche:xiaoche_instance|boche:boche_executor|timer[0]                   ;
; -1.487 ; 1.000        ; 2.487          ; Min Period ; clk   ; Rise       ; xiaoche:xiaoche_instance|boche:boche_executor|timer[10]                  ;
; -1.487 ; 1.000        ; 2.487          ; Min Period ; clk   ; Rise       ; xiaoche:xiaoche_instance|boche:boche_executor|timer[11]                  ;
; -1.487 ; 1.000        ; 2.487          ; Min Period ; clk   ; Rise       ; xiaoche:xiaoche_instance|boche:boche_executor|timer[12]                  ;
; -1.487 ; 1.000        ; 2.487          ; Min Period ; clk   ; Rise       ; xiaoche:xiaoche_instance|boche:boche_executor|timer[13]                  ;
; -1.487 ; 1.000        ; 2.487          ; Min Period ; clk   ; Rise       ; xiaoche:xiaoche_instance|boche:boche_executor|timer[14]                  ;
; -1.487 ; 1.000        ; 2.487          ; Min Period ; clk   ; Rise       ; xiaoche:xiaoche_instance|boche:boche_executor|timer[15]                  ;
; -1.487 ; 1.000        ; 2.487          ; Min Period ; clk   ; Rise       ; xiaoche:xiaoche_instance|boche:boche_executor|timer[16]                  ;
; -1.487 ; 1.000        ; 2.487          ; Min Period ; clk   ; Rise       ; xiaoche:xiaoche_instance|boche:boche_executor|timer[17]                  ;
; -1.487 ; 1.000        ; 2.487          ; Min Period ; clk   ; Rise       ; xiaoche:xiaoche_instance|boche:boche_executor|timer[18]                  ;
; -1.487 ; 1.000        ; 2.487          ; Min Period ; clk   ; Rise       ; xiaoche:xiaoche_instance|boche:boche_executor|timer[19]                  ;
; -1.487 ; 1.000        ; 2.487          ; Min Period ; clk   ; Rise       ; xiaoche:xiaoche_instance|boche:boche_executor|timer[1]                   ;
; -1.487 ; 1.000        ; 2.487          ; Min Period ; clk   ; Rise       ; xiaoche:xiaoche_instance|boche:boche_executor|timer[20]                  ;
; -1.487 ; 1.000        ; 2.487          ; Min Period ; clk   ; Rise       ; xiaoche:xiaoche_instance|boche:boche_executor|timer[21]                  ;
; -1.487 ; 1.000        ; 2.487          ; Min Period ; clk   ; Rise       ; xiaoche:xiaoche_instance|boche:boche_executor|timer[22]                  ;
; -1.487 ; 1.000        ; 2.487          ; Min Period ; clk   ; Rise       ; xiaoche:xiaoche_instance|boche:boche_executor|timer[23]                  ;
; -1.487 ; 1.000        ; 2.487          ; Min Period ; clk   ; Rise       ; xiaoche:xiaoche_instance|boche:boche_executor|timer[24]                  ;
; -1.487 ; 1.000        ; 2.487          ; Min Period ; clk   ; Rise       ; xiaoche:xiaoche_instance|boche:boche_executor|timer[25]                  ;
; -1.487 ; 1.000        ; 2.487          ; Min Period ; clk   ; Rise       ; xiaoche:xiaoche_instance|boche:boche_executor|timer[26]                  ;
; -1.487 ; 1.000        ; 2.487          ; Min Period ; clk   ; Rise       ; xiaoche:xiaoche_instance|boche:boche_executor|timer[27]                  ;
; -1.487 ; 1.000        ; 2.487          ; Min Period ; clk   ; Rise       ; xiaoche:xiaoche_instance|boche:boche_executor|timer[28]                  ;
; -1.487 ; 1.000        ; 2.487          ; Min Period ; clk   ; Rise       ; xiaoche:xiaoche_instance|boche:boche_executor|timer[29]                  ;
; -1.487 ; 1.000        ; 2.487          ; Min Period ; clk   ; Rise       ; xiaoche:xiaoche_instance|boche:boche_executor|timer[2]                   ;
; -1.487 ; 1.000        ; 2.487          ; Min Period ; clk   ; Rise       ; xiaoche:xiaoche_instance|boche:boche_executor|timer[30]                  ;
; -1.487 ; 1.000        ; 2.487          ; Min Period ; clk   ; Rise       ; xiaoche:xiaoche_instance|boche:boche_executor|timer[31]                  ;
; -1.487 ; 1.000        ; 2.487          ; Min Period ; clk   ; Rise       ; xiaoche:xiaoche_instance|boche:boche_executor|timer[3]                   ;
; -1.487 ; 1.000        ; 2.487          ; Min Period ; clk   ; Rise       ; xiaoche:xiaoche_instance|boche:boche_executor|timer[4]                   ;
; -1.487 ; 1.000        ; 2.487          ; Min Period ; clk   ; Rise       ; xiaoche:xiaoche_instance|boche:boche_executor|timer[5]                   ;
; -1.487 ; 1.000        ; 2.487          ; Min Period ; clk   ; Rise       ; xiaoche:xiaoche_instance|boche:boche_executor|timer[6]                   ;
; -1.487 ; 1.000        ; 2.487          ; Min Period ; clk   ; Rise       ; xiaoche:xiaoche_instance|boche:boche_executor|timer[7]                   ;
; -1.487 ; 1.000        ; 2.487          ; Min Period ; clk   ; Rise       ; xiaoche:xiaoche_instance|boche:boche_executor|timer[8]                   ;
; -1.487 ; 1.000        ; 2.487          ; Min Period ; clk   ; Rise       ; xiaoche:xiaoche_instance|boche:boche_executor|timer[9]                   ;
; -1.487 ; 1.000        ; 2.487          ; Min Period ; clk   ; Rise       ; xiaoche:xiaoche_instance|clk_div[1]                                      ;
; -1.487 ; 1.000        ; 2.487          ; Min Period ; clk   ; Rise       ; xiaoche:xiaoche_instance|clk_div[2]                                      ;
; -1.487 ; 1.000        ; 2.487          ; Min Period ; clk   ; Rise       ; xiaoche:xiaoche_instance|clk_div[3]                                      ;
; -1.487 ; 1.000        ; 2.487          ; Min Period ; clk   ; Rise       ; xiaoche:xiaoche_instance|clk_div[4]                                      ;
; -1.487 ; 1.000        ; 2.487          ; Min Period ; clk   ; Rise       ; xiaoche:xiaoche_instance|current_mode[0]                                 ;
; -1.487 ; 1.000        ; 2.487          ; Min Period ; clk   ; Rise       ; xiaoche:xiaoche_instance|current_mode[1]                                 ;
; -1.487 ; 1.000        ; 2.487          ; Min Period ; clk   ; Rise       ; xiaoche:xiaoche_instance|distance1[0]                                    ;
; -1.487 ; 1.000        ; 2.487          ; Min Period ; clk   ; Rise       ; xiaoche:xiaoche_instance|distance1[10]                                   ;
; -1.487 ; 1.000        ; 2.487          ; Min Period ; clk   ; Rise       ; xiaoche:xiaoche_instance|distance1[11]                                   ;
; -1.487 ; 1.000        ; 2.487          ; Min Period ; clk   ; Rise       ; xiaoche:xiaoche_instance|distance1[12]                                   ;
; -1.487 ; 1.000        ; 2.487          ; Min Period ; clk   ; Rise       ; xiaoche:xiaoche_instance|distance1[13]                                   ;
; -1.487 ; 1.000        ; 2.487          ; Min Period ; clk   ; Rise       ; xiaoche:xiaoche_instance|distance1[14]                                   ;
; -1.487 ; 1.000        ; 2.487          ; Min Period ; clk   ; Rise       ; xiaoche:xiaoche_instance|distance1[1]                                    ;
; -1.487 ; 1.000        ; 2.487          ; Min Period ; clk   ; Rise       ; xiaoche:xiaoche_instance|distance1[2]                                    ;
; -1.487 ; 1.000        ; 2.487          ; Min Period ; clk   ; Rise       ; xiaoche:xiaoche_instance|distance1[3]                                    ;
; -1.487 ; 1.000        ; 2.487          ; Min Period ; clk   ; Rise       ; xiaoche:xiaoche_instance|distance1[4]                                    ;
; -1.487 ; 1.000        ; 2.487          ; Min Period ; clk   ; Rise       ; xiaoche:xiaoche_instance|distance1[5]                                    ;
; -1.487 ; 1.000        ; 2.487          ; Min Period ; clk   ; Rise       ; xiaoche:xiaoche_instance|distance1[6]                                    ;
; -1.487 ; 1.000        ; 2.487          ; Min Period ; clk   ; Rise       ; xiaoche:xiaoche_instance|distance1[7]                                    ;
; -1.487 ; 1.000        ; 2.487          ; Min Period ; clk   ; Rise       ; xiaoche:xiaoche_instance|distance1[8]                                    ;
; -1.487 ; 1.000        ; 2.487          ; Min Period ; clk   ; Rise       ; xiaoche:xiaoche_instance|distance1[9]                                    ;
; -1.487 ; 1.000        ; 2.487          ; Min Period ; clk   ; Rise       ; xiaoche:xiaoche_instance|distance2[0]                                    ;
; -1.487 ; 1.000        ; 2.487          ; Min Period ; clk   ; Rise       ; xiaoche:xiaoche_instance|distance2[10]                                   ;
; -1.487 ; 1.000        ; 2.487          ; Min Period ; clk   ; Rise       ; xiaoche:xiaoche_instance|distance2[11]                                   ;
; -1.487 ; 1.000        ; 2.487          ; Min Period ; clk   ; Rise       ; xiaoche:xiaoche_instance|distance2[12]                                   ;
; -1.487 ; 1.000        ; 2.487          ; Min Period ; clk   ; Rise       ; xiaoche:xiaoche_instance|distance2[13]                                   ;
; -1.487 ; 1.000        ; 2.487          ; Min Period ; clk   ; Rise       ; xiaoche:xiaoche_instance|distance2[14]                                   ;
; -1.487 ; 1.000        ; 2.487          ; Min Period ; clk   ; Rise       ; xiaoche:xiaoche_instance|distance2[1]                                    ;
; -1.487 ; 1.000        ; 2.487          ; Min Period ; clk   ; Rise       ; xiaoche:xiaoche_instance|distance2[2]                                    ;
; -1.487 ; 1.000        ; 2.487          ; Min Period ; clk   ; Rise       ; xiaoche:xiaoche_instance|distance2[3]                                    ;
; -1.487 ; 1.000        ; 2.487          ; Min Period ; clk   ; Rise       ; xiaoche:xiaoche_instance|distance2[4]                                    ;
; -1.487 ; 1.000        ; 2.487          ; Min Period ; clk   ; Rise       ; xiaoche:xiaoche_instance|distance2[5]                                    ;
; -1.487 ; 1.000        ; 2.487          ; Min Period ; clk   ; Rise       ; xiaoche:xiaoche_instance|distance2[6]                                    ;
; -1.487 ; 1.000        ; 2.487          ; Min Period ; clk   ; Rise       ; xiaoche:xiaoche_instance|distance2[7]                                    ;
; -1.487 ; 1.000        ; 2.487          ; Min Period ; clk   ; Rise       ; xiaoche:xiaoche_instance|distance2[8]                                    ;
; -1.487 ; 1.000        ; 2.487          ; Min Period ; clk   ; Rise       ; xiaoche:xiaoche_instance|distance2[9]                                    ;
; -1.487 ; 1.000        ; 2.487          ; Min Period ; clk   ; Rise       ; xiaoche:xiaoche_instance|distance3[0]                                    ;
; -1.487 ; 1.000        ; 2.487          ; Min Period ; clk   ; Rise       ; xiaoche:xiaoche_instance|distance3[10]                                   ;
; -1.487 ; 1.000        ; 2.487          ; Min Period ; clk   ; Rise       ; xiaoche:xiaoche_instance|distance3[11]                                   ;
; -1.487 ; 1.000        ; 2.487          ; Min Period ; clk   ; Rise       ; xiaoche:xiaoche_instance|distance3[12]                                   ;
; -1.487 ; 1.000        ; 2.487          ; Min Period ; clk   ; Rise       ; xiaoche:xiaoche_instance|distance3[13]                                   ;
; -1.487 ; 1.000        ; 2.487          ; Min Period ; clk   ; Rise       ; xiaoche:xiaoche_instance|distance3[14]                                   ;
; -1.487 ; 1.000        ; 2.487          ; Min Period ; clk   ; Rise       ; xiaoche:xiaoche_instance|distance3[1]                                    ;
; -1.487 ; 1.000        ; 2.487          ; Min Period ; clk   ; Rise       ; xiaoche:xiaoche_instance|distance3[2]                                    ;
; -1.487 ; 1.000        ; 2.487          ; Min Period ; clk   ; Rise       ; xiaoche:xiaoche_instance|distance3[3]                                    ;
; -1.487 ; 1.000        ; 2.487          ; Min Period ; clk   ; Rise       ; xiaoche:xiaoche_instance|distance3[4]                                    ;
; -1.487 ; 1.000        ; 2.487          ; Min Period ; clk   ; Rise       ; xiaoche:xiaoche_instance|distance3[5]                                    ;
; -1.487 ; 1.000        ; 2.487          ; Min Period ; clk   ; Rise       ; xiaoche:xiaoche_instance|distance3[6]                                    ;
; -1.487 ; 1.000        ; 2.487          ; Min Period ; clk   ; Rise       ; xiaoche:xiaoche_instance|distance3[7]                                    ;
; -1.487 ; 1.000        ; 2.487          ; Min Period ; clk   ; Rise       ; xiaoche:xiaoche_instance|distance3[8]                                    ;
; -1.487 ; 1.000        ; 2.487          ; Min Period ; clk   ; Rise       ; xiaoche:xiaoche_instance|distance3[9]                                    ;
; -1.487 ; 1.000        ; 2.487          ; Min Period ; clk   ; Rise       ; xiaoche:xiaoche_instance|enable_counter[0]                               ;
; -1.487 ; 1.000        ; 2.487          ; Min Period ; clk   ; Rise       ; xiaoche:xiaoche_instance|enable_counter[10]                              ;
+--------+--------------+----------------+------------+-------+------------+--------------------------------------------------------------------------+


+-------------------------------------------------------------------------------------------------------------------------------------------------------------------------+
; Slow 1200mV 85C Model Minimum Pulse Width: 'xiaoche:xiaoche_instance|clk_div[4]'                                                                                        ;
+--------+--------------+----------------+------------+-------------------------------------+------------+----------------------------------------------------------------+
; Slack  ; Actual Width ; Required Width ; Type       ; Clock                               ; Clock Edge ; Target                                                         ;
+--------+--------------+----------------+------------+-------------------------------------+------------+----------------------------------------------------------------+
; -1.487 ; 1.000        ; 2.487          ; Min Period ; xiaoche:xiaoche_instance|clk_div[4] ; Rise       ; xiaoche:xiaoche_instance|PosCounter:pos_counter1|count[0]      ;
; -1.487 ; 1.000        ; 2.487          ; Min Period ; xiaoche:xiaoche_instance|clk_div[4] ; Rise       ; xiaoche:xiaoche_instance|PosCounter:pos_counter1|count[10]     ;
; -1.487 ; 1.000        ; 2.487          ; Min Period ; xiaoche:xiaoche_instance|clk_div[4] ; Rise       ; xiaoche:xiaoche_instance|PosCounter:pos_counter1|count[11]     ;
; -1.487 ; 1.000        ; 2.487          ; Min Period ; xiaoche:xiaoche_instance|clk_div[4] ; Rise       ; xiaoche:xiaoche_instance|PosCounter:pos_counter1|count[12]     ;
; -1.487 ; 1.000        ; 2.487          ; Min Period ; xiaoche:xiaoche_instance|clk_div[4] ; Rise       ; xiaoche:xiaoche_instance|PosCounter:pos_counter1|count[13]     ;
; -1.487 ; 1.000        ; 2.487          ; Min Period ; xiaoche:xiaoche_instance|clk_div[4] ; Rise       ; xiaoche:xiaoche_instance|PosCounter:pos_counter1|count[14]     ;
; -1.487 ; 1.000        ; 2.487          ; Min Period ; xiaoche:xiaoche_instance|clk_div[4] ; Rise       ; xiaoche:xiaoche_instance|PosCounter:pos_counter1|count[15]     ;
; -1.487 ; 1.000        ; 2.487          ; Min Period ; xiaoche:xiaoche_instance|clk_div[4] ; Rise       ; xiaoche:xiaoche_instance|PosCounter:pos_counter1|count[16]     ;
; -1.487 ; 1.000        ; 2.487          ; Min Period ; xiaoche:xiaoche_instance|clk_div[4] ; Rise       ; xiaoche:xiaoche_instance|PosCounter:pos_counter1|count[17]     ;
; -1.487 ; 1.000        ; 2.487          ; Min Period ; xiaoche:xiaoche_instance|clk_div[4] ; Rise       ; xiaoche:xiaoche_instance|PosCounter:pos_counter1|count[18]     ;
; -1.487 ; 1.000        ; 2.487          ; Min Period ; xiaoche:xiaoche_instance|clk_div[4] ; Rise       ; xiaoche:xiaoche_instance|PosCounter:pos_counter1|count[19]     ;
; -1.487 ; 1.000        ; 2.487          ; Min Period ; xiaoche:xiaoche_instance|clk_div[4] ; Rise       ; xiaoche:xiaoche_instance|PosCounter:pos_counter1|count[1]      ;
; -1.487 ; 1.000        ; 2.487          ; Min Period ; xiaoche:xiaoche_instance|clk_div[4] ; Rise       ; xiaoche:xiaoche_instance|PosCounter:pos_counter1|count[2]      ;
; -1.487 ; 1.000        ; 2.487          ; Min Period ; xiaoche:xiaoche_instance|clk_div[4] ; Rise       ; xiaoche:xiaoche_instance|PosCounter:pos_counter1|count[3]      ;
; -1.487 ; 1.000        ; 2.487          ; Min Period ; xiaoche:xiaoche_instance|clk_div[4] ; Rise       ; xiaoche:xiaoche_instance|PosCounter:pos_counter1|count[4]      ;
; -1.487 ; 1.000        ; 2.487          ; Min Period ; xiaoche:xiaoche_instance|clk_div[4] ; Rise       ; xiaoche:xiaoche_instance|PosCounter:pos_counter1|count[5]      ;
; -1.487 ; 1.000        ; 2.487          ; Min Period ; xiaoche:xiaoche_instance|clk_div[4] ; Rise       ; xiaoche:xiaoche_instance|PosCounter:pos_counter1|count[6]      ;
; -1.487 ; 1.000        ; 2.487          ; Min Period ; xiaoche:xiaoche_instance|clk_div[4] ; Rise       ; xiaoche:xiaoche_instance|PosCounter:pos_counter1|count[7]      ;
; -1.487 ; 1.000        ; 2.487          ; Min Period ; xiaoche:xiaoche_instance|clk_div[4] ; Rise       ; xiaoche:xiaoche_instance|PosCounter:pos_counter1|count[8]      ;
; -1.487 ; 1.000        ; 2.487          ; Min Period ; xiaoche:xiaoche_instance|clk_div[4] ; Rise       ; xiaoche:xiaoche_instance|PosCounter:pos_counter1|count[9]      ;
; -1.487 ; 1.000        ; 2.487          ; Min Period ; xiaoche:xiaoche_instance|clk_div[4] ; Rise       ; xiaoche:xiaoche_instance|PosCounter:pos_counter1|curr_state.S0 ;
; -1.487 ; 1.000        ; 2.487          ; Min Period ; xiaoche:xiaoche_instance|clk_div[4] ; Rise       ; xiaoche:xiaoche_instance|PosCounter:pos_counter1|curr_state.S1 ;
; -1.487 ; 1.000        ; 2.487          ; Min Period ; xiaoche:xiaoche_instance|clk_div[4] ; Rise       ; xiaoche:xiaoche_instance|PosCounter:pos_counter1|curr_state.S2 ;
; -1.487 ; 1.000        ; 2.487          ; Min Period ; xiaoche:xiaoche_instance|clk_div[4] ; Rise       ; xiaoche:xiaoche_instance|PosCounter:pos_counter1|dis_reg[10]   ;
; -1.487 ; 1.000        ; 2.487          ; Min Period ; xiaoche:xiaoche_instance|clk_div[4] ; Rise       ; xiaoche:xiaoche_instance|PosCounter:pos_counter1|dis_reg[11]   ;
; -1.487 ; 1.000        ; 2.487          ; Min Period ; xiaoche:xiaoche_instance|clk_div[4] ; Rise       ; xiaoche:xiaoche_instance|PosCounter:pos_counter1|dis_reg[12]   ;
; -1.487 ; 1.000        ; 2.487          ; Min Period ; xiaoche:xiaoche_instance|clk_div[4] ; Rise       ; xiaoche:xiaoche_instance|PosCounter:pos_counter1|dis_reg[13]   ;
; -1.487 ; 1.000        ; 2.487          ; Min Period ; xiaoche:xiaoche_instance|clk_div[4] ; Rise       ; xiaoche:xiaoche_instance|PosCounter:pos_counter1|dis_reg[14]   ;
; -1.487 ; 1.000        ; 2.487          ; Min Period ; xiaoche:xiaoche_instance|clk_div[4] ; Rise       ; xiaoche:xiaoche_instance|PosCounter:pos_counter1|dis_reg[15]   ;
; -1.487 ; 1.000        ; 2.487          ; Min Period ; xiaoche:xiaoche_instance|clk_div[4] ; Rise       ; xiaoche:xiaoche_instance|PosCounter:pos_counter1|dis_reg[16]   ;
; -1.487 ; 1.000        ; 2.487          ; Min Period ; xiaoche:xiaoche_instance|clk_div[4] ; Rise       ; xiaoche:xiaoche_instance|PosCounter:pos_counter1|dis_reg[17]   ;
; -1.487 ; 1.000        ; 2.487          ; Min Period ; xiaoche:xiaoche_instance|clk_div[4] ; Rise       ; xiaoche:xiaoche_instance|PosCounter:pos_counter1|dis_reg[18]   ;
; -1.487 ; 1.000        ; 2.487          ; Min Period ; xiaoche:xiaoche_instance|clk_div[4] ; Rise       ; xiaoche:xiaoche_instance|PosCounter:pos_counter1|dis_reg[19]   ;
; -1.487 ; 1.000        ; 2.487          ; Min Period ; xiaoche:xiaoche_instance|clk_div[4] ; Rise       ; xiaoche:xiaoche_instance|PosCounter:pos_counter1|dis_reg[1]    ;
; -1.487 ; 1.000        ; 2.487          ; Min Period ; xiaoche:xiaoche_instance|clk_div[4] ; Rise       ; xiaoche:xiaoche_instance|PosCounter:pos_counter1|dis_reg[2]    ;
; -1.487 ; 1.000        ; 2.487          ; Min Period ; xiaoche:xiaoche_instance|clk_div[4] ; Rise       ; xiaoche:xiaoche_instance|PosCounter:pos_counter1|dis_reg[3]    ;
; -1.487 ; 1.000        ; 2.487          ; Min Period ; xiaoche:xiaoche_instance|clk_div[4] ; Rise       ; xiaoche:xiaoche_instance|PosCounter:pos_counter1|dis_reg[4]    ;
; -1.487 ; 1.000        ; 2.487          ; Min Period ; xiaoche:xiaoche_instance|clk_div[4] ; Rise       ; xiaoche:xiaoche_instance|PosCounter:pos_counter1|dis_reg[5]    ;
; -1.487 ; 1.000        ; 2.487          ; Min Period ; xiaoche:xiaoche_instance|clk_div[4] ; Rise       ; xiaoche:xiaoche_instance|PosCounter:pos_counter1|dis_reg[6]    ;
; -1.487 ; 1.000        ; 2.487          ; Min Period ; xiaoche:xiaoche_instance|clk_div[4] ; Rise       ; xiaoche:xiaoche_instance|PosCounter:pos_counter1|dis_reg[7]    ;
; -1.487 ; 1.000        ; 2.487          ; Min Period ; xiaoche:xiaoche_instance|clk_div[4] ; Rise       ; xiaoche:xiaoche_instance|PosCounter:pos_counter1|dis_reg[8]    ;
; -1.487 ; 1.000        ; 2.487          ; Min Period ; xiaoche:xiaoche_instance|clk_div[4] ; Rise       ; xiaoche:xiaoche_instance|PosCounter:pos_counter1|dis_reg[9]    ;
; -1.487 ; 1.000        ; 2.487          ; Min Period ; xiaoche:xiaoche_instance|clk_div[4] ; Rise       ; xiaoche:xiaoche_instance|PosCounter:pos_counter1|echo_reg1     ;
; -1.487 ; 1.000        ; 2.487          ; Min Period ; xiaoche:xiaoche_instance|clk_div[4] ; Rise       ; xiaoche:xiaoche_instance|PosCounter:pos_counter1|echo_reg2     ;
; -1.487 ; 1.000        ; 2.487          ; Min Period ; xiaoche:xiaoche_instance|clk_div[4] ; Rise       ; xiaoche:xiaoche_instance|PosCounter:pos_counter2|count[0]      ;
; -1.487 ; 1.000        ; 2.487          ; Min Period ; xiaoche:xiaoche_instance|clk_div[4] ; Rise       ; xiaoche:xiaoche_instance|PosCounter:pos_counter2|count[10]     ;
; -1.487 ; 1.000        ; 2.487          ; Min Period ; xiaoche:xiaoche_instance|clk_div[4] ; Rise       ; xiaoche:xiaoche_instance|PosCounter:pos_counter2|count[11]     ;
; -1.487 ; 1.000        ; 2.487          ; Min Period ; xiaoche:xiaoche_instance|clk_div[4] ; Rise       ; xiaoche:xiaoche_instance|PosCounter:pos_counter2|count[12]     ;
; -1.487 ; 1.000        ; 2.487          ; Min Period ; xiaoche:xiaoche_instance|clk_div[4] ; Rise       ; xiaoche:xiaoche_instance|PosCounter:pos_counter2|count[13]     ;
; -1.487 ; 1.000        ; 2.487          ; Min Period ; xiaoche:xiaoche_instance|clk_div[4] ; Rise       ; xiaoche:xiaoche_instance|PosCounter:pos_counter2|count[14]     ;
; -1.487 ; 1.000        ; 2.487          ; Min Period ; xiaoche:xiaoche_instance|clk_div[4] ; Rise       ; xiaoche:xiaoche_instance|PosCounter:pos_counter2|count[15]     ;
; -1.487 ; 1.000        ; 2.487          ; Min Period ; xiaoche:xiaoche_instance|clk_div[4] ; Rise       ; xiaoche:xiaoche_instance|PosCounter:pos_counter2|count[16]     ;
; -1.487 ; 1.000        ; 2.487          ; Min Period ; xiaoche:xiaoche_instance|clk_div[4] ; Rise       ; xiaoche:xiaoche_instance|PosCounter:pos_counter2|count[17]     ;
; -1.487 ; 1.000        ; 2.487          ; Min Period ; xiaoche:xiaoche_instance|clk_div[4] ; Rise       ; xiaoche:xiaoche_instance|PosCounter:pos_counter2|count[18]     ;
; -1.487 ; 1.000        ; 2.487          ; Min Period ; xiaoche:xiaoche_instance|clk_div[4] ; Rise       ; xiaoche:xiaoche_instance|PosCounter:pos_counter2|count[19]     ;
; -1.487 ; 1.000        ; 2.487          ; Min Period ; xiaoche:xiaoche_instance|clk_div[4] ; Rise       ; xiaoche:xiaoche_instance|PosCounter:pos_counter2|count[1]      ;
; -1.487 ; 1.000        ; 2.487          ; Min Period ; xiaoche:xiaoche_instance|clk_div[4] ; Rise       ; xiaoche:xiaoche_instance|PosCounter:pos_counter2|count[2]      ;
; -1.487 ; 1.000        ; 2.487          ; Min Period ; xiaoche:xiaoche_instance|clk_div[4] ; Rise       ; xiaoche:xiaoche_instance|PosCounter:pos_counter2|count[3]      ;
; -1.487 ; 1.000        ; 2.487          ; Min Period ; xiaoche:xiaoche_instance|clk_div[4] ; Rise       ; xiaoche:xiaoche_instance|PosCounter:pos_counter2|count[4]      ;
; -1.487 ; 1.000        ; 2.487          ; Min Period ; xiaoche:xiaoche_instance|clk_div[4] ; Rise       ; xiaoche:xiaoche_instance|PosCounter:pos_counter2|count[5]      ;
; -1.487 ; 1.000        ; 2.487          ; Min Period ; xiaoche:xiaoche_instance|clk_div[4] ; Rise       ; xiaoche:xiaoche_instance|PosCounter:pos_counter2|count[6]      ;
; -1.487 ; 1.000        ; 2.487          ; Min Period ; xiaoche:xiaoche_instance|clk_div[4] ; Rise       ; xiaoche:xiaoche_instance|PosCounter:pos_counter2|count[7]      ;
; -1.487 ; 1.000        ; 2.487          ; Min Period ; xiaoche:xiaoche_instance|clk_div[4] ; Rise       ; xiaoche:xiaoche_instance|PosCounter:pos_counter2|count[8]      ;
; -1.487 ; 1.000        ; 2.487          ; Min Period ; xiaoche:xiaoche_instance|clk_div[4] ; Rise       ; xiaoche:xiaoche_instance|PosCounter:pos_counter2|count[9]      ;
; -1.487 ; 1.000        ; 2.487          ; Min Period ; xiaoche:xiaoche_instance|clk_div[4] ; Rise       ; xiaoche:xiaoche_instance|PosCounter:pos_counter2|curr_state.S0 ;
; -1.487 ; 1.000        ; 2.487          ; Min Period ; xiaoche:xiaoche_instance|clk_div[4] ; Rise       ; xiaoche:xiaoche_instance|PosCounter:pos_counter2|curr_state.S1 ;
; -1.487 ; 1.000        ; 2.487          ; Min Period ; xiaoche:xiaoche_instance|clk_div[4] ; Rise       ; xiaoche:xiaoche_instance|PosCounter:pos_counter2|curr_state.S2 ;
; -1.487 ; 1.000        ; 2.487          ; Min Period ; xiaoche:xiaoche_instance|clk_div[4] ; Rise       ; xiaoche:xiaoche_instance|PosCounter:pos_counter2|dis_reg[10]   ;
; -1.487 ; 1.000        ; 2.487          ; Min Period ; xiaoche:xiaoche_instance|clk_div[4] ; Rise       ; xiaoche:xiaoche_instance|PosCounter:pos_counter2|dis_reg[11]   ;
; -1.487 ; 1.000        ; 2.487          ; Min Period ; xiaoche:xiaoche_instance|clk_div[4] ; Rise       ; xiaoche:xiaoche_instance|PosCounter:pos_counter2|dis_reg[12]   ;
; -1.487 ; 1.000        ; 2.487          ; Min Period ; xiaoche:xiaoche_instance|clk_div[4] ; Rise       ; xiaoche:xiaoche_instance|PosCounter:pos_counter2|dis_reg[13]   ;
; -1.487 ; 1.000        ; 2.487          ; Min Period ; xiaoche:xiaoche_instance|clk_div[4] ; Rise       ; xiaoche:xiaoche_instance|PosCounter:pos_counter2|dis_reg[14]   ;
; -1.487 ; 1.000        ; 2.487          ; Min Period ; xiaoche:xiaoche_instance|clk_div[4] ; Rise       ; xiaoche:xiaoche_instance|PosCounter:pos_counter2|dis_reg[15]   ;
; -1.487 ; 1.000        ; 2.487          ; Min Period ; xiaoche:xiaoche_instance|clk_div[4] ; Rise       ; xiaoche:xiaoche_instance|PosCounter:pos_counter2|dis_reg[16]   ;
; -1.487 ; 1.000        ; 2.487          ; Min Period ; xiaoche:xiaoche_instance|clk_div[4] ; Rise       ; xiaoche:xiaoche_instance|PosCounter:pos_counter2|dis_reg[17]   ;
; -1.487 ; 1.000        ; 2.487          ; Min Period ; xiaoche:xiaoche_instance|clk_div[4] ; Rise       ; xiaoche:xiaoche_instance|PosCounter:pos_counter2|dis_reg[18]   ;
; -1.487 ; 1.000        ; 2.487          ; Min Period ; xiaoche:xiaoche_instance|clk_div[4] ; Rise       ; xiaoche:xiaoche_instance|PosCounter:pos_counter2|dis_reg[19]   ;
; -1.487 ; 1.000        ; 2.487          ; Min Period ; xiaoche:xiaoche_instance|clk_div[4] ; Rise       ; xiaoche:xiaoche_instance|PosCounter:pos_counter2|dis_reg[1]    ;
; -1.487 ; 1.000        ; 2.487          ; Min Period ; xiaoche:xiaoche_instance|clk_div[4] ; Rise       ; xiaoche:xiaoche_instance|PosCounter:pos_counter2|dis_reg[2]    ;
; -1.487 ; 1.000        ; 2.487          ; Min Period ; xiaoche:xiaoche_instance|clk_div[4] ; Rise       ; xiaoche:xiaoche_instance|PosCounter:pos_counter2|dis_reg[3]    ;
; -1.487 ; 1.000        ; 2.487          ; Min Period ; xiaoche:xiaoche_instance|clk_div[4] ; Rise       ; xiaoche:xiaoche_instance|PosCounter:pos_counter2|dis_reg[4]    ;
; -1.487 ; 1.000        ; 2.487          ; Min Period ; xiaoche:xiaoche_instance|clk_div[4] ; Rise       ; xiaoche:xiaoche_instance|PosCounter:pos_counter2|dis_reg[5]    ;
; -1.487 ; 1.000        ; 2.487          ; Min Period ; xiaoche:xiaoche_instance|clk_div[4] ; Rise       ; xiaoche:xiaoche_instance|PosCounter:pos_counter2|dis_reg[6]    ;
; -1.487 ; 1.000        ; 2.487          ; Min Period ; xiaoche:xiaoche_instance|clk_div[4] ; Rise       ; xiaoche:xiaoche_instance|PosCounter:pos_counter2|dis_reg[7]    ;
; -1.487 ; 1.000        ; 2.487          ; Min Period ; xiaoche:xiaoche_instance|clk_div[4] ; Rise       ; xiaoche:xiaoche_instance|PosCounter:pos_counter2|dis_reg[8]    ;
; -1.487 ; 1.000        ; 2.487          ; Min Period ; xiaoche:xiaoche_instance|clk_div[4] ; Rise       ; xiaoche:xiaoche_instance|PosCounter:pos_counter2|dis_reg[9]    ;
; -1.487 ; 1.000        ; 2.487          ; Min Period ; xiaoche:xiaoche_instance|clk_div[4] ; Rise       ; xiaoche:xiaoche_instance|PosCounter:pos_counter2|echo_reg1     ;
; -1.487 ; 1.000        ; 2.487          ; Min Period ; xiaoche:xiaoche_instance|clk_div[4] ; Rise       ; xiaoche:xiaoche_instance|PosCounter:pos_counter2|echo_reg2     ;
; -1.487 ; 1.000        ; 2.487          ; Min Period ; xiaoche:xiaoche_instance|clk_div[4] ; Rise       ; xiaoche:xiaoche_instance|PosCounter:pos_counter3|count[0]      ;
; -1.487 ; 1.000        ; 2.487          ; Min Period ; xiaoche:xiaoche_instance|clk_div[4] ; Rise       ; xiaoche:xiaoche_instance|PosCounter:pos_counter3|count[10]     ;
; -1.487 ; 1.000        ; 2.487          ; Min Period ; xiaoche:xiaoche_instance|clk_div[4] ; Rise       ; xiaoche:xiaoche_instance|PosCounter:pos_counter3|count[11]     ;
; -1.487 ; 1.000        ; 2.487          ; Min Period ; xiaoche:xiaoche_instance|clk_div[4] ; Rise       ; xiaoche:xiaoche_instance|PosCounter:pos_counter3|count[12]     ;
; -1.487 ; 1.000        ; 2.487          ; Min Period ; xiaoche:xiaoche_instance|clk_div[4] ; Rise       ; xiaoche:xiaoche_instance|PosCounter:pos_counter3|count[13]     ;
; -1.487 ; 1.000        ; 2.487          ; Min Period ; xiaoche:xiaoche_instance|clk_div[4] ; Rise       ; xiaoche:xiaoche_instance|PosCounter:pos_counter3|count[14]     ;
; -1.487 ; 1.000        ; 2.487          ; Min Period ; xiaoche:xiaoche_instance|clk_div[4] ; Rise       ; xiaoche:xiaoche_instance|PosCounter:pos_counter3|count[15]     ;
; -1.487 ; 1.000        ; 2.487          ; Min Period ; xiaoche:xiaoche_instance|clk_div[4] ; Rise       ; xiaoche:xiaoche_instance|PosCounter:pos_counter3|count[16]     ;
; -1.487 ; 1.000        ; 2.487          ; Min Period ; xiaoche:xiaoche_instance|clk_div[4] ; Rise       ; xiaoche:xiaoche_instance|PosCounter:pos_counter3|count[17]     ;
; -1.487 ; 1.000        ; 2.487          ; Min Period ; xiaoche:xiaoche_instance|clk_div[4] ; Rise       ; xiaoche:xiaoche_instance|PosCounter:pos_counter3|count[18]     ;
; -1.487 ; 1.000        ; 2.487          ; Min Period ; xiaoche:xiaoche_instance|clk_div[4] ; Rise       ; xiaoche:xiaoche_instance|PosCounter:pos_counter3|count[19]     ;
; -1.487 ; 1.000        ; 2.487          ; Min Period ; xiaoche:xiaoche_instance|clk_div[4] ; Rise       ; xiaoche:xiaoche_instance|PosCounter:pos_counter3|count[1]      ;
+--------+--------------+----------------+------------+-------------------------------------+------------+----------------------------------------------------------------+


+--------------------------------------------------------------------------------------------------------------------+
; Setup Times                                                                                                        ;
+-----------+-------------------------------------+-------+-------+------------+-------------------------------------+
; Data Port ; Clock Port                          ; Rise  ; Fall  ; Clock Edge ; Clock Reference                     ;
+-----------+-------------------------------------+-------+-------+------------+-------------------------------------+
; enable    ; clk                                 ; 3.280 ; 3.368 ; Rise       ; clk                                 ;
; track1    ; clk                                 ; 6.938 ; 7.151 ; Rise       ; clk                                 ;
; track2    ; clk                                 ; 6.452 ; 6.685 ; Rise       ; clk                                 ;
; track3    ; clk                                 ; 5.903 ; 6.022 ; Rise       ; clk                                 ;
; track4    ; clk                                 ; 6.020 ; 6.400 ; Rise       ; clk                                 ;
; track5    ; clk                                 ; 6.914 ; 7.429 ; Rise       ; clk                                 ;
; track6    ; clk                                 ; 6.471 ; 6.956 ; Rise       ; clk                                 ;
; track7    ; clk                                 ; 6.308 ; 6.508 ; Rise       ; clk                                 ;
; echo1     ; xiaoche:xiaoche_instance|clk_div[4] ; 3.513 ; 3.709 ; Rise       ; xiaoche:xiaoche_instance|clk_div[4] ;
; echo2     ; xiaoche:xiaoche_instance|clk_div[4] ; 3.254 ; 3.407 ; Rise       ; xiaoche:xiaoche_instance|clk_div[4] ;
; echo3     ; xiaoche:xiaoche_instance|clk_div[4] ; 2.978 ; 3.126 ; Rise       ; xiaoche:xiaoche_instance|clk_div[4] ;
+-----------+-------------------------------------+-------+-------+------------+-------------------------------------+


+----------------------------------------------------------------------------------------------------------------------+
; Hold Times                                                                                                           ;
+-----------+-------------------------------------+--------+--------+------------+-------------------------------------+
; Data Port ; Clock Port                          ; Rise   ; Fall   ; Clock Edge ; Clock Reference                     ;
+-----------+-------------------------------------+--------+--------+------------+-------------------------------------+
; enable    ; clk                                 ; 0.693  ; 0.571  ; Rise       ; clk                                 ;
; track1    ; clk                                 ; -3.046 ; -3.278 ; Rise       ; clk                                 ;
; track2    ; clk                                 ; -1.798 ; -2.072 ; Rise       ; clk                                 ;
; track3    ; clk                                 ; -1.787 ; -2.028 ; Rise       ; clk                                 ;
; track4    ; clk                                 ; -2.194 ; -2.499 ; Rise       ; clk                                 ;
; track5    ; clk                                 ; -2.760 ; -2.945 ; Rise       ; clk                                 ;
; track6    ; clk                                 ; -2.494 ; -2.639 ; Rise       ; clk                                 ;
; track7    ; clk                                 ; -2.332 ; -2.589 ; Rise       ; clk                                 ;
; echo1     ; xiaoche:xiaoche_instance|clk_div[4] ; -3.003 ; -3.188 ; Rise       ; xiaoche:xiaoche_instance|clk_div[4] ;
; echo2     ; xiaoche:xiaoche_instance|clk_div[4] ; -2.752 ; -2.896 ; Rise       ; xiaoche:xiaoche_instance|clk_div[4] ;
; echo3     ; xiaoche:xiaoche_instance|clk_div[4] ; -2.472 ; -2.599 ; Rise       ; xiaoche:xiaoche_instance|clk_div[4] ;
+-----------+-------------------------------------+--------+--------+------------+-------------------------------------+


+-----------------------------------------------------------------------+
; Clock to Output Times                                                 ;
+-----------+------------+-------+-------+------------+-----------------+
; Data Port ; Clock Port ; Rise  ; Fall  ; Clock Edge ; Clock Reference ;
+-----------+------------+-------+-------+------------+-----------------+
; left[*]   ; clk        ; 7.643 ; 7.454 ; Rise       ; clk             ;
;  left[0]  ; clk        ; 7.233 ; 7.066 ; Rise       ; clk             ;
;  left[1]  ; clk        ; 7.643 ; 7.454 ; Rise       ; clk             ;
; right[*]  ; clk        ; 7.319 ; 7.160 ; Rise       ; clk             ;
;  right[0] ; clk        ; 7.319 ; 7.160 ; Rise       ; clk             ;
;  right[1] ; clk        ; 7.171 ; 7.051 ; Rise       ; clk             ;
; trig1     ; clk        ; 7.249 ; 7.060 ; Rise       ; clk             ;
; trig2     ; clk        ; 7.259 ; 7.070 ; Rise       ; clk             ;
; trig3     ; clk        ; 7.637 ; 7.402 ; Rise       ; clk             ;
+-----------+------------+-------+-------+------------+-----------------+


+-----------------------------------------------------------------------+
; Minimum Clock to Output Times                                         ;
+-----------+------------+-------+-------+------------+-----------------+
; Data Port ; Clock Port ; Rise  ; Fall  ; Clock Edge ; Clock Reference ;
+-----------+------------+-------+-------+------------+-----------------+
; left[*]   ; clk        ; 7.061 ; 6.899 ; Rise       ; clk             ;
;  left[0]  ; clk        ; 7.061 ; 6.899 ; Rise       ; clk             ;
;  left[1]  ; clk        ; 7.455 ; 7.272 ; Rise       ; clk             ;
; right[*]  ; clk        ; 7.002 ; 6.886 ; Rise       ; clk             ;
;  right[0] ; clk        ; 7.144 ; 6.990 ; Rise       ; clk             ;
;  right[1] ; clk        ; 7.002 ; 6.886 ; Rise       ; clk             ;
; trig1     ; clk        ; 7.076 ; 6.894 ; Rise       ; clk             ;
; trig2     ; clk        ; 7.086 ; 6.904 ; Rise       ; clk             ;
; trig3     ; clk        ; 7.449 ; 7.223 ; Rise       ; clk             ;
+-----------+------------+-------+-------+------------+-----------------+


+----------------------------------------------------------+
; Propagation Delay                                        ;
+------------+-------------------+-------+----+----+-------+
; Input Port ; Output Port       ; RR    ; RF ; FR ; FF    ;
+------------+-------------------+-------+----+----+-------+
; enable     ; obstacle_detected ; 6.027 ;    ;    ; 5.968 ;
; reset      ; obstacle_detected ; 9.622 ;    ;    ; 9.749 ;
+------------+-------------------+-------+----+----+-------+


+----------------------------------------------------------+
; Minimum Propagation Delay                                ;
+------------+-------------------+-------+----+----+-------+
; Input Port ; Output Port       ; RR    ; RF ; FR ; FF    ;
+------------+-------------------+-------+----+----+-------+
; enable     ; obstacle_detected ; 5.916 ;    ;    ; 5.859 ;
; reset      ; obstacle_detected ; 9.358 ;    ;    ; 9.480 ;
+------------+-------------------+-------+----+----+-------+


----------------------------------------------
; Slow 1200mV 85C Model Metastability Report ;
----------------------------------------------
No synchronizer chains to report.


+---------------------------------------------------------------------------+
; Slow 1200mV 0C Model Fmax Summary                                         ;
+------------+-----------------+-------------------------------------+------+
; Fmax       ; Restricted Fmax ; Clock Name                          ; Note ;
+------------+-----------------+-------------------------------------+------+
; 117.99 MHz ; 117.99 MHz      ; clk                                 ;      ;
; 227.89 MHz ; 227.89 MHz      ; xiaoche:xiaoche_instance|clk_div[4] ;      ;
+------------+-----------------+-------------------------------------+------+
This panel reports FMAX for every clock in the design, regardless of the user-specified clock periods.  FMAX is only computed for paths where the source and destination registers or ports are driven by the same clock.  Paths of different clocks, including generated clocks, are ignored.  For paths between a clock and its inversion, FMAX is computed as if the rising and falling edges are scaled along with FMAX, such that the duty cycle (in terms of a percentage) is maintained. Altera recommends that you always use clock constraints and other slack reports for sign-off analysis.


+---------------------------------------------------------------+
; Slow 1200mV 0C Model Setup Summary                            ;
+-------------------------------------+---------+---------------+
; Clock                               ; Slack   ; End Point TNS ;
+-------------------------------------+---------+---------------+
; clk                                 ; -41.972 ; -1850.012     ;
; xiaoche:xiaoche_instance|clk_div[4] ; -3.388  ; -232.259      ;
+-------------------------------------+---------+---------------+


+-------------------------------------------------------------+
; Slow 1200mV 0C Model Hold Summary                           ;
+-------------------------------------+-------+---------------+
; Clock                               ; Slack ; End Point TNS ;
+-------------------------------------+-------+---------------+
; clk                                 ; 0.217 ; 0.000         ;
; xiaoche:xiaoche_instance|clk_div[4] ; 0.382 ; 0.000         ;
+-------------------------------------+-------+---------------+


-----------------------------------------
; Slow 1200mV 0C Model Recovery Summary ;
-----------------------------------------
No paths to report.


----------------------------------------
; Slow 1200mV 0C Model Removal Summary ;
----------------------------------------
No paths to report.


+--------------------------------------------------------------+
; Slow 1200mV 0C Model Minimum Pulse Width Summary             ;
+-------------------------------------+--------+---------------+
; Clock                               ; Slack  ; End Point TNS ;
+-------------------------------------+--------+---------------+
; clk                                 ; -3.000 ; -385.159      ;
; xiaoche:xiaoche_instance|clk_div[4] ; -1.487 ; -196.284      ;
+-------------------------------------+--------+---------------+


+-------------------------------------------------------------------------------------------------------------------------------------------------------------------------------------------------------------+
; Slow 1200mV 0C Model Setup: 'clk'                                                                                                                                                                           ;
+---------+--------------------------------------------------------------+---------------------------------------+-------------------------------------+-------------+--------------+------------+------------+
; Slack   ; From Node                                                    ; To Node                               ; Launch Clock                        ; Latch Clock ; Relationship ; Clock Skew ; Data Delay ;
+---------+--------------------------------------------------------------+---------------------------------------+-------------------------------------+-------------+--------------+------------+------------+
; -41.972 ; xiaoche:xiaoche_instance|PosCounter:pos_counter3|dis_reg[16] ; xiaoche:xiaoche_instance|distance3[0] ; xiaoche:xiaoche_instance|clk_div[4] ; clk         ; 1.000        ; 0.243      ; 43.207     ;
; -41.956 ; xiaoche:xiaoche_instance|PosCounter:pos_counter1|dis_reg[16] ; xiaoche:xiaoche_instance|distance1[0] ; xiaoche:xiaoche_instance|clk_div[4] ; clk         ; 1.000        ; 0.273      ; 43.221     ;
; -41.917 ; xiaoche:xiaoche_instance|PosCounter:pos_counter1|dis_reg[15] ; xiaoche:xiaoche_instance|distance1[0] ; xiaoche:xiaoche_instance|clk_div[4] ; clk         ; 1.000        ; 0.273      ; 43.182     ;
; -41.884 ; xiaoche:xiaoche_instance|PosCounter:pos_counter3|dis_reg[15] ; xiaoche:xiaoche_instance|distance3[0] ; xiaoche:xiaoche_instance|clk_div[4] ; clk         ; 1.000        ; 0.243      ; 43.119     ;
; -41.833 ; xiaoche:xiaoche_instance|PosCounter:pos_counter1|dis_reg[18] ; xiaoche:xiaoche_instance|distance1[0] ; xiaoche:xiaoche_instance|clk_div[4] ; clk         ; 1.000        ; 0.273      ; 43.098     ;
; -41.802 ; xiaoche:xiaoche_instance|PosCounter:pos_counter3|dis_reg[18] ; xiaoche:xiaoche_instance|distance3[0] ; xiaoche:xiaoche_instance|clk_div[4] ; clk         ; 1.000        ; 0.243      ; 43.037     ;
; -41.789 ; xiaoche:xiaoche_instance|PosCounter:pos_counter1|dis_reg[17] ; xiaoche:xiaoche_instance|distance1[0] ; xiaoche:xiaoche_instance|clk_div[4] ; clk         ; 1.000        ; 0.273      ; 43.054     ;
; -41.734 ; xiaoche:xiaoche_instance|PosCounter:pos_counter3|dis_reg[17] ; xiaoche:xiaoche_instance|distance3[0] ; xiaoche:xiaoche_instance|clk_div[4] ; clk         ; 1.000        ; 0.243      ; 42.969     ;
; -41.652 ; xiaoche:xiaoche_instance|PosCounter:pos_counter1|dis_reg[19] ; xiaoche:xiaoche_instance|distance1[0] ; xiaoche:xiaoche_instance|clk_div[4] ; clk         ; 1.000        ; 0.273      ; 42.917     ;
; -41.608 ; xiaoche:xiaoche_instance|PosCounter:pos_counter3|dis_reg[19] ; xiaoche:xiaoche_instance|distance3[0] ; xiaoche:xiaoche_instance|clk_div[4] ; clk         ; 1.000        ; 0.243      ; 42.843     ;
; -40.490 ; xiaoche:xiaoche_instance|PosCounter:pos_counter3|dis_reg[14] ; xiaoche:xiaoche_instance|distance3[0] ; xiaoche:xiaoche_instance|clk_div[4] ; clk         ; 1.000        ; 0.244      ; 41.726     ;
; -39.886 ; xiaoche:xiaoche_instance|PosCounter:pos_counter3|dis_reg[16] ; xiaoche:xiaoche_instance|distance3[1] ; xiaoche:xiaoche_instance|clk_div[4] ; clk         ; 1.000        ; 0.232      ; 41.110     ;
; -39.872 ; xiaoche:xiaoche_instance|PosCounter:pos_counter2|dis_reg[16] ; xiaoche:xiaoche_instance|distance2[0] ; xiaoche:xiaoche_instance|clk_div[4] ; clk         ; 1.000        ; 0.245      ; 41.109     ;
; -39.798 ; xiaoche:xiaoche_instance|PosCounter:pos_counter3|dis_reg[15] ; xiaoche:xiaoche_instance|distance3[1] ; xiaoche:xiaoche_instance|clk_div[4] ; clk         ; 1.000        ; 0.232      ; 41.022     ;
; -39.797 ; xiaoche:xiaoche_instance|PosCounter:pos_counter1|dis_reg[14] ; xiaoche:xiaoche_instance|distance1[0] ; xiaoche:xiaoche_instance|clk_div[4] ; clk         ; 1.000        ; 0.260      ; 41.049     ;
; -39.787 ; xiaoche:xiaoche_instance|PosCounter:pos_counter2|dis_reg[15] ; xiaoche:xiaoche_instance|distance2[0] ; xiaoche:xiaoche_instance|clk_div[4] ; clk         ; 1.000        ; 0.245      ; 41.024     ;
; -39.742 ; xiaoche:xiaoche_instance|PosCounter:pos_counter2|dis_reg[18] ; xiaoche:xiaoche_instance|distance2[0] ; xiaoche:xiaoche_instance|clk_div[4] ; clk         ; 1.000        ; 0.245      ; 40.979     ;
; -39.716 ; xiaoche:xiaoche_instance|PosCounter:pos_counter3|dis_reg[18] ; xiaoche:xiaoche_instance|distance3[1] ; xiaoche:xiaoche_instance|clk_div[4] ; clk         ; 1.000        ; 0.232      ; 40.940     ;
; -39.672 ; xiaoche:xiaoche_instance|PosCounter:pos_counter1|dis_reg[16] ; xiaoche:xiaoche_instance|distance1[1] ; xiaoche:xiaoche_instance|clk_div[4] ; clk         ; 1.000        ; 0.261      ; 40.925     ;
; -39.648 ; xiaoche:xiaoche_instance|PosCounter:pos_counter3|dis_reg[17] ; xiaoche:xiaoche_instance|distance3[1] ; xiaoche:xiaoche_instance|clk_div[4] ; clk         ; 1.000        ; 0.232      ; 40.872     ;
; -39.645 ; xiaoche:xiaoche_instance|PosCounter:pos_counter2|dis_reg[17] ; xiaoche:xiaoche_instance|distance2[0] ; xiaoche:xiaoche_instance|clk_div[4] ; clk         ; 1.000        ; 0.245      ; 40.882     ;
; -39.633 ; xiaoche:xiaoche_instance|PosCounter:pos_counter1|dis_reg[15] ; xiaoche:xiaoche_instance|distance1[1] ; xiaoche:xiaoche_instance|clk_div[4] ; clk         ; 1.000        ; 0.261      ; 40.886     ;
; -39.549 ; xiaoche:xiaoche_instance|PosCounter:pos_counter1|dis_reg[18] ; xiaoche:xiaoche_instance|distance1[1] ; xiaoche:xiaoche_instance|clk_div[4] ; clk         ; 1.000        ; 0.261      ; 40.802     ;
; -39.526 ; xiaoche:xiaoche_instance|PosCounter:pos_counter2|dis_reg[19] ; xiaoche:xiaoche_instance|distance2[0] ; xiaoche:xiaoche_instance|clk_div[4] ; clk         ; 1.000        ; 0.245      ; 40.763     ;
; -39.522 ; xiaoche:xiaoche_instance|PosCounter:pos_counter3|dis_reg[19] ; xiaoche:xiaoche_instance|distance3[1] ; xiaoche:xiaoche_instance|clk_div[4] ; clk         ; 1.000        ; 0.232      ; 40.746     ;
; -39.505 ; xiaoche:xiaoche_instance|PosCounter:pos_counter1|dis_reg[17] ; xiaoche:xiaoche_instance|distance1[1] ; xiaoche:xiaoche_instance|clk_div[4] ; clk         ; 1.000        ; 0.261      ; 40.758     ;
; -39.368 ; xiaoche:xiaoche_instance|PosCounter:pos_counter1|dis_reg[19] ; xiaoche:xiaoche_instance|distance1[1] ; xiaoche:xiaoche_instance|clk_div[4] ; clk         ; 1.000        ; 0.261      ; 40.621     ;
; -38.833 ; xiaoche:xiaoche_instance|PosCounter:pos_counter2|dis_reg[16] ; xiaoche:xiaoche_instance|distance2[1] ; xiaoche:xiaoche_instance|clk_div[4] ; clk         ; 1.000        ; 0.232      ; 40.057     ;
; -38.748 ; xiaoche:xiaoche_instance|PosCounter:pos_counter2|dis_reg[15] ; xiaoche:xiaoche_instance|distance2[1] ; xiaoche:xiaoche_instance|clk_div[4] ; clk         ; 1.000        ; 0.232      ; 39.972     ;
; -38.703 ; xiaoche:xiaoche_instance|PosCounter:pos_counter2|dis_reg[18] ; xiaoche:xiaoche_instance|distance2[1] ; xiaoche:xiaoche_instance|clk_div[4] ; clk         ; 1.000        ; 0.232      ; 39.927     ;
; -38.606 ; xiaoche:xiaoche_instance|PosCounter:pos_counter2|dis_reg[17] ; xiaoche:xiaoche_instance|distance2[1] ; xiaoche:xiaoche_instance|clk_div[4] ; clk         ; 1.000        ; 0.232      ; 39.830     ;
; -38.487 ; xiaoche:xiaoche_instance|PosCounter:pos_counter2|dis_reg[19] ; xiaoche:xiaoche_instance|distance2[1] ; xiaoche:xiaoche_instance|clk_div[4] ; clk         ; 1.000        ; 0.232      ; 39.711     ;
; -38.404 ; xiaoche:xiaoche_instance|PosCounter:pos_counter3|dis_reg[14] ; xiaoche:xiaoche_instance|distance3[1] ; xiaoche:xiaoche_instance|clk_div[4] ; clk         ; 1.000        ; 0.233      ; 39.629     ;
; -38.019 ; xiaoche:xiaoche_instance|PosCounter:pos_counter2|dis_reg[14] ; xiaoche:xiaoche_instance|distance2[0] ; xiaoche:xiaoche_instance|clk_div[4] ; clk         ; 1.000        ; 0.241      ; 39.252     ;
; -37.905 ; xiaoche:xiaoche_instance|PosCounter:pos_counter3|dis_reg[13] ; xiaoche:xiaoche_instance|distance3[0] ; xiaoche:xiaoche_instance|clk_div[4] ; clk         ; 1.000        ; 0.248      ; 39.145     ;
; -37.732 ; xiaoche:xiaoche_instance|PosCounter:pos_counter3|dis_reg[16] ; xiaoche:xiaoche_instance|distance3[2] ; xiaoche:xiaoche_instance|clk_div[4] ; clk         ; 1.000        ; 0.232      ; 38.956     ;
; -37.644 ; xiaoche:xiaoche_instance|PosCounter:pos_counter3|dis_reg[15] ; xiaoche:xiaoche_instance|distance3[2] ; xiaoche:xiaoche_instance|clk_div[4] ; clk         ; 1.000        ; 0.232      ; 38.868     ;
; -37.562 ; xiaoche:xiaoche_instance|PosCounter:pos_counter3|dis_reg[18] ; xiaoche:xiaoche_instance|distance3[2] ; xiaoche:xiaoche_instance|clk_div[4] ; clk         ; 1.000        ; 0.232      ; 38.786     ;
; -37.513 ; xiaoche:xiaoche_instance|PosCounter:pos_counter1|dis_reg[14] ; xiaoche:xiaoche_instance|distance1[1] ; xiaoche:xiaoche_instance|clk_div[4] ; clk         ; 1.000        ; 0.248      ; 38.753     ;
; -37.494 ; xiaoche:xiaoche_instance|PosCounter:pos_counter3|dis_reg[17] ; xiaoche:xiaoche_instance|distance3[2] ; xiaoche:xiaoche_instance|clk_div[4] ; clk         ; 1.000        ; 0.232      ; 38.718     ;
; -37.368 ; xiaoche:xiaoche_instance|PosCounter:pos_counter3|dis_reg[19] ; xiaoche:xiaoche_instance|distance3[2] ; xiaoche:xiaoche_instance|clk_div[4] ; clk         ; 1.000        ; 0.232      ; 38.592     ;
; -36.980 ; xiaoche:xiaoche_instance|PosCounter:pos_counter2|dis_reg[14] ; xiaoche:xiaoche_instance|distance2[1] ; xiaoche:xiaoche_instance|clk_div[4] ; clk         ; 1.000        ; 0.228      ; 38.200     ;
; -36.839 ; xiaoche:xiaoche_instance|PosCounter:pos_counter1|dis_reg[16] ; xiaoche:xiaoche_instance|distance1[2] ; xiaoche:xiaoche_instance|clk_div[4] ; clk         ; 1.000        ; 0.261      ; 38.092     ;
; -36.800 ; xiaoche:xiaoche_instance|PosCounter:pos_counter1|dis_reg[15] ; xiaoche:xiaoche_instance|distance1[2] ; xiaoche:xiaoche_instance|clk_div[4] ; clk         ; 1.000        ; 0.261      ; 38.053     ;
; -36.716 ; xiaoche:xiaoche_instance|PosCounter:pos_counter1|dis_reg[18] ; xiaoche:xiaoche_instance|distance1[2] ; xiaoche:xiaoche_instance|clk_div[4] ; clk         ; 1.000        ; 0.261      ; 37.969     ;
; -36.672 ; xiaoche:xiaoche_instance|PosCounter:pos_counter1|dis_reg[17] ; xiaoche:xiaoche_instance|distance1[2] ; xiaoche:xiaoche_instance|clk_div[4] ; clk         ; 1.000        ; 0.261      ; 37.925     ;
; -36.535 ; xiaoche:xiaoche_instance|PosCounter:pos_counter1|dis_reg[19] ; xiaoche:xiaoche_instance|distance1[2] ; xiaoche:xiaoche_instance|clk_div[4] ; clk         ; 1.000        ; 0.261      ; 37.788     ;
; -36.524 ; xiaoche:xiaoche_instance|PosCounter:pos_counter1|dis_reg[13] ; xiaoche:xiaoche_instance|distance1[0] ; xiaoche:xiaoche_instance|clk_div[4] ; clk         ; 1.000        ; 0.260      ; 37.776     ;
; -36.250 ; xiaoche:xiaoche_instance|PosCounter:pos_counter3|dis_reg[14] ; xiaoche:xiaoche_instance|distance3[2] ; xiaoche:xiaoche_instance|clk_div[4] ; clk         ; 1.000        ; 0.233      ; 37.475     ;
; -36.116 ; xiaoche:xiaoche_instance|PosCounter:pos_counter2|dis_reg[16] ; xiaoche:xiaoche_instance|distance2[2] ; xiaoche:xiaoche_instance|clk_div[4] ; clk         ; 1.000        ; 0.232      ; 37.340     ;
; -36.031 ; xiaoche:xiaoche_instance|PosCounter:pos_counter2|dis_reg[15] ; xiaoche:xiaoche_instance|distance2[2] ; xiaoche:xiaoche_instance|clk_div[4] ; clk         ; 1.000        ; 0.232      ; 37.255     ;
; -35.986 ; xiaoche:xiaoche_instance|PosCounter:pos_counter2|dis_reg[18] ; xiaoche:xiaoche_instance|distance2[2] ; xiaoche:xiaoche_instance|clk_div[4] ; clk         ; 1.000        ; 0.232      ; 37.210     ;
; -35.889 ; xiaoche:xiaoche_instance|PosCounter:pos_counter2|dis_reg[17] ; xiaoche:xiaoche_instance|distance2[2] ; xiaoche:xiaoche_instance|clk_div[4] ; clk         ; 1.000        ; 0.232      ; 37.113     ;
; -35.819 ; xiaoche:xiaoche_instance|PosCounter:pos_counter3|dis_reg[13] ; xiaoche:xiaoche_instance|distance3[1] ; xiaoche:xiaoche_instance|clk_div[4] ; clk         ; 1.000        ; 0.237      ; 37.048     ;
; -35.770 ; xiaoche:xiaoche_instance|PosCounter:pos_counter2|dis_reg[19] ; xiaoche:xiaoche_instance|distance2[2] ; xiaoche:xiaoche_instance|clk_div[4] ; clk         ; 1.000        ; 0.232      ; 36.994     ;
; -35.458 ; xiaoche:xiaoche_instance|PosCounter:pos_counter2|dis_reg[13] ; xiaoche:xiaoche_instance|distance2[0] ; xiaoche:xiaoche_instance|clk_div[4] ; clk         ; 1.000        ; 0.241      ; 36.691     ;
; -34.806 ; xiaoche:xiaoche_instance|PosCounter:pos_counter3|dis_reg[12] ; xiaoche:xiaoche_instance|distance3[0] ; xiaoche:xiaoche_instance|clk_div[4] ; clk         ; 1.000        ; 0.248      ; 36.046     ;
; -34.684 ; xiaoche:xiaoche_instance|PosCounter:pos_counter3|dis_reg[16] ; xiaoche:xiaoche_instance|distance3[3] ; xiaoche:xiaoche_instance|clk_div[4] ; clk         ; 1.000        ; 0.233      ; 35.909     ;
; -34.680 ; xiaoche:xiaoche_instance|PosCounter:pos_counter1|dis_reg[14] ; xiaoche:xiaoche_instance|distance1[2] ; xiaoche:xiaoche_instance|clk_div[4] ; clk         ; 1.000        ; 0.248      ; 35.920     ;
; -34.596 ; xiaoche:xiaoche_instance|PosCounter:pos_counter3|dis_reg[15] ; xiaoche:xiaoche_instance|distance3[3] ; xiaoche:xiaoche_instance|clk_div[4] ; clk         ; 1.000        ; 0.233      ; 35.821     ;
; -34.514 ; xiaoche:xiaoche_instance|PosCounter:pos_counter3|dis_reg[18] ; xiaoche:xiaoche_instance|distance3[3] ; xiaoche:xiaoche_instance|clk_div[4] ; clk         ; 1.000        ; 0.233      ; 35.739     ;
; -34.446 ; xiaoche:xiaoche_instance|PosCounter:pos_counter3|dis_reg[17] ; xiaoche:xiaoche_instance|distance3[3] ; xiaoche:xiaoche_instance|clk_div[4] ; clk         ; 1.000        ; 0.233      ; 35.671     ;
; -34.419 ; xiaoche:xiaoche_instance|PosCounter:pos_counter2|dis_reg[13] ; xiaoche:xiaoche_instance|distance2[1] ; xiaoche:xiaoche_instance|clk_div[4] ; clk         ; 1.000        ; 0.228      ; 35.639     ;
; -34.320 ; xiaoche:xiaoche_instance|PosCounter:pos_counter3|dis_reg[19] ; xiaoche:xiaoche_instance|distance3[3] ; xiaoche:xiaoche_instance|clk_div[4] ; clk         ; 1.000        ; 0.233      ; 35.545     ;
; -34.263 ; xiaoche:xiaoche_instance|PosCounter:pos_counter2|dis_reg[14] ; xiaoche:xiaoche_instance|distance2[2] ; xiaoche:xiaoche_instance|clk_div[4] ; clk         ; 1.000        ; 0.228      ; 35.483     ;
; -34.240 ; xiaoche:xiaoche_instance|PosCounter:pos_counter1|dis_reg[13] ; xiaoche:xiaoche_instance|distance1[1] ; xiaoche:xiaoche_instance|clk_div[4] ; clk         ; 1.000        ; 0.248      ; 35.480     ;
; -34.226 ; xiaoche:xiaoche_instance|PosCounter:pos_counter1|dis_reg[12] ; xiaoche:xiaoche_instance|distance1[0] ; xiaoche:xiaoche_instance|clk_div[4] ; clk         ; 1.000        ; 0.260      ; 35.478     ;
; -34.126 ; xiaoche:xiaoche_instance|PosCounter:pos_counter1|dis_reg[16] ; xiaoche:xiaoche_instance|distance1[3] ; xiaoche:xiaoche_instance|clk_div[4] ; clk         ; 1.000        ; 0.261      ; 35.379     ;
; -34.087 ; xiaoche:xiaoche_instance|PosCounter:pos_counter1|dis_reg[15] ; xiaoche:xiaoche_instance|distance1[3] ; xiaoche:xiaoche_instance|clk_div[4] ; clk         ; 1.000        ; 0.261      ; 35.340     ;
; -34.003 ; xiaoche:xiaoche_instance|PosCounter:pos_counter1|dis_reg[18] ; xiaoche:xiaoche_instance|distance1[3] ; xiaoche:xiaoche_instance|clk_div[4] ; clk         ; 1.000        ; 0.261      ; 35.256     ;
; -33.959 ; xiaoche:xiaoche_instance|PosCounter:pos_counter1|dis_reg[17] ; xiaoche:xiaoche_instance|distance1[3] ; xiaoche:xiaoche_instance|clk_div[4] ; clk         ; 1.000        ; 0.261      ; 35.212     ;
; -33.822 ; xiaoche:xiaoche_instance|PosCounter:pos_counter1|dis_reg[19] ; xiaoche:xiaoche_instance|distance1[3] ; xiaoche:xiaoche_instance|clk_div[4] ; clk         ; 1.000        ; 0.261      ; 35.075     ;
; -33.665 ; xiaoche:xiaoche_instance|PosCounter:pos_counter3|dis_reg[13] ; xiaoche:xiaoche_instance|distance3[2] ; xiaoche:xiaoche_instance|clk_div[4] ; clk         ; 1.000        ; 0.237      ; 34.894     ;
; -33.204 ; xiaoche:xiaoche_instance|PosCounter:pos_counter2|dis_reg[16] ; xiaoche:xiaoche_instance|distance2[3] ; xiaoche:xiaoche_instance|clk_div[4] ; clk         ; 1.000        ; 0.233      ; 34.429     ;
; -33.202 ; xiaoche:xiaoche_instance|PosCounter:pos_counter3|dis_reg[14] ; xiaoche:xiaoche_instance|distance3[3] ; xiaoche:xiaoche_instance|clk_div[4] ; clk         ; 1.000        ; 0.234      ; 34.428     ;
; -33.119 ; xiaoche:xiaoche_instance|PosCounter:pos_counter2|dis_reg[15] ; xiaoche:xiaoche_instance|distance2[3] ; xiaoche:xiaoche_instance|clk_div[4] ; clk         ; 1.000        ; 0.233      ; 34.344     ;
; -33.074 ; xiaoche:xiaoche_instance|PosCounter:pos_counter2|dis_reg[18] ; xiaoche:xiaoche_instance|distance2[3] ; xiaoche:xiaoche_instance|clk_div[4] ; clk         ; 1.000        ; 0.233      ; 34.299     ;
; -32.977 ; xiaoche:xiaoche_instance|PosCounter:pos_counter2|dis_reg[17] ; xiaoche:xiaoche_instance|distance2[3] ; xiaoche:xiaoche_instance|clk_div[4] ; clk         ; 1.000        ; 0.233      ; 34.202     ;
; -32.858 ; xiaoche:xiaoche_instance|PosCounter:pos_counter2|dis_reg[19] ; xiaoche:xiaoche_instance|distance2[3] ; xiaoche:xiaoche_instance|clk_div[4] ; clk         ; 1.000        ; 0.233      ; 34.083     ;
; -32.720 ; xiaoche:xiaoche_instance|PosCounter:pos_counter3|dis_reg[12] ; xiaoche:xiaoche_instance|distance3[1] ; xiaoche:xiaoche_instance|clk_div[4] ; clk         ; 1.000        ; 0.237      ; 33.949     ;
; -32.519 ; xiaoche:xiaoche_instance|PosCounter:pos_counter2|dis_reg[12] ; xiaoche:xiaoche_instance|distance2[0] ; xiaoche:xiaoche_instance|clk_div[4] ; clk         ; 1.000        ; 0.241      ; 33.752     ;
; -32.428 ; xiaoche:xiaoche_instance|PosCounter:pos_counter3|dis_reg[11] ; xiaoche:xiaoche_instance|distance3[0] ; xiaoche:xiaoche_instance|clk_div[4] ; clk         ; 1.000        ; 0.248      ; 33.668     ;
; -31.967 ; xiaoche:xiaoche_instance|PosCounter:pos_counter1|dis_reg[14] ; xiaoche:xiaoche_instance|distance1[3] ; xiaoche:xiaoche_instance|clk_div[4] ; clk         ; 1.000        ; 0.248      ; 33.207     ;
; -31.942 ; xiaoche:xiaoche_instance|PosCounter:pos_counter1|dis_reg[12] ; xiaoche:xiaoche_instance|distance1[1] ; xiaoche:xiaoche_instance|clk_div[4] ; clk         ; 1.000        ; 0.248      ; 33.182     ;
; -31.702 ; xiaoche:xiaoche_instance|PosCounter:pos_counter2|dis_reg[13] ; xiaoche:xiaoche_instance|distance2[2] ; xiaoche:xiaoche_instance|clk_div[4] ; clk         ; 1.000        ; 0.228      ; 32.922     ;
; -31.574 ; xiaoche:xiaoche_instance|PosCounter:pos_counter3|dis_reg[16] ; xiaoche:xiaoche_instance|distance3[4] ; xiaoche:xiaoche_instance|clk_div[4] ; clk         ; 1.000        ; 0.232      ; 32.798     ;
; -31.486 ; xiaoche:xiaoche_instance|PosCounter:pos_counter3|dis_reg[15] ; xiaoche:xiaoche_instance|distance3[4] ; xiaoche:xiaoche_instance|clk_div[4] ; clk         ; 1.000        ; 0.232      ; 32.710     ;
; -31.480 ; xiaoche:xiaoche_instance|PosCounter:pos_counter2|dis_reg[12] ; xiaoche:xiaoche_instance|distance2[1] ; xiaoche:xiaoche_instance|clk_div[4] ; clk         ; 1.000        ; 0.228      ; 32.700     ;
; -31.477 ; xiaoche:xiaoche_instance|PosCounter:pos_counter1|dis_reg[16] ; xiaoche:xiaoche_instance|distance1[4] ; xiaoche:xiaoche_instance|clk_div[4] ; clk         ; 1.000        ; 0.261      ; 32.730     ;
; -31.438 ; xiaoche:xiaoche_instance|PosCounter:pos_counter1|dis_reg[15] ; xiaoche:xiaoche_instance|distance1[4] ; xiaoche:xiaoche_instance|clk_div[4] ; clk         ; 1.000        ; 0.261      ; 32.691     ;
; -31.407 ; xiaoche:xiaoche_instance|PosCounter:pos_counter1|dis_reg[13] ; xiaoche:xiaoche_instance|distance1[2] ; xiaoche:xiaoche_instance|clk_div[4] ; clk         ; 1.000        ; 0.248      ; 32.647     ;
; -31.404 ; xiaoche:xiaoche_instance|PosCounter:pos_counter3|dis_reg[18] ; xiaoche:xiaoche_instance|distance3[4] ; xiaoche:xiaoche_instance|clk_div[4] ; clk         ; 1.000        ; 0.232      ; 32.628     ;
; -31.354 ; xiaoche:xiaoche_instance|PosCounter:pos_counter1|dis_reg[18] ; xiaoche:xiaoche_instance|distance1[4] ; xiaoche:xiaoche_instance|clk_div[4] ; clk         ; 1.000        ; 0.261      ; 32.607     ;
; -31.351 ; xiaoche:xiaoche_instance|PosCounter:pos_counter2|dis_reg[14] ; xiaoche:xiaoche_instance|distance2[3] ; xiaoche:xiaoche_instance|clk_div[4] ; clk         ; 1.000        ; 0.229      ; 32.572     ;
; -31.336 ; xiaoche:xiaoche_instance|PosCounter:pos_counter3|dis_reg[17] ; xiaoche:xiaoche_instance|distance3[4] ; xiaoche:xiaoche_instance|clk_div[4] ; clk         ; 1.000        ; 0.232      ; 32.560     ;
; -31.310 ; xiaoche:xiaoche_instance|PosCounter:pos_counter1|dis_reg[17] ; xiaoche:xiaoche_instance|distance1[4] ; xiaoche:xiaoche_instance|clk_div[4] ; clk         ; 1.000        ; 0.261      ; 32.563     ;
; -31.210 ; xiaoche:xiaoche_instance|PosCounter:pos_counter3|dis_reg[19] ; xiaoche:xiaoche_instance|distance3[4] ; xiaoche:xiaoche_instance|clk_div[4] ; clk         ; 1.000        ; 0.232      ; 32.434     ;
; -31.173 ; xiaoche:xiaoche_instance|PosCounter:pos_counter1|dis_reg[19] ; xiaoche:xiaoche_instance|distance1[4] ; xiaoche:xiaoche_instance|clk_div[4] ; clk         ; 1.000        ; 0.261      ; 32.426     ;
; -31.131 ; xiaoche:xiaoche_instance|PosCounter:pos_counter1|dis_reg[11] ; xiaoche:xiaoche_instance|distance1[0] ; xiaoche:xiaoche_instance|clk_div[4] ; clk         ; 1.000        ; 0.268      ; 32.391     ;
; -30.617 ; xiaoche:xiaoche_instance|PosCounter:pos_counter3|dis_reg[13] ; xiaoche:xiaoche_instance|distance3[3] ; xiaoche:xiaoche_instance|clk_div[4] ; clk         ; 1.000        ; 0.238      ; 31.847     ;
+---------+--------------------------------------------------------------+---------------------------------------+-------------------------------------+-------------+--------------+------------+------------+


+---------------------------------------------------------------------------------------------------------------------------------------------------------------------------------------------------------------------------------------------------------------+
; Slow 1200mV 0C Model Setup: 'xiaoche:xiaoche_instance|clk_div[4]'                                                                                                                                                                                             ;
+--------+----------------------------------------------------------------+----------------------------------------------------------------+-------------------------------------+-------------------------------------+--------------+------------+------------+
; Slack  ; From Node                                                      ; To Node                                                        ; Launch Clock                        ; Latch Clock                         ; Relationship ; Clock Skew ; Data Delay ;
+--------+----------------------------------------------------------------+----------------------------------------------------------------+-------------------------------------+-------------------------------------+--------------+------------+------------+
; -3.388 ; xiaoche:xiaoche_instance|PosCounter:pos_counter1|echo_reg1     ; xiaoche:xiaoche_instance|PosCounter:pos_counter1|count[17]     ; xiaoche:xiaoche_instance|clk_div[4] ; xiaoche:xiaoche_instance|clk_div[4] ; 1.000        ; 0.366      ; 4.756      ;
; -3.377 ; xiaoche:xiaoche_instance|PosCounter:pos_counter1|echo_reg1     ; xiaoche:xiaoche_instance|PosCounter:pos_counter1|count[16]     ; xiaoche:xiaoche_instance|clk_div[4] ; xiaoche:xiaoche_instance|clk_div[4] ; 1.000        ; 0.366      ; 4.745      ;
; -3.324 ; xiaoche:xiaoche_instance|PosCounter:pos_counter1|echo_reg1     ; xiaoche:xiaoche_instance|PosCounter:pos_counter1|count[14]     ; xiaoche:xiaoche_instance|clk_div[4] ; xiaoche:xiaoche_instance|clk_div[4] ; 1.000        ; 0.366      ; 4.692      ;
; -3.237 ; xiaoche:xiaoche_instance|PosCounter:pos_counter3|echo_reg2     ; xiaoche:xiaoche_instance|PosCounter:pos_counter3|count[15]     ; xiaoche:xiaoche_instance|clk_div[4] ; xiaoche:xiaoche_instance|clk_div[4] ; 1.000        ; -0.078     ; 4.161      ;
; -3.214 ; xiaoche:xiaoche_instance|PosCounter:pos_counter3|echo_reg2     ; xiaoche:xiaoche_instance|PosCounter:pos_counter3|count[16]     ; xiaoche:xiaoche_instance|clk_div[4] ; xiaoche:xiaoche_instance|clk_div[4] ; 1.000        ; -0.078     ; 4.138      ;
; -3.124 ; xiaoche:xiaoche_instance|PosCounter:pos_counter1|echo_reg2     ; xiaoche:xiaoche_instance|PosCounter:pos_counter1|count[17]     ; xiaoche:xiaoche_instance|clk_div[4] ; xiaoche:xiaoche_instance|clk_div[4] ; 1.000        ; 0.366      ; 4.492      ;
; -3.116 ; xiaoche:xiaoche_instance|PosCounter:pos_counter3|echo_reg1     ; xiaoche:xiaoche_instance|PosCounter:pos_counter3|count[16]     ; xiaoche:xiaoche_instance|clk_div[4] ; xiaoche:xiaoche_instance|clk_div[4] ; 1.000        ; -0.078     ; 4.040      ;
; -3.064 ; xiaoche:xiaoche_instance|PosCounter:pos_counter1|echo_reg2     ; xiaoche:xiaoche_instance|PosCounter:pos_counter1|count[16]     ; xiaoche:xiaoche_instance|clk_div[4] ; xiaoche:xiaoche_instance|clk_div[4] ; 1.000        ; 0.366      ; 4.432      ;
; -3.043 ; xiaoche:xiaoche_instance|PosCounter:pos_counter1|echo_reg1     ; xiaoche:xiaoche_instance|PosCounter:pos_counter1|count[19]     ; xiaoche:xiaoche_instance|clk_div[4] ; xiaoche:xiaoche_instance|clk_div[4] ; 1.000        ; 0.366      ; 4.411      ;
; -3.036 ; xiaoche:xiaoche_instance|PosCounter:pos_counter3|echo_reg1     ; xiaoche:xiaoche_instance|PosCounter:pos_counter3|count[15]     ; xiaoche:xiaoche_instance|clk_div[4] ; xiaoche:xiaoche_instance|clk_div[4] ; 1.000        ; -0.078     ; 3.960      ;
; -3.023 ; xiaoche:xiaoche_instance|PosCounter:pos_counter1|echo_reg1     ; xiaoche:xiaoche_instance|PosCounter:pos_counter1|count[18]     ; xiaoche:xiaoche_instance|clk_div[4] ; xiaoche:xiaoche_instance|clk_div[4] ; 1.000        ; 0.366      ; 4.391      ;
; -3.011 ; xiaoche:xiaoche_instance|PosCounter:pos_counter1|echo_reg2     ; xiaoche:xiaoche_instance|PosCounter:pos_counter1|count[14]     ; xiaoche:xiaoche_instance|clk_div[4] ; xiaoche:xiaoche_instance|clk_div[4] ; 1.000        ; 0.366      ; 4.379      ;
; -2.937 ; xiaoche:xiaoche_instance|PosCounter:pos_counter1|echo_reg1     ; xiaoche:xiaoche_instance|PosCounter:pos_counter1|count[12]     ; xiaoche:xiaoche_instance|clk_div[4] ; xiaoche:xiaoche_instance|clk_div[4] ; 1.000        ; 0.366      ; 4.305      ;
; -2.926 ; xiaoche:xiaoche_instance|PosCounter:pos_counter3|echo_reg2     ; xiaoche:xiaoche_instance|PosCounter:pos_counter3|count[17]     ; xiaoche:xiaoche_instance|clk_div[4] ; xiaoche:xiaoche_instance|clk_div[4] ; 1.000        ; 0.372      ; 4.300      ;
; -2.880 ; xiaoche:xiaoche_instance|PosCounter:pos_counter1|echo_reg1     ; xiaoche:xiaoche_instance|PosCounter:pos_counter1|count[13]     ; xiaoche:xiaoche_instance|clk_div[4] ; xiaoche:xiaoche_instance|clk_div[4] ; 1.000        ; 0.366      ; 4.248      ;
; -2.865 ; xiaoche:xiaoche_instance|PosCounter:pos_counter3|echo_reg2     ; xiaoche:xiaoche_instance|PosCounter:pos_counter3|count[13]     ; xiaoche:xiaoche_instance|clk_div[4] ; xiaoche:xiaoche_instance|clk_div[4] ; 1.000        ; -0.078     ; 3.789      ;
; -2.849 ; xiaoche:xiaoche_instance|PosCounter:pos_counter1|count[0]      ; xiaoche:xiaoche_instance|PosCounter:pos_counter1|count[17]     ; xiaoche:xiaoche_instance|clk_div[4] ; xiaoche:xiaoche_instance|clk_div[4] ; 1.000        ; -0.046     ; 3.805      ;
; -2.811 ; xiaoche:xiaoche_instance|PosCounter:pos_counter1|echo_reg1     ; xiaoche:xiaoche_instance|PosCounter:pos_counter1|count[10]     ; xiaoche:xiaoche_instance|clk_div[4] ; xiaoche:xiaoche_instance|clk_div[4] ; 1.000        ; 0.366      ; 4.179      ;
; -2.792 ; xiaoche:xiaoche_instance|PosCounter:pos_counter1|echo_reg1     ; xiaoche:xiaoche_instance|PosCounter:pos_counter1|count[15]     ; xiaoche:xiaoche_instance|clk_div[4] ; xiaoche:xiaoche_instance|clk_div[4] ; 1.000        ; 0.366      ; 4.160      ;
; -2.779 ; xiaoche:xiaoche_instance|PosCounter:pos_counter1|echo_reg2     ; xiaoche:xiaoche_instance|PosCounter:pos_counter1|count[19]     ; xiaoche:xiaoche_instance|clk_div[4] ; xiaoche:xiaoche_instance|clk_div[4] ; 1.000        ; 0.366      ; 4.147      ;
; -2.776 ; xiaoche:xiaoche_instance|PosCounter:pos_counter2|count[3]      ; xiaoche:xiaoche_instance|PosCounter:pos_counter2|count[18]     ; xiaoche:xiaoche_instance|clk_div[4] ; xiaoche:xiaoche_instance|clk_div[4] ; 1.000        ; -0.091     ; 3.687      ;
; -2.743 ; xiaoche:xiaoche_instance|PosCounter:pos_counter1|count[2]      ; xiaoche:xiaoche_instance|PosCounter:pos_counter1|count[17]     ; xiaoche:xiaoche_instance|clk_div[4] ; xiaoche:xiaoche_instance|clk_div[4] ; 1.000        ; -0.046     ; 3.699      ;
; -2.725 ; xiaoche:xiaoche_instance|PosCounter:pos_counter3|echo_reg1     ; xiaoche:xiaoche_instance|PosCounter:pos_counter3|count[17]     ; xiaoche:xiaoche_instance|clk_div[4] ; xiaoche:xiaoche_instance|clk_div[4] ; 1.000        ; 0.372      ; 4.099      ;
; -2.719 ; xiaoche:xiaoche_instance|PosCounter:pos_counter2|echo_reg2     ; xiaoche:xiaoche_instance|PosCounter:pos_counter2|count[19]     ; xiaoche:xiaoche_instance|clk_div[4] ; xiaoche:xiaoche_instance|clk_div[4] ; 1.000        ; -0.074     ; 3.647      ;
; -2.718 ; xiaoche:xiaoche_instance|PosCounter:pos_counter3|echo_reg2     ; xiaoche:xiaoche_instance|PosCounter:pos_counter3|count[12]     ; xiaoche:xiaoche_instance|clk_div[4] ; xiaoche:xiaoche_instance|clk_div[4] ; 1.000        ; -0.079     ; 3.641      ;
; -2.716 ; xiaoche:xiaoche_instance|PosCounter:pos_counter1|echo_reg1     ; xiaoche:xiaoche_instance|PosCounter:pos_counter1|count[6]      ; xiaoche:xiaoche_instance|clk_div[4] ; xiaoche:xiaoche_instance|clk_div[4] ; 1.000        ; -0.081     ; 3.637      ;
; -2.710 ; xiaoche:xiaoche_instance|PosCounter:pos_counter1|echo_reg2     ; xiaoche:xiaoche_instance|PosCounter:pos_counter1|count[18]     ; xiaoche:xiaoche_instance|clk_div[4] ; xiaoche:xiaoche_instance|clk_div[4] ; 1.000        ; 0.366      ; 4.078      ;
; -2.709 ; xiaoche:xiaoche_instance|PosCounter:pos_counter1|echo_reg1     ; xiaoche:xiaoche_instance|PosCounter:pos_counter1|count[9]      ; xiaoche:xiaoche_instance|clk_div[4] ; xiaoche:xiaoche_instance|clk_div[4] ; 1.000        ; 0.366      ; 4.077      ;
; -2.690 ; xiaoche:xiaoche_instance|PosCounter:pos_counter3|echo_reg2     ; xiaoche:xiaoche_instance|PosCounter:pos_counter3|count[9]      ; xiaoche:xiaoche_instance|clk_div[4] ; xiaoche:xiaoche_instance|clk_div[4] ; 1.000        ; -0.073     ; 3.619      ;
; -2.679 ; xiaoche:xiaoche_instance|PosCounter:pos_counter2|count[4]      ; xiaoche:xiaoche_instance|PosCounter:pos_counter2|count[19]     ; xiaoche:xiaoche_instance|clk_div[4] ; xiaoche:xiaoche_instance|clk_div[4] ; 1.000        ; -0.499     ; 3.182      ;
; -2.675 ; xiaoche:xiaoche_instance|PosCounter:pos_counter1|echo_reg1     ; xiaoche:xiaoche_instance|PosCounter:pos_counter1|curr_state.S1 ; xiaoche:xiaoche_instance|clk_div[4] ; xiaoche:xiaoche_instance|clk_div[4] ; 1.000        ; -0.072     ; 3.605      ;
; -2.674 ; xiaoche:xiaoche_instance|PosCounter:pos_counter2|echo_reg1     ; xiaoche:xiaoche_instance|PosCounter:pos_counter2|count[19]     ; xiaoche:xiaoche_instance|clk_div[4] ; xiaoche:xiaoche_instance|clk_div[4] ; 1.000        ; -0.074     ; 3.602      ;
; -2.664 ; xiaoche:xiaoche_instance|PosCounter:pos_counter3|echo_reg1     ; xiaoche:xiaoche_instance|PosCounter:pos_counter3|count[13]     ; xiaoche:xiaoche_instance|clk_div[4] ; xiaoche:xiaoche_instance|clk_div[4] ; 1.000        ; -0.078     ; 3.588      ;
; -2.659 ; xiaoche:xiaoche_instance|PosCounter:pos_counter1|count[0]      ; xiaoche:xiaoche_instance|PosCounter:pos_counter1|count[16]     ; xiaoche:xiaoche_instance|clk_div[4] ; xiaoche:xiaoche_instance|clk_div[4] ; 1.000        ; -0.046     ; 3.615      ;
; -2.649 ; xiaoche:xiaoche_instance|PosCounter:pos_counter1|echo_reg1     ; xiaoche:xiaoche_instance|PosCounter:pos_counter1|count[8]      ; xiaoche:xiaoche_instance|clk_div[4] ; xiaoche:xiaoche_instance|clk_div[4] ; 1.000        ; 0.323      ; 3.974      ;
; -2.646 ; xiaoche:xiaoche_instance|PosCounter:pos_counter1|echo_reg1     ; xiaoche:xiaoche_instance|PosCounter:pos_counter1|count[1]      ; xiaoche:xiaoche_instance|clk_div[4] ; xiaoche:xiaoche_instance|clk_div[4] ; 1.000        ; -0.081     ; 3.567      ;
; -2.643 ; xiaoche:xiaoche_instance|PosCounter:pos_counter2|count[3]      ; xiaoche:xiaoche_instance|PosCounter:pos_counter2|count[19]     ; xiaoche:xiaoche_instance|clk_div[4] ; xiaoche:xiaoche_instance|clk_div[4] ; 1.000        ; -0.499     ; 3.146      ;
; -2.626 ; xiaoche:xiaoche_instance|PosCounter:pos_counter1|count[8]      ; xiaoche:xiaoche_instance|PosCounter:pos_counter1|count[17]     ; xiaoche:xiaoche_instance|clk_div[4] ; xiaoche:xiaoche_instance|clk_div[4] ; 1.000        ; -0.046     ; 3.582      ;
; -2.624 ; xiaoche:xiaoche_instance|PosCounter:pos_counter1|echo_reg2     ; xiaoche:xiaoche_instance|PosCounter:pos_counter1|count[12]     ; xiaoche:xiaoche_instance|clk_div[4] ; xiaoche:xiaoche_instance|clk_div[4] ; 1.000        ; 0.366      ; 3.992      ;
; -2.622 ; xiaoche:xiaoche_instance|PosCounter:pos_counter3|count[2]      ; xiaoche:xiaoche_instance|PosCounter:pos_counter3|count[15]     ; xiaoche:xiaoche_instance|clk_div[4] ; xiaoche:xiaoche_instance|clk_div[4] ; 1.000        ; -0.078     ; 3.546      ;
; -2.620 ; xiaoche:xiaoche_instance|PosCounter:pos_counter3|echo_reg1     ; xiaoche:xiaoche_instance|PosCounter:pos_counter3|count[12]     ; xiaoche:xiaoche_instance|clk_div[4] ; xiaoche:xiaoche_instance|clk_div[4] ; 1.000        ; -0.079     ; 3.543      ;
; -2.617 ; xiaoche:xiaoche_instance|PosCounter:pos_counter2|echo_reg2     ; xiaoche:xiaoche_instance|PosCounter:pos_counter2|count[18]     ; xiaoche:xiaoche_instance|clk_div[4] ; xiaoche:xiaoche_instance|clk_div[4] ; 1.000        ; 0.334      ; 3.953      ;
; -2.616 ; xiaoche:xiaoche_instance|PosCounter:pos_counter1|echo_reg2     ; xiaoche:xiaoche_instance|PosCounter:pos_counter1|count[13]     ; xiaoche:xiaoche_instance|clk_div[4] ; xiaoche:xiaoche_instance|clk_div[4] ; 1.000        ; 0.366      ; 3.984      ;
; -2.609 ; xiaoche:xiaoche_instance|PosCounter:pos_counter2|count[6]      ; xiaoche:xiaoche_instance|PosCounter:pos_counter2|count[19]     ; xiaoche:xiaoche_instance|clk_div[4] ; xiaoche:xiaoche_instance|clk_div[4] ; 1.000        ; -0.499     ; 3.112      ;
; -2.606 ; xiaoche:xiaoche_instance|PosCounter:pos_counter1|count[0]      ; xiaoche:xiaoche_instance|PosCounter:pos_counter1|count[14]     ; xiaoche:xiaoche_instance|clk_div[4] ; xiaoche:xiaoche_instance|clk_div[4] ; 1.000        ; -0.046     ; 3.562      ;
; -2.596 ; xiaoche:xiaoche_instance|PosCounter:pos_counter1|echo_reg1     ; xiaoche:xiaoche_instance|PosCounter:pos_counter1|curr_state.S0 ; xiaoche:xiaoche_instance|clk_div[4] ; xiaoche:xiaoche_instance|clk_div[4] ; 1.000        ; -0.072     ; 3.526      ;
; -2.589 ; xiaoche:xiaoche_instance|PosCounter:pos_counter1|echo_reg1     ; xiaoche:xiaoche_instance|PosCounter:pos_counter1|count[4]      ; xiaoche:xiaoche_instance|clk_div[4] ; xiaoche:xiaoche_instance|clk_div[4] ; 1.000        ; -0.081     ; 3.510      ;
; -2.578 ; xiaoche:xiaoche_instance|PosCounter:pos_counter3|echo_reg2     ; xiaoche:xiaoche_instance|PosCounter:pos_counter3|count[19]     ; xiaoche:xiaoche_instance|clk_div[4] ; xiaoche:xiaoche_instance|clk_div[4] ; 1.000        ; 0.372      ; 3.952      ;
; -2.577 ; xiaoche:xiaoche_instance|PosCounter:pos_counter1|echo_reg1     ; xiaoche:xiaoche_instance|PosCounter:pos_counter1|count[7]      ; xiaoche:xiaoche_instance|clk_div[4] ; xiaoche:xiaoche_instance|clk_div[4] ; 1.000        ; 0.323      ; 3.902      ;
; -2.577 ; xiaoche:xiaoche_instance|PosCounter:pos_counter1|curr_state.S1 ; xiaoche:xiaoche_instance|PosCounter:pos_counter1|curr_state.S1 ; xiaoche:xiaoche_instance|clk_div[4] ; xiaoche:xiaoche_instance|clk_div[4] ; 1.000        ; -0.072     ; 3.507      ;
; -2.572 ; xiaoche:xiaoche_instance|PosCounter:pos_counter2|count[4]      ; xiaoche:xiaoche_instance|PosCounter:pos_counter2|count[18]     ; xiaoche:xiaoche_instance|clk_div[4] ; xiaoche:xiaoche_instance|clk_div[4] ; 1.000        ; -0.091     ; 3.483      ;
; -2.569 ; xiaoche:xiaoche_instance|PosCounter:pos_counter3|count[1]      ; xiaoche:xiaoche_instance|PosCounter:pos_counter3|count[16]     ; xiaoche:xiaoche_instance|clk_div[4] ; xiaoche:xiaoche_instance|clk_div[4] ; 1.000        ; -0.078     ; 3.493      ;
; -2.567 ; xiaoche:xiaoche_instance|PosCounter:pos_counter2|echo_reg1     ; xiaoche:xiaoche_instance|PosCounter:pos_counter2|count[18]     ; xiaoche:xiaoche_instance|clk_div[4] ; xiaoche:xiaoche_instance|clk_div[4] ; 1.000        ; 0.334      ; 3.903      ;
; -2.553 ; xiaoche:xiaoche_instance|PosCounter:pos_counter1|count[2]      ; xiaoche:xiaoche_instance|PosCounter:pos_counter1|count[16]     ; xiaoche:xiaoche_instance|clk_div[4] ; xiaoche:xiaoche_instance|clk_div[4] ; 1.000        ; -0.046     ; 3.509      ;
; -2.547 ; xiaoche:xiaoche_instance|PosCounter:pos_counter3|count[2]      ; xiaoche:xiaoche_instance|PosCounter:pos_counter3|count[16]     ; xiaoche:xiaoche_instance|clk_div[4] ; xiaoche:xiaoche_instance|clk_div[4] ; 1.000        ; -0.078     ; 3.471      ;
; -2.542 ; xiaoche:xiaoche_instance|PosCounter:pos_counter2|count[7]      ; xiaoche:xiaoche_instance|PosCounter:pos_counter2|count[18]     ; xiaoche:xiaoche_instance|clk_div[4] ; xiaoche:xiaoche_instance|clk_div[4] ; 1.000        ; -0.091     ; 3.453      ;
; -2.541 ; xiaoche:xiaoche_instance|PosCounter:pos_counter3|echo_reg2     ; xiaoche:xiaoche_instance|PosCounter:pos_counter3|count[4]      ; xiaoche:xiaoche_instance|clk_div[4] ; xiaoche:xiaoche_instance|clk_div[4] ; 1.000        ; -0.073     ; 3.470      ;
; -2.541 ; xiaoche:xiaoche_instance|PosCounter:pos_counter1|echo_reg1     ; xiaoche:xiaoche_instance|PosCounter:pos_counter1|count[11]     ; xiaoche:xiaoche_instance|clk_div[4] ; xiaoche:xiaoche_instance|clk_div[4] ; 1.000        ; 0.366      ; 3.909      ;
; -2.528 ; xiaoche:xiaoche_instance|PosCounter:pos_counter3|echo_reg2     ; xiaoche:xiaoche_instance|PosCounter:pos_counter3|count[11]     ; xiaoche:xiaoche_instance|clk_div[4] ; xiaoche:xiaoche_instance|clk_div[4] ; 1.000        ; -0.079     ; 3.451      ;
; -2.528 ; xiaoche:xiaoche_instance|PosCounter:pos_counter1|echo_reg2     ; xiaoche:xiaoche_instance|PosCounter:pos_counter1|count[15]     ; xiaoche:xiaoche_instance|clk_div[4] ; xiaoche:xiaoche_instance|clk_div[4] ; 1.000        ; 0.366      ; 3.896      ;
; -2.526 ; xiaoche:xiaoche_instance|PosCounter:pos_counter2|echo_reg2     ; xiaoche:xiaoche_instance|PosCounter:pos_counter2|count[15]     ; xiaoche:xiaoche_instance|clk_div[4] ; xiaoche:xiaoche_instance|clk_div[4] ; 1.000        ; 0.334      ; 3.862      ;
; -2.520 ; xiaoche:xiaoche_instance|PosCounter:pos_counter3|echo_reg2     ; xiaoche:xiaoche_instance|PosCounter:pos_counter3|count[7]      ; xiaoche:xiaoche_instance|clk_div[4] ; xiaoche:xiaoche_instance|clk_div[4] ; 1.000        ; -0.073     ; 3.449      ;
; -2.504 ; xiaoche:xiaoche_instance|PosCounter:pos_counter1|count[0]      ; xiaoche:xiaoche_instance|PosCounter:pos_counter1|count[19]     ; xiaoche:xiaoche_instance|clk_div[4] ; xiaoche:xiaoche_instance|clk_div[4] ; 1.000        ; -0.046     ; 3.460      ;
; -2.502 ; xiaoche:xiaoche_instance|PosCounter:pos_counter2|count[6]      ; xiaoche:xiaoche_instance|PosCounter:pos_counter2|count[18]     ; xiaoche:xiaoche_instance|clk_div[4] ; xiaoche:xiaoche_instance|clk_div[4] ; 1.000        ; -0.091     ; 3.413      ;
; -2.500 ; xiaoche:xiaoche_instance|PosCounter:pos_counter1|count[2]      ; xiaoche:xiaoche_instance|PosCounter:pos_counter1|count[14]     ; xiaoche:xiaoche_instance|clk_div[4] ; xiaoche:xiaoche_instance|clk_div[4] ; 1.000        ; -0.046     ; 3.456      ;
; -2.498 ; xiaoche:xiaoche_instance|PosCounter:pos_counter1|echo_reg2     ; xiaoche:xiaoche_instance|PosCounter:pos_counter1|count[10]     ; xiaoche:xiaoche_instance|clk_div[4] ; xiaoche:xiaoche_instance|clk_div[4] ; 1.000        ; 0.366      ; 3.866      ;
; -2.498 ; xiaoche:xiaoche_instance|PosCounter:pos_counter1|curr_state.S1 ; xiaoche:xiaoche_instance|PosCounter:pos_counter1|curr_state.S0 ; xiaoche:xiaoche_instance|clk_div[4] ; xiaoche:xiaoche_instance|clk_div[4] ; 1.000        ; -0.072     ; 3.428      ;
; -2.489 ; xiaoche:xiaoche_instance|PosCounter:pos_counter3|echo_reg1     ; xiaoche:xiaoche_instance|PosCounter:pos_counter3|count[9]      ; xiaoche:xiaoche_instance|clk_div[4] ; xiaoche:xiaoche_instance|clk_div[4] ; 1.000        ; -0.073     ; 3.418      ;
; -2.486 ; xiaoche:xiaoche_instance|PosCounter:pos_counter2|count[4]      ; xiaoche:xiaoche_instance|PosCounter:pos_counter2|count[15]     ; xiaoche:xiaoche_instance|clk_div[4] ; xiaoche:xiaoche_instance|clk_div[4] ; 1.000        ; -0.091     ; 3.397      ;
; -2.482 ; xiaoche:xiaoche_instance|PosCounter:pos_counter1|echo_reg1     ; xiaoche:xiaoche_instance|PosCounter:pos_counter1|count[3]      ; xiaoche:xiaoche_instance|clk_div[4] ; xiaoche:xiaoche_instance|clk_div[4] ; 1.000        ; -0.081     ; 3.403      ;
; -2.481 ; xiaoche:xiaoche_instance|PosCounter:pos_counter2|echo_reg1     ; xiaoche:xiaoche_instance|PosCounter:pos_counter2|count[15]     ; xiaoche:xiaoche_instance|clk_div[4] ; xiaoche:xiaoche_instance|clk_div[4] ; 1.000        ; 0.334      ; 3.817      ;
; -2.480 ; xiaoche:xiaoche_instance|PosCounter:pos_counter3|count[0]      ; xiaoche:xiaoche_instance|PosCounter:pos_counter3|count[15]     ; xiaoche:xiaoche_instance|clk_div[4] ; xiaoche:xiaoche_instance|clk_div[4] ; 1.000        ; -0.078     ; 3.404      ;
; -2.467 ; xiaoche:xiaoche_instance|PosCounter:pos_counter3|count[0]      ; xiaoche:xiaoche_instance|PosCounter:pos_counter3|count[16]     ; xiaoche:xiaoche_instance|clk_div[4] ; xiaoche:xiaoche_instance|clk_div[4] ; 1.000        ; -0.078     ; 3.391      ;
; -2.465 ; xiaoche:xiaoche_instance|PosCounter:pos_counter3|echo_reg2     ; xiaoche:xiaoche_instance|PosCounter:pos_counter3|count[8]      ; xiaoche:xiaoche_instance|clk_div[4] ; xiaoche:xiaoche_instance|clk_div[4] ; 1.000        ; -0.073     ; 3.394      ;
; -2.458 ; xiaoche:xiaoche_instance|PosCounter:pos_counter1|echo_reg1     ; xiaoche:xiaoche_instance|PosCounter:pos_counter1|count[5]      ; xiaoche:xiaoche_instance|clk_div[4] ; xiaoche:xiaoche_instance|clk_div[4] ; 1.000        ; 0.366      ; 3.826      ;
; -2.455 ; xiaoche:xiaoche_instance|PosCounter:pos_counter3|count[3]      ; xiaoche:xiaoche_instance|PosCounter:pos_counter3|count[16]     ; xiaoche:xiaoche_instance|clk_div[4] ; xiaoche:xiaoche_instance|clk_div[4] ; 1.000        ; -0.078     ; 3.379      ;
; -2.452 ; xiaoche:xiaoche_instance|PosCounter:pos_counter3|count[4]      ; xiaoche:xiaoche_instance|PosCounter:pos_counter3|count[15]     ; xiaoche:xiaoche_instance|clk_div[4] ; xiaoche:xiaoche_instance|clk_div[4] ; 1.000        ; -0.078     ; 3.376      ;
; -2.450 ; xiaoche:xiaoche_instance|PosCounter:pos_counter2|count[3]      ; xiaoche:xiaoche_instance|PosCounter:pos_counter2|count[15]     ; xiaoche:xiaoche_instance|clk_div[4] ; xiaoche:xiaoche_instance|clk_div[4] ; 1.000        ; -0.091     ; 3.361      ;
; -2.445 ; xiaoche:xiaoche_instance|PosCounter:pos_counter1|echo_reg2     ; xiaoche:xiaoche_instance|PosCounter:pos_counter1|count[9]      ; xiaoche:xiaoche_instance|clk_div[4] ; xiaoche:xiaoche_instance|clk_div[4] ; 1.000        ; 0.366      ; 3.813      ;
; -2.443 ; xiaoche:xiaoche_instance|PosCounter:pos_counter3|echo_reg1     ; xiaoche:xiaoche_instance|PosCounter:pos_counter3|count[4]      ; xiaoche:xiaoche_instance|clk_div[4] ; xiaoche:xiaoche_instance|clk_div[4] ; 1.000        ; -0.073     ; 3.372      ;
; -2.437 ; xiaoche:xiaoche_instance|PosCounter:pos_counter2|echo_reg2     ; xiaoche:xiaoche_instance|PosCounter:pos_counter2|count[13]     ; xiaoche:xiaoche_instance|clk_div[4] ; xiaoche:xiaoche_instance|clk_div[4] ; 1.000        ; 0.334      ; 3.773      ;
; -2.436 ; xiaoche:xiaoche_instance|PosCounter:pos_counter3|echo_reg2     ; xiaoche:xiaoche_instance|PosCounter:pos_counter3|count[5]      ; xiaoche:xiaoche_instance|clk_div[4] ; xiaoche:xiaoche_instance|clk_div[4] ; 1.000        ; -0.073     ; 3.365      ;
; -2.436 ; xiaoche:xiaoche_instance|PosCounter:pos_counter1|count[8]      ; xiaoche:xiaoche_instance|PosCounter:pos_counter1|count[16]     ; xiaoche:xiaoche_instance|clk_div[4] ; xiaoche:xiaoche_instance|clk_div[4] ; 1.000        ; -0.046     ; 3.392      ;
; -2.434 ; xiaoche:xiaoche_instance|PosCounter:pos_counter2|count[7]      ; xiaoche:xiaoche_instance|PosCounter:pos_counter2|count[19]     ; xiaoche:xiaoche_instance|clk_div[4] ; xiaoche:xiaoche_instance|clk_div[4] ; 1.000        ; -0.499     ; 2.937      ;
; -2.431 ; xiaoche:xiaoche_instance|PosCounter:pos_counter3|echo_reg2     ; xiaoche:xiaoche_instance|PosCounter:pos_counter3|count[18]     ; xiaoche:xiaoche_instance|clk_div[4] ; xiaoche:xiaoche_instance|clk_div[4] ; 1.000        ; 0.372      ; 3.805      ;
; -2.424 ; xiaoche:xiaoche_instance|PosCounter:pos_counter2|count[9]      ; xiaoche:xiaoche_instance|PosCounter:pos_counter2|count[18]     ; xiaoche:xiaoche_instance|clk_div[4] ; xiaoche:xiaoche_instance|clk_div[4] ; 1.000        ; -0.091     ; 3.335      ;
; -2.416 ; xiaoche:xiaoche_instance|PosCounter:pos_counter2|count[6]      ; xiaoche:xiaoche_instance|PosCounter:pos_counter2|count[15]     ; xiaoche:xiaoche_instance|clk_div[4] ; xiaoche:xiaoche_instance|clk_div[4] ; 1.000        ; -0.091     ; 3.327      ;
; -2.403 ; xiaoche:xiaoche_instance|PosCounter:pos_counter1|echo_reg2     ; xiaoche:xiaoche_instance|PosCounter:pos_counter1|count[6]      ; xiaoche:xiaoche_instance|clk_div[4] ; xiaoche:xiaoche_instance|clk_div[4] ; 1.000        ; -0.081     ; 3.324      ;
; -2.398 ; xiaoche:xiaoche_instance|PosCounter:pos_counter1|count[2]      ; xiaoche:xiaoche_instance|PosCounter:pos_counter1|count[19]     ; xiaoche:xiaoche_instance|clk_div[4] ; xiaoche:xiaoche_instance|clk_div[4] ; 1.000        ; -0.046     ; 3.354      ;
; -2.397 ; xiaoche:xiaoche_instance|PosCounter:pos_counter2|count[4]      ; xiaoche:xiaoche_instance|PosCounter:pos_counter2|count[13]     ; xiaoche:xiaoche_instance|clk_div[4] ; xiaoche:xiaoche_instance|clk_div[4] ; 1.000        ; -0.091     ; 3.308      ;
; -2.392 ; xiaoche:xiaoche_instance|PosCounter:pos_counter2|echo_reg1     ; xiaoche:xiaoche_instance|PosCounter:pos_counter2|count[13]     ; xiaoche:xiaoche_instance|clk_div[4] ; xiaoche:xiaoche_instance|clk_div[4] ; 1.000        ; 0.334      ; 3.728      ;
; -2.390 ; xiaoche:xiaoche_instance|PosCounter:pos_counter3|echo_reg2     ; xiaoche:xiaoche_instance|PosCounter:pos_counter3|count[14]     ; xiaoche:xiaoche_instance|clk_div[4] ; xiaoche:xiaoche_instance|clk_div[4] ; 1.000        ; 0.372      ; 3.764      ;
; -2.383 ; xiaoche:xiaoche_instance|PosCounter:pos_counter1|count[8]      ; xiaoche:xiaoche_instance|PosCounter:pos_counter1|count[14]     ; xiaoche:xiaoche_instance|clk_div[4] ; xiaoche:xiaoche_instance|clk_div[4] ; 1.000        ; -0.046     ; 3.339      ;
; -2.382 ; xiaoche:xiaoche_instance|PosCounter:pos_counter1|echo_reg2     ; xiaoche:xiaoche_instance|PosCounter:pos_counter1|count[1]      ; xiaoche:xiaoche_instance|clk_div[4] ; xiaoche:xiaoche_instance|clk_div[4] ; 1.000        ; -0.081     ; 3.303      ;
; -2.380 ; xiaoche:xiaoche_instance|PosCounter:pos_counter3|echo_reg2     ; xiaoche:xiaoche_instance|PosCounter:pos_counter3|count[10]     ; xiaoche:xiaoche_instance|clk_div[4] ; xiaoche:xiaoche_instance|clk_div[4] ; 1.000        ; -0.079     ; 3.303      ;
; -2.377 ; xiaoche:xiaoche_instance|PosCounter:pos_counter3|count[4]      ; xiaoche:xiaoche_instance|PosCounter:pos_counter3|count[16]     ; xiaoche:xiaoche_instance|clk_div[4] ; xiaoche:xiaoche_instance|clk_div[4] ; 1.000        ; -0.078     ; 3.301      ;
; -2.377 ; xiaoche:xiaoche_instance|PosCounter:pos_counter3|echo_reg1     ; xiaoche:xiaoche_instance|PosCounter:pos_counter3|count[19]     ; xiaoche:xiaoche_instance|clk_div[4] ; xiaoche:xiaoche_instance|clk_div[4] ; 1.000        ; 0.372      ; 3.751      ;
; -2.372 ; xiaoche:xiaoche_instance|PosCounter:pos_counter3|count[1]      ; xiaoche:xiaoche_instance|PosCounter:pos_counter3|count[15]     ; xiaoche:xiaoche_instance|clk_div[4] ; xiaoche:xiaoche_instance|clk_div[4] ; 1.000        ; -0.078     ; 3.296      ;
; -2.367 ; xiaoche:xiaoche_instance|PosCounter:pos_counter3|echo_reg1     ; xiaoche:xiaoche_instance|PosCounter:pos_counter3|count[8]      ; xiaoche:xiaoche_instance|clk_div[4] ; xiaoche:xiaoche_instance|clk_div[4] ; 1.000        ; -0.073     ; 3.296      ;
; -2.363 ; xiaoche:xiaoche_instance|PosCounter:pos_counter1|count[5]      ; xiaoche:xiaoche_instance|PosCounter:pos_counter1|count[16]     ; xiaoche:xiaoche_instance|clk_div[4] ; xiaoche:xiaoche_instance|clk_div[4] ; 1.000        ; -0.091     ; 3.274      ;
+--------+----------------------------------------------------------------+----------------------------------------------------------------+-------------------------------------+-------------------------------------+--------------+------------+------------+


+--------------------------------------------------------------------------------------------------------------------------------------------------------------------------------------------------------------------------------------------------------------------+
; Slow 1200mV 0C Model Hold: 'clk'                                                                                                                                                                                                                                   ;
+-------+-------------------------------------------------------------------------------+-------------------------------------------------------------------------------+-------------------------------------+-------------+--------------+------------+------------+
; Slack ; From Node                                                                     ; To Node                                                                       ; Launch Clock                        ; Latch Clock ; Relationship ; Clock Skew ; Data Delay ;
+-------+-------------------------------------------------------------------------------+-------------------------------------------------------------------------------+-------------------------------------+-------------+--------------+------------+------------+
; 0.217 ; xiaoche:xiaoche_instance|clk_div[4]                                           ; xiaoche:xiaoche_instance|clk_div[4]                                           ; xiaoche:xiaoche_instance|clk_div[4] ; clk         ; 0.000        ; 2.520      ; 3.202      ;
; 0.384 ; xiaoche:xiaoche_instance|boche:boche_executor|current_state.IDLE              ; xiaoche:xiaoche_instance|boche:boche_executor|current_state.IDLE              ; clk                                 ; clk         ; 0.000        ; 0.090      ; 0.669      ;
; 0.384 ; xiaoche:xiaoche_instance|boche:boche_executor|current_state.stop              ; xiaoche:xiaoche_instance|boche:boche_executor|current_state.stop              ; clk                                 ; clk         ; 0.000        ; 0.090      ; 0.669      ;
; 0.384 ; xiaoche:xiaoche_instance|boche:boche_executor|current_state.FORWARD_2S_2      ; xiaoche:xiaoche_instance|boche:boche_executor|current_state.FORWARD_2S_2      ; clk                                 ; clk         ; 0.000        ; 0.090      ; 0.669      ;
; 0.384 ; xiaoche:xiaoche_instance|boche:boche_executor|current_state.RIGHT_200MS       ; xiaoche:xiaoche_instance|boche:boche_executor|current_state.RIGHT_200MS       ; clk                                 ; clk         ; 0.000        ; 0.090      ; 0.669      ;
; 0.384 ; xiaoche:xiaoche_instance|boche:boche_executor|current_state.FORWARD_2S        ; xiaoche:xiaoche_instance|boche:boche_executor|current_state.FORWARD_2S        ; clk                                 ; clk         ; 0.000        ; 0.090      ; 0.669      ;
; 0.401 ; xiaoche:xiaoche_instance|everything:path_executor|right[1]                    ; xiaoche:xiaoche_instance|everything:path_executor|right[1]                    ; clk                                 ; clk         ; 0.000        ; 0.073      ; 0.669      ;
; 0.401 ; xiaoche:xiaoche_instance|everything:path_executor|right[0]                    ; xiaoche:xiaoche_instance|everything:path_executor|right[0]                    ; clk                                 ; clk         ; 0.000        ; 0.073      ; 0.669      ;
; 0.401 ; xiaoche:xiaoche_instance|everything:path_executor|current_state.RIGHT_200MS   ; xiaoche:xiaoche_instance|everything:path_executor|current_state.RIGHT_200MS   ; clk                                 ; clk         ; 0.000        ; 0.073      ; 0.669      ;
; 0.401 ; xiaoche:xiaoche_instance|everything:path_executor|current_state.FORWARD_2S    ; xiaoche:xiaoche_instance|everything:path_executor|current_state.FORWARD_2S    ; clk                                 ; clk         ; 0.000        ; 0.073      ; 0.669      ;
; 0.401 ; xiaoche:xiaoche_instance|everything:path_executor|current_state.RIGHT_200MS_4 ; xiaoche:xiaoche_instance|everything:path_executor|current_state.RIGHT_200MS_4 ; clk                                 ; clk         ; 0.000        ; 0.073      ; 0.669      ;
; 0.401 ; xiaoche:xiaoche_instance|everything:path_executor|current_state.FORWARD_2S_4  ; xiaoche:xiaoche_instance|everything:path_executor|current_state.FORWARD_2S_4  ; clk                                 ; clk         ; 0.000        ; 0.073      ; 0.669      ;
; 0.401 ; xiaoche:xiaoche_instance|everything:path_executor|current_state.RIGHT_200MS_3 ; xiaoche:xiaoche_instance|everything:path_executor|current_state.RIGHT_200MS_3 ; clk                                 ; clk         ; 0.000        ; 0.073      ; 0.669      ;
; 0.401 ; xiaoche:xiaoche_instance|everything:path_executor|current_state.FORWARD_2S_3  ; xiaoche:xiaoche_instance|everything:path_executor|current_state.FORWARD_2S_3  ; clk                                 ; clk         ; 0.000        ; 0.073      ; 0.669      ;
; 0.401 ; xiaoche:xiaoche_instance|everything:path_executor|current_state.RIGHT_200MS_2 ; xiaoche:xiaoche_instance|everything:path_executor|current_state.RIGHT_200MS_2 ; clk                                 ; clk         ; 0.000        ; 0.073      ; 0.669      ;
; 0.401 ; xiaoche:xiaoche_instance|everything:path_executor|current_state.FORWARD_2S_2  ; xiaoche:xiaoche_instance|everything:path_executor|current_state.FORWARD_2S_2  ; clk                                 ; clk         ; 0.000        ; 0.073      ; 0.669      ;
; 0.401 ; xiaoche:xiaoche_instance|everything:path_executor|current_state.stop          ; xiaoche:xiaoche_instance|everything:path_executor|current_state.stop          ; clk                                 ; clk         ; 0.000        ; 0.073      ; 0.669      ;
; 0.402 ; xiaoche:xiaoche_instance|trig_pulse                                           ; xiaoche:xiaoche_instance|trig_pulse                                           ; clk                                 ; clk         ; 0.000        ; 0.072      ; 0.669      ;
; 0.402 ; xiaoche:xiaoche_instance|boche:boche_executor|right[1]                        ; xiaoche:xiaoche_instance|boche:boche_executor|right[1]                        ; clk                                 ; clk         ; 0.000        ; 0.072      ; 0.669      ;
; 0.402 ; xiaoche:xiaoche_instance|boche:boche_executor|right[0]                        ; xiaoche:xiaoche_instance|boche:boche_executor|right[0]                        ; clk                                 ; clk         ; 0.000        ; 0.072      ; 0.669      ;
; 0.402 ; xiaoche:xiaoche_instance|boche:boche_executor|left[1]                         ; xiaoche:xiaoche_instance|boche:boche_executor|left[1]                         ; clk                                 ; clk         ; 0.000        ; 0.072      ; 0.669      ;
; 0.402 ; xiaoche:xiaoche_instance|everything:path_executor|left[0]                     ; xiaoche:xiaoche_instance|everything:path_executor|left[0]                     ; clk                                 ; clk         ; 0.000        ; 0.072      ; 0.669      ;
; 0.402 ; xiaoche:xiaoche_instance|everything:path_executor|current_state.IDLE          ; xiaoche:xiaoche_instance|everything:path_executor|current_state.IDLE          ; clk                                 ; clk         ; 0.000        ; 0.072      ; 0.669      ;
; 0.402 ; xiaoche:xiaoche_instance|boche:boche_executor|pwm_value[4]                    ; xiaoche:xiaoche_instance|boche:boche_executor|pwm_value[4]                    ; clk                                 ; clk         ; 0.000        ; 0.072      ; 0.669      ;
; 0.402 ; xiaoche:xiaoche_instance|boche:boche_executor|pwm_value[1]                    ; xiaoche:xiaoche_instance|boche:boche_executor|pwm_value[1]                    ; clk                                 ; clk         ; 0.000        ; 0.072      ; 0.669      ;
; 0.402 ; xiaoche:xiaoche_instance|current_mode[1]                                      ; xiaoche:xiaoche_instance|current_mode[1]                                      ; clk                                 ; clk         ; 0.000        ; 0.072      ; 0.669      ;
; 0.402 ; xiaoche:xiaoche_instance|current_mode[0]                                      ; xiaoche:xiaoche_instance|current_mode[0]                                      ; clk                                 ; clk         ; 0.000        ; 0.072      ; 0.669      ;
; 0.402 ; xiaoche:xiaoche_instance|mode_switch_pending                                  ; xiaoche:xiaoche_instance|mode_switch_pending                                  ; clk                                 ; clk         ; 0.000        ; 0.072      ; 0.669      ;
; 0.430 ; xiaoche:xiaoche_instance|clk_div[4]                                           ; xiaoche:xiaoche_instance|clk_div[4]                                           ; xiaoche:xiaoche_instance|clk_div[4] ; clk         ; -0.500       ; 2.520      ; 2.915      ;
; 0.463 ; xiaoche:xiaoche_instance|mode_switch_pending                                  ; xiaoche:xiaoche_instance|current_mode[0]                                      ; clk                                 ; clk         ; 0.000        ; 0.072      ; 0.730      ;
; 0.480 ; xiaoche:xiaoche_instance|steer_state.STEER_BACK                               ; xiaoche:xiaoche_instance|left[1]                                              ; clk                                 ; clk         ; 0.000        ; 0.072      ; 0.747      ;
; 0.496 ; xiaoche:xiaoche_instance|current_mode[1]                                      ; xiaoche:xiaoche_instance|pwm_threshold[3]                                     ; clk                                 ; clk         ; 0.000        ; 0.072      ; 0.763      ;
; 0.608 ; xiaoche:xiaoche_instance|steer_state.STEER_LEFT                               ; xiaoche:xiaoche_instance|left[1]                                              ; clk                                 ; clk         ; 0.000        ; 0.072      ; 0.875      ;
; 0.648 ; xiaoche:xiaoche_instance|obstacle_near3                                       ; xiaoche:xiaoche_instance|steer_state.STEER_BACK                               ; clk                                 ; clk         ; 0.000        ; 0.073      ; 0.916      ;
; 0.660 ; xiaoche:xiaoche_instance|enable_prev                                          ; xiaoche:xiaoche_instance|mode_switch_pending                                  ; clk                                 ; clk         ; 0.000        ; 0.072      ; 0.927      ;
; 0.664 ; xiaoche:xiaoche_instance|boche:boche_executor|timer[3]                        ; xiaoche:xiaoche_instance|boche:boche_executor|timer[3]                        ; clk                                 ; clk         ; 0.000        ; 0.091      ; 0.950      ;
; 0.665 ; xiaoche:xiaoche_instance|boche:boche_executor|timer[5]                        ; xiaoche:xiaoche_instance|boche:boche_executor|timer[5]                        ; clk                                 ; clk         ; 0.000        ; 0.091      ; 0.951      ;
; 0.666 ; xiaoche:xiaoche_instance|boche:boche_executor|timer[1]                        ; xiaoche:xiaoche_instance|boche:boche_executor|timer[1]                        ; clk                                 ; clk         ; 0.000        ; 0.091      ; 0.952      ;
; 0.667 ; xiaoche:xiaoche_instance|boche:boche_executor|timer[6]                        ; xiaoche:xiaoche_instance|boche:boche_executor|timer[6]                        ; clk                                 ; clk         ; 0.000        ; 0.091      ; 0.953      ;
; 0.669 ; xiaoche:xiaoche_instance|boche:boche_executor|timer[2]                        ; xiaoche:xiaoche_instance|boche:boche_executor|timer[2]                        ; clk                                 ; clk         ; 0.000        ; 0.091      ; 0.955      ;
; 0.671 ; xiaoche:xiaoche_instance|boche:boche_executor|timer[4]                        ; xiaoche:xiaoche_instance|boche:boche_executor|timer[4]                        ; clk                                 ; clk         ; 0.000        ; 0.091      ; 0.957      ;
; 0.683 ; xiaoche:xiaoche_instance|xunji:xunji_instance|all_white_counter[1]            ; xiaoche:xiaoche_instance|xunji:xunji_instance|all_white_counter[1]            ; clk                                 ; clk         ; 0.000        ; 0.073      ; 0.951      ;
; 0.683 ; xiaoche:xiaoche_instance|everything:path_executor|timer[3]                    ; xiaoche:xiaoche_instance|everything:path_executor|timer[3]                    ; clk                                 ; clk         ; 0.000        ; 0.072      ; 0.950      ;
; 0.684 ; xiaoche:xiaoche_instance|everything:path_executor|timer[5]                    ; xiaoche:xiaoche_instance|everything:path_executor|timer[5]                    ; clk                                 ; clk         ; 0.000        ; 0.072      ; 0.951      ;
; 0.684 ; xiaoche:xiaoche_instance|enable_counter[6]                                    ; xiaoche:xiaoche_instance|enable_counter[6]                                    ; clk                                 ; clk         ; 0.000        ; 0.073      ; 0.952      ;
; 0.684 ; xiaoche:xiaoche_instance|everything:path_executor|current_state.stop          ; xiaoche:xiaoche_instance|everything:path_executor|left[0]                     ; clk                                 ; clk         ; 0.000        ; 0.072      ; 0.951      ;
; 0.685 ; xiaoche:xiaoche_instance|xunji:xunji_instance|all_white_counter[2]            ; xiaoche:xiaoche_instance|xunji:xunji_instance|all_white_counter[2]            ; clk                                 ; clk         ; 0.000        ; 0.073      ; 0.953      ;
; 0.685 ; xiaoche:xiaoche_instance|everything:path_executor|timer[1]                    ; xiaoche:xiaoche_instance|everything:path_executor|timer[1]                    ; clk                                 ; clk         ; 0.000        ; 0.072      ; 0.952      ;
; 0.685 ; xiaoche:xiaoche_instance|boche:boche_executor|timer[13]                       ; xiaoche:xiaoche_instance|boche:boche_executor|timer[13]                       ; clk                                 ; clk         ; 0.000        ; 0.091      ; 0.971      ;
; 0.685 ; xiaoche:xiaoche_instance|boche:boche_executor|timer[15]                       ; xiaoche:xiaoche_instance|boche:boche_executor|timer[15]                       ; clk                                 ; clk         ; 0.000        ; 0.091      ; 0.971      ;
; 0.685 ; xiaoche:xiaoche_instance|enable_counter[4]                                    ; xiaoche:xiaoche_instance|enable_counter[4]                                    ; clk                                 ; clk         ; 0.000        ; 0.073      ; 0.953      ;
; 0.686 ; xiaoche:xiaoche_instance|xunji:xunji_instance|all_white_counter[3]            ; xiaoche:xiaoche_instance|xunji:xunji_instance|all_white_counter[3]            ; clk                                 ; clk         ; 0.000        ; 0.073      ; 0.954      ;
; 0.686 ; xiaoche:xiaoche_instance|xunji:xunji_instance|all_white_counter[5]            ; xiaoche:xiaoche_instance|xunji:xunji_instance|all_white_counter[5]            ; clk                                 ; clk         ; 0.000        ; 0.073      ; 0.954      ;
; 0.686 ; xiaoche:xiaoche_instance|everything:path_executor|timer[6]                    ; xiaoche:xiaoche_instance|everything:path_executor|timer[6]                    ; clk                                 ; clk         ; 0.000        ; 0.072      ; 0.953      ;
; 0.686 ; xiaoche:xiaoche_instance|enable_counter[1]                                    ; xiaoche:xiaoche_instance|enable_counter[1]                                    ; clk                                 ; clk         ; 0.000        ; 0.073      ; 0.954      ;
; 0.686 ; xiaoche:xiaoche_instance|enable_counter[3]                                    ; xiaoche:xiaoche_instance|enable_counter[3]                                    ; clk                                 ; clk         ; 0.000        ; 0.073      ; 0.954      ;
; 0.686 ; xiaoche:xiaoche_instance|enable_counter[5]                                    ; xiaoche:xiaoche_instance|enable_counter[5]                                    ; clk                                 ; clk         ; 0.000        ; 0.073      ; 0.954      ;
; 0.687 ; xiaoche:xiaoche_instance|everything:path_executor|timer[7]                    ; xiaoche:xiaoche_instance|everything:path_executor|timer[7]                    ; clk                                 ; clk         ; 0.000        ; 0.072      ; 0.954      ;
; 0.687 ; xiaoche:xiaoche_instance|boche:boche_executor|timer[11]                       ; xiaoche:xiaoche_instance|boche:boche_executor|timer[11]                       ; clk                                 ; clk         ; 0.000        ; 0.091      ; 0.973      ;
; 0.688 ; xiaoche:xiaoche_instance|trig_counter[1]                                      ; xiaoche:xiaoche_instance|trig_counter[1]                                      ; clk                                 ; clk         ; 0.000        ; 0.090      ; 0.973      ;
; 0.688 ; xiaoche:xiaoche_instance|everything:path_executor|timer[2]                    ; xiaoche:xiaoche_instance|everything:path_executor|timer[2]                    ; clk                                 ; clk         ; 0.000        ; 0.072      ; 0.955      ;
; 0.689 ; xiaoche:xiaoche_instance|xunji:xunji_instance|all_white_counter[4]            ; xiaoche:xiaoche_instance|xunji:xunji_instance|all_white_counter[4]            ; clk                                 ; clk         ; 0.000        ; 0.073      ; 0.957      ;
; 0.689 ; xiaoche:xiaoche_instance|clk_div[2]                                           ; xiaoche:xiaoche_instance|clk_div[2]                                           ; clk                                 ; clk         ; 0.000        ; 0.072      ; 0.956      ;
; 0.689 ; xiaoche:xiaoche_instance|enable_counter[2]                                    ; xiaoche:xiaoche_instance|enable_counter[2]                                    ; clk                                 ; clk         ; 0.000        ; 0.073      ; 0.957      ;
; 0.690 ; xiaoche:xiaoche_instance|everything:path_executor|timer[4]                    ; xiaoche:xiaoche_instance|everything:path_executor|timer[4]                    ; clk                                 ; clk         ; 0.000        ; 0.072      ; 0.957      ;
; 0.690 ; xiaoche:xiaoche_instance|everything:path_executor|timer[8]                    ; xiaoche:xiaoche_instance|everything:path_executor|timer[8]                    ; clk                                 ; clk         ; 0.000        ; 0.072      ; 0.957      ;
; 0.690 ; xiaoche:xiaoche_instance|boche:boche_executor|timer[7]                        ; xiaoche:xiaoche_instance|boche:boche_executor|timer[7]                        ; clk                                 ; clk         ; 0.000        ; 0.091      ; 0.976      ;
; 0.690 ; xiaoche:xiaoche_instance|boche:boche_executor|timer[9]                        ; xiaoche:xiaoche_instance|boche:boche_executor|timer[9]                        ; clk                                 ; clk         ; 0.000        ; 0.091      ; 0.976      ;
; 0.691 ; xiaoche:xiaoche_instance|xunji:xunji_instance|all_white_counter[7]            ; xiaoche:xiaoche_instance|xunji:xunji_instance|all_white_counter[7]            ; clk                                 ; clk         ; 0.000        ; 0.073      ; 0.959      ;
; 0.691 ; xiaoche:xiaoche_instance|boche:boche_executor|timer[14]                       ; xiaoche:xiaoche_instance|boche:boche_executor|timer[14]                       ; clk                                 ; clk         ; 0.000        ; 0.091      ; 0.977      ;
; 0.691 ; xiaoche:xiaoche_instance|enable_counter[9]                                    ; xiaoche:xiaoche_instance|enable_counter[9]                                    ; clk                                 ; clk         ; 0.000        ; 0.073      ; 0.959      ;
; 0.692 ; xiaoche:xiaoche_instance|xunji:xunji_instance|all_white_counter[17]           ; xiaoche:xiaoche_instance|xunji:xunji_instance|all_white_counter[17]           ; clk                                 ; clk         ; 0.000        ; 0.073      ; 0.960      ;
; 0.692 ; xiaoche:xiaoche_instance|xunji:xunji_instance|all_white_counter[9]            ; xiaoche:xiaoche_instance|xunji:xunji_instance|all_white_counter[9]            ; clk                                 ; clk         ; 0.000        ; 0.073      ; 0.960      ;
; 0.692 ; xiaoche:xiaoche_instance|xunji:xunji_instance|all_white_counter[11]           ; xiaoche:xiaoche_instance|xunji:xunji_instance|all_white_counter[11]           ; clk                                 ; clk         ; 0.000        ; 0.073      ; 0.960      ;
; 0.692 ; xiaoche:xiaoche_instance|xunji:xunji_instance|all_white_counter[13]           ; xiaoche:xiaoche_instance|xunji:xunji_instance|all_white_counter[13]           ; clk                                 ; clk         ; 0.000        ; 0.073      ; 0.960      ;
; 0.692 ; xiaoche:xiaoche_instance|xunji:xunji_instance|all_white_counter[15]           ; xiaoche:xiaoche_instance|xunji:xunji_instance|all_white_counter[15]           ; clk                                 ; clk         ; 0.000        ; 0.073      ; 0.960      ;
; 0.692 ; xiaoche:xiaoche_instance|boche:boche_executor|timer[0]                        ; xiaoche:xiaoche_instance|boche:boche_executor|timer[0]                        ; clk                                 ; clk         ; 0.000        ; 0.091      ; 0.978      ;
; 0.692 ; xiaoche:xiaoche_instance|boche:boche_executor|timer[12]                       ; xiaoche:xiaoche_instance|boche:boche_executor|timer[12]                       ; clk                                 ; clk         ; 0.000        ; 0.091      ; 0.978      ;
; 0.692 ; xiaoche:xiaoche_instance|clk_div[3]                                           ; xiaoche:xiaoche_instance|clk_div[3]                                           ; clk                                 ; clk         ; 0.000        ; 0.072      ; 0.959      ;
; 0.693 ; xiaoche:xiaoche_instance|pwm_counter[3]                                       ; xiaoche:xiaoche_instance|pwm_counter[3]                                       ; clk                                 ; clk         ; 0.000        ; 0.073      ; 0.961      ;
; 0.693 ; xiaoche:xiaoche_instance|enable_counter[12]                                   ; xiaoche:xiaoche_instance|enable_counter[12]                                   ; clk                                 ; clk         ; 0.000        ; 0.073      ; 0.961      ;
; 0.694 ; xiaoche:xiaoche_instance|pwm_counter[1]                                       ; xiaoche:xiaoche_instance|pwm_counter[1]                                       ; clk                                 ; clk         ; 0.000        ; 0.073      ; 0.962      ;
; 0.694 ; xiaoche:xiaoche_instance|enable_counter[11]                                   ; xiaoche:xiaoche_instance|enable_counter[11]                                   ; clk                                 ; clk         ; 0.000        ; 0.073      ; 0.962      ;
; 0.694 ; xiaoche:xiaoche_instance|enable_counter[14]                                   ; xiaoche:xiaoche_instance|enable_counter[14]                                   ; clk                                 ; clk         ; 0.000        ; 0.073      ; 0.962      ;
; 0.694 ; xiaoche:xiaoche_instance|enable_counter[15]                                   ; xiaoche:xiaoche_instance|enable_counter[15]                                   ; clk                                 ; clk         ; 0.000        ; 0.073      ; 0.962      ;
; 0.695 ; xiaoche:xiaoche_instance|xunji:xunji_instance|all_white_counter[23]           ; xiaoche:xiaoche_instance|xunji:xunji_instance|all_white_counter[23]           ; clk                                 ; clk         ; 0.000        ; 0.073      ; 0.963      ;
; 0.695 ; xiaoche:xiaoche_instance|pwm_counter[5]                                       ; xiaoche:xiaoche_instance|pwm_counter[5]                                       ; clk                                 ; clk         ; 0.000        ; 0.073      ; 0.963      ;
; 0.695 ; xiaoche:xiaoche_instance|enable_counter[13]                                   ; xiaoche:xiaoche_instance|enable_counter[13]                                   ; clk                                 ; clk         ; 0.000        ; 0.073      ; 0.963      ;
; 0.696 ; xiaoche:xiaoche_instance|xunji:xunji_instance|all_white_counter[10]           ; xiaoche:xiaoche_instance|xunji:xunji_instance|all_white_counter[10]           ; clk                                 ; clk         ; 0.000        ; 0.073      ; 0.964      ;
; 0.696 ; xiaoche:xiaoche_instance|xunji:xunji_instance|all_white_counter[18]           ; xiaoche:xiaoche_instance|xunji:xunji_instance|all_white_counter[18]           ; clk                                 ; clk         ; 0.000        ; 0.073      ; 0.964      ;
; 0.696 ; xiaoche:xiaoche_instance|enable_counter[10]                                   ; xiaoche:xiaoche_instance|enable_counter[10]                                   ; clk                                 ; clk         ; 0.000        ; 0.073      ; 0.964      ;
; 0.697 ; xiaoche:xiaoche_instance|xunji:xunji_instance|all_white_counter[6]            ; xiaoche:xiaoche_instance|xunji:xunji_instance|all_white_counter[6]            ; clk                                 ; clk         ; 0.000        ; 0.073      ; 0.965      ;
; 0.697 ; xiaoche:xiaoche_instance|xunji:xunji_instance|all_white_counter[8]            ; xiaoche:xiaoche_instance|xunji:xunji_instance|all_white_counter[8]            ; clk                                 ; clk         ; 0.000        ; 0.073      ; 0.965      ;
; 0.697 ; xiaoche:xiaoche_instance|xunji:xunji_instance|all_white_counter[14]           ; xiaoche:xiaoche_instance|xunji:xunji_instance|all_white_counter[14]           ; clk                                 ; clk         ; 0.000        ; 0.073      ; 0.965      ;
; 0.697 ; xiaoche:xiaoche_instance|xunji:xunji_instance|all_white_counter[21]           ; xiaoche:xiaoche_instance|xunji:xunji_instance|all_white_counter[21]           ; clk                                 ; clk         ; 0.000        ; 0.073      ; 0.965      ;
; 0.697 ; xiaoche:xiaoche_instance|pwm_counter[6]                                       ; xiaoche:xiaoche_instance|pwm_counter[6]                                       ; clk                                 ; clk         ; 0.000        ; 0.073      ; 0.965      ;
; 0.697 ; xiaoche:xiaoche_instance|pwm_counter[2]                                       ; xiaoche:xiaoche_instance|pwm_counter[2]                                       ; clk                                 ; clk         ; 0.000        ; 0.073      ; 0.965      ;
; 0.698 ; xiaoche:xiaoche_instance|xunji:xunji_instance|all_white_counter[16]           ; xiaoche:xiaoche_instance|xunji:xunji_instance|all_white_counter[16]           ; clk                                 ; clk         ; 0.000        ; 0.073      ; 0.966      ;
; 0.698 ; xiaoche:xiaoche_instance|xunji:xunji_instance|all_white_counter[20]           ; xiaoche:xiaoche_instance|xunji:xunji_instance|all_white_counter[20]           ; clk                                 ; clk         ; 0.000        ; 0.073      ; 0.966      ;
; 0.698 ; xiaoche:xiaoche_instance|pwm_counter[7]                                       ; xiaoche:xiaoche_instance|pwm_counter[7]                                       ; clk                                 ; clk         ; 0.000        ; 0.073      ; 0.966      ;
+-------+-------------------------------------------------------------------------------+-------------------------------------------------------------------------------+-------------------------------------+-------------+--------------+------------+------------+


+--------------------------------------------------------------------------------------------------------------------------------------------------------------------------------------------------------------------------------------------------------------+
; Slow 1200mV 0C Model Hold: 'xiaoche:xiaoche_instance|clk_div[4]'                                                                                                                                                                                             ;
+-------+----------------------------------------------------------------+----------------------------------------------------------------+-------------------------------------+-------------------------------------+--------------+------------+------------+
; Slack ; From Node                                                      ; To Node                                                        ; Launch Clock                        ; Latch Clock                         ; Relationship ; Clock Skew ; Data Delay ;
+-------+----------------------------------------------------------------+----------------------------------------------------------------+-------------------------------------+-------------------------------------+--------------+------------+------------+
; 0.382 ; xiaoche:xiaoche_instance|PosCounter:pos_counter3|count[17]     ; xiaoche:xiaoche_instance|PosCounter:pos_counter3|count[17]     ; xiaoche:xiaoche_instance|clk_div[4] ; xiaoche:xiaoche_instance|clk_div[4] ; 0.000        ; 0.092      ; 0.669      ;
; 0.382 ; xiaoche:xiaoche_instance|PosCounter:pos_counter2|count[17]     ; xiaoche:xiaoche_instance|PosCounter:pos_counter2|count[17]     ; xiaoche:xiaoche_instance|clk_div[4] ; xiaoche:xiaoche_instance|clk_div[4] ; 0.000        ; 0.092      ; 0.669      ;
; 0.382 ; xiaoche:xiaoche_instance|PosCounter:pos_counter2|count[16]     ; xiaoche:xiaoche_instance|PosCounter:pos_counter2|count[16]     ; xiaoche:xiaoche_instance|clk_div[4] ; xiaoche:xiaoche_instance|clk_div[4] ; 0.000        ; 0.092      ; 0.669      ;
; 0.382 ; xiaoche:xiaoche_instance|PosCounter:pos_counter2|count[12]     ; xiaoche:xiaoche_instance|PosCounter:pos_counter2|count[12]     ; xiaoche:xiaoche_instance|clk_div[4] ; xiaoche:xiaoche_instance|clk_div[4] ; 0.000        ; 0.092      ; 0.669      ;
; 0.383 ; xiaoche:xiaoche_instance|PosCounter:pos_counter3|count[19]     ; xiaoche:xiaoche_instance|PosCounter:pos_counter3|count[19]     ; xiaoche:xiaoche_instance|clk_div[4] ; xiaoche:xiaoche_instance|clk_div[4] ; 0.000        ; 0.091      ; 0.669      ;
; 0.383 ; xiaoche:xiaoche_instance|PosCounter:pos_counter3|count[18]     ; xiaoche:xiaoche_instance|PosCounter:pos_counter3|count[18]     ; xiaoche:xiaoche_instance|clk_div[4] ; xiaoche:xiaoche_instance|clk_div[4] ; 0.000        ; 0.091      ; 0.669      ;
; 0.383 ; xiaoche:xiaoche_instance|PosCounter:pos_counter3|count[14]     ; xiaoche:xiaoche_instance|PosCounter:pos_counter3|count[14]     ; xiaoche:xiaoche_instance|clk_div[4] ; xiaoche:xiaoche_instance|clk_div[4] ; 0.000        ; 0.091      ; 0.669      ;
; 0.383 ; xiaoche:xiaoche_instance|PosCounter:pos_counter1|count[19]     ; xiaoche:xiaoche_instance|PosCounter:pos_counter1|count[19]     ; xiaoche:xiaoche_instance|clk_div[4] ; xiaoche:xiaoche_instance|clk_div[4] ; 0.000        ; 0.091      ; 0.669      ;
; 0.383 ; xiaoche:xiaoche_instance|PosCounter:pos_counter1|count[18]     ; xiaoche:xiaoche_instance|PosCounter:pos_counter1|count[18]     ; xiaoche:xiaoche_instance|clk_div[4] ; xiaoche:xiaoche_instance|clk_div[4] ; 0.000        ; 0.091      ; 0.669      ;
; 0.383 ; xiaoche:xiaoche_instance|PosCounter:pos_counter1|count[15]     ; xiaoche:xiaoche_instance|PosCounter:pos_counter1|count[15]     ; xiaoche:xiaoche_instance|clk_div[4] ; xiaoche:xiaoche_instance|clk_div[4] ; 0.000        ; 0.091      ; 0.669      ;
; 0.383 ; xiaoche:xiaoche_instance|PosCounter:pos_counter1|count[12]     ; xiaoche:xiaoche_instance|PosCounter:pos_counter1|count[12]     ; xiaoche:xiaoche_instance|clk_div[4] ; xiaoche:xiaoche_instance|clk_div[4] ; 0.000        ; 0.091      ; 0.669      ;
; 0.383 ; xiaoche:xiaoche_instance|PosCounter:pos_counter1|count[11]     ; xiaoche:xiaoche_instance|PosCounter:pos_counter1|count[11]     ; xiaoche:xiaoche_instance|clk_div[4] ; xiaoche:xiaoche_instance|clk_div[4] ; 0.000        ; 0.091      ; 0.669      ;
; 0.383 ; xiaoche:xiaoche_instance|PosCounter:pos_counter1|count[10]     ; xiaoche:xiaoche_instance|PosCounter:pos_counter1|count[10]     ; xiaoche:xiaoche_instance|clk_div[4] ; xiaoche:xiaoche_instance|clk_div[4] ; 0.000        ; 0.091      ; 0.669      ;
; 0.383 ; xiaoche:xiaoche_instance|PosCounter:pos_counter1|count[9]      ; xiaoche:xiaoche_instance|PosCounter:pos_counter1|count[9]      ; xiaoche:xiaoche_instance|clk_div[4] ; xiaoche:xiaoche_instance|clk_div[4] ; 0.000        ; 0.091      ; 0.669      ;
; 0.383 ; xiaoche:xiaoche_instance|PosCounter:pos_counter1|count[5]      ; xiaoche:xiaoche_instance|PosCounter:pos_counter1|count[5]      ; xiaoche:xiaoche_instance|clk_div[4] ; xiaoche:xiaoche_instance|clk_div[4] ; 0.000        ; 0.091      ; 0.669      ;
; 0.383 ; xiaoche:xiaoche_instance|PosCounter:pos_counter2|count[18]     ; xiaoche:xiaoche_instance|PosCounter:pos_counter2|count[18]     ; xiaoche:xiaoche_instance|clk_div[4] ; xiaoche:xiaoche_instance|clk_div[4] ; 0.000        ; 0.091      ; 0.669      ;
; 0.383 ; xiaoche:xiaoche_instance|PosCounter:pos_counter2|count[15]     ; xiaoche:xiaoche_instance|PosCounter:pos_counter2|count[15]     ; xiaoche:xiaoche_instance|clk_div[4] ; xiaoche:xiaoche_instance|clk_div[4] ; 0.000        ; 0.091      ; 0.669      ;
; 0.383 ; xiaoche:xiaoche_instance|PosCounter:pos_counter2|count[14]     ; xiaoche:xiaoche_instance|PosCounter:pos_counter2|count[14]     ; xiaoche:xiaoche_instance|clk_div[4] ; xiaoche:xiaoche_instance|clk_div[4] ; 0.000        ; 0.091      ; 0.669      ;
; 0.383 ; xiaoche:xiaoche_instance|PosCounter:pos_counter2|count[13]     ; xiaoche:xiaoche_instance|PosCounter:pos_counter2|count[13]     ; xiaoche:xiaoche_instance|clk_div[4] ; xiaoche:xiaoche_instance|clk_div[4] ; 0.000        ; 0.091      ; 0.669      ;
; 0.383 ; xiaoche:xiaoche_instance|PosCounter:pos_counter2|count[9]      ; xiaoche:xiaoche_instance|PosCounter:pos_counter2|count[9]      ; xiaoche:xiaoche_instance|clk_div[4] ; xiaoche:xiaoche_instance|clk_div[4] ; 0.000        ; 0.091      ; 0.669      ;
; 0.383 ; xiaoche:xiaoche_instance|PosCounter:pos_counter2|count[7]      ; xiaoche:xiaoche_instance|PosCounter:pos_counter2|count[7]      ; xiaoche:xiaoche_instance|clk_div[4] ; xiaoche:xiaoche_instance|clk_div[4] ; 0.000        ; 0.091      ; 0.669      ;
; 0.383 ; xiaoche:xiaoche_instance|PosCounter:pos_counter2|count[6]      ; xiaoche:xiaoche_instance|PosCounter:pos_counter2|count[6]      ; xiaoche:xiaoche_instance|clk_div[4] ; xiaoche:xiaoche_instance|clk_div[4] ; 0.000        ; 0.091      ; 0.669      ;
; 0.383 ; xiaoche:xiaoche_instance|PosCounter:pos_counter2|count[4]      ; xiaoche:xiaoche_instance|PosCounter:pos_counter2|count[4]      ; xiaoche:xiaoche_instance|clk_div[4] ; xiaoche:xiaoche_instance|clk_div[4] ; 0.000        ; 0.091      ; 0.669      ;
; 0.383 ; xiaoche:xiaoche_instance|PosCounter:pos_counter2|count[3]      ; xiaoche:xiaoche_instance|PosCounter:pos_counter2|count[3]      ; xiaoche:xiaoche_instance|clk_div[4] ; xiaoche:xiaoche_instance|clk_div[4] ; 0.000        ; 0.091      ; 0.669      ;
; 0.384 ; xiaoche:xiaoche_instance|PosCounter:pos_counter1|count[17]     ; xiaoche:xiaoche_instance|PosCounter:pos_counter1|count[17]     ; xiaoche:xiaoche_instance|clk_div[4] ; xiaoche:xiaoche_instance|clk_div[4] ; 0.000        ; 0.090      ; 0.669      ;
; 0.384 ; xiaoche:xiaoche_instance|PosCounter:pos_counter1|count[16]     ; xiaoche:xiaoche_instance|PosCounter:pos_counter1|count[16]     ; xiaoche:xiaoche_instance|clk_div[4] ; xiaoche:xiaoche_instance|clk_div[4] ; 0.000        ; 0.090      ; 0.669      ;
; 0.384 ; xiaoche:xiaoche_instance|PosCounter:pos_counter1|count[14]     ; xiaoche:xiaoche_instance|PosCounter:pos_counter1|count[14]     ; xiaoche:xiaoche_instance|clk_div[4] ; xiaoche:xiaoche_instance|clk_div[4] ; 0.000        ; 0.090      ; 0.669      ;
; 0.384 ; xiaoche:xiaoche_instance|PosCounter:pos_counter1|count[13]     ; xiaoche:xiaoche_instance|PosCounter:pos_counter1|count[13]     ; xiaoche:xiaoche_instance|clk_div[4] ; xiaoche:xiaoche_instance|clk_div[4] ; 0.000        ; 0.090      ; 0.669      ;
; 0.385 ; xiaoche:xiaoche_instance|PosCounter:pos_counter1|count[8]      ; xiaoche:xiaoche_instance|PosCounter:pos_counter1|count[8]      ; xiaoche:xiaoche_instance|clk_div[4] ; xiaoche:xiaoche_instance|clk_div[4] ; 0.000        ; 0.089      ; 0.669      ;
; 0.385 ; xiaoche:xiaoche_instance|PosCounter:pos_counter1|count[7]      ; xiaoche:xiaoche_instance|PosCounter:pos_counter1|count[7]      ; xiaoche:xiaoche_instance|clk_div[4] ; xiaoche:xiaoche_instance|clk_div[4] ; 0.000        ; 0.089      ; 0.669      ;
; 0.385 ; xiaoche:xiaoche_instance|PosCounter:pos_counter1|count[2]      ; xiaoche:xiaoche_instance|PosCounter:pos_counter1|count[2]      ; xiaoche:xiaoche_instance|clk_div[4] ; xiaoche:xiaoche_instance|clk_div[4] ; 0.000        ; 0.089      ; 0.669      ;
; 0.385 ; xiaoche:xiaoche_instance|PosCounter:pos_counter1|count[0]      ; xiaoche:xiaoche_instance|PosCounter:pos_counter1|count[0]      ; xiaoche:xiaoche_instance|clk_div[4] ; xiaoche:xiaoche_instance|clk_div[4] ; 0.000        ; 0.089      ; 0.669      ;
; 0.400 ; xiaoche:xiaoche_instance|PosCounter:pos_counter2|count[19]     ; xiaoche:xiaoche_instance|PosCounter:pos_counter2|count[19]     ; xiaoche:xiaoche_instance|clk_div[4] ; xiaoche:xiaoche_instance|clk_div[4] ; 0.000        ; 0.074      ; 0.669      ;
; 0.400 ; xiaoche:xiaoche_instance|PosCounter:pos_counter2|count[11]     ; xiaoche:xiaoche_instance|PosCounter:pos_counter2|count[11]     ; xiaoche:xiaoche_instance|clk_div[4] ; xiaoche:xiaoche_instance|clk_div[4] ; 0.000        ; 0.074      ; 0.669      ;
; 0.400 ; xiaoche:xiaoche_instance|PosCounter:pos_counter2|count[10]     ; xiaoche:xiaoche_instance|PosCounter:pos_counter2|count[10]     ; xiaoche:xiaoche_instance|clk_div[4] ; xiaoche:xiaoche_instance|clk_div[4] ; 0.000        ; 0.074      ; 0.669      ;
; 0.401 ; xiaoche:xiaoche_instance|PosCounter:pos_counter3|count[12]     ; xiaoche:xiaoche_instance|PosCounter:pos_counter3|count[12]     ; xiaoche:xiaoche_instance|clk_div[4] ; xiaoche:xiaoche_instance|clk_div[4] ; 0.000        ; 0.073      ; 0.669      ;
; 0.401 ; xiaoche:xiaoche_instance|PosCounter:pos_counter3|count[11]     ; xiaoche:xiaoche_instance|PosCounter:pos_counter3|count[11]     ; xiaoche:xiaoche_instance|clk_div[4] ; xiaoche:xiaoche_instance|clk_div[4] ; 0.000        ; 0.073      ; 0.669      ;
; 0.401 ; xiaoche:xiaoche_instance|PosCounter:pos_counter3|count[10]     ; xiaoche:xiaoche_instance|PosCounter:pos_counter3|count[10]     ; xiaoche:xiaoche_instance|clk_div[4] ; xiaoche:xiaoche_instance|clk_div[4] ; 0.000        ; 0.073      ; 0.669      ;
; 0.401 ; xiaoche:xiaoche_instance|PosCounter:pos_counter3|count[9]      ; xiaoche:xiaoche_instance|PosCounter:pos_counter3|count[9]      ; xiaoche:xiaoche_instance|clk_div[4] ; xiaoche:xiaoche_instance|clk_div[4] ; 0.000        ; 0.073      ; 0.669      ;
; 0.401 ; xiaoche:xiaoche_instance|PosCounter:pos_counter3|count[8]      ; xiaoche:xiaoche_instance|PosCounter:pos_counter3|count[8]      ; xiaoche:xiaoche_instance|clk_div[4] ; xiaoche:xiaoche_instance|clk_div[4] ; 0.000        ; 0.073      ; 0.669      ;
; 0.401 ; xiaoche:xiaoche_instance|PosCounter:pos_counter3|count[7]      ; xiaoche:xiaoche_instance|PosCounter:pos_counter3|count[7]      ; xiaoche:xiaoche_instance|clk_div[4] ; xiaoche:xiaoche_instance|clk_div[4] ; 0.000        ; 0.073      ; 0.669      ;
; 0.401 ; xiaoche:xiaoche_instance|PosCounter:pos_counter3|count[6]      ; xiaoche:xiaoche_instance|PosCounter:pos_counter3|count[6]      ; xiaoche:xiaoche_instance|clk_div[4] ; xiaoche:xiaoche_instance|clk_div[4] ; 0.000        ; 0.073      ; 0.669      ;
; 0.401 ; xiaoche:xiaoche_instance|PosCounter:pos_counter3|count[5]      ; xiaoche:xiaoche_instance|PosCounter:pos_counter3|count[5]      ; xiaoche:xiaoche_instance|clk_div[4] ; xiaoche:xiaoche_instance|clk_div[4] ; 0.000        ; 0.073      ; 0.669      ;
; 0.401 ; xiaoche:xiaoche_instance|PosCounter:pos_counter3|count[4]      ; xiaoche:xiaoche_instance|PosCounter:pos_counter3|count[4]      ; xiaoche:xiaoche_instance|clk_div[4] ; xiaoche:xiaoche_instance|clk_div[4] ; 0.000        ; 0.073      ; 0.669      ;
; 0.401 ; xiaoche:xiaoche_instance|PosCounter:pos_counter3|count[3]      ; xiaoche:xiaoche_instance|PosCounter:pos_counter3|count[3]      ; xiaoche:xiaoche_instance|clk_div[4] ; xiaoche:xiaoche_instance|clk_div[4] ; 0.000        ; 0.073      ; 0.669      ;
; 0.401 ; xiaoche:xiaoche_instance|PosCounter:pos_counter3|count[2]      ; xiaoche:xiaoche_instance|PosCounter:pos_counter3|count[2]      ; xiaoche:xiaoche_instance|clk_div[4] ; xiaoche:xiaoche_instance|clk_div[4] ; 0.000        ; 0.073      ; 0.669      ;
; 0.401 ; xiaoche:xiaoche_instance|PosCounter:pos_counter3|count[1]      ; xiaoche:xiaoche_instance|PosCounter:pos_counter3|count[1]      ; xiaoche:xiaoche_instance|clk_div[4] ; xiaoche:xiaoche_instance|clk_div[4] ; 0.000        ; 0.073      ; 0.669      ;
; 0.401 ; xiaoche:xiaoche_instance|PosCounter:pos_counter3|count[0]      ; xiaoche:xiaoche_instance|PosCounter:pos_counter3|count[0]      ; xiaoche:xiaoche_instance|clk_div[4] ; xiaoche:xiaoche_instance|clk_div[4] ; 0.000        ; 0.073      ; 0.669      ;
; 0.401 ; xiaoche:xiaoche_instance|PosCounter:pos_counter3|curr_state.S0 ; xiaoche:xiaoche_instance|PosCounter:pos_counter3|curr_state.S0 ; xiaoche:xiaoche_instance|clk_div[4] ; xiaoche:xiaoche_instance|clk_div[4] ; 0.000        ; 0.073      ; 0.669      ;
; 0.401 ; xiaoche:xiaoche_instance|PosCounter:pos_counter3|curr_state.S1 ; xiaoche:xiaoche_instance|PosCounter:pos_counter3|curr_state.S1 ; xiaoche:xiaoche_instance|clk_div[4] ; xiaoche:xiaoche_instance|clk_div[4] ; 0.000        ; 0.073      ; 0.669      ;
; 0.401 ; xiaoche:xiaoche_instance|PosCounter:pos_counter3|curr_state.S2 ; xiaoche:xiaoche_instance|PosCounter:pos_counter3|curr_state.S2 ; xiaoche:xiaoche_instance|clk_div[4] ; xiaoche:xiaoche_instance|clk_div[4] ; 0.000        ; 0.073      ; 0.669      ;
; 0.401 ; xiaoche:xiaoche_instance|PosCounter:pos_counter1|curr_state.S2 ; xiaoche:xiaoche_instance|PosCounter:pos_counter1|curr_state.S2 ; xiaoche:xiaoche_instance|clk_div[4] ; xiaoche:xiaoche_instance|clk_div[4] ; 0.000        ; 0.073      ; 0.669      ;
; 0.401 ; xiaoche:xiaoche_instance|PosCounter:pos_counter2|count[8]      ; xiaoche:xiaoche_instance|PosCounter:pos_counter2|count[8]      ; xiaoche:xiaoche_instance|clk_div[4] ; xiaoche:xiaoche_instance|clk_div[4] ; 0.000        ; 0.073      ; 0.669      ;
; 0.401 ; xiaoche:xiaoche_instance|PosCounter:pos_counter2|count[5]      ; xiaoche:xiaoche_instance|PosCounter:pos_counter2|count[5]      ; xiaoche:xiaoche_instance|clk_div[4] ; xiaoche:xiaoche_instance|clk_div[4] ; 0.000        ; 0.073      ; 0.669      ;
; 0.401 ; xiaoche:xiaoche_instance|PosCounter:pos_counter2|count[2]      ; xiaoche:xiaoche_instance|PosCounter:pos_counter2|count[2]      ; xiaoche:xiaoche_instance|clk_div[4] ; xiaoche:xiaoche_instance|clk_div[4] ; 0.000        ; 0.073      ; 0.669      ;
; 0.401 ; xiaoche:xiaoche_instance|PosCounter:pos_counter2|count[1]      ; xiaoche:xiaoche_instance|PosCounter:pos_counter2|count[1]      ; xiaoche:xiaoche_instance|clk_div[4] ; xiaoche:xiaoche_instance|clk_div[4] ; 0.000        ; 0.073      ; 0.669      ;
; 0.401 ; xiaoche:xiaoche_instance|PosCounter:pos_counter2|count[0]      ; xiaoche:xiaoche_instance|PosCounter:pos_counter2|count[0]      ; xiaoche:xiaoche_instance|clk_div[4] ; xiaoche:xiaoche_instance|clk_div[4] ; 0.000        ; 0.073      ; 0.669      ;
; 0.401 ; xiaoche:xiaoche_instance|PosCounter:pos_counter2|curr_state.S1 ; xiaoche:xiaoche_instance|PosCounter:pos_counter2|curr_state.S1 ; xiaoche:xiaoche_instance|clk_div[4] ; xiaoche:xiaoche_instance|clk_div[4] ; 0.000        ; 0.073      ; 0.669      ;
; 0.401 ; xiaoche:xiaoche_instance|PosCounter:pos_counter2|curr_state.S0 ; xiaoche:xiaoche_instance|PosCounter:pos_counter2|curr_state.S0 ; xiaoche:xiaoche_instance|clk_div[4] ; xiaoche:xiaoche_instance|clk_div[4] ; 0.000        ; 0.073      ; 0.669      ;
; 0.401 ; xiaoche:xiaoche_instance|PosCounter:pos_counter2|curr_state.S2 ; xiaoche:xiaoche_instance|PosCounter:pos_counter2|curr_state.S2 ; xiaoche:xiaoche_instance|clk_div[4] ; xiaoche:xiaoche_instance|clk_div[4] ; 0.000        ; 0.073      ; 0.669      ;
; 0.402 ; xiaoche:xiaoche_instance|PosCounter:pos_counter3|count[16]     ; xiaoche:xiaoche_instance|PosCounter:pos_counter3|count[16]     ; xiaoche:xiaoche_instance|clk_div[4] ; xiaoche:xiaoche_instance|clk_div[4] ; 0.000        ; 0.072      ; 0.669      ;
; 0.402 ; xiaoche:xiaoche_instance|PosCounter:pos_counter3|count[15]     ; xiaoche:xiaoche_instance|PosCounter:pos_counter3|count[15]     ; xiaoche:xiaoche_instance|clk_div[4] ; xiaoche:xiaoche_instance|clk_div[4] ; 0.000        ; 0.072      ; 0.669      ;
; 0.402 ; xiaoche:xiaoche_instance|PosCounter:pos_counter3|count[13]     ; xiaoche:xiaoche_instance|PosCounter:pos_counter3|count[13]     ; xiaoche:xiaoche_instance|clk_div[4] ; xiaoche:xiaoche_instance|clk_div[4] ; 0.000        ; 0.072      ; 0.669      ;
; 0.402 ; xiaoche:xiaoche_instance|PosCounter:pos_counter1|count[6]      ; xiaoche:xiaoche_instance|PosCounter:pos_counter1|count[6]      ; xiaoche:xiaoche_instance|clk_div[4] ; xiaoche:xiaoche_instance|clk_div[4] ; 0.000        ; 0.072      ; 0.669      ;
; 0.402 ; xiaoche:xiaoche_instance|PosCounter:pos_counter1|count[4]      ; xiaoche:xiaoche_instance|PosCounter:pos_counter1|count[4]      ; xiaoche:xiaoche_instance|clk_div[4] ; xiaoche:xiaoche_instance|clk_div[4] ; 0.000        ; 0.072      ; 0.669      ;
; 0.402 ; xiaoche:xiaoche_instance|PosCounter:pos_counter1|count[3]      ; xiaoche:xiaoche_instance|PosCounter:pos_counter1|count[3]      ; xiaoche:xiaoche_instance|clk_div[4] ; xiaoche:xiaoche_instance|clk_div[4] ; 0.000        ; 0.072      ; 0.669      ;
; 0.402 ; xiaoche:xiaoche_instance|PosCounter:pos_counter1|count[1]      ; xiaoche:xiaoche_instance|PosCounter:pos_counter1|count[1]      ; xiaoche:xiaoche_instance|clk_div[4] ; xiaoche:xiaoche_instance|clk_div[4] ; 0.000        ; 0.072      ; 0.669      ;
; 0.402 ; xiaoche:xiaoche_instance|PosCounter:pos_counter1|curr_state.S1 ; xiaoche:xiaoche_instance|PosCounter:pos_counter1|curr_state.S1 ; xiaoche:xiaoche_instance|clk_div[4] ; xiaoche:xiaoche_instance|clk_div[4] ; 0.000        ; 0.072      ; 0.669      ;
; 0.402 ; xiaoche:xiaoche_instance|PosCounter:pos_counter1|curr_state.S0 ; xiaoche:xiaoche_instance|PosCounter:pos_counter1|curr_state.S0 ; xiaoche:xiaoche_instance|clk_div[4] ; xiaoche:xiaoche_instance|clk_div[4] ; 0.000        ; 0.072      ; 0.669      ;
; 0.457 ; xiaoche:xiaoche_instance|PosCounter:pos_counter1|curr_state.S0 ; xiaoche:xiaoche_instance|PosCounter:pos_counter1|curr_state.S1 ; xiaoche:xiaoche_instance|clk_div[4] ; xiaoche:xiaoche_instance|clk_div[4] ; 0.000        ; 0.072      ; 0.724      ;
; 0.645 ; xiaoche:xiaoche_instance|PosCounter:pos_counter3|curr_state.S1 ; xiaoche:xiaoche_instance|PosCounter:pos_counter3|count[17]     ; xiaoche:xiaoche_instance|clk_div[4] ; xiaoche:xiaoche_instance|clk_div[4] ; 0.000        ; 0.537      ; 1.377      ;
; 0.653 ; xiaoche:xiaoche_instance|PosCounter:pos_counter3|echo_reg2     ; xiaoche:xiaoche_instance|PosCounter:pos_counter3|curr_state.S2 ; xiaoche:xiaoche_instance|clk_div[4] ; xiaoche:xiaoche_instance|clk_div[4] ; 0.000        ; 0.073      ; 0.921      ;
; 0.655 ; xiaoche:xiaoche_instance|PosCounter:pos_counter3|count[1]      ; xiaoche:xiaoche_instance|PosCounter:pos_counter3|dis_reg[1]    ; xiaoche:xiaoche_instance|clk_div[4] ; xiaoche:xiaoche_instance|clk_div[4] ; 0.000        ; 0.073      ; 0.923      ;
; 0.697 ; xiaoche:xiaoche_instance|PosCounter:pos_counter3|curr_state.S1 ; xiaoche:xiaoche_instance|PosCounter:pos_counter3|count[14]     ; xiaoche:xiaoche_instance|clk_div[4] ; xiaoche:xiaoche_instance|clk_div[4] ; 0.000        ; 0.536      ; 1.428      ;
; 0.698 ; xiaoche:xiaoche_instance|PosCounter:pos_counter3|curr_state.S1 ; xiaoche:xiaoche_instance|PosCounter:pos_counter3|count[18]     ; xiaoche:xiaoche_instance|clk_div[4] ; xiaoche:xiaoche_instance|clk_div[4] ; 0.000        ; 0.536      ; 1.429      ;
; 0.700 ; xiaoche:xiaoche_instance|PosCounter:pos_counter3|curr_state.S1 ; xiaoche:xiaoche_instance|PosCounter:pos_counter3|count[19]     ; xiaoche:xiaoche_instance|clk_div[4] ; xiaoche:xiaoche_instance|clk_div[4] ; 0.000        ; 0.536      ; 1.431      ;
; 0.708 ; xiaoche:xiaoche_instance|PosCounter:pos_counter3|curr_state.S1 ; xiaoche:xiaoche_instance|PosCounter:pos_counter3|count[1]      ; xiaoche:xiaoche_instance|clk_div[4] ; xiaoche:xiaoche_instance|clk_div[4] ; 0.000        ; 0.073      ; 0.976      ;
; 0.717 ; xiaoche:xiaoche_instance|PosCounter:pos_counter3|curr_state.S0 ; xiaoche:xiaoche_instance|PosCounter:pos_counter3|curr_state.S1 ; xiaoche:xiaoche_instance|clk_div[4] ; xiaoche:xiaoche_instance|clk_div[4] ; 0.000        ; 0.073      ; 0.985      ;
; 0.721 ; xiaoche:xiaoche_instance|PosCounter:pos_counter2|curr_state.S1 ; xiaoche:xiaoche_instance|PosCounter:pos_counter2|curr_state.S2 ; xiaoche:xiaoche_instance|clk_div[4] ; xiaoche:xiaoche_instance|clk_div[4] ; 0.000        ; 0.073      ; 0.989      ;
; 0.727 ; xiaoche:xiaoche_instance|PosCounter:pos_counter2|curr_state.S0 ; xiaoche:xiaoche_instance|PosCounter:pos_counter2|curr_state.S1 ; xiaoche:xiaoche_instance|clk_div[4] ; xiaoche:xiaoche_instance|clk_div[4] ; 0.000        ; 0.073      ; 0.995      ;
; 0.746 ; xiaoche:xiaoche_instance|PosCounter:pos_counter3|curr_state.S2 ; xiaoche:xiaoche_instance|PosCounter:pos_counter3|curr_state.S0 ; xiaoche:xiaoche_instance|clk_div[4] ; xiaoche:xiaoche_instance|clk_div[4] ; 0.000        ; 0.073      ; 1.014      ;
; 0.767 ; xiaoche:xiaoche_instance|PosCounter:pos_counter2|curr_state.S2 ; xiaoche:xiaoche_instance|PosCounter:pos_counter2|curr_state.S0 ; xiaoche:xiaoche_instance|clk_div[4] ; xiaoche:xiaoche_instance|clk_div[4] ; 0.000        ; 0.073      ; 1.035      ;
; 0.775 ; xiaoche:xiaoche_instance|PosCounter:pos_counter3|curr_state.S1 ; xiaoche:xiaoche_instance|PosCounter:pos_counter3|count[2]      ; xiaoche:xiaoche_instance|clk_div[4] ; xiaoche:xiaoche_instance|clk_div[4] ; 0.000        ; 0.073      ; 1.043      ;
; 0.776 ; xiaoche:xiaoche_instance|PosCounter:pos_counter3|curr_state.S1 ; xiaoche:xiaoche_instance|PosCounter:pos_counter3|curr_state.S2 ; xiaoche:xiaoche_instance|clk_div[4] ; xiaoche:xiaoche_instance|clk_div[4] ; 0.000        ; 0.073      ; 1.044      ;
; 0.778 ; xiaoche:xiaoche_instance|PosCounter:pos_counter3|curr_state.S1 ; xiaoche:xiaoche_instance|PosCounter:pos_counter3|count[8]      ; xiaoche:xiaoche_instance|clk_div[4] ; xiaoche:xiaoche_instance|clk_div[4] ; 0.000        ; 0.073      ; 1.046      ;
; 0.779 ; xiaoche:xiaoche_instance|PosCounter:pos_counter3|curr_state.S1 ; xiaoche:xiaoche_instance|PosCounter:pos_counter3|count[4]      ; xiaoche:xiaoche_instance|clk_div[4] ; xiaoche:xiaoche_instance|clk_div[4] ; 0.000        ; 0.073      ; 1.047      ;
; 0.780 ; xiaoche:xiaoche_instance|PosCounter:pos_counter3|curr_state.S1 ; xiaoche:xiaoche_instance|PosCounter:pos_counter3|count[7]      ; xiaoche:xiaoche_instance|clk_div[4] ; xiaoche:xiaoche_instance|clk_div[4] ; 0.000        ; 0.073      ; 1.048      ;
; 0.784 ; xiaoche:xiaoche_instance|PosCounter:pos_counter1|curr_state.S1 ; xiaoche:xiaoche_instance|PosCounter:pos_counter1|count[12]     ; xiaoche:xiaoche_instance|clk_div[4] ; xiaoche:xiaoche_instance|clk_div[4] ; 0.000        ; 0.539      ; 1.518      ;
; 0.784 ; xiaoche:xiaoche_instance|PosCounter:pos_counter1|curr_state.S1 ; xiaoche:xiaoche_instance|PosCounter:pos_counter1|count[10]     ; xiaoche:xiaoche_instance|clk_div[4] ; xiaoche:xiaoche_instance|clk_div[4] ; 0.000        ; 0.539      ; 1.518      ;
; 0.800 ; xiaoche:xiaoche_instance|PosCounter:pos_counter3|curr_state.S2 ; xiaoche:xiaoche_instance|PosCounter:pos_counter3|curr_state.S1 ; xiaoche:xiaoche_instance|clk_div[4] ; xiaoche:xiaoche_instance|clk_div[4] ; 0.000        ; 0.073      ; 1.068      ;
; 0.812 ; xiaoche:xiaoche_instance|PosCounter:pos_counter2|count[2]      ; xiaoche:xiaoche_instance|PosCounter:pos_counter2|dis_reg[2]    ; xiaoche:xiaoche_instance|clk_div[4] ; xiaoche:xiaoche_instance|clk_div[4] ; 0.000        ; 0.072      ; 1.079      ;
; 0.823 ; xiaoche:xiaoche_instance|PosCounter:pos_counter2|count[1]      ; xiaoche:xiaoche_instance|PosCounter:pos_counter2|dis_reg[1]    ; xiaoche:xiaoche_instance|clk_div[4] ; xiaoche:xiaoche_instance|clk_div[4] ; 0.000        ; 0.072      ; 1.090      ;
; 0.827 ; xiaoche:xiaoche_instance|PosCounter:pos_counter3|echo_reg1     ; xiaoche:xiaoche_instance|PosCounter:pos_counter3|echo_reg2     ; xiaoche:xiaoche_instance|clk_div[4] ; xiaoche:xiaoche_instance|clk_div[4] ; 0.000        ; 0.073      ; 1.095      ;
; 0.841 ; xiaoche:xiaoche_instance|PosCounter:pos_counter3|count[4]      ; xiaoche:xiaoche_instance|PosCounter:pos_counter3|dis_reg[4]    ; xiaoche:xiaoche_instance|clk_div[4] ; xiaoche:xiaoche_instance|clk_div[4] ; 0.000        ; 0.073      ; 1.109      ;
; 0.879 ; xiaoche:xiaoche_instance|PosCounter:pos_counter1|curr_state.S1 ; xiaoche:xiaoche_instance|PosCounter:pos_counter1|count[9]      ; xiaoche:xiaoche_instance|clk_div[4] ; xiaoche:xiaoche_instance|clk_div[4] ; 0.000        ; 0.539      ; 1.613      ;
; 0.882 ; xiaoche:xiaoche_instance|PosCounter:pos_counter1|curr_state.S1 ; xiaoche:xiaoche_instance|PosCounter:pos_counter1|count[5]      ; xiaoche:xiaoche_instance|clk_div[4] ; xiaoche:xiaoche_instance|clk_div[4] ; 0.000        ; 0.539      ; 1.616      ;
; 0.898 ; xiaoche:xiaoche_instance|PosCounter:pos_counter1|count[2]      ; xiaoche:xiaoche_instance|PosCounter:pos_counter1|dis_reg[2]    ; xiaoche:xiaoche_instance|clk_div[4] ; xiaoche:xiaoche_instance|clk_div[4] ; 0.000        ; -0.333     ; 0.760      ;
; 0.899 ; xiaoche:xiaoche_instance|PosCounter:pos_counter2|count[14]     ; xiaoche:xiaoche_instance|PosCounter:pos_counter2|dis_reg[14]   ; xiaoche:xiaoche_instance|clk_div[4] ; xiaoche:xiaoche_instance|clk_div[4] ; 0.000        ; -0.335     ; 0.759      ;
; 0.899 ; xiaoche:xiaoche_instance|PosCounter:pos_counter2|count[4]      ; xiaoche:xiaoche_instance|PosCounter:pos_counter2|dis_reg[4]    ; xiaoche:xiaoche_instance|clk_div[4] ; xiaoche:xiaoche_instance|clk_div[4] ; 0.000        ; -0.335     ; 0.759      ;
; 0.899 ; xiaoche:xiaoche_instance|PosCounter:pos_counter2|count[3]      ; xiaoche:xiaoche_instance|PosCounter:pos_counter2|dis_reg[3]    ; xiaoche:xiaoche_instance|clk_div[4] ; xiaoche:xiaoche_instance|clk_div[4] ; 0.000        ; -0.335     ; 0.759      ;
+-------+----------------------------------------------------------------+----------------------------------------------------------------+-------------------------------------+-------------------------------------+--------------+------------+------------+


+-----------------------------------------------------------------------------------------------------------------------------------------------------+
; Slow 1200mV 0C Model Minimum Pulse Width: 'clk'                                                                                                     ;
+--------+--------------+----------------+------------+-------+------------+--------------------------------------------------------------------------+
; Slack  ; Actual Width ; Required Width ; Type       ; Clock ; Clock Edge ; Target                                                                   ;
+--------+--------------+----------------+------------+-------+------------+--------------------------------------------------------------------------+
; -3.000 ; 1.000        ; 4.000          ; Port Rate  ; clk   ; Rise       ; clk                                                                      ;
; -1.487 ; 1.000        ; 2.487          ; Min Period ; clk   ; Rise       ; xiaoche:xiaoche_instance|boche:boche_executor|current_state.FORWARD_2S   ;
; -1.487 ; 1.000        ; 2.487          ; Min Period ; clk   ; Rise       ; xiaoche:xiaoche_instance|boche:boche_executor|current_state.FORWARD_2S_2 ;
; -1.487 ; 1.000        ; 2.487          ; Min Period ; clk   ; Rise       ; xiaoche:xiaoche_instance|boche:boche_executor|current_state.IDLE         ;
; -1.487 ; 1.000        ; 2.487          ; Min Period ; clk   ; Rise       ; xiaoche:xiaoche_instance|boche:boche_executor|current_state.RIGHT_200MS  ;
; -1.487 ; 1.000        ; 2.487          ; Min Period ; clk   ; Rise       ; xiaoche:xiaoche_instance|boche:boche_executor|current_state.stop         ;
; -1.487 ; 1.000        ; 2.487          ; Min Period ; clk   ; Rise       ; xiaoche:xiaoche_instance|boche:boche_executor|left[1]                    ;
; -1.487 ; 1.000        ; 2.487          ; Min Period ; clk   ; Rise       ; xiaoche:xiaoche_instance|boche:boche_executor|prev_mode[0]               ;
; -1.487 ; 1.000        ; 2.487          ; Min Period ; clk   ; Rise       ; xiaoche:xiaoche_instance|boche:boche_executor|prev_mode[1]               ;
; -1.487 ; 1.000        ; 2.487          ; Min Period ; clk   ; Rise       ; xiaoche:xiaoche_instance|boche:boche_executor|pwm_value[0]               ;
; -1.487 ; 1.000        ; 2.487          ; Min Period ; clk   ; Rise       ; xiaoche:xiaoche_instance|boche:boche_executor|pwm_value[1]               ;
; -1.487 ; 1.000        ; 2.487          ; Min Period ; clk   ; Rise       ; xiaoche:xiaoche_instance|boche:boche_executor|pwm_value[2]               ;
; -1.487 ; 1.000        ; 2.487          ; Min Period ; clk   ; Rise       ; xiaoche:xiaoche_instance|boche:boche_executor|pwm_value[4]               ;
; -1.487 ; 1.000        ; 2.487          ; Min Period ; clk   ; Rise       ; xiaoche:xiaoche_instance|boche:boche_executor|right[0]                   ;
; -1.487 ; 1.000        ; 2.487          ; Min Period ; clk   ; Rise       ; xiaoche:xiaoche_instance|boche:boche_executor|right[1]                   ;
; -1.487 ; 1.000        ; 2.487          ; Min Period ; clk   ; Rise       ; xiaoche:xiaoche_instance|boche:boche_executor|timer[0]                   ;
; -1.487 ; 1.000        ; 2.487          ; Min Period ; clk   ; Rise       ; xiaoche:xiaoche_instance|boche:boche_executor|timer[10]                  ;
; -1.487 ; 1.000        ; 2.487          ; Min Period ; clk   ; Rise       ; xiaoche:xiaoche_instance|boche:boche_executor|timer[11]                  ;
; -1.487 ; 1.000        ; 2.487          ; Min Period ; clk   ; Rise       ; xiaoche:xiaoche_instance|boche:boche_executor|timer[12]                  ;
; -1.487 ; 1.000        ; 2.487          ; Min Period ; clk   ; Rise       ; xiaoche:xiaoche_instance|boche:boche_executor|timer[13]                  ;
; -1.487 ; 1.000        ; 2.487          ; Min Period ; clk   ; Rise       ; xiaoche:xiaoche_instance|boche:boche_executor|timer[14]                  ;
; -1.487 ; 1.000        ; 2.487          ; Min Period ; clk   ; Rise       ; xiaoche:xiaoche_instance|boche:boche_executor|timer[15]                  ;
; -1.487 ; 1.000        ; 2.487          ; Min Period ; clk   ; Rise       ; xiaoche:xiaoche_instance|boche:boche_executor|timer[16]                  ;
; -1.487 ; 1.000        ; 2.487          ; Min Period ; clk   ; Rise       ; xiaoche:xiaoche_instance|boche:boche_executor|timer[17]                  ;
; -1.487 ; 1.000        ; 2.487          ; Min Period ; clk   ; Rise       ; xiaoche:xiaoche_instance|boche:boche_executor|timer[18]                  ;
; -1.487 ; 1.000        ; 2.487          ; Min Period ; clk   ; Rise       ; xiaoche:xiaoche_instance|boche:boche_executor|timer[19]                  ;
; -1.487 ; 1.000        ; 2.487          ; Min Period ; clk   ; Rise       ; xiaoche:xiaoche_instance|boche:boche_executor|timer[1]                   ;
; -1.487 ; 1.000        ; 2.487          ; Min Period ; clk   ; Rise       ; xiaoche:xiaoche_instance|boche:boche_executor|timer[20]                  ;
; -1.487 ; 1.000        ; 2.487          ; Min Period ; clk   ; Rise       ; xiaoche:xiaoche_instance|boche:boche_executor|timer[21]                  ;
; -1.487 ; 1.000        ; 2.487          ; Min Period ; clk   ; Rise       ; xiaoche:xiaoche_instance|boche:boche_executor|timer[22]                  ;
; -1.487 ; 1.000        ; 2.487          ; Min Period ; clk   ; Rise       ; xiaoche:xiaoche_instance|boche:boche_executor|timer[23]                  ;
; -1.487 ; 1.000        ; 2.487          ; Min Period ; clk   ; Rise       ; xiaoche:xiaoche_instance|boche:boche_executor|timer[24]                  ;
; -1.487 ; 1.000        ; 2.487          ; Min Period ; clk   ; Rise       ; xiaoche:xiaoche_instance|boche:boche_executor|timer[25]                  ;
; -1.487 ; 1.000        ; 2.487          ; Min Period ; clk   ; Rise       ; xiaoche:xiaoche_instance|boche:boche_executor|timer[26]                  ;
; -1.487 ; 1.000        ; 2.487          ; Min Period ; clk   ; Rise       ; xiaoche:xiaoche_instance|boche:boche_executor|timer[27]                  ;
; -1.487 ; 1.000        ; 2.487          ; Min Period ; clk   ; Rise       ; xiaoche:xiaoche_instance|boche:boche_executor|timer[28]                  ;
; -1.487 ; 1.000        ; 2.487          ; Min Period ; clk   ; Rise       ; xiaoche:xiaoche_instance|boche:boche_executor|timer[29]                  ;
; -1.487 ; 1.000        ; 2.487          ; Min Period ; clk   ; Rise       ; xiaoche:xiaoche_instance|boche:boche_executor|timer[2]                   ;
; -1.487 ; 1.000        ; 2.487          ; Min Period ; clk   ; Rise       ; xiaoche:xiaoche_instance|boche:boche_executor|timer[30]                  ;
; -1.487 ; 1.000        ; 2.487          ; Min Period ; clk   ; Rise       ; xiaoche:xiaoche_instance|boche:boche_executor|timer[31]                  ;
; -1.487 ; 1.000        ; 2.487          ; Min Period ; clk   ; Rise       ; xiaoche:xiaoche_instance|boche:boche_executor|timer[3]                   ;
; -1.487 ; 1.000        ; 2.487          ; Min Period ; clk   ; Rise       ; xiaoche:xiaoche_instance|boche:boche_executor|timer[4]                   ;
; -1.487 ; 1.000        ; 2.487          ; Min Period ; clk   ; Rise       ; xiaoche:xiaoche_instance|boche:boche_executor|timer[5]                   ;
; -1.487 ; 1.000        ; 2.487          ; Min Period ; clk   ; Rise       ; xiaoche:xiaoche_instance|boche:boche_executor|timer[6]                   ;
; -1.487 ; 1.000        ; 2.487          ; Min Period ; clk   ; Rise       ; xiaoche:xiaoche_instance|boche:boche_executor|timer[7]                   ;
; -1.487 ; 1.000        ; 2.487          ; Min Period ; clk   ; Rise       ; xiaoche:xiaoche_instance|boche:boche_executor|timer[8]                   ;
; -1.487 ; 1.000        ; 2.487          ; Min Period ; clk   ; Rise       ; xiaoche:xiaoche_instance|boche:boche_executor|timer[9]                   ;
; -1.487 ; 1.000        ; 2.487          ; Min Period ; clk   ; Rise       ; xiaoche:xiaoche_instance|clk_div[1]                                      ;
; -1.487 ; 1.000        ; 2.487          ; Min Period ; clk   ; Rise       ; xiaoche:xiaoche_instance|clk_div[2]                                      ;
; -1.487 ; 1.000        ; 2.487          ; Min Period ; clk   ; Rise       ; xiaoche:xiaoche_instance|clk_div[3]                                      ;
; -1.487 ; 1.000        ; 2.487          ; Min Period ; clk   ; Rise       ; xiaoche:xiaoche_instance|clk_div[4]                                      ;
; -1.487 ; 1.000        ; 2.487          ; Min Period ; clk   ; Rise       ; xiaoche:xiaoche_instance|current_mode[0]                                 ;
; -1.487 ; 1.000        ; 2.487          ; Min Period ; clk   ; Rise       ; xiaoche:xiaoche_instance|current_mode[1]                                 ;
; -1.487 ; 1.000        ; 2.487          ; Min Period ; clk   ; Rise       ; xiaoche:xiaoche_instance|distance1[0]                                    ;
; -1.487 ; 1.000        ; 2.487          ; Min Period ; clk   ; Rise       ; xiaoche:xiaoche_instance|distance1[10]                                   ;
; -1.487 ; 1.000        ; 2.487          ; Min Period ; clk   ; Rise       ; xiaoche:xiaoche_instance|distance1[11]                                   ;
; -1.487 ; 1.000        ; 2.487          ; Min Period ; clk   ; Rise       ; xiaoche:xiaoche_instance|distance1[12]                                   ;
; -1.487 ; 1.000        ; 2.487          ; Min Period ; clk   ; Rise       ; xiaoche:xiaoche_instance|distance1[13]                                   ;
; -1.487 ; 1.000        ; 2.487          ; Min Period ; clk   ; Rise       ; xiaoche:xiaoche_instance|distance1[14]                                   ;
; -1.487 ; 1.000        ; 2.487          ; Min Period ; clk   ; Rise       ; xiaoche:xiaoche_instance|distance1[1]                                    ;
; -1.487 ; 1.000        ; 2.487          ; Min Period ; clk   ; Rise       ; xiaoche:xiaoche_instance|distance1[2]                                    ;
; -1.487 ; 1.000        ; 2.487          ; Min Period ; clk   ; Rise       ; xiaoche:xiaoche_instance|distance1[3]                                    ;
; -1.487 ; 1.000        ; 2.487          ; Min Period ; clk   ; Rise       ; xiaoche:xiaoche_instance|distance1[4]                                    ;
; -1.487 ; 1.000        ; 2.487          ; Min Period ; clk   ; Rise       ; xiaoche:xiaoche_instance|distance1[5]                                    ;
; -1.487 ; 1.000        ; 2.487          ; Min Period ; clk   ; Rise       ; xiaoche:xiaoche_instance|distance1[6]                                    ;
; -1.487 ; 1.000        ; 2.487          ; Min Period ; clk   ; Rise       ; xiaoche:xiaoche_instance|distance1[7]                                    ;
; -1.487 ; 1.000        ; 2.487          ; Min Period ; clk   ; Rise       ; xiaoche:xiaoche_instance|distance1[8]                                    ;
; -1.487 ; 1.000        ; 2.487          ; Min Period ; clk   ; Rise       ; xiaoche:xiaoche_instance|distance1[9]                                    ;
; -1.487 ; 1.000        ; 2.487          ; Min Period ; clk   ; Rise       ; xiaoche:xiaoche_instance|distance2[0]                                    ;
; -1.487 ; 1.000        ; 2.487          ; Min Period ; clk   ; Rise       ; xiaoche:xiaoche_instance|distance2[10]                                   ;
; -1.487 ; 1.000        ; 2.487          ; Min Period ; clk   ; Rise       ; xiaoche:xiaoche_instance|distance2[11]                                   ;
; -1.487 ; 1.000        ; 2.487          ; Min Period ; clk   ; Rise       ; xiaoche:xiaoche_instance|distance2[12]                                   ;
; -1.487 ; 1.000        ; 2.487          ; Min Period ; clk   ; Rise       ; xiaoche:xiaoche_instance|distance2[13]                                   ;
; -1.487 ; 1.000        ; 2.487          ; Min Period ; clk   ; Rise       ; xiaoche:xiaoche_instance|distance2[14]                                   ;
; -1.487 ; 1.000        ; 2.487          ; Min Period ; clk   ; Rise       ; xiaoche:xiaoche_instance|distance2[1]                                    ;
; -1.487 ; 1.000        ; 2.487          ; Min Period ; clk   ; Rise       ; xiaoche:xiaoche_instance|distance2[2]                                    ;
; -1.487 ; 1.000        ; 2.487          ; Min Period ; clk   ; Rise       ; xiaoche:xiaoche_instance|distance2[3]                                    ;
; -1.487 ; 1.000        ; 2.487          ; Min Period ; clk   ; Rise       ; xiaoche:xiaoche_instance|distance2[4]                                    ;
; -1.487 ; 1.000        ; 2.487          ; Min Period ; clk   ; Rise       ; xiaoche:xiaoche_instance|distance2[5]                                    ;
; -1.487 ; 1.000        ; 2.487          ; Min Period ; clk   ; Rise       ; xiaoche:xiaoche_instance|distance2[6]                                    ;
; -1.487 ; 1.000        ; 2.487          ; Min Period ; clk   ; Rise       ; xiaoche:xiaoche_instance|distance2[7]                                    ;
; -1.487 ; 1.000        ; 2.487          ; Min Period ; clk   ; Rise       ; xiaoche:xiaoche_instance|distance2[8]                                    ;
; -1.487 ; 1.000        ; 2.487          ; Min Period ; clk   ; Rise       ; xiaoche:xiaoche_instance|distance2[9]                                    ;
; -1.487 ; 1.000        ; 2.487          ; Min Period ; clk   ; Rise       ; xiaoche:xiaoche_instance|distance3[0]                                    ;
; -1.487 ; 1.000        ; 2.487          ; Min Period ; clk   ; Rise       ; xiaoche:xiaoche_instance|distance3[10]                                   ;
; -1.487 ; 1.000        ; 2.487          ; Min Period ; clk   ; Rise       ; xiaoche:xiaoche_instance|distance3[11]                                   ;
; -1.487 ; 1.000        ; 2.487          ; Min Period ; clk   ; Rise       ; xiaoche:xiaoche_instance|distance3[12]                                   ;
; -1.487 ; 1.000        ; 2.487          ; Min Period ; clk   ; Rise       ; xiaoche:xiaoche_instance|distance3[13]                                   ;
; -1.487 ; 1.000        ; 2.487          ; Min Period ; clk   ; Rise       ; xiaoche:xiaoche_instance|distance3[14]                                   ;
; -1.487 ; 1.000        ; 2.487          ; Min Period ; clk   ; Rise       ; xiaoche:xiaoche_instance|distance3[1]                                    ;
; -1.487 ; 1.000        ; 2.487          ; Min Period ; clk   ; Rise       ; xiaoche:xiaoche_instance|distance3[2]                                    ;
; -1.487 ; 1.000        ; 2.487          ; Min Period ; clk   ; Rise       ; xiaoche:xiaoche_instance|distance3[3]                                    ;
; -1.487 ; 1.000        ; 2.487          ; Min Period ; clk   ; Rise       ; xiaoche:xiaoche_instance|distance3[4]                                    ;
; -1.487 ; 1.000        ; 2.487          ; Min Period ; clk   ; Rise       ; xiaoche:xiaoche_instance|distance3[5]                                    ;
; -1.487 ; 1.000        ; 2.487          ; Min Period ; clk   ; Rise       ; xiaoche:xiaoche_instance|distance3[6]                                    ;
; -1.487 ; 1.000        ; 2.487          ; Min Period ; clk   ; Rise       ; xiaoche:xiaoche_instance|distance3[7]                                    ;
; -1.487 ; 1.000        ; 2.487          ; Min Period ; clk   ; Rise       ; xiaoche:xiaoche_instance|distance3[8]                                    ;
; -1.487 ; 1.000        ; 2.487          ; Min Period ; clk   ; Rise       ; xiaoche:xiaoche_instance|distance3[9]                                    ;
; -1.487 ; 1.000        ; 2.487          ; Min Period ; clk   ; Rise       ; xiaoche:xiaoche_instance|enable_counter[0]                               ;
; -1.487 ; 1.000        ; 2.487          ; Min Period ; clk   ; Rise       ; xiaoche:xiaoche_instance|enable_counter[10]                              ;
+--------+--------------+----------------+------------+-------+------------+--------------------------------------------------------------------------+


+-------------------------------------------------------------------------------------------------------------------------------------------------------------------------+
; Slow 1200mV 0C Model Minimum Pulse Width: 'xiaoche:xiaoche_instance|clk_div[4]'                                                                                         ;
+--------+--------------+----------------+------------+-------------------------------------+------------+----------------------------------------------------------------+
; Slack  ; Actual Width ; Required Width ; Type       ; Clock                               ; Clock Edge ; Target                                                         ;
+--------+--------------+----------------+------------+-------------------------------------+------------+----------------------------------------------------------------+
; -1.487 ; 1.000        ; 2.487          ; Min Period ; xiaoche:xiaoche_instance|clk_div[4] ; Rise       ; xiaoche:xiaoche_instance|PosCounter:pos_counter1|count[0]      ;
; -1.487 ; 1.000        ; 2.487          ; Min Period ; xiaoche:xiaoche_instance|clk_div[4] ; Rise       ; xiaoche:xiaoche_instance|PosCounter:pos_counter1|count[10]     ;
; -1.487 ; 1.000        ; 2.487          ; Min Period ; xiaoche:xiaoche_instance|clk_div[4] ; Rise       ; xiaoche:xiaoche_instance|PosCounter:pos_counter1|count[11]     ;
; -1.487 ; 1.000        ; 2.487          ; Min Period ; xiaoche:xiaoche_instance|clk_div[4] ; Rise       ; xiaoche:xiaoche_instance|PosCounter:pos_counter1|count[12]     ;
; -1.487 ; 1.000        ; 2.487          ; Min Period ; xiaoche:xiaoche_instance|clk_div[4] ; Rise       ; xiaoche:xiaoche_instance|PosCounter:pos_counter1|count[13]     ;
; -1.487 ; 1.000        ; 2.487          ; Min Period ; xiaoche:xiaoche_instance|clk_div[4] ; Rise       ; xiaoche:xiaoche_instance|PosCounter:pos_counter1|count[14]     ;
; -1.487 ; 1.000        ; 2.487          ; Min Period ; xiaoche:xiaoche_instance|clk_div[4] ; Rise       ; xiaoche:xiaoche_instance|PosCounter:pos_counter1|count[15]     ;
; -1.487 ; 1.000        ; 2.487          ; Min Period ; xiaoche:xiaoche_instance|clk_div[4] ; Rise       ; xiaoche:xiaoche_instance|PosCounter:pos_counter1|count[16]     ;
; -1.487 ; 1.000        ; 2.487          ; Min Period ; xiaoche:xiaoche_instance|clk_div[4] ; Rise       ; xiaoche:xiaoche_instance|PosCounter:pos_counter1|count[17]     ;
; -1.487 ; 1.000        ; 2.487          ; Min Period ; xiaoche:xiaoche_instance|clk_div[4] ; Rise       ; xiaoche:xiaoche_instance|PosCounter:pos_counter1|count[18]     ;
; -1.487 ; 1.000        ; 2.487          ; Min Period ; xiaoche:xiaoche_instance|clk_div[4] ; Rise       ; xiaoche:xiaoche_instance|PosCounter:pos_counter1|count[19]     ;
; -1.487 ; 1.000        ; 2.487          ; Min Period ; xiaoche:xiaoche_instance|clk_div[4] ; Rise       ; xiaoche:xiaoche_instance|PosCounter:pos_counter1|count[1]      ;
; -1.487 ; 1.000        ; 2.487          ; Min Period ; xiaoche:xiaoche_instance|clk_div[4] ; Rise       ; xiaoche:xiaoche_instance|PosCounter:pos_counter1|count[2]      ;
; -1.487 ; 1.000        ; 2.487          ; Min Period ; xiaoche:xiaoche_instance|clk_div[4] ; Rise       ; xiaoche:xiaoche_instance|PosCounter:pos_counter1|count[3]      ;
; -1.487 ; 1.000        ; 2.487          ; Min Period ; xiaoche:xiaoche_instance|clk_div[4] ; Rise       ; xiaoche:xiaoche_instance|PosCounter:pos_counter1|count[4]      ;
; -1.487 ; 1.000        ; 2.487          ; Min Period ; xiaoche:xiaoche_instance|clk_div[4] ; Rise       ; xiaoche:xiaoche_instance|PosCounter:pos_counter1|count[5]      ;
; -1.487 ; 1.000        ; 2.487          ; Min Period ; xiaoche:xiaoche_instance|clk_div[4] ; Rise       ; xiaoche:xiaoche_instance|PosCounter:pos_counter1|count[6]      ;
; -1.487 ; 1.000        ; 2.487          ; Min Period ; xiaoche:xiaoche_instance|clk_div[4] ; Rise       ; xiaoche:xiaoche_instance|PosCounter:pos_counter1|count[7]      ;
; -1.487 ; 1.000        ; 2.487          ; Min Period ; xiaoche:xiaoche_instance|clk_div[4] ; Rise       ; xiaoche:xiaoche_instance|PosCounter:pos_counter1|count[8]      ;
; -1.487 ; 1.000        ; 2.487          ; Min Period ; xiaoche:xiaoche_instance|clk_div[4] ; Rise       ; xiaoche:xiaoche_instance|PosCounter:pos_counter1|count[9]      ;
; -1.487 ; 1.000        ; 2.487          ; Min Period ; xiaoche:xiaoche_instance|clk_div[4] ; Rise       ; xiaoche:xiaoche_instance|PosCounter:pos_counter1|curr_state.S0 ;
; -1.487 ; 1.000        ; 2.487          ; Min Period ; xiaoche:xiaoche_instance|clk_div[4] ; Rise       ; xiaoche:xiaoche_instance|PosCounter:pos_counter1|curr_state.S1 ;
; -1.487 ; 1.000        ; 2.487          ; Min Period ; xiaoche:xiaoche_instance|clk_div[4] ; Rise       ; xiaoche:xiaoche_instance|PosCounter:pos_counter1|curr_state.S2 ;
; -1.487 ; 1.000        ; 2.487          ; Min Period ; xiaoche:xiaoche_instance|clk_div[4] ; Rise       ; xiaoche:xiaoche_instance|PosCounter:pos_counter1|dis_reg[10]   ;
; -1.487 ; 1.000        ; 2.487          ; Min Period ; xiaoche:xiaoche_instance|clk_div[4] ; Rise       ; xiaoche:xiaoche_instance|PosCounter:pos_counter1|dis_reg[11]   ;
; -1.487 ; 1.000        ; 2.487          ; Min Period ; xiaoche:xiaoche_instance|clk_div[4] ; Rise       ; xiaoche:xiaoche_instance|PosCounter:pos_counter1|dis_reg[12]   ;
; -1.487 ; 1.000        ; 2.487          ; Min Period ; xiaoche:xiaoche_instance|clk_div[4] ; Rise       ; xiaoche:xiaoche_instance|PosCounter:pos_counter1|dis_reg[13]   ;
; -1.487 ; 1.000        ; 2.487          ; Min Period ; xiaoche:xiaoche_instance|clk_div[4] ; Rise       ; xiaoche:xiaoche_instance|PosCounter:pos_counter1|dis_reg[14]   ;
; -1.487 ; 1.000        ; 2.487          ; Min Period ; xiaoche:xiaoche_instance|clk_div[4] ; Rise       ; xiaoche:xiaoche_instance|PosCounter:pos_counter1|dis_reg[15]   ;
; -1.487 ; 1.000        ; 2.487          ; Min Period ; xiaoche:xiaoche_instance|clk_div[4] ; Rise       ; xiaoche:xiaoche_instance|PosCounter:pos_counter1|dis_reg[16]   ;
; -1.487 ; 1.000        ; 2.487          ; Min Period ; xiaoche:xiaoche_instance|clk_div[4] ; Rise       ; xiaoche:xiaoche_instance|PosCounter:pos_counter1|dis_reg[17]   ;
; -1.487 ; 1.000        ; 2.487          ; Min Period ; xiaoche:xiaoche_instance|clk_div[4] ; Rise       ; xiaoche:xiaoche_instance|PosCounter:pos_counter1|dis_reg[18]   ;
; -1.487 ; 1.000        ; 2.487          ; Min Period ; xiaoche:xiaoche_instance|clk_div[4] ; Rise       ; xiaoche:xiaoche_instance|PosCounter:pos_counter1|dis_reg[19]   ;
; -1.487 ; 1.000        ; 2.487          ; Min Period ; xiaoche:xiaoche_instance|clk_div[4] ; Rise       ; xiaoche:xiaoche_instance|PosCounter:pos_counter1|dis_reg[1]    ;
; -1.487 ; 1.000        ; 2.487          ; Min Period ; xiaoche:xiaoche_instance|clk_div[4] ; Rise       ; xiaoche:xiaoche_instance|PosCounter:pos_counter1|dis_reg[2]    ;
; -1.487 ; 1.000        ; 2.487          ; Min Period ; xiaoche:xiaoche_instance|clk_div[4] ; Rise       ; xiaoche:xiaoche_instance|PosCounter:pos_counter1|dis_reg[3]    ;
; -1.487 ; 1.000        ; 2.487          ; Min Period ; xiaoche:xiaoche_instance|clk_div[4] ; Rise       ; xiaoche:xiaoche_instance|PosCounter:pos_counter1|dis_reg[4]    ;
; -1.487 ; 1.000        ; 2.487          ; Min Period ; xiaoche:xiaoche_instance|clk_div[4] ; Rise       ; xiaoche:xiaoche_instance|PosCounter:pos_counter1|dis_reg[5]    ;
; -1.487 ; 1.000        ; 2.487          ; Min Period ; xiaoche:xiaoche_instance|clk_div[4] ; Rise       ; xiaoche:xiaoche_instance|PosCounter:pos_counter1|dis_reg[6]    ;
; -1.487 ; 1.000        ; 2.487          ; Min Period ; xiaoche:xiaoche_instance|clk_div[4] ; Rise       ; xiaoche:xiaoche_instance|PosCounter:pos_counter1|dis_reg[7]    ;
; -1.487 ; 1.000        ; 2.487          ; Min Period ; xiaoche:xiaoche_instance|clk_div[4] ; Rise       ; xiaoche:xiaoche_instance|PosCounter:pos_counter1|dis_reg[8]    ;
; -1.487 ; 1.000        ; 2.487          ; Min Period ; xiaoche:xiaoche_instance|clk_div[4] ; Rise       ; xiaoche:xiaoche_instance|PosCounter:pos_counter1|dis_reg[9]    ;
; -1.487 ; 1.000        ; 2.487          ; Min Period ; xiaoche:xiaoche_instance|clk_div[4] ; Rise       ; xiaoche:xiaoche_instance|PosCounter:pos_counter1|echo_reg1     ;
; -1.487 ; 1.000        ; 2.487          ; Min Period ; xiaoche:xiaoche_instance|clk_div[4] ; Rise       ; xiaoche:xiaoche_instance|PosCounter:pos_counter1|echo_reg2     ;
; -1.487 ; 1.000        ; 2.487          ; Min Period ; xiaoche:xiaoche_instance|clk_div[4] ; Rise       ; xiaoche:xiaoche_instance|PosCounter:pos_counter2|count[0]      ;
; -1.487 ; 1.000        ; 2.487          ; Min Period ; xiaoche:xiaoche_instance|clk_div[4] ; Rise       ; xiaoche:xiaoche_instance|PosCounter:pos_counter2|count[10]     ;
; -1.487 ; 1.000        ; 2.487          ; Min Period ; xiaoche:xiaoche_instance|clk_div[4] ; Rise       ; xiaoche:xiaoche_instance|PosCounter:pos_counter2|count[11]     ;
; -1.487 ; 1.000        ; 2.487          ; Min Period ; xiaoche:xiaoche_instance|clk_div[4] ; Rise       ; xiaoche:xiaoche_instance|PosCounter:pos_counter2|count[12]     ;
; -1.487 ; 1.000        ; 2.487          ; Min Period ; xiaoche:xiaoche_instance|clk_div[4] ; Rise       ; xiaoche:xiaoche_instance|PosCounter:pos_counter2|count[13]     ;
; -1.487 ; 1.000        ; 2.487          ; Min Period ; xiaoche:xiaoche_instance|clk_div[4] ; Rise       ; xiaoche:xiaoche_instance|PosCounter:pos_counter2|count[14]     ;
; -1.487 ; 1.000        ; 2.487          ; Min Period ; xiaoche:xiaoche_instance|clk_div[4] ; Rise       ; xiaoche:xiaoche_instance|PosCounter:pos_counter2|count[15]     ;
; -1.487 ; 1.000        ; 2.487          ; Min Period ; xiaoche:xiaoche_instance|clk_div[4] ; Rise       ; xiaoche:xiaoche_instance|PosCounter:pos_counter2|count[16]     ;
; -1.487 ; 1.000        ; 2.487          ; Min Period ; xiaoche:xiaoche_instance|clk_div[4] ; Rise       ; xiaoche:xiaoche_instance|PosCounter:pos_counter2|count[17]     ;
; -1.487 ; 1.000        ; 2.487          ; Min Period ; xiaoche:xiaoche_instance|clk_div[4] ; Rise       ; xiaoche:xiaoche_instance|PosCounter:pos_counter2|count[18]     ;
; -1.487 ; 1.000        ; 2.487          ; Min Period ; xiaoche:xiaoche_instance|clk_div[4] ; Rise       ; xiaoche:xiaoche_instance|PosCounter:pos_counter2|count[19]     ;
; -1.487 ; 1.000        ; 2.487          ; Min Period ; xiaoche:xiaoche_instance|clk_div[4] ; Rise       ; xiaoche:xiaoche_instance|PosCounter:pos_counter2|count[1]      ;
; -1.487 ; 1.000        ; 2.487          ; Min Period ; xiaoche:xiaoche_instance|clk_div[4] ; Rise       ; xiaoche:xiaoche_instance|PosCounter:pos_counter2|count[2]      ;
; -1.487 ; 1.000        ; 2.487          ; Min Period ; xiaoche:xiaoche_instance|clk_div[4] ; Rise       ; xiaoche:xiaoche_instance|PosCounter:pos_counter2|count[3]      ;
; -1.487 ; 1.000        ; 2.487          ; Min Period ; xiaoche:xiaoche_instance|clk_div[4] ; Rise       ; xiaoche:xiaoche_instance|PosCounter:pos_counter2|count[4]      ;
; -1.487 ; 1.000        ; 2.487          ; Min Period ; xiaoche:xiaoche_instance|clk_div[4] ; Rise       ; xiaoche:xiaoche_instance|PosCounter:pos_counter2|count[5]      ;
; -1.487 ; 1.000        ; 2.487          ; Min Period ; xiaoche:xiaoche_instance|clk_div[4] ; Rise       ; xiaoche:xiaoche_instance|PosCounter:pos_counter2|count[6]      ;
; -1.487 ; 1.000        ; 2.487          ; Min Period ; xiaoche:xiaoche_instance|clk_div[4] ; Rise       ; xiaoche:xiaoche_instance|PosCounter:pos_counter2|count[7]      ;
; -1.487 ; 1.000        ; 2.487          ; Min Period ; xiaoche:xiaoche_instance|clk_div[4] ; Rise       ; xiaoche:xiaoche_instance|PosCounter:pos_counter2|count[8]      ;
; -1.487 ; 1.000        ; 2.487          ; Min Period ; xiaoche:xiaoche_instance|clk_div[4] ; Rise       ; xiaoche:xiaoche_instance|PosCounter:pos_counter2|count[9]      ;
; -1.487 ; 1.000        ; 2.487          ; Min Period ; xiaoche:xiaoche_instance|clk_div[4] ; Rise       ; xiaoche:xiaoche_instance|PosCounter:pos_counter2|curr_state.S0 ;
; -1.487 ; 1.000        ; 2.487          ; Min Period ; xiaoche:xiaoche_instance|clk_div[4] ; Rise       ; xiaoche:xiaoche_instance|PosCounter:pos_counter2|curr_state.S1 ;
; -1.487 ; 1.000        ; 2.487          ; Min Period ; xiaoche:xiaoche_instance|clk_div[4] ; Rise       ; xiaoche:xiaoche_instance|PosCounter:pos_counter2|curr_state.S2 ;
; -1.487 ; 1.000        ; 2.487          ; Min Period ; xiaoche:xiaoche_instance|clk_div[4] ; Rise       ; xiaoche:xiaoche_instance|PosCounter:pos_counter2|dis_reg[10]   ;
; -1.487 ; 1.000        ; 2.487          ; Min Period ; xiaoche:xiaoche_instance|clk_div[4] ; Rise       ; xiaoche:xiaoche_instance|PosCounter:pos_counter2|dis_reg[11]   ;
; -1.487 ; 1.000        ; 2.487          ; Min Period ; xiaoche:xiaoche_instance|clk_div[4] ; Rise       ; xiaoche:xiaoche_instance|PosCounter:pos_counter2|dis_reg[12]   ;
; -1.487 ; 1.000        ; 2.487          ; Min Period ; xiaoche:xiaoche_instance|clk_div[4] ; Rise       ; xiaoche:xiaoche_instance|PosCounter:pos_counter2|dis_reg[13]   ;
; -1.487 ; 1.000        ; 2.487          ; Min Period ; xiaoche:xiaoche_instance|clk_div[4] ; Rise       ; xiaoche:xiaoche_instance|PosCounter:pos_counter2|dis_reg[14]   ;
; -1.487 ; 1.000        ; 2.487          ; Min Period ; xiaoche:xiaoche_instance|clk_div[4] ; Rise       ; xiaoche:xiaoche_instance|PosCounter:pos_counter2|dis_reg[15]   ;
; -1.487 ; 1.000        ; 2.487          ; Min Period ; xiaoche:xiaoche_instance|clk_div[4] ; Rise       ; xiaoche:xiaoche_instance|PosCounter:pos_counter2|dis_reg[16]   ;
; -1.487 ; 1.000        ; 2.487          ; Min Period ; xiaoche:xiaoche_instance|clk_div[4] ; Rise       ; xiaoche:xiaoche_instance|PosCounter:pos_counter2|dis_reg[17]   ;
; -1.487 ; 1.000        ; 2.487          ; Min Period ; xiaoche:xiaoche_instance|clk_div[4] ; Rise       ; xiaoche:xiaoche_instance|PosCounter:pos_counter2|dis_reg[18]   ;
; -1.487 ; 1.000        ; 2.487          ; Min Period ; xiaoche:xiaoche_instance|clk_div[4] ; Rise       ; xiaoche:xiaoche_instance|PosCounter:pos_counter2|dis_reg[19]   ;
; -1.487 ; 1.000        ; 2.487          ; Min Period ; xiaoche:xiaoche_instance|clk_div[4] ; Rise       ; xiaoche:xiaoche_instance|PosCounter:pos_counter2|dis_reg[1]    ;
; -1.487 ; 1.000        ; 2.487          ; Min Period ; xiaoche:xiaoche_instance|clk_div[4] ; Rise       ; xiaoche:xiaoche_instance|PosCounter:pos_counter2|dis_reg[2]    ;
; -1.487 ; 1.000        ; 2.487          ; Min Period ; xiaoche:xiaoche_instance|clk_div[4] ; Rise       ; xiaoche:xiaoche_instance|PosCounter:pos_counter2|dis_reg[3]    ;
; -1.487 ; 1.000        ; 2.487          ; Min Period ; xiaoche:xiaoche_instance|clk_div[4] ; Rise       ; xiaoche:xiaoche_instance|PosCounter:pos_counter2|dis_reg[4]    ;
; -1.487 ; 1.000        ; 2.487          ; Min Period ; xiaoche:xiaoche_instance|clk_div[4] ; Rise       ; xiaoche:xiaoche_instance|PosCounter:pos_counter2|dis_reg[5]    ;
; -1.487 ; 1.000        ; 2.487          ; Min Period ; xiaoche:xiaoche_instance|clk_div[4] ; Rise       ; xiaoche:xiaoche_instance|PosCounter:pos_counter2|dis_reg[6]    ;
; -1.487 ; 1.000        ; 2.487          ; Min Period ; xiaoche:xiaoche_instance|clk_div[4] ; Rise       ; xiaoche:xiaoche_instance|PosCounter:pos_counter2|dis_reg[7]    ;
; -1.487 ; 1.000        ; 2.487          ; Min Period ; xiaoche:xiaoche_instance|clk_div[4] ; Rise       ; xiaoche:xiaoche_instance|PosCounter:pos_counter2|dis_reg[8]    ;
; -1.487 ; 1.000        ; 2.487          ; Min Period ; xiaoche:xiaoche_instance|clk_div[4] ; Rise       ; xiaoche:xiaoche_instance|PosCounter:pos_counter2|dis_reg[9]    ;
; -1.487 ; 1.000        ; 2.487          ; Min Period ; xiaoche:xiaoche_instance|clk_div[4] ; Rise       ; xiaoche:xiaoche_instance|PosCounter:pos_counter2|echo_reg1     ;
; -1.487 ; 1.000        ; 2.487          ; Min Period ; xiaoche:xiaoche_instance|clk_div[4] ; Rise       ; xiaoche:xiaoche_instance|PosCounter:pos_counter2|echo_reg2     ;
; -1.487 ; 1.000        ; 2.487          ; Min Period ; xiaoche:xiaoche_instance|clk_div[4] ; Rise       ; xiaoche:xiaoche_instance|PosCounter:pos_counter3|count[0]      ;
; -1.487 ; 1.000        ; 2.487          ; Min Period ; xiaoche:xiaoche_instance|clk_div[4] ; Rise       ; xiaoche:xiaoche_instance|PosCounter:pos_counter3|count[10]     ;
; -1.487 ; 1.000        ; 2.487          ; Min Period ; xiaoche:xiaoche_instance|clk_div[4] ; Rise       ; xiaoche:xiaoche_instance|PosCounter:pos_counter3|count[11]     ;
; -1.487 ; 1.000        ; 2.487          ; Min Period ; xiaoche:xiaoche_instance|clk_div[4] ; Rise       ; xiaoche:xiaoche_instance|PosCounter:pos_counter3|count[12]     ;
; -1.487 ; 1.000        ; 2.487          ; Min Period ; xiaoche:xiaoche_instance|clk_div[4] ; Rise       ; xiaoche:xiaoche_instance|PosCounter:pos_counter3|count[13]     ;
; -1.487 ; 1.000        ; 2.487          ; Min Period ; xiaoche:xiaoche_instance|clk_div[4] ; Rise       ; xiaoche:xiaoche_instance|PosCounter:pos_counter3|count[14]     ;
; -1.487 ; 1.000        ; 2.487          ; Min Period ; xiaoche:xiaoche_instance|clk_div[4] ; Rise       ; xiaoche:xiaoche_instance|PosCounter:pos_counter3|count[15]     ;
; -1.487 ; 1.000        ; 2.487          ; Min Period ; xiaoche:xiaoche_instance|clk_div[4] ; Rise       ; xiaoche:xiaoche_instance|PosCounter:pos_counter3|count[16]     ;
; -1.487 ; 1.000        ; 2.487          ; Min Period ; xiaoche:xiaoche_instance|clk_div[4] ; Rise       ; xiaoche:xiaoche_instance|PosCounter:pos_counter3|count[17]     ;
; -1.487 ; 1.000        ; 2.487          ; Min Period ; xiaoche:xiaoche_instance|clk_div[4] ; Rise       ; xiaoche:xiaoche_instance|PosCounter:pos_counter3|count[18]     ;
; -1.487 ; 1.000        ; 2.487          ; Min Period ; xiaoche:xiaoche_instance|clk_div[4] ; Rise       ; xiaoche:xiaoche_instance|PosCounter:pos_counter3|count[19]     ;
; -1.487 ; 1.000        ; 2.487          ; Min Period ; xiaoche:xiaoche_instance|clk_div[4] ; Rise       ; xiaoche:xiaoche_instance|PosCounter:pos_counter3|count[1]      ;
+--------+--------------+----------------+------------+-------------------------------------+------------+----------------------------------------------------------------+


+--------------------------------------------------------------------------------------------------------------------+
; Setup Times                                                                                                        ;
+-----------+-------------------------------------+-------+-------+------------+-------------------------------------+
; Data Port ; Clock Port                          ; Rise  ; Fall  ; Clock Edge ; Clock Reference                     ;
+-----------+-------------------------------------+-------+-------+------------+-------------------------------------+
; enable    ; clk                                 ; 3.108 ; 3.200 ; Rise       ; clk                                 ;
; track1    ; clk                                 ; 6.403 ; 6.367 ; Rise       ; clk                                 ;
; track2    ; clk                                 ; 5.929 ; 5.942 ; Rise       ; clk                                 ;
; track3    ; clk                                 ; 5.478 ; 5.432 ; Rise       ; clk                                 ;
; track4    ; clk                                 ; 5.380 ; 5.818 ; Rise       ; clk                                 ;
; track5    ; clk                                 ; 6.220 ; 6.776 ; Rise       ; clk                                 ;
; track6    ; clk                                 ; 6.014 ; 6.369 ; Rise       ; clk                                 ;
; track7    ; clk                                 ; 5.842 ; 5.816 ; Rise       ; clk                                 ;
; echo1     ; xiaoche:xiaoche_instance|clk_div[4] ; 3.235 ; 3.268 ; Rise       ; xiaoche:xiaoche_instance|clk_div[4] ;
; echo2     ; xiaoche:xiaoche_instance|clk_div[4] ; 3.007 ; 2.989 ; Rise       ; xiaoche:xiaoche_instance|clk_div[4] ;
; echo3     ; xiaoche:xiaoche_instance|clk_div[4] ; 2.737 ; 2.750 ; Rise       ; xiaoche:xiaoche_instance|clk_div[4] ;
+-----------+-------------------------------------+-------+-------+------------+-------------------------------------+


+----------------------------------------------------------------------------------------------------------------------+
; Hold Times                                                                                                           ;
+-----------+-------------------------------------+--------+--------+------------+-------------------------------------+
; Data Port ; Clock Port                          ; Rise   ; Fall   ; Clock Edge ; Clock Reference                     ;
+-----------+-------------------------------------+--------+--------+------------+-------------------------------------+
; enable    ; clk                                 ; 0.610  ; 0.413  ; Rise       ; clk                                 ;
; track1    ; clk                                 ; -2.772 ; -2.820 ; Rise       ; clk                                 ;
; track2    ; clk                                 ; -1.577 ; -1.728 ; Rise       ; clk                                 ;
; track3    ; clk                                 ; -1.578 ; -1.685 ; Rise       ; clk                                 ;
; track4    ; clk                                 ; -1.942 ; -2.116 ; Rise       ; clk                                 ;
; track5    ; clk                                 ; -2.508 ; -2.511 ; Rise       ; clk                                 ;
; track6    ; clk                                 ; -2.262 ; -2.234 ; Rise       ; clk                                 ;
; track7    ; clk                                 ; -2.094 ; -2.180 ; Rise       ; clk                                 ;
; echo1     ; xiaoche:xiaoche_instance|clk_div[4] ; -2.775 ; -2.804 ; Rise       ; xiaoche:xiaoche_instance|clk_div[4] ;
; echo2     ; xiaoche:xiaoche_instance|clk_div[4] ; -2.554 ; -2.534 ; Rise       ; xiaoche:xiaoche_instance|clk_div[4] ;
; echo3     ; xiaoche:xiaoche_instance|clk_div[4] ; -2.279 ; -2.281 ; Rise       ; xiaoche:xiaoche_instance|clk_div[4] ;
+-----------+-------------------------------------+--------+--------+------------+-------------------------------------+


+-----------------------------------------------------------------------+
; Clock to Output Times                                                 ;
+-----------+------------+-------+-------+------------+-----------------+
; Data Port ; Clock Port ; Rise  ; Fall  ; Clock Edge ; Clock Reference ;
+-----------+------------+-------+-------+------------+-----------------+
; left[*]   ; clk        ; 7.338 ; 7.042 ; Rise       ; clk             ;
;  left[0]  ; clk        ; 6.984 ; 6.663 ; Rise       ; clk             ;
;  left[1]  ; clk        ; 7.338 ; 7.042 ; Rise       ; clk             ;
; right[*]  ; clk        ; 7.034 ; 6.766 ; Rise       ; clk             ;
;  right[0] ; clk        ; 7.034 ; 6.766 ; Rise       ; clk             ;
;  right[1] ; clk        ; 6.905 ; 6.653 ; Rise       ; clk             ;
; trig1     ; clk        ; 6.964 ; 6.669 ; Rise       ; clk             ;
; trig2     ; clk        ; 6.974 ; 6.679 ; Rise       ; clk             ;
; trig3     ; clk        ; 7.328 ; 6.975 ; Rise       ; clk             ;
+-----------+------------+-------+-------+------------+-----------------+


+-----------------------------------------------------------------------+
; Minimum Clock to Output Times                                         ;
+-----------+------------+-------+-------+------------+-----------------+
; Data Port ; Clock Port ; Rise  ; Fall  ; Clock Edge ; Clock Reference ;
+-----------+------------+-------+-------+------------+-----------------+
; left[*]   ; clk        ; 6.824 ; 6.515 ; Rise       ; clk             ;
;  left[0]  ; clk        ; 6.824 ; 6.515 ; Rise       ; clk             ;
;  left[1]  ; clk        ; 7.165 ; 6.879 ; Rise       ; clk             ;
; right[*]  ; clk        ; 6.749 ; 6.506 ; Rise       ; clk             ;
;  right[0] ; clk        ; 6.872 ; 6.614 ; Rise       ; clk             ;
;  right[1] ; clk        ; 6.749 ; 6.506 ; Rise       ; clk             ;
; trig1     ; clk        ; 6.805 ; 6.520 ; Rise       ; clk             ;
; trig2     ; clk        ; 6.815 ; 6.530 ; Rise       ; clk             ;
; trig3     ; clk        ; 7.154 ; 6.814 ; Rise       ; clk             ;
+-----------+------------+-------+-------+------------+-----------------+


+----------------------------------------------------------+
; Propagation Delay                                        ;
+------------+-------------------+-------+----+----+-------+
; Input Port ; Output Port       ; RR    ; RF ; FR ; FF    ;
+------------+-------------------+-------+----+----+-------+
; enable     ; obstacle_detected ; 5.868 ;    ;    ; 5.781 ;
; reset      ; obstacle_detected ; 9.112 ;    ;    ; 8.935 ;
+------------+-------------------+-------+----+----+-------+


+----------------------------------------------------------+
; Minimum Propagation Delay                                ;
+------------+-------------------+-------+----+----+-------+
; Input Port ; Output Port       ; RR    ; RF ; FR ; FF    ;
+------------+-------------------+-------+----+----+-------+
; enable     ; obstacle_detected ; 5.765 ;    ;    ; 5.679 ;
; reset      ; obstacle_detected ; 8.873 ;    ;    ; 8.702 ;
+------------+-------------------+-------+----+----+-------+


---------------------------------------------
; Slow 1200mV 0C Model Metastability Report ;
---------------------------------------------
No synchronizer chains to report.


+---------------------------------------------------------------+
; Fast 1200mV 0C Model Setup Summary                            ;
+-------------------------------------+---------+---------------+
; Clock                               ; Slack   ; End Point TNS ;
+-------------------------------------+---------+---------------+
; clk                                 ; -19.345 ; -722.848      ;
; xiaoche:xiaoche_instance|clk_div[4] ; -1.155  ; -45.619       ;
+-------------------------------------+---------+---------------+


+--------------------------------------------------------------+
; Fast 1200mV 0C Model Hold Summary                            ;
+-------------------------------------+--------+---------------+
; Clock                               ; Slack  ; End Point TNS ;
+-------------------------------------+--------+---------------+
; clk                                 ; -0.035 ; -0.035        ;
; xiaoche:xiaoche_instance|clk_div[4] ; 0.178  ; 0.000         ;
+-------------------------------------+--------+---------------+


-----------------------------------------
; Fast 1200mV 0C Model Recovery Summary ;
-----------------------------------------
No paths to report.


----------------------------------------
; Fast 1200mV 0C Model Removal Summary ;
----------------------------------------
No paths to report.


+--------------------------------------------------------------+
; Fast 1200mV 0C Model Minimum Pulse Width Summary             ;
+-------------------------------------+--------+---------------+
; Clock                               ; Slack  ; End Point TNS ;
+-------------------------------------+--------+---------------+
; clk                                 ; -3.000 ; -276.792      ;
; xiaoche:xiaoche_instance|clk_div[4] ; -1.000 ; -132.000      ;
+-------------------------------------+--------+---------------+


+-------------------------------------------------------------------------------------------------------------------------------------------------------------------------------------------------------------+
; Fast 1200mV 0C Model Setup: 'clk'                                                                                                                                                                           ;
+---------+--------------------------------------------------------------+---------------------------------------+-------------------------------------+-------------+--------------+------------+------------+
; Slack   ; From Node                                                    ; To Node                               ; Launch Clock                        ; Latch Clock ; Relationship ; Clock Skew ; Data Delay ;
+---------+--------------------------------------------------------------+---------------------------------------+-------------------------------------+-------------+--------------+------------+------------+
; -19.345 ; xiaoche:xiaoche_instance|PosCounter:pos_counter3|dis_reg[16] ; xiaoche:xiaoche_instance|distance3[0] ; xiaoche:xiaoche_instance|clk_div[4] ; clk         ; 1.000        ; 0.098      ; 20.420     ;
; -19.329 ; xiaoche:xiaoche_instance|PosCounter:pos_counter3|dis_reg[15] ; xiaoche:xiaoche_instance|distance3[0] ; xiaoche:xiaoche_instance|clk_div[4] ; clk         ; 1.000        ; 0.098      ; 20.404     ;
; -19.264 ; xiaoche:xiaoche_instance|PosCounter:pos_counter1|dis_reg[15] ; xiaoche:xiaoche_instance|distance1[0] ; xiaoche:xiaoche_instance|clk_div[4] ; clk         ; 1.000        ; 0.117      ; 20.358     ;
; -19.254 ; xiaoche:xiaoche_instance|PosCounter:pos_counter3|dis_reg[17] ; xiaoche:xiaoche_instance|distance3[0] ; xiaoche:xiaoche_instance|clk_div[4] ; clk         ; 1.000        ; 0.098      ; 20.329     ;
; -19.216 ; xiaoche:xiaoche_instance|PosCounter:pos_counter1|dis_reg[16] ; xiaoche:xiaoche_instance|distance1[0] ; xiaoche:xiaoche_instance|clk_div[4] ; clk         ; 1.000        ; 0.117      ; 20.310     ;
; -19.200 ; xiaoche:xiaoche_instance|PosCounter:pos_counter1|dis_reg[17] ; xiaoche:xiaoche_instance|distance1[0] ; xiaoche:xiaoche_instance|clk_div[4] ; clk         ; 1.000        ; 0.117      ; 20.294     ;
; -19.199 ; xiaoche:xiaoche_instance|PosCounter:pos_counter3|dis_reg[18] ; xiaoche:xiaoche_instance|distance3[0] ; xiaoche:xiaoche_instance|clk_div[4] ; clk         ; 1.000        ; 0.098      ; 20.274     ;
; -19.187 ; xiaoche:xiaoche_instance|PosCounter:pos_counter3|dis_reg[19] ; xiaoche:xiaoche_instance|distance3[0] ; xiaoche:xiaoche_instance|clk_div[4] ; clk         ; 1.000        ; 0.098      ; 20.262     ;
; -19.152 ; xiaoche:xiaoche_instance|PosCounter:pos_counter1|dis_reg[18] ; xiaoche:xiaoche_instance|distance1[0] ; xiaoche:xiaoche_instance|clk_div[4] ; clk         ; 1.000        ; 0.117      ; 20.246     ;
; -19.125 ; xiaoche:xiaoche_instance|PosCounter:pos_counter1|dis_reg[19] ; xiaoche:xiaoche_instance|distance1[0] ; xiaoche:xiaoche_instance|clk_div[4] ; clk         ; 1.000        ; 0.117      ; 20.219     ;
; -18.616 ; xiaoche:xiaoche_instance|PosCounter:pos_counter3|dis_reg[14] ; xiaoche:xiaoche_instance|distance3[0] ; xiaoche:xiaoche_instance|clk_div[4] ; clk         ; 1.000        ; 0.099      ; 19.692     ;
; -18.314 ; xiaoche:xiaoche_instance|PosCounter:pos_counter3|dis_reg[16] ; xiaoche:xiaoche_instance|distance3[1] ; xiaoche:xiaoche_instance|clk_div[4] ; clk         ; 1.000        ; 0.090      ; 19.381     ;
; -18.298 ; xiaoche:xiaoche_instance|PosCounter:pos_counter3|dis_reg[15] ; xiaoche:xiaoche_instance|distance3[1] ; xiaoche:xiaoche_instance|clk_div[4] ; clk         ; 1.000        ; 0.090      ; 19.365     ;
; -18.237 ; xiaoche:xiaoche_instance|PosCounter:pos_counter1|dis_reg[14] ; xiaoche:xiaoche_instance|distance1[0] ; xiaoche:xiaoche_instance|clk_div[4] ; clk         ; 1.000        ; 0.108      ; 19.322     ;
; -18.223 ; xiaoche:xiaoche_instance|PosCounter:pos_counter3|dis_reg[17] ; xiaoche:xiaoche_instance|distance3[1] ; xiaoche:xiaoche_instance|clk_div[4] ; clk         ; 1.000        ; 0.090      ; 19.290     ;
; -18.168 ; xiaoche:xiaoche_instance|PosCounter:pos_counter3|dis_reg[18] ; xiaoche:xiaoche_instance|distance3[1] ; xiaoche:xiaoche_instance|clk_div[4] ; clk         ; 1.000        ; 0.090      ; 19.235     ;
; -18.163 ; xiaoche:xiaoche_instance|PosCounter:pos_counter1|dis_reg[15] ; xiaoche:xiaoche_instance|distance1[1] ; xiaoche:xiaoche_instance|clk_div[4] ; clk         ; 1.000        ; 0.109      ; 19.249     ;
; -18.156 ; xiaoche:xiaoche_instance|PosCounter:pos_counter3|dis_reg[19] ; xiaoche:xiaoche_instance|distance3[1] ; xiaoche:xiaoche_instance|clk_div[4] ; clk         ; 1.000        ; 0.090      ; 19.223     ;
; -18.115 ; xiaoche:xiaoche_instance|PosCounter:pos_counter1|dis_reg[16] ; xiaoche:xiaoche_instance|distance1[1] ; xiaoche:xiaoche_instance|clk_div[4] ; clk         ; 1.000        ; 0.109      ; 19.201     ;
; -18.099 ; xiaoche:xiaoche_instance|PosCounter:pos_counter1|dis_reg[17] ; xiaoche:xiaoche_instance|distance1[1] ; xiaoche:xiaoche_instance|clk_div[4] ; clk         ; 1.000        ; 0.109      ; 19.185     ;
; -18.051 ; xiaoche:xiaoche_instance|PosCounter:pos_counter1|dis_reg[18] ; xiaoche:xiaoche_instance|distance1[1] ; xiaoche:xiaoche_instance|clk_div[4] ; clk         ; 1.000        ; 0.109      ; 19.137     ;
; -18.026 ; xiaoche:xiaoche_instance|PosCounter:pos_counter2|dis_reg[15] ; xiaoche:xiaoche_instance|distance2[0] ; xiaoche:xiaoche_instance|clk_div[4] ; clk         ; 1.000        ; 0.101      ; 19.104     ;
; -18.024 ; xiaoche:xiaoche_instance|PosCounter:pos_counter1|dis_reg[19] ; xiaoche:xiaoche_instance|distance1[1] ; xiaoche:xiaoche_instance|clk_div[4] ; clk         ; 1.000        ; 0.109      ; 19.110     ;
; -17.989 ; xiaoche:xiaoche_instance|PosCounter:pos_counter2|dis_reg[16] ; xiaoche:xiaoche_instance|distance2[0] ; xiaoche:xiaoche_instance|clk_div[4] ; clk         ; 1.000        ; 0.101      ; 19.067     ;
; -17.951 ; xiaoche:xiaoche_instance|PosCounter:pos_counter2|dis_reg[17] ; xiaoche:xiaoche_instance|distance2[0] ; xiaoche:xiaoche_instance|clk_div[4] ; clk         ; 1.000        ; 0.101      ; 19.029     ;
; -17.917 ; xiaoche:xiaoche_instance|PosCounter:pos_counter2|dis_reg[18] ; xiaoche:xiaoche_instance|distance2[0] ; xiaoche:xiaoche_instance|clk_div[4] ; clk         ; 1.000        ; 0.101      ; 18.995     ;
; -17.885 ; xiaoche:xiaoche_instance|PosCounter:pos_counter2|dis_reg[19] ; xiaoche:xiaoche_instance|distance2[0] ; xiaoche:xiaoche_instance|clk_div[4] ; clk         ; 1.000        ; 0.101      ; 18.963     ;
; -17.585 ; xiaoche:xiaoche_instance|PosCounter:pos_counter3|dis_reg[14] ; xiaoche:xiaoche_instance|distance3[1] ; xiaoche:xiaoche_instance|clk_div[4] ; clk         ; 1.000        ; 0.091      ; 18.653     ;
; -17.513 ; xiaoche:xiaoche_instance|PosCounter:pos_counter2|dis_reg[15] ; xiaoche:xiaoche_instance|distance2[1] ; xiaoche:xiaoche_instance|clk_div[4] ; clk         ; 1.000        ; 0.091      ; 18.581     ;
; -17.476 ; xiaoche:xiaoche_instance|PosCounter:pos_counter2|dis_reg[16] ; xiaoche:xiaoche_instance|distance2[1] ; xiaoche:xiaoche_instance|clk_div[4] ; clk         ; 1.000        ; 0.091      ; 18.544     ;
; -17.452 ; xiaoche:xiaoche_instance|PosCounter:pos_counter3|dis_reg[13] ; xiaoche:xiaoche_instance|distance3[0] ; xiaoche:xiaoche_instance|clk_div[4] ; clk         ; 1.000        ; 0.103      ; 18.532     ;
; -17.438 ; xiaoche:xiaoche_instance|PosCounter:pos_counter2|dis_reg[17] ; xiaoche:xiaoche_instance|distance2[1] ; xiaoche:xiaoche_instance|clk_div[4] ; clk         ; 1.000        ; 0.091      ; 18.506     ;
; -17.404 ; xiaoche:xiaoche_instance|PosCounter:pos_counter2|dis_reg[18] ; xiaoche:xiaoche_instance|distance2[1] ; xiaoche:xiaoche_instance|clk_div[4] ; clk         ; 1.000        ; 0.091      ; 18.472     ;
; -17.372 ; xiaoche:xiaoche_instance|PosCounter:pos_counter2|dis_reg[19] ; xiaoche:xiaoche_instance|distance2[1] ; xiaoche:xiaoche_instance|clk_div[4] ; clk         ; 1.000        ; 0.091      ; 18.440     ;
; -17.288 ; xiaoche:xiaoche_instance|PosCounter:pos_counter3|dis_reg[16] ; xiaoche:xiaoche_instance|distance3[2] ; xiaoche:xiaoche_instance|clk_div[4] ; clk         ; 1.000        ; 0.090      ; 18.355     ;
; -17.272 ; xiaoche:xiaoche_instance|PosCounter:pos_counter3|dis_reg[15] ; xiaoche:xiaoche_instance|distance3[2] ; xiaoche:xiaoche_instance|clk_div[4] ; clk         ; 1.000        ; 0.090      ; 18.339     ;
; -17.197 ; xiaoche:xiaoche_instance|PosCounter:pos_counter3|dis_reg[17] ; xiaoche:xiaoche_instance|distance3[2] ; xiaoche:xiaoche_instance|clk_div[4] ; clk         ; 1.000        ; 0.090      ; 18.264     ;
; -17.145 ; xiaoche:xiaoche_instance|PosCounter:pos_counter2|dis_reg[14] ; xiaoche:xiaoche_instance|distance2[0] ; xiaoche:xiaoche_instance|clk_div[4] ; clk         ; 1.000        ; 0.097      ; 18.219     ;
; -17.142 ; xiaoche:xiaoche_instance|PosCounter:pos_counter3|dis_reg[18] ; xiaoche:xiaoche_instance|distance3[2] ; xiaoche:xiaoche_instance|clk_div[4] ; clk         ; 1.000        ; 0.090      ; 18.209     ;
; -17.136 ; xiaoche:xiaoche_instance|PosCounter:pos_counter1|dis_reg[14] ; xiaoche:xiaoche_instance|distance1[1] ; xiaoche:xiaoche_instance|clk_div[4] ; clk         ; 1.000        ; 0.100      ; 18.213     ;
; -17.130 ; xiaoche:xiaoche_instance|PosCounter:pos_counter3|dis_reg[19] ; xiaoche:xiaoche_instance|distance3[2] ; xiaoche:xiaoche_instance|clk_div[4] ; clk         ; 1.000        ; 0.090      ; 18.197     ;
; -16.868 ; xiaoche:xiaoche_instance|PosCounter:pos_counter1|dis_reg[15] ; xiaoche:xiaoche_instance|distance1[2] ; xiaoche:xiaoche_instance|clk_div[4] ; clk         ; 1.000        ; 0.108      ; 17.953     ;
; -16.820 ; xiaoche:xiaoche_instance|PosCounter:pos_counter1|dis_reg[16] ; xiaoche:xiaoche_instance|distance1[2] ; xiaoche:xiaoche_instance|clk_div[4] ; clk         ; 1.000        ; 0.108      ; 17.905     ;
; -16.804 ; xiaoche:xiaoche_instance|PosCounter:pos_counter1|dis_reg[17] ; xiaoche:xiaoche_instance|distance1[2] ; xiaoche:xiaoche_instance|clk_div[4] ; clk         ; 1.000        ; 0.108      ; 17.889     ;
; -16.756 ; xiaoche:xiaoche_instance|PosCounter:pos_counter1|dis_reg[18] ; xiaoche:xiaoche_instance|distance1[2] ; xiaoche:xiaoche_instance|clk_div[4] ; clk         ; 1.000        ; 0.108      ; 17.841     ;
; -16.729 ; xiaoche:xiaoche_instance|PosCounter:pos_counter1|dis_reg[19] ; xiaoche:xiaoche_instance|distance1[2] ; xiaoche:xiaoche_instance|clk_div[4] ; clk         ; 1.000        ; 0.108      ; 17.814     ;
; -16.684 ; xiaoche:xiaoche_instance|PosCounter:pos_counter1|dis_reg[13] ; xiaoche:xiaoche_instance|distance1[0] ; xiaoche:xiaoche_instance|clk_div[4] ; clk         ; 1.000        ; 0.108      ; 17.769     ;
; -16.632 ; xiaoche:xiaoche_instance|PosCounter:pos_counter2|dis_reg[14] ; xiaoche:xiaoche_instance|distance2[1] ; xiaoche:xiaoche_instance|clk_div[4] ; clk         ; 1.000        ; 0.087      ; 17.696     ;
; -16.559 ; xiaoche:xiaoche_instance|PosCounter:pos_counter3|dis_reg[14] ; xiaoche:xiaoche_instance|distance3[2] ; xiaoche:xiaoche_instance|clk_div[4] ; clk         ; 1.000        ; 0.091      ; 17.627     ;
; -16.421 ; xiaoche:xiaoche_instance|PosCounter:pos_counter3|dis_reg[13] ; xiaoche:xiaoche_instance|distance3[1] ; xiaoche:xiaoche_instance|clk_div[4] ; clk         ; 1.000        ; 0.095      ; 17.493     ;
; -16.299 ; xiaoche:xiaoche_instance|PosCounter:pos_counter2|dis_reg[15] ; xiaoche:xiaoche_instance|distance2[2] ; xiaoche:xiaoche_instance|clk_div[4] ; clk         ; 1.000        ; 0.091      ; 17.367     ;
; -16.262 ; xiaoche:xiaoche_instance|PosCounter:pos_counter2|dis_reg[16] ; xiaoche:xiaoche_instance|distance2[2] ; xiaoche:xiaoche_instance|clk_div[4] ; clk         ; 1.000        ; 0.091      ; 17.330     ;
; -16.224 ; xiaoche:xiaoche_instance|PosCounter:pos_counter2|dis_reg[17] ; xiaoche:xiaoche_instance|distance2[2] ; xiaoche:xiaoche_instance|clk_div[4] ; clk         ; 1.000        ; 0.091      ; 17.292     ;
; -16.190 ; xiaoche:xiaoche_instance|PosCounter:pos_counter2|dis_reg[18] ; xiaoche:xiaoche_instance|distance2[2] ; xiaoche:xiaoche_instance|clk_div[4] ; clk         ; 1.000        ; 0.091      ; 17.258     ;
; -16.158 ; xiaoche:xiaoche_instance|PosCounter:pos_counter2|dis_reg[19] ; xiaoche:xiaoche_instance|distance2[2] ; xiaoche:xiaoche_instance|clk_div[4] ; clk         ; 1.000        ; 0.091      ; 17.226     ;
; -15.999 ; xiaoche:xiaoche_instance|PosCounter:pos_counter3|dis_reg[12] ; xiaoche:xiaoche_instance|distance3[0] ; xiaoche:xiaoche_instance|clk_div[4] ; clk         ; 1.000        ; 0.103      ; 17.079     ;
; -15.957 ; xiaoche:xiaoche_instance|PosCounter:pos_counter2|dis_reg[13] ; xiaoche:xiaoche_instance|distance2[0] ; xiaoche:xiaoche_instance|clk_div[4] ; clk         ; 1.000        ; 0.097      ; 17.031     ;
; -15.860 ; xiaoche:xiaoche_instance|PosCounter:pos_counter3|dis_reg[16] ; xiaoche:xiaoche_instance|distance3[3] ; xiaoche:xiaoche_instance|clk_div[4] ; clk         ; 1.000        ; 0.090      ; 16.927     ;
; -15.844 ; xiaoche:xiaoche_instance|PosCounter:pos_counter3|dis_reg[15] ; xiaoche:xiaoche_instance|distance3[3] ; xiaoche:xiaoche_instance|clk_div[4] ; clk         ; 1.000        ; 0.090      ; 16.911     ;
; -15.841 ; xiaoche:xiaoche_instance|PosCounter:pos_counter1|dis_reg[14] ; xiaoche:xiaoche_instance|distance1[2] ; xiaoche:xiaoche_instance|clk_div[4] ; clk         ; 1.000        ; 0.099      ; 16.917     ;
; -15.769 ; xiaoche:xiaoche_instance|PosCounter:pos_counter3|dis_reg[17] ; xiaoche:xiaoche_instance|distance3[3] ; xiaoche:xiaoche_instance|clk_div[4] ; clk         ; 1.000        ; 0.090      ; 16.836     ;
; -15.714 ; xiaoche:xiaoche_instance|PosCounter:pos_counter3|dis_reg[18] ; xiaoche:xiaoche_instance|distance3[3] ; xiaoche:xiaoche_instance|clk_div[4] ; clk         ; 1.000        ; 0.090      ; 16.781     ;
; -15.702 ; xiaoche:xiaoche_instance|PosCounter:pos_counter3|dis_reg[19] ; xiaoche:xiaoche_instance|distance3[3] ; xiaoche:xiaoche_instance|clk_div[4] ; clk         ; 1.000        ; 0.090      ; 16.769     ;
; -15.595 ; xiaoche:xiaoche_instance|PosCounter:pos_counter1|dis_reg[12] ; xiaoche:xiaoche_instance|distance1[0] ; xiaoche:xiaoche_instance|clk_div[4] ; clk         ; 1.000        ; 0.108      ; 16.680     ;
; -15.583 ; xiaoche:xiaoche_instance|PosCounter:pos_counter1|dis_reg[13] ; xiaoche:xiaoche_instance|distance1[1] ; xiaoche:xiaoche_instance|clk_div[4] ; clk         ; 1.000        ; 0.100      ; 16.660     ;
; -15.568 ; xiaoche:xiaoche_instance|PosCounter:pos_counter1|dis_reg[15] ; xiaoche:xiaoche_instance|distance1[3] ; xiaoche:xiaoche_instance|clk_div[4] ; clk         ; 1.000        ; 0.109      ; 16.654     ;
; -15.520 ; xiaoche:xiaoche_instance|PosCounter:pos_counter1|dis_reg[16] ; xiaoche:xiaoche_instance|distance1[3] ; xiaoche:xiaoche_instance|clk_div[4] ; clk         ; 1.000        ; 0.109      ; 16.606     ;
; -15.504 ; xiaoche:xiaoche_instance|PosCounter:pos_counter1|dis_reg[17] ; xiaoche:xiaoche_instance|distance1[3] ; xiaoche:xiaoche_instance|clk_div[4] ; clk         ; 1.000        ; 0.109      ; 16.590     ;
; -15.456 ; xiaoche:xiaoche_instance|PosCounter:pos_counter1|dis_reg[18] ; xiaoche:xiaoche_instance|distance1[3] ; xiaoche:xiaoche_instance|clk_div[4] ; clk         ; 1.000        ; 0.109      ; 16.542     ;
; -15.444 ; xiaoche:xiaoche_instance|PosCounter:pos_counter2|dis_reg[13] ; xiaoche:xiaoche_instance|distance2[1] ; xiaoche:xiaoche_instance|clk_div[4] ; clk         ; 1.000        ; 0.087      ; 16.508     ;
; -15.429 ; xiaoche:xiaoche_instance|PosCounter:pos_counter1|dis_reg[19] ; xiaoche:xiaoche_instance|distance1[3] ; xiaoche:xiaoche_instance|clk_div[4] ; clk         ; 1.000        ; 0.109      ; 16.515     ;
; -15.418 ; xiaoche:xiaoche_instance|PosCounter:pos_counter2|dis_reg[14] ; xiaoche:xiaoche_instance|distance2[2] ; xiaoche:xiaoche_instance|clk_div[4] ; clk         ; 1.000        ; 0.087      ; 16.482     ;
; -15.395 ; xiaoche:xiaoche_instance|PosCounter:pos_counter3|dis_reg[13] ; xiaoche:xiaoche_instance|distance3[2] ; xiaoche:xiaoche_instance|clk_div[4] ; clk         ; 1.000        ; 0.095      ; 16.467     ;
; -15.131 ; xiaoche:xiaoche_instance|PosCounter:pos_counter3|dis_reg[14] ; xiaoche:xiaoche_instance|distance3[3] ; xiaoche:xiaoche_instance|clk_div[4] ; clk         ; 1.000        ; 0.091      ; 16.199     ;
; -14.968 ; xiaoche:xiaoche_instance|PosCounter:pos_counter3|dis_reg[12] ; xiaoche:xiaoche_instance|distance3[1] ; xiaoche:xiaoche_instance|clk_div[4] ; clk         ; 1.000        ; 0.095      ; 16.040     ;
; -14.957 ; xiaoche:xiaoche_instance|PosCounter:pos_counter2|dis_reg[15] ; xiaoche:xiaoche_instance|distance2[3] ; xiaoche:xiaoche_instance|clk_div[4] ; clk         ; 1.000        ; 0.092      ; 16.026     ;
; -14.920 ; xiaoche:xiaoche_instance|PosCounter:pos_counter2|dis_reg[16] ; xiaoche:xiaoche_instance|distance2[3] ; xiaoche:xiaoche_instance|clk_div[4] ; clk         ; 1.000        ; 0.092      ; 15.989     ;
; -14.882 ; xiaoche:xiaoche_instance|PosCounter:pos_counter2|dis_reg[17] ; xiaoche:xiaoche_instance|distance2[3] ; xiaoche:xiaoche_instance|clk_div[4] ; clk         ; 1.000        ; 0.092      ; 15.951     ;
; -14.866 ; xiaoche:xiaoche_instance|PosCounter:pos_counter3|dis_reg[11] ; xiaoche:xiaoche_instance|distance3[0] ; xiaoche:xiaoche_instance|clk_div[4] ; clk         ; 1.000        ; 0.103      ; 15.946     ;
; -14.848 ; xiaoche:xiaoche_instance|PosCounter:pos_counter2|dis_reg[18] ; xiaoche:xiaoche_instance|distance2[3] ; xiaoche:xiaoche_instance|clk_div[4] ; clk         ; 1.000        ; 0.092      ; 15.917     ;
; -14.816 ; xiaoche:xiaoche_instance|PosCounter:pos_counter2|dis_reg[19] ; xiaoche:xiaoche_instance|distance2[3] ; xiaoche:xiaoche_instance|clk_div[4] ; clk         ; 1.000        ; 0.092      ; 15.885     ;
; -14.596 ; xiaoche:xiaoche_instance|PosCounter:pos_counter2|dis_reg[12] ; xiaoche:xiaoche_instance|distance2[0] ; xiaoche:xiaoche_instance|clk_div[4] ; clk         ; 1.000        ; 0.097      ; 15.670     ;
; -14.541 ; xiaoche:xiaoche_instance|PosCounter:pos_counter1|dis_reg[14] ; xiaoche:xiaoche_instance|distance1[3] ; xiaoche:xiaoche_instance|clk_div[4] ; clk         ; 1.000        ; 0.100      ; 15.618     ;
; -14.494 ; xiaoche:xiaoche_instance|PosCounter:pos_counter1|dis_reg[12] ; xiaoche:xiaoche_instance|distance1[1] ; xiaoche:xiaoche_instance|clk_div[4] ; clk         ; 1.000        ; 0.100      ; 15.571     ;
; -14.394 ; xiaoche:xiaoche_instance|PosCounter:pos_counter3|dis_reg[16] ; xiaoche:xiaoche_instance|distance3[4] ; xiaoche:xiaoche_instance|clk_div[4] ; clk         ; 1.000        ; 0.090      ; 15.461     ;
; -14.378 ; xiaoche:xiaoche_instance|PosCounter:pos_counter3|dis_reg[15] ; xiaoche:xiaoche_instance|distance3[4] ; xiaoche:xiaoche_instance|clk_div[4] ; clk         ; 1.000        ; 0.090      ; 15.445     ;
; -14.303 ; xiaoche:xiaoche_instance|PosCounter:pos_counter3|dis_reg[17] ; xiaoche:xiaoche_instance|distance3[4] ; xiaoche:xiaoche_instance|clk_div[4] ; clk         ; 1.000        ; 0.090      ; 15.370     ;
; -14.288 ; xiaoche:xiaoche_instance|PosCounter:pos_counter1|dis_reg[13] ; xiaoche:xiaoche_instance|distance1[2] ; xiaoche:xiaoche_instance|clk_div[4] ; clk         ; 1.000        ; 0.099      ; 15.364     ;
; -14.269 ; xiaoche:xiaoche_instance|PosCounter:pos_counter1|dis_reg[15] ; xiaoche:xiaoche_instance|distance1[4] ; xiaoche:xiaoche_instance|clk_div[4] ; clk         ; 1.000        ; 0.109      ; 15.355     ;
; -14.248 ; xiaoche:xiaoche_instance|PosCounter:pos_counter3|dis_reg[18] ; xiaoche:xiaoche_instance|distance3[4] ; xiaoche:xiaoche_instance|clk_div[4] ; clk         ; 1.000        ; 0.090      ; 15.315     ;
; -14.236 ; xiaoche:xiaoche_instance|PosCounter:pos_counter3|dis_reg[19] ; xiaoche:xiaoche_instance|distance3[4] ; xiaoche:xiaoche_instance|clk_div[4] ; clk         ; 1.000        ; 0.090      ; 15.303     ;
; -14.230 ; xiaoche:xiaoche_instance|PosCounter:pos_counter2|dis_reg[13] ; xiaoche:xiaoche_instance|distance2[2] ; xiaoche:xiaoche_instance|clk_div[4] ; clk         ; 1.000        ; 0.087      ; 15.294     ;
; -14.221 ; xiaoche:xiaoche_instance|PosCounter:pos_counter1|dis_reg[16] ; xiaoche:xiaoche_instance|distance1[4] ; xiaoche:xiaoche_instance|clk_div[4] ; clk         ; 1.000        ; 0.109      ; 15.307     ;
; -14.205 ; xiaoche:xiaoche_instance|PosCounter:pos_counter1|dis_reg[17] ; xiaoche:xiaoche_instance|distance1[4] ; xiaoche:xiaoche_instance|clk_div[4] ; clk         ; 1.000        ; 0.109      ; 15.291     ;
; -14.157 ; xiaoche:xiaoche_instance|PosCounter:pos_counter1|dis_reg[18] ; xiaoche:xiaoche_instance|distance1[4] ; xiaoche:xiaoche_instance|clk_div[4] ; clk         ; 1.000        ; 0.109      ; 15.243     ;
; -14.130 ; xiaoche:xiaoche_instance|PosCounter:pos_counter1|dis_reg[19] ; xiaoche:xiaoche_instance|distance1[4] ; xiaoche:xiaoche_instance|clk_div[4] ; clk         ; 1.000        ; 0.109      ; 15.216     ;
; -14.107 ; xiaoche:xiaoche_instance|PosCounter:pos_counter1|dis_reg[11] ; xiaoche:xiaoche_instance|distance1[0] ; xiaoche:xiaoche_instance|clk_div[4] ; clk         ; 1.000        ; 0.112      ; 15.196     ;
; -14.083 ; xiaoche:xiaoche_instance|PosCounter:pos_counter2|dis_reg[12] ; xiaoche:xiaoche_instance|distance2[1] ; xiaoche:xiaoche_instance|clk_div[4] ; clk         ; 1.000        ; 0.087      ; 15.147     ;
; -14.076 ; xiaoche:xiaoche_instance|PosCounter:pos_counter2|dis_reg[14] ; xiaoche:xiaoche_instance|distance2[3] ; xiaoche:xiaoche_instance|clk_div[4] ; clk         ; 1.000        ; 0.088      ; 15.141     ;
; -13.967 ; xiaoche:xiaoche_instance|PosCounter:pos_counter3|dis_reg[13] ; xiaoche:xiaoche_instance|distance3[3] ; xiaoche:xiaoche_instance|clk_div[4] ; clk         ; 1.000        ; 0.095      ; 15.039     ;
+---------+--------------------------------------------------------------+---------------------------------------+-------------------------------------+-------------+--------------+------------+------------+


+---------------------------------------------------------------------------------------------------------------------------------------------------------------------------------------------------------------------------------------------------------------+
; Fast 1200mV 0C Model Setup: 'xiaoche:xiaoche_instance|clk_div[4]'                                                                                                                                                                                             ;
+--------+----------------------------------------------------------------+----------------------------------------------------------------+-------------------------------------+-------------------------------------+--------------+------------+------------+
; Slack  ; From Node                                                      ; To Node                                                        ; Launch Clock                        ; Latch Clock                         ; Relationship ; Clock Skew ; Data Delay ;
+--------+----------------------------------------------------------------+----------------------------------------------------------------+-------------------------------------+-------------------------------------+--------------+------------+------------+
; -1.155 ; xiaoche:xiaoche_instance|PosCounter:pos_counter1|echo_reg1     ; xiaoche:xiaoche_instance|PosCounter:pos_counter1|count[17]     ; xiaoche:xiaoche_instance|clk_div[4] ; xiaoche:xiaoche_instance|clk_div[4] ; 1.000        ; 0.147      ; 2.289      ;
; -1.096 ; xiaoche:xiaoche_instance|PosCounter:pos_counter1|echo_reg1     ; xiaoche:xiaoche_instance|PosCounter:pos_counter1|count[16]     ; xiaoche:xiaoche_instance|clk_div[4] ; xiaoche:xiaoche_instance|clk_div[4] ; 1.000        ; 0.147      ; 2.230      ;
; -1.058 ; xiaoche:xiaoche_instance|PosCounter:pos_counter1|echo_reg2     ; xiaoche:xiaoche_instance|PosCounter:pos_counter1|count[17]     ; xiaoche:xiaoche_instance|clk_div[4] ; xiaoche:xiaoche_instance|clk_div[4] ; 1.000        ; 0.147      ; 2.192      ;
; -1.051 ; xiaoche:xiaoche_instance|PosCounter:pos_counter1|echo_reg1     ; xiaoche:xiaoche_instance|PosCounter:pos_counter1|count[14]     ; xiaoche:xiaoche_instance|clk_div[4] ; xiaoche:xiaoche_instance|clk_div[4] ; 1.000        ; 0.147      ; 2.185      ;
; -1.033 ; xiaoche:xiaoche_instance|PosCounter:pos_counter1|echo_reg1     ; xiaoche:xiaoche_instance|PosCounter:pos_counter1|count[19]     ; xiaoche:xiaoche_instance|clk_div[4] ; xiaoche:xiaoche_instance|clk_div[4] ; 1.000        ; 0.148      ; 2.168      ;
; -1.021 ; xiaoche:xiaoche_instance|PosCounter:pos_counter3|echo_reg2     ; xiaoche:xiaoche_instance|PosCounter:pos_counter3|count[16]     ; xiaoche:xiaoche_instance|clk_div[4] ; xiaoche:xiaoche_instance|clk_div[4] ; 1.000        ; -0.039     ; 1.969      ;
; -1.019 ; xiaoche:xiaoche_instance|PosCounter:pos_counter3|echo_reg2     ; xiaoche:xiaoche_instance|PosCounter:pos_counter3|count[15]     ; xiaoche:xiaoche_instance|clk_div[4] ; xiaoche:xiaoche_instance|clk_div[4] ; 1.000        ; -0.039     ; 1.967      ;
; -0.999 ; xiaoche:xiaoche_instance|PosCounter:pos_counter1|echo_reg2     ; xiaoche:xiaoche_instance|PosCounter:pos_counter1|count[16]     ; xiaoche:xiaoche_instance|clk_div[4] ; xiaoche:xiaoche_instance|clk_div[4] ; 1.000        ; 0.147      ; 2.133      ;
; -0.970 ; xiaoche:xiaoche_instance|PosCounter:pos_counter1|echo_reg1     ; xiaoche:xiaoche_instance|PosCounter:pos_counter1|count[18]     ; xiaoche:xiaoche_instance|clk_div[4] ; xiaoche:xiaoche_instance|clk_div[4] ; 1.000        ; 0.148      ; 2.105      ;
; -0.954 ; xiaoche:xiaoche_instance|PosCounter:pos_counter1|echo_reg2     ; xiaoche:xiaoche_instance|PosCounter:pos_counter1|count[14]     ; xiaoche:xiaoche_instance|clk_div[4] ; xiaoche:xiaoche_instance|clk_div[4] ; 1.000        ; 0.147      ; 2.088      ;
; -0.938 ; xiaoche:xiaoche_instance|PosCounter:pos_counter1|echo_reg1     ; xiaoche:xiaoche_instance|PosCounter:pos_counter1|count[12]     ; xiaoche:xiaoche_instance|clk_div[4] ; xiaoche:xiaoche_instance|clk_div[4] ; 1.000        ; 0.148      ; 2.073      ;
; -0.936 ; xiaoche:xiaoche_instance|PosCounter:pos_counter1|echo_reg2     ; xiaoche:xiaoche_instance|PosCounter:pos_counter1|count[19]     ; xiaoche:xiaoche_instance|clk_div[4] ; xiaoche:xiaoche_instance|clk_div[4] ; 1.000        ; 0.148      ; 2.071      ;
; -0.914 ; xiaoche:xiaoche_instance|PosCounter:pos_counter3|echo_reg1     ; xiaoche:xiaoche_instance|PosCounter:pos_counter3|count[16]     ; xiaoche:xiaoche_instance|clk_div[4] ; xiaoche:xiaoche_instance|clk_div[4] ; 1.000        ; -0.039     ; 1.862      ;
; -0.913 ; xiaoche:xiaoche_instance|PosCounter:pos_counter1|echo_reg1     ; xiaoche:xiaoche_instance|PosCounter:pos_counter1|count[13]     ; xiaoche:xiaoche_instance|clk_div[4] ; xiaoche:xiaoche_instance|clk_div[4] ; 1.000        ; 0.147      ; 2.047      ;
; -0.912 ; xiaoche:xiaoche_instance|PosCounter:pos_counter3|echo_reg1     ; xiaoche:xiaoche_instance|PosCounter:pos_counter3|count[15]     ; xiaoche:xiaoche_instance|clk_div[4] ; xiaoche:xiaoche_instance|clk_div[4] ; 1.000        ; -0.039     ; 1.860      ;
; -0.899 ; xiaoche:xiaoche_instance|PosCounter:pos_counter1|echo_reg1     ; xiaoche:xiaoche_instance|PosCounter:pos_counter1|count[15]     ; xiaoche:xiaoche_instance|clk_div[4] ; xiaoche:xiaoche_instance|clk_div[4] ; 1.000        ; 0.148      ; 2.034      ;
; -0.891 ; xiaoche:xiaoche_instance|PosCounter:pos_counter3|echo_reg2     ; xiaoche:xiaoche_instance|PosCounter:pos_counter3|count[17]     ; xiaoche:xiaoche_instance|clk_div[4] ; xiaoche:xiaoche_instance|clk_div[4] ; 1.000        ; 0.153      ; 2.031      ;
; -0.873 ; xiaoche:xiaoche_instance|PosCounter:pos_counter1|echo_reg2     ; xiaoche:xiaoche_instance|PosCounter:pos_counter1|count[18]     ; xiaoche:xiaoche_instance|clk_div[4] ; xiaoche:xiaoche_instance|clk_div[4] ; 1.000        ; 0.148      ; 2.008      ;
; -0.870 ; xiaoche:xiaoche_instance|PosCounter:pos_counter1|echo_reg1     ; xiaoche:xiaoche_instance|PosCounter:pos_counter1|count[10]     ; xiaoche:xiaoche_instance|clk_div[4] ; xiaoche:xiaoche_instance|clk_div[4] ; 1.000        ; 0.148      ; 2.005      ;
; -0.866 ; xiaoche:xiaoche_instance|PosCounter:pos_counter3|echo_reg2     ; xiaoche:xiaoche_instance|PosCounter:pos_counter3|count[13]     ; xiaoche:xiaoche_instance|clk_div[4] ; xiaoche:xiaoche_instance|clk_div[4] ; 1.000        ; -0.039     ; 1.814      ;
; -0.865 ; xiaoche:xiaoche_instance|PosCounter:pos_counter1|echo_reg1     ; xiaoche:xiaoche_instance|PosCounter:pos_counter1|count[9]      ; xiaoche:xiaoche_instance|clk_div[4] ; xiaoche:xiaoche_instance|clk_div[4] ; 1.000        ; 0.148      ; 2.000      ;
; -0.841 ; xiaoche:xiaoche_instance|PosCounter:pos_counter1|echo_reg2     ; xiaoche:xiaoche_instance|PosCounter:pos_counter1|count[12]     ; xiaoche:xiaoche_instance|clk_div[4] ; xiaoche:xiaoche_instance|clk_div[4] ; 1.000        ; 0.148      ; 1.976      ;
; -0.833 ; xiaoche:xiaoche_instance|PosCounter:pos_counter2|echo_reg2     ; xiaoche:xiaoche_instance|PosCounter:pos_counter2|count[19]     ; xiaoche:xiaoche_instance|clk_div[4] ; xiaoche:xiaoche_instance|clk_div[4] ; 1.000        ; -0.037     ; 1.783      ;
; -0.818 ; xiaoche:xiaoche_instance|PosCounter:pos_counter3|echo_reg2     ; xiaoche:xiaoche_instance|PosCounter:pos_counter3|count[9]      ; xiaoche:xiaoche_instance|clk_div[4] ; xiaoche:xiaoche_instance|clk_div[4] ; 1.000        ; -0.037     ; 1.768      ;
; -0.816 ; xiaoche:xiaoche_instance|PosCounter:pos_counter1|echo_reg2     ; xiaoche:xiaoche_instance|PosCounter:pos_counter1|count[13]     ; xiaoche:xiaoche_instance|clk_div[4] ; xiaoche:xiaoche_instance|clk_div[4] ; 1.000        ; 0.147      ; 1.950      ;
; -0.809 ; xiaoche:xiaoche_instance|PosCounter:pos_counter2|echo_reg1     ; xiaoche:xiaoche_instance|PosCounter:pos_counter2|count[19]     ; xiaoche:xiaoche_instance|clk_div[4] ; xiaoche:xiaoche_instance|clk_div[4] ; 1.000        ; -0.037     ; 1.759      ;
; -0.805 ; xiaoche:xiaoche_instance|PosCounter:pos_counter2|count[3]      ; xiaoche:xiaoche_instance|PosCounter:pos_counter2|count[18]     ; xiaoche:xiaoche_instance|clk_div[4] ; xiaoche:xiaoche_instance|clk_div[4] ; 1.000        ; -0.045     ; 1.747      ;
; -0.804 ; xiaoche:xiaoche_instance|PosCounter:pos_counter3|echo_reg2     ; xiaoche:xiaoche_instance|PosCounter:pos_counter3|count[12]     ; xiaoche:xiaoche_instance|clk_div[4] ; xiaoche:xiaoche_instance|clk_div[4] ; 1.000        ; -0.039     ; 1.752      ;
; -0.802 ; xiaoche:xiaoche_instance|PosCounter:pos_counter1|echo_reg2     ; xiaoche:xiaoche_instance|PosCounter:pos_counter1|count[15]     ; xiaoche:xiaoche_instance|clk_div[4] ; xiaoche:xiaoche_instance|clk_div[4] ; 1.000        ; 0.148      ; 1.937      ;
; -0.795 ; xiaoche:xiaoche_instance|PosCounter:pos_counter3|echo_reg2     ; xiaoche:xiaoche_instance|PosCounter:pos_counter3|count[19]     ; xiaoche:xiaoche_instance|clk_div[4] ; xiaoche:xiaoche_instance|clk_div[4] ; 1.000        ; 0.153      ; 1.935      ;
; -0.794 ; xiaoche:xiaoche_instance|PosCounter:pos_counter2|count[3]      ; xiaoche:xiaoche_instance|PosCounter:pos_counter2|count[19]     ; xiaoche:xiaoche_instance|clk_div[4] ; xiaoche:xiaoche_instance|clk_div[4] ; 1.000        ; -0.223     ; 1.558      ;
; -0.784 ; xiaoche:xiaoche_instance|PosCounter:pos_counter3|echo_reg1     ; xiaoche:xiaoche_instance|PosCounter:pos_counter3|count[17]     ; xiaoche:xiaoche_instance|clk_div[4] ; xiaoche:xiaoche_instance|clk_div[4] ; 1.000        ; 0.153      ; 1.924      ;
; -0.784 ; xiaoche:xiaoche_instance|PosCounter:pos_counter2|echo_reg2     ; xiaoche:xiaoche_instance|PosCounter:pos_counter2|count[18]     ; xiaoche:xiaoche_instance|clk_div[4] ; xiaoche:xiaoche_instance|clk_div[4] ; 1.000        ; 0.141      ; 1.912      ;
; -0.782 ; xiaoche:xiaoche_instance|PosCounter:pos_counter1|echo_reg1     ; xiaoche:xiaoche_instance|PosCounter:pos_counter1|count[1]      ; xiaoche:xiaoche_instance|clk_div[4] ; xiaoche:xiaoche_instance|clk_div[4] ; 1.000        ; -0.044     ; 1.725      ;
; -0.776 ; xiaoche:xiaoche_instance|PosCounter:pos_counter1|count[0]      ; xiaoche:xiaoche_instance|PosCounter:pos_counter1|count[17]     ; xiaoche:xiaoche_instance|clk_div[4] ; xiaoche:xiaoche_instance|clk_div[4] ; 1.000        ; -0.030     ; 1.733      ;
; -0.773 ; xiaoche:xiaoche_instance|PosCounter:pos_counter1|echo_reg2     ; xiaoche:xiaoche_instance|PosCounter:pos_counter1|count[10]     ; xiaoche:xiaoche_instance|clk_div[4] ; xiaoche:xiaoche_instance|clk_div[4] ; 1.000        ; 0.148      ; 1.908      ;
; -0.768 ; xiaoche:xiaoche_instance|PosCounter:pos_counter1|echo_reg2     ; xiaoche:xiaoche_instance|PosCounter:pos_counter1|count[9]      ; xiaoche:xiaoche_instance|clk_div[4] ; xiaoche:xiaoche_instance|clk_div[4] ; 1.000        ; 0.148      ; 1.903      ;
; -0.765 ; xiaoche:xiaoche_instance|PosCounter:pos_counter1|echo_reg1     ; xiaoche:xiaoche_instance|PosCounter:pos_counter1|count[11]     ; xiaoche:xiaoche_instance|clk_div[4] ; xiaoche:xiaoche_instance|clk_div[4] ; 1.000        ; 0.148      ; 1.900      ;
; -0.760 ; xiaoche:xiaoche_instance|PosCounter:pos_counter2|echo_reg1     ; xiaoche:xiaoche_instance|PosCounter:pos_counter2|count[18]     ; xiaoche:xiaoche_instance|clk_div[4] ; xiaoche:xiaoche_instance|clk_div[4] ; 1.000        ; 0.141      ; 1.888      ;
; -0.759 ; xiaoche:xiaoche_instance|PosCounter:pos_counter3|echo_reg1     ; xiaoche:xiaoche_instance|PosCounter:pos_counter3|count[13]     ; xiaoche:xiaoche_instance|clk_div[4] ; xiaoche:xiaoche_instance|clk_div[4] ; 1.000        ; -0.039     ; 1.707      ;
; -0.757 ; xiaoche:xiaoche_instance|PosCounter:pos_counter1|echo_reg1     ; xiaoche:xiaoche_instance|PosCounter:pos_counter1|count[6]      ; xiaoche:xiaoche_instance|clk_div[4] ; xiaoche:xiaoche_instance|clk_div[4] ; 1.000        ; -0.044     ; 1.700      ;
; -0.748 ; xiaoche:xiaoche_instance|PosCounter:pos_counter1|count[0]      ; xiaoche:xiaoche_instance|PosCounter:pos_counter1|count[16]     ; xiaoche:xiaoche_instance|clk_div[4] ; xiaoche:xiaoche_instance|clk_div[4] ; 1.000        ; -0.030     ; 1.705      ;
; -0.733 ; xiaoche:xiaoche_instance|PosCounter:pos_counter1|echo_reg1     ; xiaoche:xiaoche_instance|PosCounter:pos_counter1|count[7]      ; xiaoche:xiaoche_instance|clk_div[4] ; xiaoche:xiaoche_instance|clk_div[4] ; 1.000        ; 0.134      ; 1.854      ;
; -0.732 ; xiaoche:xiaoche_instance|PosCounter:pos_counter3|echo_reg2     ; xiaoche:xiaoche_instance|PosCounter:pos_counter3|count[18]     ; xiaoche:xiaoche_instance|clk_div[4] ; xiaoche:xiaoche_instance|clk_div[4] ; 1.000        ; 0.153      ; 1.872      ;
; -0.730 ; xiaoche:xiaoche_instance|PosCounter:pos_counter1|echo_reg1     ; xiaoche:xiaoche_instance|PosCounter:pos_counter1|count[5]      ; xiaoche:xiaoche_instance|clk_div[4] ; xiaoche:xiaoche_instance|clk_div[4] ; 1.000        ; 0.148      ; 1.865      ;
; -0.724 ; xiaoche:xiaoche_instance|PosCounter:pos_counter1|echo_reg1     ; xiaoche:xiaoche_instance|PosCounter:pos_counter1|count[8]      ; xiaoche:xiaoche_instance|clk_div[4] ; xiaoche:xiaoche_instance|clk_div[4] ; 1.000        ; 0.134      ; 1.845      ;
; -0.720 ; xiaoche:xiaoche_instance|PosCounter:pos_counter3|echo_reg2     ; xiaoche:xiaoche_instance|PosCounter:pos_counter3|count[11]     ; xiaoche:xiaoche_instance|clk_div[4] ; xiaoche:xiaoche_instance|clk_div[4] ; 1.000        ; -0.039     ; 1.668      ;
; -0.718 ; xiaoche:xiaoche_instance|PosCounter:pos_counter1|count[2]      ; xiaoche:xiaoche_instance|PosCounter:pos_counter1|count[17]     ; xiaoche:xiaoche_instance|clk_div[4] ; xiaoche:xiaoche_instance|clk_div[4] ; 1.000        ; -0.030     ; 1.675      ;
; -0.711 ; xiaoche:xiaoche_instance|PosCounter:pos_counter3|echo_reg1     ; xiaoche:xiaoche_instance|PosCounter:pos_counter3|count[9]      ; xiaoche:xiaoche_instance|clk_div[4] ; xiaoche:xiaoche_instance|clk_div[4] ; 1.000        ; -0.037     ; 1.661      ;
; -0.710 ; xiaoche:xiaoche_instance|PosCounter:pos_counter2|count[4]      ; xiaoche:xiaoche_instance|PosCounter:pos_counter2|count[19]     ; xiaoche:xiaoche_instance|clk_div[4] ; xiaoche:xiaoche_instance|clk_div[4] ; 1.000        ; -0.223     ; 1.474      ;
; -0.703 ; xiaoche:xiaoche_instance|PosCounter:pos_counter1|count[0]      ; xiaoche:xiaoche_instance|PosCounter:pos_counter1|count[14]     ; xiaoche:xiaoche_instance|clk_div[4] ; xiaoche:xiaoche_instance|clk_div[4] ; 1.000        ; -0.030     ; 1.660      ;
; -0.703 ; xiaoche:xiaoche_instance|PosCounter:pos_counter2|echo_reg2     ; xiaoche:xiaoche_instance|PosCounter:pos_counter2|count[15]     ; xiaoche:xiaoche_instance|clk_div[4] ; xiaoche:xiaoche_instance|clk_div[4] ; 1.000        ; 0.141      ; 1.831      ;
; -0.698 ; xiaoche:xiaoche_instance|PosCounter:pos_counter2|echo_reg2     ; xiaoche:xiaoche_instance|PosCounter:pos_counter2|count[13]     ; xiaoche:xiaoche_instance|clk_div[4] ; xiaoche:xiaoche_instance|clk_div[4] ; 1.000        ; 0.141      ; 1.826      ;
; -0.697 ; xiaoche:xiaoche_instance|PosCounter:pos_counter3|echo_reg1     ; xiaoche:xiaoche_instance|PosCounter:pos_counter3|count[12]     ; xiaoche:xiaoche_instance|clk_div[4] ; xiaoche:xiaoche_instance|clk_div[4] ; 1.000        ; -0.039     ; 1.645      ;
; -0.695 ; xiaoche:xiaoche_instance|PosCounter:pos_counter2|count[4]      ; xiaoche:xiaoche_instance|PosCounter:pos_counter2|count[18]     ; xiaoche:xiaoche_instance|clk_div[4] ; xiaoche:xiaoche_instance|clk_div[4] ; 1.000        ; -0.045     ; 1.637      ;
; -0.692 ; xiaoche:xiaoche_instance|PosCounter:pos_counter3|count[1]      ; xiaoche:xiaoche_instance|PosCounter:pos_counter3|count[16]     ; xiaoche:xiaoche_instance|clk_div[4] ; xiaoche:xiaoche_instance|clk_div[4] ; 1.000        ; -0.038     ; 1.641      ;
; -0.688 ; xiaoche:xiaoche_instance|PosCounter:pos_counter3|echo_reg1     ; xiaoche:xiaoche_instance|PosCounter:pos_counter3|count[19]     ; xiaoche:xiaoche_instance|clk_div[4] ; xiaoche:xiaoche_instance|clk_div[4] ; 1.000        ; 0.153      ; 1.828      ;
; -0.688 ; xiaoche:xiaoche_instance|PosCounter:pos_counter1|echo_reg1     ; xiaoche:xiaoche_instance|PosCounter:pos_counter1|curr_state.S1 ; xiaoche:xiaoche_instance|clk_div[4] ; xiaoche:xiaoche_instance|clk_div[4] ; 1.000        ; -0.036     ; 1.639      ;
; -0.687 ; xiaoche:xiaoche_instance|PosCounter:pos_counter1|count[2]      ; xiaoche:xiaoche_instance|PosCounter:pos_counter1|count[16]     ; xiaoche:xiaoche_instance|clk_div[4] ; xiaoche:xiaoche_instance|clk_div[4] ; 1.000        ; -0.030     ; 1.644      ;
; -0.687 ; xiaoche:xiaoche_instance|PosCounter:pos_counter1|echo_reg1     ; xiaoche:xiaoche_instance|PosCounter:pos_counter1|count[4]      ; xiaoche:xiaoche_instance|clk_div[4] ; xiaoche:xiaoche_instance|clk_div[4] ; 1.000        ; -0.044     ; 1.630      ;
; -0.685 ; xiaoche:xiaoche_instance|PosCounter:pos_counter2|count[7]      ; xiaoche:xiaoche_instance|PosCounter:pos_counter2|count[18]     ; xiaoche:xiaoche_instance|clk_div[4] ; xiaoche:xiaoche_instance|clk_div[4] ; 1.000        ; -0.045     ; 1.627      ;
; -0.685 ; xiaoche:xiaoche_instance|PosCounter:pos_counter1|echo_reg2     ; xiaoche:xiaoche_instance|PosCounter:pos_counter1|count[1]      ; xiaoche:xiaoche_instance|clk_div[4] ; xiaoche:xiaoche_instance|clk_div[4] ; 1.000        ; -0.044     ; 1.628      ;
; -0.683 ; xiaoche:xiaoche_instance|PosCounter:pos_counter1|echo_reg1     ; xiaoche:xiaoche_instance|PosCounter:pos_counter1|count[3]      ; xiaoche:xiaoche_instance|clk_div[4] ; xiaoche:xiaoche_instance|clk_div[4] ; 1.000        ; -0.044     ; 1.626      ;
; -0.681 ; xiaoche:xiaoche_instance|PosCounter:pos_counter1|curr_state.S1 ; xiaoche:xiaoche_instance|PosCounter:pos_counter1|curr_state.S1 ; xiaoche:xiaoche_instance|clk_div[4] ; xiaoche:xiaoche_instance|clk_div[4] ; 1.000        ; -0.036     ; 1.632      ;
; -0.680 ; xiaoche:xiaoche_instance|PosCounter:pos_counter3|echo_reg2     ; xiaoche:xiaoche_instance|PosCounter:pos_counter3|count[5]      ; xiaoche:xiaoche_instance|clk_div[4] ; xiaoche:xiaoche_instance|clk_div[4] ; 1.000        ; -0.037     ; 1.630      ;
; -0.679 ; xiaoche:xiaoche_instance|PosCounter:pos_counter2|echo_reg1     ; xiaoche:xiaoche_instance|PosCounter:pos_counter2|count[15]     ; xiaoche:xiaoche_instance|clk_div[4] ; xiaoche:xiaoche_instance|clk_div[4] ; 1.000        ; 0.141      ; 1.807      ;
; -0.676 ; xiaoche:xiaoche_instance|PosCounter:pos_counter3|echo_reg2     ; xiaoche:xiaoche_instance|PosCounter:pos_counter3|count[14]     ; xiaoche:xiaoche_instance|clk_div[4] ; xiaoche:xiaoche_instance|clk_div[4] ; 1.000        ; 0.153      ; 1.816      ;
; -0.676 ; xiaoche:xiaoche_instance|PosCounter:pos_counter3|echo_reg2     ; xiaoche:xiaoche_instance|PosCounter:pos_counter3|count[7]      ; xiaoche:xiaoche_instance|clk_div[4] ; xiaoche:xiaoche_instance|clk_div[4] ; 1.000        ; -0.037     ; 1.626      ;
; -0.675 ; xiaoche:xiaoche_instance|PosCounter:pos_counter1|echo_reg1     ; xiaoche:xiaoche_instance|PosCounter:pos_counter1|curr_state.S0 ; xiaoche:xiaoche_instance|clk_div[4] ; xiaoche:xiaoche_instance|clk_div[4] ; 1.000        ; -0.036     ; 1.626      ;
; -0.674 ; xiaoche:xiaoche_instance|PosCounter:pos_counter2|count[7]      ; xiaoche:xiaoche_instance|PosCounter:pos_counter2|count[19]     ; xiaoche:xiaoche_instance|clk_div[4] ; xiaoche:xiaoche_instance|clk_div[4] ; 1.000        ; -0.223     ; 1.438      ;
; -0.674 ; xiaoche:xiaoche_instance|PosCounter:pos_counter2|echo_reg1     ; xiaoche:xiaoche_instance|PosCounter:pos_counter2|count[13]     ; xiaoche:xiaoche_instance|clk_div[4] ; xiaoche:xiaoche_instance|clk_div[4] ; 1.000        ; 0.141      ; 1.802      ;
; -0.668 ; xiaoche:xiaoche_instance|PosCounter:pos_counter1|echo_reg2     ; xiaoche:xiaoche_instance|PosCounter:pos_counter1|count[11]     ; xiaoche:xiaoche_instance|clk_div[4] ; xiaoche:xiaoche_instance|clk_div[4] ; 1.000        ; 0.148      ; 1.803      ;
; -0.668 ; xiaoche:xiaoche_instance|PosCounter:pos_counter1|curr_state.S1 ; xiaoche:xiaoche_instance|PosCounter:pos_counter1|curr_state.S0 ; xiaoche:xiaoche_instance|clk_div[4] ; xiaoche:xiaoche_instance|clk_div[4] ; 1.000        ; -0.036     ; 1.619      ;
; -0.667 ; xiaoche:xiaoche_instance|PosCounter:pos_counter3|echo_reg2     ; xiaoche:xiaoche_instance|PosCounter:pos_counter3|count[8]      ; xiaoche:xiaoche_instance|clk_div[4] ; xiaoche:xiaoche_instance|clk_div[4] ; 1.000        ; -0.037     ; 1.617      ;
; -0.665 ; xiaoche:xiaoche_instance|PosCounter:pos_counter3|count[2]      ; xiaoche:xiaoche_instance|PosCounter:pos_counter3|count[16]     ; xiaoche:xiaoche_instance|clk_div[4] ; xiaoche:xiaoche_instance|clk_div[4] ; 1.000        ; -0.039     ; 1.613      ;
; -0.664 ; xiaoche:xiaoche_instance|PosCounter:pos_counter2|count[3]      ; xiaoche:xiaoche_instance|PosCounter:pos_counter2|count[15]     ; xiaoche:xiaoche_instance|clk_div[4] ; xiaoche:xiaoche_instance|clk_div[4] ; 1.000        ; -0.045     ; 1.606      ;
; -0.661 ; xiaoche:xiaoche_instance|PosCounter:pos_counter3|echo_reg2     ; xiaoche:xiaoche_instance|PosCounter:pos_counter3|count[4]      ; xiaoche:xiaoche_instance|clk_div[4] ; xiaoche:xiaoche_instance|clk_div[4] ; 1.000        ; -0.037     ; 1.611      ;
; -0.660 ; xiaoche:xiaoche_instance|PosCounter:pos_counter1|echo_reg2     ; xiaoche:xiaoche_instance|PosCounter:pos_counter1|count[6]      ; xiaoche:xiaoche_instance|clk_div[4] ; xiaoche:xiaoche_instance|clk_div[4] ; 1.000        ; -0.044     ; 1.603      ;
; -0.659 ; xiaoche:xiaoche_instance|PosCounter:pos_counter2|count[3]      ; xiaoche:xiaoche_instance|PosCounter:pos_counter2|count[13]     ; xiaoche:xiaoche_instance|clk_div[4] ; xiaoche:xiaoche_instance|clk_div[4] ; 1.000        ; -0.045     ; 1.601      ;
; -0.657 ; xiaoche:xiaoche_instance|PosCounter:pos_counter2|count[6]      ; xiaoche:xiaoche_instance|PosCounter:pos_counter2|count[19]     ; xiaoche:xiaoche_instance|clk_div[4] ; xiaoche:xiaoche_instance|clk_div[4] ; 1.000        ; -0.223     ; 1.421      ;
; -0.655 ; xiaoche:xiaoche_instance|PosCounter:pos_counter3|echo_reg2     ; xiaoche:xiaoche_instance|PosCounter:pos_counter3|count[10]     ; xiaoche:xiaoche_instance|clk_div[4] ; xiaoche:xiaoche_instance|clk_div[4] ; 1.000        ; -0.039     ; 1.603      ;
; -0.654 ; xiaoche:xiaoche_instance|PosCounter:pos_counter1|count[0]      ; xiaoche:xiaoche_instance|PosCounter:pos_counter1|count[19]     ; xiaoche:xiaoche_instance|clk_div[4] ; xiaoche:xiaoche_instance|clk_div[4] ; 1.000        ; -0.029     ; 1.612      ;
; -0.652 ; xiaoche:xiaoche_instance|PosCounter:pos_counter2|echo_reg2     ; xiaoche:xiaoche_instance|PosCounter:pos_counter2|count[17]     ; xiaoche:xiaoche_instance|clk_div[4] ; xiaoche:xiaoche_instance|clk_div[4] ; 1.000        ; 0.155      ; 1.794      ;
; -0.642 ; xiaoche:xiaoche_instance|PosCounter:pos_counter1|count[2]      ; xiaoche:xiaoche_instance|PosCounter:pos_counter1|count[14]     ; xiaoche:xiaoche_instance|clk_div[4] ; xiaoche:xiaoche_instance|clk_div[4] ; 1.000        ; -0.030     ; 1.599      ;
; -0.641 ; xiaoche:xiaoche_instance|PosCounter:pos_counter2|count[6]      ; xiaoche:xiaoche_instance|PosCounter:pos_counter2|count[18]     ; xiaoche:xiaoche_instance|clk_div[4] ; xiaoche:xiaoche_instance|clk_div[4] ; 1.000        ; -0.045     ; 1.583      ;
; -0.638 ; xiaoche:xiaoche_instance|PosCounter:pos_counter3|count[0]      ; xiaoche:xiaoche_instance|PosCounter:pos_counter3|count[16]     ; xiaoche:xiaoche_instance|clk_div[4] ; xiaoche:xiaoche_instance|clk_div[4] ; 1.000        ; -0.038     ; 1.587      ;
; -0.636 ; xiaoche:xiaoche_instance|PosCounter:pos_counter1|echo_reg2     ; xiaoche:xiaoche_instance|PosCounter:pos_counter1|count[7]      ; xiaoche:xiaoche_instance|clk_div[4] ; xiaoche:xiaoche_instance|clk_div[4] ; 1.000        ; 0.134      ; 1.757      ;
; -0.633 ; xiaoche:xiaoche_instance|PosCounter:pos_counter1|echo_reg2     ; xiaoche:xiaoche_instance|PosCounter:pos_counter1|count[5]      ; xiaoche:xiaoche_instance|clk_div[4] ; xiaoche:xiaoche_instance|clk_div[4] ; 1.000        ; 0.148      ; 1.768      ;
; -0.632 ; xiaoche:xiaoche_instance|PosCounter:pos_counter3|count[3]      ; xiaoche:xiaoche_instance|PosCounter:pos_counter3|count[16]     ; xiaoche:xiaoche_instance|clk_div[4] ; xiaoche:xiaoche_instance|clk_div[4] ; 1.000        ; -0.038     ; 1.581      ;
; -0.630 ; xiaoche:xiaoche_instance|PosCounter:pos_counter3|count[1]      ; xiaoche:xiaoche_instance|PosCounter:pos_counter3|count[15]     ; xiaoche:xiaoche_instance|clk_div[4] ; xiaoche:xiaoche_instance|clk_div[4] ; 1.000        ; -0.038     ; 1.579      ;
; -0.628 ; xiaoche:xiaoche_instance|PosCounter:pos_counter3|count[2]      ; xiaoche:xiaoche_instance|PosCounter:pos_counter3|count[15]     ; xiaoche:xiaoche_instance|clk_div[4] ; xiaoche:xiaoche_instance|clk_div[4] ; 1.000        ; -0.039     ; 1.576      ;
; -0.628 ; xiaoche:xiaoche_instance|PosCounter:pos_counter2|echo_reg1     ; xiaoche:xiaoche_instance|PosCounter:pos_counter2|count[17]     ; xiaoche:xiaoche_instance|clk_div[4] ; xiaoche:xiaoche_instance|clk_div[4] ; 1.000        ; 0.155      ; 1.770      ;
; -0.627 ; xiaoche:xiaoche_instance|PosCounter:pos_counter1|echo_reg2     ; xiaoche:xiaoche_instance|PosCounter:pos_counter1|count[8]      ; xiaoche:xiaoche_instance|clk_div[4] ; xiaoche:xiaoche_instance|clk_div[4] ; 1.000        ; 0.134      ; 1.748      ;
; -0.625 ; xiaoche:xiaoche_instance|PosCounter:pos_counter3|echo_reg1     ; xiaoche:xiaoche_instance|PosCounter:pos_counter3|count[18]     ; xiaoche:xiaoche_instance|clk_div[4] ; xiaoche:xiaoche_instance|clk_div[4] ; 1.000        ; 0.153      ; 1.765      ;
; -0.623 ; xiaoche:xiaoche_instance|PosCounter:pos_counter1|count[8]      ; xiaoche:xiaoche_instance|PosCounter:pos_counter1|count[17]     ; xiaoche:xiaoche_instance|clk_div[4] ; xiaoche:xiaoche_instance|clk_div[4] ; 1.000        ; -0.030     ; 1.580      ;
; -0.622 ; xiaoche:xiaoche_instance|PosCounter:pos_counter1|count[0]      ; xiaoche:xiaoche_instance|PosCounter:pos_counter1|count[18]     ; xiaoche:xiaoche_instance|clk_div[4] ; xiaoche:xiaoche_instance|clk_div[4] ; 1.000        ; -0.029     ; 1.580      ;
; -0.622 ; xiaoche:xiaoche_instance|PosCounter:pos_counter2|count[9]      ; xiaoche:xiaoche_instance|PosCounter:pos_counter2|count[18]     ; xiaoche:xiaoche_instance|clk_div[4] ; xiaoche:xiaoche_instance|clk_div[4] ; 1.000        ; -0.045     ; 1.564      ;
; -0.613 ; xiaoche:xiaoche_instance|PosCounter:pos_counter3|echo_reg1     ; xiaoche:xiaoche_instance|PosCounter:pos_counter3|count[11]     ; xiaoche:xiaoche_instance|clk_div[4] ; xiaoche:xiaoche_instance|clk_div[4] ; 1.000        ; -0.039     ; 1.561      ;
; -0.613 ; xiaoche:xiaoche_instance|PosCounter:pos_counter2|count[1]      ; xiaoche:xiaoche_instance|PosCounter:pos_counter2|count[18]     ; xiaoche:xiaoche_instance|clk_div[4] ; xiaoche:xiaoche_instance|clk_div[4] ; 1.000        ; 0.141      ; 1.741      ;
; -0.613 ; xiaoche:xiaoche_instance|PosCounter:pos_counter2|count[3]      ; xiaoche:xiaoche_instance|PosCounter:pos_counter2|count[17]     ; xiaoche:xiaoche_instance|clk_div[4] ; xiaoche:xiaoche_instance|clk_div[4] ; 1.000        ; -0.031     ; 1.569      ;
+--------+----------------------------------------------------------------+----------------------------------------------------------------+-------------------------------------+-------------------------------------+--------------+------------+------------+


+---------------------------------------------------------------------------------------------------------------------------------------------------------------------------------------------------------------------------------------------------------------------+
; Fast 1200mV 0C Model Hold: 'clk'                                                                                                                                                                                                                                    ;
+--------+-------------------------------------------------------------------------------+-------------------------------------------------------------------------------+-------------------------------------+-------------+--------------+------------+------------+
; Slack  ; From Node                                                                     ; To Node                                                                       ; Launch Clock                        ; Latch Clock ; Relationship ; Clock Skew ; Data Delay ;
+--------+-------------------------------------------------------------------------------+-------------------------------------------------------------------------------+-------------------------------------+-------------+--------------+------------+------------+
; -0.035 ; xiaoche:xiaoche_instance|clk_div[4]                                           ; xiaoche:xiaoche_instance|clk_div[4]                                           ; xiaoche:xiaoche_instance|clk_div[4] ; clk         ; 0.000        ; 1.230      ; 1.414      ;
; 0.179  ; xiaoche:xiaoche_instance|boche:boche_executor|current_state.IDLE              ; xiaoche:xiaoche_instance|boche:boche_executor|current_state.IDLE              ; clk                                 ; clk         ; 0.000        ; 0.044      ; 0.307      ;
; 0.179  ; xiaoche:xiaoche_instance|boche:boche_executor|current_state.stop              ; xiaoche:xiaoche_instance|boche:boche_executor|current_state.stop              ; clk                                 ; clk         ; 0.000        ; 0.044      ; 0.307      ;
; 0.179  ; xiaoche:xiaoche_instance|boche:boche_executor|current_state.FORWARD_2S_2      ; xiaoche:xiaoche_instance|boche:boche_executor|current_state.FORWARD_2S_2      ; clk                                 ; clk         ; 0.000        ; 0.044      ; 0.307      ;
; 0.179  ; xiaoche:xiaoche_instance|boche:boche_executor|current_state.RIGHT_200MS       ; xiaoche:xiaoche_instance|boche:boche_executor|current_state.RIGHT_200MS       ; clk                                 ; clk         ; 0.000        ; 0.044      ; 0.307      ;
; 0.179  ; xiaoche:xiaoche_instance|boche:boche_executor|current_state.FORWARD_2S        ; xiaoche:xiaoche_instance|boche:boche_executor|current_state.FORWARD_2S        ; clk                                 ; clk         ; 0.000        ; 0.044      ; 0.307      ;
; 0.186  ; xiaoche:xiaoche_instance|everything:path_executor|right[1]                    ; xiaoche:xiaoche_instance|everything:path_executor|right[1]                    ; clk                                 ; clk         ; 0.000        ; 0.037      ; 0.307      ;
; 0.186  ; xiaoche:xiaoche_instance|everything:path_executor|right[0]                    ; xiaoche:xiaoche_instance|everything:path_executor|right[0]                    ; clk                                 ; clk         ; 0.000        ; 0.037      ; 0.307      ;
; 0.186  ; xiaoche:xiaoche_instance|everything:path_executor|current_state.RIGHT_200MS   ; xiaoche:xiaoche_instance|everything:path_executor|current_state.RIGHT_200MS   ; clk                                 ; clk         ; 0.000        ; 0.037      ; 0.307      ;
; 0.186  ; xiaoche:xiaoche_instance|everything:path_executor|current_state.FORWARD_2S    ; xiaoche:xiaoche_instance|everything:path_executor|current_state.FORWARD_2S    ; clk                                 ; clk         ; 0.000        ; 0.037      ; 0.307      ;
; 0.186  ; xiaoche:xiaoche_instance|everything:path_executor|current_state.RIGHT_200MS_4 ; xiaoche:xiaoche_instance|everything:path_executor|current_state.RIGHT_200MS_4 ; clk                                 ; clk         ; 0.000        ; 0.037      ; 0.307      ;
; 0.186  ; xiaoche:xiaoche_instance|everything:path_executor|current_state.FORWARD_2S_4  ; xiaoche:xiaoche_instance|everything:path_executor|current_state.FORWARD_2S_4  ; clk                                 ; clk         ; 0.000        ; 0.037      ; 0.307      ;
; 0.186  ; xiaoche:xiaoche_instance|everything:path_executor|current_state.RIGHT_200MS_3 ; xiaoche:xiaoche_instance|everything:path_executor|current_state.RIGHT_200MS_3 ; clk                                 ; clk         ; 0.000        ; 0.037      ; 0.307      ;
; 0.186  ; xiaoche:xiaoche_instance|everything:path_executor|current_state.FORWARD_2S_3  ; xiaoche:xiaoche_instance|everything:path_executor|current_state.FORWARD_2S_3  ; clk                                 ; clk         ; 0.000        ; 0.037      ; 0.307      ;
; 0.186  ; xiaoche:xiaoche_instance|everything:path_executor|current_state.RIGHT_200MS_2 ; xiaoche:xiaoche_instance|everything:path_executor|current_state.RIGHT_200MS_2 ; clk                                 ; clk         ; 0.000        ; 0.037      ; 0.307      ;
; 0.186  ; xiaoche:xiaoche_instance|everything:path_executor|current_state.FORWARD_2S_2  ; xiaoche:xiaoche_instance|everything:path_executor|current_state.FORWARD_2S_2  ; clk                                 ; clk         ; 0.000        ; 0.037      ; 0.307      ;
; 0.186  ; xiaoche:xiaoche_instance|everything:path_executor|current_state.stop          ; xiaoche:xiaoche_instance|everything:path_executor|current_state.stop          ; clk                                 ; clk         ; 0.000        ; 0.037      ; 0.307      ;
; 0.187  ; xiaoche:xiaoche_instance|trig_pulse                                           ; xiaoche:xiaoche_instance|trig_pulse                                           ; clk                                 ; clk         ; 0.000        ; 0.036      ; 0.307      ;
; 0.187  ; xiaoche:xiaoche_instance|boche:boche_executor|left[1]                         ; xiaoche:xiaoche_instance|boche:boche_executor|left[1]                         ; clk                                 ; clk         ; 0.000        ; 0.036      ; 0.307      ;
; 0.187  ; xiaoche:xiaoche_instance|everything:path_executor|left[0]                     ; xiaoche:xiaoche_instance|everything:path_executor|left[0]                     ; clk                                 ; clk         ; 0.000        ; 0.036      ; 0.307      ;
; 0.187  ; xiaoche:xiaoche_instance|everything:path_executor|current_state.IDLE          ; xiaoche:xiaoche_instance|everything:path_executor|current_state.IDLE          ; clk                                 ; clk         ; 0.000        ; 0.036      ; 0.307      ;
; 0.187  ; xiaoche:xiaoche_instance|boche:boche_executor|pwm_value[4]                    ; xiaoche:xiaoche_instance|boche:boche_executor|pwm_value[4]                    ; clk                                 ; clk         ; 0.000        ; 0.036      ; 0.307      ;
; 0.187  ; xiaoche:xiaoche_instance|current_mode[1]                                      ; xiaoche:xiaoche_instance|current_mode[1]                                      ; clk                                 ; clk         ; 0.000        ; 0.036      ; 0.307      ;
; 0.187  ; xiaoche:xiaoche_instance|current_mode[0]                                      ; xiaoche:xiaoche_instance|current_mode[0]                                      ; clk                                 ; clk         ; 0.000        ; 0.036      ; 0.307      ;
; 0.187  ; xiaoche:xiaoche_instance|mode_switch_pending                                  ; xiaoche:xiaoche_instance|mode_switch_pending                                  ; clk                                 ; clk         ; 0.000        ; 0.036      ; 0.307      ;
; 0.188  ; xiaoche:xiaoche_instance|boche:boche_executor|right[1]                        ; xiaoche:xiaoche_instance|boche:boche_executor|right[1]                        ; clk                                 ; clk         ; 0.000        ; 0.035      ; 0.307      ;
; 0.188  ; xiaoche:xiaoche_instance|boche:boche_executor|right[0]                        ; xiaoche:xiaoche_instance|boche:boche_executor|right[0]                        ; clk                                 ; clk         ; 0.000        ; 0.035      ; 0.307      ;
; 0.188  ; xiaoche:xiaoche_instance|boche:boche_executor|pwm_value[1]                    ; xiaoche:xiaoche_instance|boche:boche_executor|pwm_value[1]                    ; clk                                 ; clk         ; 0.000        ; 0.035      ; 0.307      ;
; 0.201  ; xiaoche:xiaoche_instance|steer_state.STEER_BACK                               ; xiaoche:xiaoche_instance|left[1]                                              ; clk                                 ; clk         ; 0.000        ; 0.036      ; 0.321      ;
; 0.201  ; xiaoche:xiaoche_instance|mode_switch_pending                                  ; xiaoche:xiaoche_instance|current_mode[0]                                      ; clk                                 ; clk         ; 0.000        ; 0.036      ; 0.321      ;
; 0.218  ; xiaoche:xiaoche_instance|current_mode[1]                                      ; xiaoche:xiaoche_instance|pwm_threshold[3]                                     ; clk                                 ; clk         ; 0.000        ; 0.036      ; 0.338      ;
; 0.258  ; xiaoche:xiaoche_instance|steer_state.STEER_LEFT                               ; xiaoche:xiaoche_instance|left[1]                                              ; clk                                 ; clk         ; 0.000        ; 0.036      ; 0.378      ;
; 0.275  ; xiaoche:xiaoche_instance|enable_prev                                          ; xiaoche:xiaoche_instance|mode_switch_pending                                  ; clk                                 ; clk         ; 0.000        ; 0.036      ; 0.395      ;
; 0.277  ; xiaoche:xiaoche_instance|obstacle_near3                                       ; xiaoche:xiaoche_instance|steer_state.STEER_BACK                               ; clk                                 ; clk         ; 0.000        ; 0.037      ; 0.398      ;
; 0.284  ; xiaoche:xiaoche_instance|everything:path_executor|current_state.stop          ; xiaoche:xiaoche_instance|everything:path_executor|left[0]                     ; clk                                 ; clk         ; 0.000        ; 0.035      ; 0.403      ;
; 0.285  ; xiaoche:xiaoche_instance|boche:boche_executor|timer[1]                        ; xiaoche:xiaoche_instance|boche:boche_executor|timer[1]                        ; clk                                 ; clk         ; 0.000        ; 0.044      ; 0.413      ;
; 0.285  ; xiaoche:xiaoche_instance|boche:boche_executor|timer[3]                        ; xiaoche:xiaoche_instance|boche:boche_executor|timer[3]                        ; clk                                 ; clk         ; 0.000        ; 0.044      ; 0.413      ;
; 0.285  ; xiaoche:xiaoche_instance|boche:boche_executor|timer[5]                        ; xiaoche:xiaoche_instance|boche:boche_executor|timer[5]                        ; clk                                 ; clk         ; 0.000        ; 0.044      ; 0.413      ;
; 0.286  ; xiaoche:xiaoche_instance|boche:boche_executor|timer[2]                        ; xiaoche:xiaoche_instance|boche:boche_executor|timer[2]                        ; clk                                 ; clk         ; 0.000        ; 0.044      ; 0.414      ;
; 0.286  ; xiaoche:xiaoche_instance|boche:boche_executor|timer[6]                        ; xiaoche:xiaoche_instance|boche:boche_executor|timer[6]                        ; clk                                 ; clk         ; 0.000        ; 0.044      ; 0.414      ;
; 0.287  ; xiaoche:xiaoche_instance|boche:boche_executor|timer[4]                        ; xiaoche:xiaoche_instance|boche:boche_executor|timer[4]                        ; clk                                 ; clk         ; 0.000        ; 0.044      ; 0.415      ;
; 0.292  ; xiaoche:xiaoche_instance|enable_counter[6]                                    ; xiaoche:xiaoche_instance|enable_counter[6]                                    ; clk                                 ; clk         ; 0.000        ; 0.037      ; 0.413      ;
; 0.293  ; xiaoche:xiaoche_instance|xunji:xunji_instance|all_white_counter[1]            ; xiaoche:xiaoche_instance|xunji:xunji_instance|all_white_counter[1]            ; clk                                 ; clk         ; 0.000        ; 0.036      ; 0.413      ;
; 0.293  ; xiaoche:xiaoche_instance|everything:path_executor|timer[1]                    ; xiaoche:xiaoche_instance|everything:path_executor|timer[1]                    ; clk                                 ; clk         ; 0.000        ; 0.036      ; 0.413      ;
; 0.293  ; xiaoche:xiaoche_instance|everything:path_executor|timer[3]                    ; xiaoche:xiaoche_instance|everything:path_executor|timer[3]                    ; clk                                 ; clk         ; 0.000        ; 0.036      ; 0.413      ;
; 0.293  ; xiaoche:xiaoche_instance|everything:path_executor|timer[5]                    ; xiaoche:xiaoche_instance|everything:path_executor|timer[5]                    ; clk                                 ; clk         ; 0.000        ; 0.036      ; 0.413      ;
; 0.293  ; xiaoche:xiaoche_instance|enable_counter[1]                                    ; xiaoche:xiaoche_instance|enable_counter[1]                                    ; clk                                 ; clk         ; 0.000        ; 0.037      ; 0.414      ;
; 0.293  ; xiaoche:xiaoche_instance|enable_counter[4]                                    ; xiaoche:xiaoche_instance|enable_counter[4]                                    ; clk                                 ; clk         ; 0.000        ; 0.037      ; 0.414      ;
; 0.293  ; xiaoche:xiaoche_instance|enable_counter[5]                                    ; xiaoche:xiaoche_instance|enable_counter[5]                                    ; clk                                 ; clk         ; 0.000        ; 0.037      ; 0.414      ;
; 0.294  ; xiaoche:xiaoche_instance|xunji:xunji_instance|all_white_counter[2]            ; xiaoche:xiaoche_instance|xunji:xunji_instance|all_white_counter[2]            ; clk                                 ; clk         ; 0.000        ; 0.036      ; 0.414      ;
; 0.294  ; xiaoche:xiaoche_instance|xunji:xunji_instance|all_white_counter[3]            ; xiaoche:xiaoche_instance|xunji:xunji_instance|all_white_counter[3]            ; clk                                 ; clk         ; 0.000        ; 0.036      ; 0.414      ;
; 0.294  ; xiaoche:xiaoche_instance|xunji:xunji_instance|all_white_counter[5]            ; xiaoche:xiaoche_instance|xunji:xunji_instance|all_white_counter[5]            ; clk                                 ; clk         ; 0.000        ; 0.036      ; 0.414      ;
; 0.294  ; xiaoche:xiaoche_instance|everything:path_executor|timer[2]                    ; xiaoche:xiaoche_instance|everything:path_executor|timer[2]                    ; clk                                 ; clk         ; 0.000        ; 0.036      ; 0.414      ;
; 0.294  ; xiaoche:xiaoche_instance|everything:path_executor|timer[6]                    ; xiaoche:xiaoche_instance|everything:path_executor|timer[6]                    ; clk                                 ; clk         ; 0.000        ; 0.036      ; 0.414      ;
; 0.294  ; xiaoche:xiaoche_instance|everything:path_executor|timer[7]                    ; xiaoche:xiaoche_instance|everything:path_executor|timer[7]                    ; clk                                 ; clk         ; 0.000        ; 0.036      ; 0.414      ;
; 0.294  ; xiaoche:xiaoche_instance|enable_counter[2]                                    ; xiaoche:xiaoche_instance|enable_counter[2]                                    ; clk                                 ; clk         ; 0.000        ; 0.037      ; 0.415      ;
; 0.294  ; xiaoche:xiaoche_instance|enable_counter[3]                                    ; xiaoche:xiaoche_instance|enable_counter[3]                                    ; clk                                 ; clk         ; 0.000        ; 0.037      ; 0.415      ;
; 0.295  ; xiaoche:xiaoche_instance|xunji:xunji_instance|all_white_counter[4]            ; xiaoche:xiaoche_instance|xunji:xunji_instance|all_white_counter[4]            ; clk                                 ; clk         ; 0.000        ; 0.036      ; 0.415      ;
; 0.295  ; xiaoche:xiaoche_instance|everything:path_executor|timer[4]                    ; xiaoche:xiaoche_instance|everything:path_executor|timer[4]                    ; clk                                 ; clk         ; 0.000        ; 0.036      ; 0.415      ;
; 0.295  ; xiaoche:xiaoche_instance|everything:path_executor|timer[8]                    ; xiaoche:xiaoche_instance|everything:path_executor|timer[8]                    ; clk                                 ; clk         ; 0.000        ; 0.036      ; 0.415      ;
; 0.295  ; xiaoche:xiaoche_instance|clk_div[2]                                           ; xiaoche:xiaoche_instance|clk_div[2]                                           ; clk                                 ; clk         ; 0.000        ; 0.036      ; 0.415      ;
; 0.296  ; xiaoche:xiaoche_instance|trig_counter[1]                                      ; xiaoche:xiaoche_instance|trig_counter[1]                                      ; clk                                 ; clk         ; 0.000        ; 0.044      ; 0.424      ;
; 0.296  ; xiaoche:xiaoche_instance|boche:boche_executor|timer[13]                       ; xiaoche:xiaoche_instance|boche:boche_executor|timer[13]                       ; clk                                 ; clk         ; 0.000        ; 0.044      ; 0.424      ;
; 0.296  ; xiaoche:xiaoche_instance|boche:boche_executor|timer[15]                       ; xiaoche:xiaoche_instance|boche:boche_executor|timer[15]                       ; clk                                 ; clk         ; 0.000        ; 0.044      ; 0.424      ;
; 0.296  ; xiaoche:xiaoche_instance|clk_div[3]                                           ; xiaoche:xiaoche_instance|clk_div[3]                                           ; clk                                 ; clk         ; 0.000        ; 0.036      ; 0.416      ;
; 0.296  ; xiaoche:xiaoche_instance|enable_counter[9]                                    ; xiaoche:xiaoche_instance|enable_counter[9]                                    ; clk                                 ; clk         ; 0.000        ; 0.037      ; 0.417      ;
; 0.297  ; xiaoche:xiaoche_instance|xunji:xunji_instance|all_white_counter[9]            ; xiaoche:xiaoche_instance|xunji:xunji_instance|all_white_counter[9]            ; clk                                 ; clk         ; 0.000        ; 0.036      ; 0.417      ;
; 0.297  ; xiaoche:xiaoche_instance|xunji:xunji_instance|all_white_counter[11]           ; xiaoche:xiaoche_instance|xunji:xunji_instance|all_white_counter[11]           ; clk                                 ; clk         ; 0.000        ; 0.036      ; 0.417      ;
; 0.297  ; xiaoche:xiaoche_instance|xunji:xunji_instance|all_white_counter[13]           ; xiaoche:xiaoche_instance|xunji:xunji_instance|all_white_counter[13]           ; clk                                 ; clk         ; 0.000        ; 0.036      ; 0.417      ;
; 0.297  ; xiaoche:xiaoche_instance|boche:boche_executor|timer[11]                       ; xiaoche:xiaoche_instance|boche:boche_executor|timer[11]                       ; clk                                 ; clk         ; 0.000        ; 0.044      ; 0.425      ;
; 0.297  ; xiaoche:xiaoche_instance|boche:boche_executor|timer[0]                        ; xiaoche:xiaoche_instance|boche:boche_executor|timer[0]                        ; clk                                 ; clk         ; 0.000        ; 0.044      ; 0.425      ;
; 0.297  ; xiaoche:xiaoche_instance|boche:boche_executor|timer[7]                        ; xiaoche:xiaoche_instance|boche:boche_executor|timer[7]                        ; clk                                 ; clk         ; 0.000        ; 0.044      ; 0.425      ;
; 0.297  ; xiaoche:xiaoche_instance|enable_counter[12]                                   ; xiaoche:xiaoche_instance|enable_counter[12]                                   ; clk                                 ; clk         ; 0.000        ; 0.037      ; 0.418      ;
; 0.297  ; xiaoche:xiaoche_instance|enable_counter[15]                                   ; xiaoche:xiaoche_instance|enable_counter[15]                                   ; clk                                 ; clk         ; 0.000        ; 0.037      ; 0.418      ;
; 0.298  ; xiaoche:xiaoche_instance|xunji:xunji_instance|all_white_counter[17]           ; xiaoche:xiaoche_instance|xunji:xunji_instance|all_white_counter[17]           ; clk                                 ; clk         ; 0.000        ; 0.036      ; 0.418      ;
; 0.298  ; xiaoche:xiaoche_instance|xunji:xunji_instance|all_white_counter[7]            ; xiaoche:xiaoche_instance|xunji:xunji_instance|all_white_counter[7]            ; clk                                 ; clk         ; 0.000        ; 0.036      ; 0.418      ;
; 0.298  ; xiaoche:xiaoche_instance|xunji:xunji_instance|all_white_counter[10]           ; xiaoche:xiaoche_instance|xunji:xunji_instance|all_white_counter[10]           ; clk                                 ; clk         ; 0.000        ; 0.036      ; 0.418      ;
; 0.298  ; xiaoche:xiaoche_instance|xunji:xunji_instance|all_white_counter[15]           ; xiaoche:xiaoche_instance|xunji:xunji_instance|all_white_counter[15]           ; clk                                 ; clk         ; 0.000        ; 0.036      ; 0.418      ;
; 0.298  ; xiaoche:xiaoche_instance|boche:boche_executor|timer[9]                        ; xiaoche:xiaoche_instance|boche:boche_executor|timer[9]                        ; clk                                 ; clk         ; 0.000        ; 0.044      ; 0.426      ;
; 0.298  ; xiaoche:xiaoche_instance|boche:boche_executor|timer[14]                       ; xiaoche:xiaoche_instance|boche:boche_executor|timer[14]                       ; clk                                 ; clk         ; 0.000        ; 0.044      ; 0.426      ;
; 0.298  ; xiaoche:xiaoche_instance|pwm_counter[3]                                       ; xiaoche:xiaoche_instance|pwm_counter[3]                                       ; clk                                 ; clk         ; 0.000        ; 0.036      ; 0.418      ;
; 0.298  ; xiaoche:xiaoche_instance|pwm_counter[1]                                       ; xiaoche:xiaoche_instance|pwm_counter[1]                                       ; clk                                 ; clk         ; 0.000        ; 0.036      ; 0.418      ;
; 0.298  ; xiaoche:xiaoche_instance|enable_counter[10]                                   ; xiaoche:xiaoche_instance|enable_counter[10]                                   ; clk                                 ; clk         ; 0.000        ; 0.037      ; 0.419      ;
; 0.298  ; xiaoche:xiaoche_instance|enable_counter[11]                                   ; xiaoche:xiaoche_instance|enable_counter[11]                                   ; clk                                 ; clk         ; 0.000        ; 0.037      ; 0.419      ;
; 0.298  ; xiaoche:xiaoche_instance|enable_counter[13]                                   ; xiaoche:xiaoche_instance|enable_counter[13]                                   ; clk                                 ; clk         ; 0.000        ; 0.037      ; 0.419      ;
; 0.298  ; xiaoche:xiaoche_instance|enable_counter[14]                                   ; xiaoche:xiaoche_instance|enable_counter[14]                                   ; clk                                 ; clk         ; 0.000        ; 0.037      ; 0.419      ;
; 0.299  ; xiaoche:xiaoche_instance|xunji:xunji_instance|all_white_counter[23]           ; xiaoche:xiaoche_instance|xunji:xunji_instance|all_white_counter[23]           ; clk                                 ; clk         ; 0.000        ; 0.036      ; 0.419      ;
; 0.299  ; xiaoche:xiaoche_instance|xunji:xunji_instance|all_white_counter[6]            ; xiaoche:xiaoche_instance|xunji:xunji_instance|all_white_counter[6]            ; clk                                 ; clk         ; 0.000        ; 0.036      ; 0.419      ;
; 0.299  ; xiaoche:xiaoche_instance|xunji:xunji_instance|all_white_counter[8]            ; xiaoche:xiaoche_instance|xunji:xunji_instance|all_white_counter[8]            ; clk                                 ; clk         ; 0.000        ; 0.036      ; 0.419      ;
; 0.299  ; xiaoche:xiaoche_instance|xunji:xunji_instance|all_white_counter[14]           ; xiaoche:xiaoche_instance|xunji:xunji_instance|all_white_counter[14]           ; clk                                 ; clk         ; 0.000        ; 0.036      ; 0.419      ;
; 0.299  ; xiaoche:xiaoche_instance|xunji:xunji_instance|all_white_counter[18]           ; xiaoche:xiaoche_instance|xunji:xunji_instance|all_white_counter[18]           ; clk                                 ; clk         ; 0.000        ; 0.036      ; 0.419      ;
; 0.299  ; xiaoche:xiaoche_instance|boche:boche_executor|timer[12]                       ; xiaoche:xiaoche_instance|boche:boche_executor|timer[12]                       ; clk                                 ; clk         ; 0.000        ; 0.044      ; 0.427      ;
; 0.299  ; xiaoche:xiaoche_instance|pwm_counter[7]                                       ; xiaoche:xiaoche_instance|pwm_counter[7]                                       ; clk                                 ; clk         ; 0.000        ; 0.036      ; 0.419      ;
; 0.299  ; xiaoche:xiaoche_instance|pwm_counter[5]                                       ; xiaoche:xiaoche_instance|pwm_counter[5]                                       ; clk                                 ; clk         ; 0.000        ; 0.036      ; 0.419      ;
; 0.299  ; xiaoche:xiaoche_instance|enable_counter[16]                                   ; xiaoche:xiaoche_instance|enable_counter[16]                                   ; clk                                 ; clk         ; 0.000        ; 0.037      ; 0.420      ;
; 0.300  ; xiaoche:xiaoche_instance|xunji:xunji_instance|all_white_counter[16]           ; xiaoche:xiaoche_instance|xunji:xunji_instance|all_white_counter[16]           ; clk                                 ; clk         ; 0.000        ; 0.036      ; 0.420      ;
; 0.300  ; xiaoche:xiaoche_instance|xunji:xunji_instance|all_white_counter[20]           ; xiaoche:xiaoche_instance|xunji:xunji_instance|all_white_counter[20]           ; clk                                 ; clk         ; 0.000        ; 0.036      ; 0.420      ;
; 0.300  ; xiaoche:xiaoche_instance|xunji:xunji_instance|all_white_counter[21]           ; xiaoche:xiaoche_instance|xunji:xunji_instance|all_white_counter[21]           ; clk                                 ; clk         ; 0.000        ; 0.036      ; 0.420      ;
; 0.300  ; xiaoche:xiaoche_instance|pwm_counter[6]                                       ; xiaoche:xiaoche_instance|pwm_counter[6]                                       ; clk                                 ; clk         ; 0.000        ; 0.036      ; 0.420      ;
; 0.300  ; xiaoche:xiaoche_instance|pwm_counter[2]                                       ; xiaoche:xiaoche_instance|pwm_counter[2]                                       ; clk                                 ; clk         ; 0.000        ; 0.036      ; 0.420      ;
+--------+-------------------------------------------------------------------------------+-------------------------------------------------------------------------------+-------------------------------------+-------------+--------------+------------+------------+


+--------------------------------------------------------------------------------------------------------------------------------------------------------------------------------------------------------------------------------------------------------------+
; Fast 1200mV 0C Model Hold: 'xiaoche:xiaoche_instance|clk_div[4]'                                                                                                                                                                                             ;
+-------+----------------------------------------------------------------+----------------------------------------------------------------+-------------------------------------+-------------------------------------+--------------+------------+------------+
; Slack ; From Node                                                      ; To Node                                                        ; Launch Clock                        ; Latch Clock                         ; Relationship ; Clock Skew ; Data Delay ;
+-------+----------------------------------------------------------------+----------------------------------------------------------------+-------------------------------------+-------------------------------------+--------------+------------+------------+
; 0.178 ; xiaoche:xiaoche_instance|PosCounter:pos_counter3|count[19]     ; xiaoche:xiaoche_instance|PosCounter:pos_counter3|count[19]     ; xiaoche:xiaoche_instance|clk_div[4] ; xiaoche:xiaoche_instance|clk_div[4] ; 0.000        ; 0.045      ; 0.307      ;
; 0.178 ; xiaoche:xiaoche_instance|PosCounter:pos_counter3|count[18]     ; xiaoche:xiaoche_instance|PosCounter:pos_counter3|count[18]     ; xiaoche:xiaoche_instance|clk_div[4] ; xiaoche:xiaoche_instance|clk_div[4] ; 0.000        ; 0.045      ; 0.307      ;
; 0.178 ; xiaoche:xiaoche_instance|PosCounter:pos_counter3|count[17]     ; xiaoche:xiaoche_instance|PosCounter:pos_counter3|count[17]     ; xiaoche:xiaoche_instance|clk_div[4] ; xiaoche:xiaoche_instance|clk_div[4] ; 0.000        ; 0.045      ; 0.307      ;
; 0.178 ; xiaoche:xiaoche_instance|PosCounter:pos_counter3|count[14]     ; xiaoche:xiaoche_instance|PosCounter:pos_counter3|count[14]     ; xiaoche:xiaoche_instance|clk_div[4] ; xiaoche:xiaoche_instance|clk_div[4] ; 0.000        ; 0.045      ; 0.307      ;
; 0.178 ; xiaoche:xiaoche_instance|PosCounter:pos_counter2|count[18]     ; xiaoche:xiaoche_instance|PosCounter:pos_counter2|count[18]     ; xiaoche:xiaoche_instance|clk_div[4] ; xiaoche:xiaoche_instance|clk_div[4] ; 0.000        ; 0.045      ; 0.307      ;
; 0.178 ; xiaoche:xiaoche_instance|PosCounter:pos_counter2|count[17]     ; xiaoche:xiaoche_instance|PosCounter:pos_counter2|count[17]     ; xiaoche:xiaoche_instance|clk_div[4] ; xiaoche:xiaoche_instance|clk_div[4] ; 0.000        ; 0.045      ; 0.307      ;
; 0.178 ; xiaoche:xiaoche_instance|PosCounter:pos_counter2|count[16]     ; xiaoche:xiaoche_instance|PosCounter:pos_counter2|count[16]     ; xiaoche:xiaoche_instance|clk_div[4] ; xiaoche:xiaoche_instance|clk_div[4] ; 0.000        ; 0.045      ; 0.307      ;
; 0.178 ; xiaoche:xiaoche_instance|PosCounter:pos_counter2|count[15]     ; xiaoche:xiaoche_instance|PosCounter:pos_counter2|count[15]     ; xiaoche:xiaoche_instance|clk_div[4] ; xiaoche:xiaoche_instance|clk_div[4] ; 0.000        ; 0.045      ; 0.307      ;
; 0.178 ; xiaoche:xiaoche_instance|PosCounter:pos_counter2|count[14]     ; xiaoche:xiaoche_instance|PosCounter:pos_counter2|count[14]     ; xiaoche:xiaoche_instance|clk_div[4] ; xiaoche:xiaoche_instance|clk_div[4] ; 0.000        ; 0.045      ; 0.307      ;
; 0.178 ; xiaoche:xiaoche_instance|PosCounter:pos_counter2|count[13]     ; xiaoche:xiaoche_instance|PosCounter:pos_counter2|count[13]     ; xiaoche:xiaoche_instance|clk_div[4] ; xiaoche:xiaoche_instance|clk_div[4] ; 0.000        ; 0.045      ; 0.307      ;
; 0.178 ; xiaoche:xiaoche_instance|PosCounter:pos_counter2|count[12]     ; xiaoche:xiaoche_instance|PosCounter:pos_counter2|count[12]     ; xiaoche:xiaoche_instance|clk_div[4] ; xiaoche:xiaoche_instance|clk_div[4] ; 0.000        ; 0.045      ; 0.307      ;
; 0.178 ; xiaoche:xiaoche_instance|PosCounter:pos_counter2|count[9]      ; xiaoche:xiaoche_instance|PosCounter:pos_counter2|count[9]      ; xiaoche:xiaoche_instance|clk_div[4] ; xiaoche:xiaoche_instance|clk_div[4] ; 0.000        ; 0.045      ; 0.307      ;
; 0.178 ; xiaoche:xiaoche_instance|PosCounter:pos_counter2|count[7]      ; xiaoche:xiaoche_instance|PosCounter:pos_counter2|count[7]      ; xiaoche:xiaoche_instance|clk_div[4] ; xiaoche:xiaoche_instance|clk_div[4] ; 0.000        ; 0.045      ; 0.307      ;
; 0.178 ; xiaoche:xiaoche_instance|PosCounter:pos_counter2|count[6]      ; xiaoche:xiaoche_instance|PosCounter:pos_counter2|count[6]      ; xiaoche:xiaoche_instance|clk_div[4] ; xiaoche:xiaoche_instance|clk_div[4] ; 0.000        ; 0.045      ; 0.307      ;
; 0.178 ; xiaoche:xiaoche_instance|PosCounter:pos_counter2|count[4]      ; xiaoche:xiaoche_instance|PosCounter:pos_counter2|count[4]      ; xiaoche:xiaoche_instance|clk_div[4] ; xiaoche:xiaoche_instance|clk_div[4] ; 0.000        ; 0.045      ; 0.307      ;
; 0.178 ; xiaoche:xiaoche_instance|PosCounter:pos_counter2|count[3]      ; xiaoche:xiaoche_instance|PosCounter:pos_counter2|count[3]      ; xiaoche:xiaoche_instance|clk_div[4] ; xiaoche:xiaoche_instance|clk_div[4] ; 0.000        ; 0.045      ; 0.307      ;
; 0.179 ; xiaoche:xiaoche_instance|PosCounter:pos_counter1|count[19]     ; xiaoche:xiaoche_instance|PosCounter:pos_counter1|count[19]     ; xiaoche:xiaoche_instance|clk_div[4] ; xiaoche:xiaoche_instance|clk_div[4] ; 0.000        ; 0.044      ; 0.307      ;
; 0.179 ; xiaoche:xiaoche_instance|PosCounter:pos_counter1|count[18]     ; xiaoche:xiaoche_instance|PosCounter:pos_counter1|count[18]     ; xiaoche:xiaoche_instance|clk_div[4] ; xiaoche:xiaoche_instance|clk_div[4] ; 0.000        ; 0.044      ; 0.307      ;
; 0.179 ; xiaoche:xiaoche_instance|PosCounter:pos_counter1|count[17]     ; xiaoche:xiaoche_instance|PosCounter:pos_counter1|count[17]     ; xiaoche:xiaoche_instance|clk_div[4] ; xiaoche:xiaoche_instance|clk_div[4] ; 0.000        ; 0.044      ; 0.307      ;
; 0.179 ; xiaoche:xiaoche_instance|PosCounter:pos_counter1|count[16]     ; xiaoche:xiaoche_instance|PosCounter:pos_counter1|count[16]     ; xiaoche:xiaoche_instance|clk_div[4] ; xiaoche:xiaoche_instance|clk_div[4] ; 0.000        ; 0.044      ; 0.307      ;
; 0.179 ; xiaoche:xiaoche_instance|PosCounter:pos_counter1|count[15]     ; xiaoche:xiaoche_instance|PosCounter:pos_counter1|count[15]     ; xiaoche:xiaoche_instance|clk_div[4] ; xiaoche:xiaoche_instance|clk_div[4] ; 0.000        ; 0.044      ; 0.307      ;
; 0.179 ; xiaoche:xiaoche_instance|PosCounter:pos_counter1|count[14]     ; xiaoche:xiaoche_instance|PosCounter:pos_counter1|count[14]     ; xiaoche:xiaoche_instance|clk_div[4] ; xiaoche:xiaoche_instance|clk_div[4] ; 0.000        ; 0.044      ; 0.307      ;
; 0.179 ; xiaoche:xiaoche_instance|PosCounter:pos_counter1|count[13]     ; xiaoche:xiaoche_instance|PosCounter:pos_counter1|count[13]     ; xiaoche:xiaoche_instance|clk_div[4] ; xiaoche:xiaoche_instance|clk_div[4] ; 0.000        ; 0.044      ; 0.307      ;
; 0.179 ; xiaoche:xiaoche_instance|PosCounter:pos_counter1|count[12]     ; xiaoche:xiaoche_instance|PosCounter:pos_counter1|count[12]     ; xiaoche:xiaoche_instance|clk_div[4] ; xiaoche:xiaoche_instance|clk_div[4] ; 0.000        ; 0.044      ; 0.307      ;
; 0.179 ; xiaoche:xiaoche_instance|PosCounter:pos_counter1|count[11]     ; xiaoche:xiaoche_instance|PosCounter:pos_counter1|count[11]     ; xiaoche:xiaoche_instance|clk_div[4] ; xiaoche:xiaoche_instance|clk_div[4] ; 0.000        ; 0.044      ; 0.307      ;
; 0.179 ; xiaoche:xiaoche_instance|PosCounter:pos_counter1|count[10]     ; xiaoche:xiaoche_instance|PosCounter:pos_counter1|count[10]     ; xiaoche:xiaoche_instance|clk_div[4] ; xiaoche:xiaoche_instance|clk_div[4] ; 0.000        ; 0.044      ; 0.307      ;
; 0.179 ; xiaoche:xiaoche_instance|PosCounter:pos_counter1|count[9]      ; xiaoche:xiaoche_instance|PosCounter:pos_counter1|count[9]      ; xiaoche:xiaoche_instance|clk_div[4] ; xiaoche:xiaoche_instance|clk_div[4] ; 0.000        ; 0.044      ; 0.307      ;
; 0.179 ; xiaoche:xiaoche_instance|PosCounter:pos_counter1|count[5]      ; xiaoche:xiaoche_instance|PosCounter:pos_counter1|count[5]      ; xiaoche:xiaoche_instance|clk_div[4] ; xiaoche:xiaoche_instance|clk_div[4] ; 0.000        ; 0.044      ; 0.307      ;
; 0.180 ; xiaoche:xiaoche_instance|PosCounter:pos_counter1|count[8]      ; xiaoche:xiaoche_instance|PosCounter:pos_counter1|count[8]      ; xiaoche:xiaoche_instance|clk_div[4] ; xiaoche:xiaoche_instance|clk_div[4] ; 0.000        ; 0.043      ; 0.307      ;
; 0.180 ; xiaoche:xiaoche_instance|PosCounter:pos_counter1|count[7]      ; xiaoche:xiaoche_instance|PosCounter:pos_counter1|count[7]      ; xiaoche:xiaoche_instance|clk_div[4] ; xiaoche:xiaoche_instance|clk_div[4] ; 0.000        ; 0.043      ; 0.307      ;
; 0.180 ; xiaoche:xiaoche_instance|PosCounter:pos_counter1|count[2]      ; xiaoche:xiaoche_instance|PosCounter:pos_counter1|count[2]      ; xiaoche:xiaoche_instance|clk_div[4] ; xiaoche:xiaoche_instance|clk_div[4] ; 0.000        ; 0.043      ; 0.307      ;
; 0.180 ; xiaoche:xiaoche_instance|PosCounter:pos_counter1|count[0]      ; xiaoche:xiaoche_instance|PosCounter:pos_counter1|count[0]      ; xiaoche:xiaoche_instance|clk_div[4] ; xiaoche:xiaoche_instance|clk_div[4] ; 0.000        ; 0.043      ; 0.307      ;
; 0.186 ; xiaoche:xiaoche_instance|PosCounter:pos_counter3|count[8]      ; xiaoche:xiaoche_instance|PosCounter:pos_counter3|count[8]      ; xiaoche:xiaoche_instance|clk_div[4] ; xiaoche:xiaoche_instance|clk_div[4] ; 0.000        ; 0.037      ; 0.307      ;
; 0.186 ; xiaoche:xiaoche_instance|PosCounter:pos_counter3|count[7]      ; xiaoche:xiaoche_instance|PosCounter:pos_counter3|count[7]      ; xiaoche:xiaoche_instance|clk_div[4] ; xiaoche:xiaoche_instance|clk_div[4] ; 0.000        ; 0.037      ; 0.307      ;
; 0.186 ; xiaoche:xiaoche_instance|PosCounter:pos_counter3|count[4]      ; xiaoche:xiaoche_instance|PosCounter:pos_counter3|count[4]      ; xiaoche:xiaoche_instance|clk_div[4] ; xiaoche:xiaoche_instance|clk_div[4] ; 0.000        ; 0.037      ; 0.307      ;
; 0.186 ; xiaoche:xiaoche_instance|PosCounter:pos_counter3|count[2]      ; xiaoche:xiaoche_instance|PosCounter:pos_counter3|count[2]      ; xiaoche:xiaoche_instance|clk_div[4] ; xiaoche:xiaoche_instance|clk_div[4] ; 0.000        ; 0.037      ; 0.307      ;
; 0.186 ; xiaoche:xiaoche_instance|PosCounter:pos_counter3|curr_state.S0 ; xiaoche:xiaoche_instance|PosCounter:pos_counter3|curr_state.S0 ; xiaoche:xiaoche_instance|clk_div[4] ; xiaoche:xiaoche_instance|clk_div[4] ; 0.000        ; 0.037      ; 0.307      ;
; 0.186 ; xiaoche:xiaoche_instance|PosCounter:pos_counter3|curr_state.S1 ; xiaoche:xiaoche_instance|PosCounter:pos_counter3|curr_state.S1 ; xiaoche:xiaoche_instance|clk_div[4] ; xiaoche:xiaoche_instance|clk_div[4] ; 0.000        ; 0.037      ; 0.307      ;
; 0.186 ; xiaoche:xiaoche_instance|PosCounter:pos_counter3|curr_state.S2 ; xiaoche:xiaoche_instance|PosCounter:pos_counter3|curr_state.S2 ; xiaoche:xiaoche_instance|clk_div[4] ; xiaoche:xiaoche_instance|clk_div[4] ; 0.000        ; 0.037      ; 0.307      ;
; 0.186 ; xiaoche:xiaoche_instance|PosCounter:pos_counter1|count[6]      ; xiaoche:xiaoche_instance|PosCounter:pos_counter1|count[6]      ; xiaoche:xiaoche_instance|clk_div[4] ; xiaoche:xiaoche_instance|clk_div[4] ; 0.000        ; 0.037      ; 0.307      ;
; 0.186 ; xiaoche:xiaoche_instance|PosCounter:pos_counter1|count[4]      ; xiaoche:xiaoche_instance|PosCounter:pos_counter1|count[4]      ; xiaoche:xiaoche_instance|clk_div[4] ; xiaoche:xiaoche_instance|clk_div[4] ; 0.000        ; 0.037      ; 0.307      ;
; 0.186 ; xiaoche:xiaoche_instance|PosCounter:pos_counter1|count[3]      ; xiaoche:xiaoche_instance|PosCounter:pos_counter1|count[3]      ; xiaoche:xiaoche_instance|clk_div[4] ; xiaoche:xiaoche_instance|clk_div[4] ; 0.000        ; 0.037      ; 0.307      ;
; 0.186 ; xiaoche:xiaoche_instance|PosCounter:pos_counter1|count[1]      ; xiaoche:xiaoche_instance|PosCounter:pos_counter1|count[1]      ; xiaoche:xiaoche_instance|clk_div[4] ; xiaoche:xiaoche_instance|clk_div[4] ; 0.000        ; 0.037      ; 0.307      ;
; 0.186 ; xiaoche:xiaoche_instance|PosCounter:pos_counter1|curr_state.S2 ; xiaoche:xiaoche_instance|PosCounter:pos_counter1|curr_state.S2 ; xiaoche:xiaoche_instance|clk_div[4] ; xiaoche:xiaoche_instance|clk_div[4] ; 0.000        ; 0.037      ; 0.307      ;
; 0.186 ; xiaoche:xiaoche_instance|PosCounter:pos_counter2|count[19]     ; xiaoche:xiaoche_instance|PosCounter:pos_counter2|count[19]     ; xiaoche:xiaoche_instance|clk_div[4] ; xiaoche:xiaoche_instance|clk_div[4] ; 0.000        ; 0.037      ; 0.307      ;
; 0.186 ; xiaoche:xiaoche_instance|PosCounter:pos_counter2|count[11]     ; xiaoche:xiaoche_instance|PosCounter:pos_counter2|count[11]     ; xiaoche:xiaoche_instance|clk_div[4] ; xiaoche:xiaoche_instance|clk_div[4] ; 0.000        ; 0.037      ; 0.307      ;
; 0.186 ; xiaoche:xiaoche_instance|PosCounter:pos_counter2|count[10]     ; xiaoche:xiaoche_instance|PosCounter:pos_counter2|count[10]     ; xiaoche:xiaoche_instance|clk_div[4] ; xiaoche:xiaoche_instance|clk_div[4] ; 0.000        ; 0.037      ; 0.307      ;
; 0.186 ; xiaoche:xiaoche_instance|PosCounter:pos_counter2|count[8]      ; xiaoche:xiaoche_instance|PosCounter:pos_counter2|count[8]      ; xiaoche:xiaoche_instance|clk_div[4] ; xiaoche:xiaoche_instance|clk_div[4] ; 0.000        ; 0.037      ; 0.307      ;
; 0.186 ; xiaoche:xiaoche_instance|PosCounter:pos_counter2|count[5]      ; xiaoche:xiaoche_instance|PosCounter:pos_counter2|count[5]      ; xiaoche:xiaoche_instance|clk_div[4] ; xiaoche:xiaoche_instance|clk_div[4] ; 0.000        ; 0.037      ; 0.307      ;
; 0.186 ; xiaoche:xiaoche_instance|PosCounter:pos_counter2|count[2]      ; xiaoche:xiaoche_instance|PosCounter:pos_counter2|count[2]      ; xiaoche:xiaoche_instance|clk_div[4] ; xiaoche:xiaoche_instance|clk_div[4] ; 0.000        ; 0.037      ; 0.307      ;
; 0.186 ; xiaoche:xiaoche_instance|PosCounter:pos_counter2|count[1]      ; xiaoche:xiaoche_instance|PosCounter:pos_counter2|count[1]      ; xiaoche:xiaoche_instance|clk_div[4] ; xiaoche:xiaoche_instance|clk_div[4] ; 0.000        ; 0.037      ; 0.307      ;
; 0.186 ; xiaoche:xiaoche_instance|PosCounter:pos_counter2|count[0]      ; xiaoche:xiaoche_instance|PosCounter:pos_counter2|count[0]      ; xiaoche:xiaoche_instance|clk_div[4] ; xiaoche:xiaoche_instance|clk_div[4] ; 0.000        ; 0.037      ; 0.307      ;
; 0.187 ; xiaoche:xiaoche_instance|PosCounter:pos_counter3|count[16]     ; xiaoche:xiaoche_instance|PosCounter:pos_counter3|count[16]     ; xiaoche:xiaoche_instance|clk_div[4] ; xiaoche:xiaoche_instance|clk_div[4] ; 0.000        ; 0.036      ; 0.307      ;
; 0.187 ; xiaoche:xiaoche_instance|PosCounter:pos_counter3|count[15]     ; xiaoche:xiaoche_instance|PosCounter:pos_counter3|count[15]     ; xiaoche:xiaoche_instance|clk_div[4] ; xiaoche:xiaoche_instance|clk_div[4] ; 0.000        ; 0.036      ; 0.307      ;
; 0.187 ; xiaoche:xiaoche_instance|PosCounter:pos_counter3|count[13]     ; xiaoche:xiaoche_instance|PosCounter:pos_counter3|count[13]     ; xiaoche:xiaoche_instance|clk_div[4] ; xiaoche:xiaoche_instance|clk_div[4] ; 0.000        ; 0.036      ; 0.307      ;
; 0.187 ; xiaoche:xiaoche_instance|PosCounter:pos_counter3|count[12]     ; xiaoche:xiaoche_instance|PosCounter:pos_counter3|count[12]     ; xiaoche:xiaoche_instance|clk_div[4] ; xiaoche:xiaoche_instance|clk_div[4] ; 0.000        ; 0.036      ; 0.307      ;
; 0.187 ; xiaoche:xiaoche_instance|PosCounter:pos_counter3|count[11]     ; xiaoche:xiaoche_instance|PosCounter:pos_counter3|count[11]     ; xiaoche:xiaoche_instance|clk_div[4] ; xiaoche:xiaoche_instance|clk_div[4] ; 0.000        ; 0.036      ; 0.307      ;
; 0.187 ; xiaoche:xiaoche_instance|PosCounter:pos_counter3|count[10]     ; xiaoche:xiaoche_instance|PosCounter:pos_counter3|count[10]     ; xiaoche:xiaoche_instance|clk_div[4] ; xiaoche:xiaoche_instance|clk_div[4] ; 0.000        ; 0.036      ; 0.307      ;
; 0.187 ; xiaoche:xiaoche_instance|PosCounter:pos_counter3|count[9]      ; xiaoche:xiaoche_instance|PosCounter:pos_counter3|count[9]      ; xiaoche:xiaoche_instance|clk_div[4] ; xiaoche:xiaoche_instance|clk_div[4] ; 0.000        ; 0.036      ; 0.307      ;
; 0.187 ; xiaoche:xiaoche_instance|PosCounter:pos_counter3|count[6]      ; xiaoche:xiaoche_instance|PosCounter:pos_counter3|count[6]      ; xiaoche:xiaoche_instance|clk_div[4] ; xiaoche:xiaoche_instance|clk_div[4] ; 0.000        ; 0.036      ; 0.307      ;
; 0.187 ; xiaoche:xiaoche_instance|PosCounter:pos_counter3|count[5]      ; xiaoche:xiaoche_instance|PosCounter:pos_counter3|count[5]      ; xiaoche:xiaoche_instance|clk_div[4] ; xiaoche:xiaoche_instance|clk_div[4] ; 0.000        ; 0.036      ; 0.307      ;
; 0.187 ; xiaoche:xiaoche_instance|PosCounter:pos_counter3|count[3]      ; xiaoche:xiaoche_instance|PosCounter:pos_counter3|count[3]      ; xiaoche:xiaoche_instance|clk_div[4] ; xiaoche:xiaoche_instance|clk_div[4] ; 0.000        ; 0.036      ; 0.307      ;
; 0.187 ; xiaoche:xiaoche_instance|PosCounter:pos_counter3|count[1]      ; xiaoche:xiaoche_instance|PosCounter:pos_counter3|count[1]      ; xiaoche:xiaoche_instance|clk_div[4] ; xiaoche:xiaoche_instance|clk_div[4] ; 0.000        ; 0.036      ; 0.307      ;
; 0.187 ; xiaoche:xiaoche_instance|PosCounter:pos_counter3|count[0]      ; xiaoche:xiaoche_instance|PosCounter:pos_counter3|count[0]      ; xiaoche:xiaoche_instance|clk_div[4] ; xiaoche:xiaoche_instance|clk_div[4] ; 0.000        ; 0.036      ; 0.307      ;
; 0.187 ; xiaoche:xiaoche_instance|PosCounter:pos_counter2|curr_state.S1 ; xiaoche:xiaoche_instance|PosCounter:pos_counter2|curr_state.S1 ; xiaoche:xiaoche_instance|clk_div[4] ; xiaoche:xiaoche_instance|clk_div[4] ; 0.000        ; 0.036      ; 0.307      ;
; 0.187 ; xiaoche:xiaoche_instance|PosCounter:pos_counter2|curr_state.S0 ; xiaoche:xiaoche_instance|PosCounter:pos_counter2|curr_state.S0 ; xiaoche:xiaoche_instance|clk_div[4] ; xiaoche:xiaoche_instance|clk_div[4] ; 0.000        ; 0.036      ; 0.307      ;
; 0.187 ; xiaoche:xiaoche_instance|PosCounter:pos_counter2|curr_state.S2 ; xiaoche:xiaoche_instance|PosCounter:pos_counter2|curr_state.S2 ; xiaoche:xiaoche_instance|clk_div[4] ; xiaoche:xiaoche_instance|clk_div[4] ; 0.000        ; 0.036      ; 0.307      ;
; 0.187 ; xiaoche:xiaoche_instance|PosCounter:pos_counter1|curr_state.S1 ; xiaoche:xiaoche_instance|PosCounter:pos_counter1|curr_state.S1 ; xiaoche:xiaoche_instance|clk_div[4] ; xiaoche:xiaoche_instance|clk_div[4] ; 0.000        ; 0.036      ; 0.307      ;
; 0.187 ; xiaoche:xiaoche_instance|PosCounter:pos_counter1|curr_state.S0 ; xiaoche:xiaoche_instance|PosCounter:pos_counter1|curr_state.S0 ; xiaoche:xiaoche_instance|clk_div[4] ; xiaoche:xiaoche_instance|clk_div[4] ; 0.000        ; 0.036      ; 0.307      ;
; 0.202 ; xiaoche:xiaoche_instance|PosCounter:pos_counter1|curr_state.S0 ; xiaoche:xiaoche_instance|PosCounter:pos_counter1|curr_state.S1 ; xiaoche:xiaoche_instance|clk_div[4] ; xiaoche:xiaoche_instance|clk_div[4] ; 0.000        ; 0.036      ; 0.322      ;
; 0.274 ; xiaoche:xiaoche_instance|PosCounter:pos_counter3|count[1]      ; xiaoche:xiaoche_instance|PosCounter:pos_counter3|dis_reg[1]    ; xiaoche:xiaoche_instance|clk_div[4] ; xiaoche:xiaoche_instance|clk_div[4] ; 0.000        ; 0.036      ; 0.394      ;
; 0.281 ; xiaoche:xiaoche_instance|PosCounter:pos_counter3|echo_reg2     ; xiaoche:xiaoche_instance|PosCounter:pos_counter3|curr_state.S2 ; xiaoche:xiaoche_instance|clk_div[4] ; xiaoche:xiaoche_instance|clk_div[4] ; 0.000        ; 0.037      ; 0.402      ;
; 0.297 ; xiaoche:xiaoche_instance|PosCounter:pos_counter3|curr_state.S1 ; xiaoche:xiaoche_instance|PosCounter:pos_counter3|count[17]     ; xiaoche:xiaoche_instance|clk_div[4] ; xiaoche:xiaoche_instance|clk_div[4] ; 0.000        ; 0.235      ; 0.616      ;
; 0.308 ; xiaoche:xiaoche_instance|PosCounter:pos_counter3|curr_state.S0 ; xiaoche:xiaoche_instance|PosCounter:pos_counter3|curr_state.S1 ; xiaoche:xiaoche_instance|clk_div[4] ; xiaoche:xiaoche_instance|clk_div[4] ; 0.000        ; 0.037      ; 0.429      ;
; 0.310 ; xiaoche:xiaoche_instance|PosCounter:pos_counter3|curr_state.S1 ; xiaoche:xiaoche_instance|PosCounter:pos_counter3|count[1]      ; xiaoche:xiaoche_instance|clk_div[4] ; xiaoche:xiaoche_instance|clk_div[4] ; 0.000        ; 0.036      ; 0.430      ;
; 0.314 ; xiaoche:xiaoche_instance|PosCounter:pos_counter2|curr_state.S1 ; xiaoche:xiaoche_instance|PosCounter:pos_counter2|curr_state.S2 ; xiaoche:xiaoche_instance|clk_div[4] ; xiaoche:xiaoche_instance|clk_div[4] ; 0.000        ; 0.036      ; 0.434      ;
; 0.315 ; xiaoche:xiaoche_instance|PosCounter:pos_counter2|curr_state.S0 ; xiaoche:xiaoche_instance|PosCounter:pos_counter2|curr_state.S1 ; xiaoche:xiaoche_instance|clk_div[4] ; xiaoche:xiaoche_instance|clk_div[4] ; 0.000        ; 0.036      ; 0.435      ;
; 0.322 ; xiaoche:xiaoche_instance|PosCounter:pos_counter3|curr_state.S1 ; xiaoche:xiaoche_instance|PosCounter:pos_counter3|count[19]     ; xiaoche:xiaoche_instance|clk_div[4] ; xiaoche:xiaoche_instance|clk_div[4] ; 0.000        ; 0.235      ; 0.641      ;
; 0.322 ; xiaoche:xiaoche_instance|PosCounter:pos_counter3|curr_state.S1 ; xiaoche:xiaoche_instance|PosCounter:pos_counter3|count[14]     ; xiaoche:xiaoche_instance|clk_div[4] ; xiaoche:xiaoche_instance|clk_div[4] ; 0.000        ; 0.235      ; 0.641      ;
; 0.322 ; xiaoche:xiaoche_instance|PosCounter:pos_counter3|curr_state.S2 ; xiaoche:xiaoche_instance|PosCounter:pos_counter3|curr_state.S0 ; xiaoche:xiaoche_instance|clk_div[4] ; xiaoche:xiaoche_instance|clk_div[4] ; 0.000        ; 0.037      ; 0.443      ;
; 0.323 ; xiaoche:xiaoche_instance|PosCounter:pos_counter3|curr_state.S1 ; xiaoche:xiaoche_instance|PosCounter:pos_counter3|count[18]     ; xiaoche:xiaoche_instance|clk_div[4] ; xiaoche:xiaoche_instance|clk_div[4] ; 0.000        ; 0.235      ; 0.642      ;
; 0.335 ; xiaoche:xiaoche_instance|PosCounter:pos_counter2|curr_state.S2 ; xiaoche:xiaoche_instance|PosCounter:pos_counter2|curr_state.S0 ; xiaoche:xiaoche_instance|clk_div[4] ; xiaoche:xiaoche_instance|clk_div[4] ; 0.000        ; 0.036      ; 0.455      ;
; 0.339 ; xiaoche:xiaoche_instance|PosCounter:pos_counter3|count[4]      ; xiaoche:xiaoche_instance|PosCounter:pos_counter3|dis_reg[4]    ; xiaoche:xiaoche_instance|clk_div[4] ; xiaoche:xiaoche_instance|clk_div[4] ; 0.000        ; 0.036      ; 0.459      ;
; 0.340 ; xiaoche:xiaoche_instance|PosCounter:pos_counter3|curr_state.S1 ; xiaoche:xiaoche_instance|PosCounter:pos_counter3|count[2]      ; xiaoche:xiaoche_instance|clk_div[4] ; xiaoche:xiaoche_instance|clk_div[4] ; 0.000        ; 0.037      ; 0.461      ;
; 0.340 ; xiaoche:xiaoche_instance|PosCounter:pos_counter3|curr_state.S1 ; xiaoche:xiaoche_instance|PosCounter:pos_counter3|curr_state.S2 ; xiaoche:xiaoche_instance|clk_div[4] ; xiaoche:xiaoche_instance|clk_div[4] ; 0.000        ; 0.037      ; 0.461      ;
; 0.341 ; xiaoche:xiaoche_instance|PosCounter:pos_counter2|count[2]      ; xiaoche:xiaoche_instance|PosCounter:pos_counter2|dis_reg[2]    ; xiaoche:xiaoche_instance|clk_div[4] ; xiaoche:xiaoche_instance|clk_div[4] ; 0.000        ; 0.036      ; 0.461      ;
; 0.343 ; xiaoche:xiaoche_instance|PosCounter:pos_counter3|curr_state.S1 ; xiaoche:xiaoche_instance|PosCounter:pos_counter3|count[8]      ; xiaoche:xiaoche_instance|clk_div[4] ; xiaoche:xiaoche_instance|clk_div[4] ; 0.000        ; 0.037      ; 0.464      ;
; 0.343 ; xiaoche:xiaoche_instance|PosCounter:pos_counter3|curr_state.S1 ; xiaoche:xiaoche_instance|PosCounter:pos_counter3|count[7]      ; xiaoche:xiaoche_instance|clk_div[4] ; xiaoche:xiaoche_instance|clk_div[4] ; 0.000        ; 0.037      ; 0.464      ;
; 0.344 ; xiaoche:xiaoche_instance|PosCounter:pos_counter3|echo_reg1     ; xiaoche:xiaoche_instance|PosCounter:pos_counter3|echo_reg2     ; xiaoche:xiaoche_instance|clk_div[4] ; xiaoche:xiaoche_instance|clk_div[4] ; 0.000        ; 0.037      ; 0.465      ;
; 0.345 ; xiaoche:xiaoche_instance|PosCounter:pos_counter3|curr_state.S1 ; xiaoche:xiaoche_instance|PosCounter:pos_counter3|count[4]      ; xiaoche:xiaoche_instance|clk_div[4] ; xiaoche:xiaoche_instance|clk_div[4] ; 0.000        ; 0.037      ; 0.466      ;
; 0.345 ; xiaoche:xiaoche_instance|PosCounter:pos_counter3|curr_state.S2 ; xiaoche:xiaoche_instance|PosCounter:pos_counter3|curr_state.S1 ; xiaoche:xiaoche_instance|clk_div[4] ; xiaoche:xiaoche_instance|clk_div[4] ; 0.000        ; 0.037      ; 0.466      ;
; 0.357 ; xiaoche:xiaoche_instance|PosCounter:pos_counter1|curr_state.S1 ; xiaoche:xiaoche_instance|PosCounter:pos_counter1|count[12]     ; xiaoche:xiaoche_instance|clk_div[4] ; xiaoche:xiaoche_instance|clk_div[4] ; 0.000        ; 0.236      ; 0.677      ;
; 0.358 ; xiaoche:xiaoche_instance|PosCounter:pos_counter1|curr_state.S1 ; xiaoche:xiaoche_instance|PosCounter:pos_counter1|count[10]     ; xiaoche:xiaoche_instance|clk_div[4] ; xiaoche:xiaoche_instance|clk_div[4] ; 0.000        ; 0.236      ; 0.678      ;
; 0.374 ; xiaoche:xiaoche_instance|PosCounter:pos_counter2|count[1]      ; xiaoche:xiaoche_instance|PosCounter:pos_counter2|dis_reg[1]    ; xiaoche:xiaoche_instance|clk_div[4] ; xiaoche:xiaoche_instance|clk_div[4] ; 0.000        ; 0.036      ; 0.494      ;
; 0.383 ; xiaoche:xiaoche_instance|PosCounter:pos_counter2|count[14]     ; xiaoche:xiaoche_instance|PosCounter:pos_counter2|dis_reg[14]   ; xiaoche:xiaoche_instance|clk_div[4] ; xiaoche:xiaoche_instance|clk_div[4] ; 0.000        ; -0.142     ; 0.325      ;
; 0.384 ; xiaoche:xiaoche_instance|PosCounter:pos_counter1|count[2]      ; xiaoche:xiaoche_instance|PosCounter:pos_counter1|dis_reg[2]    ; xiaoche:xiaoche_instance|clk_div[4] ; xiaoche:xiaoche_instance|clk_div[4] ; 0.000        ; -0.142     ; 0.326      ;
; 0.384 ; xiaoche:xiaoche_instance|PosCounter:pos_counter2|count[4]      ; xiaoche:xiaoche_instance|PosCounter:pos_counter2|dis_reg[4]    ; xiaoche:xiaoche_instance|clk_div[4] ; xiaoche:xiaoche_instance|clk_div[4] ; 0.000        ; -0.142     ; 0.326      ;
; 0.385 ; xiaoche:xiaoche_instance|PosCounter:pos_counter2|count[3]      ; xiaoche:xiaoche_instance|PosCounter:pos_counter2|dis_reg[3]    ; xiaoche:xiaoche_instance|clk_div[4] ; xiaoche:xiaoche_instance|clk_div[4] ; 0.000        ; -0.142     ; 0.327      ;
; 0.401 ; xiaoche:xiaoche_instance|PosCounter:pos_counter1|curr_state.S1 ; xiaoche:xiaoche_instance|PosCounter:pos_counter1|count[9]      ; xiaoche:xiaoche_instance|clk_div[4] ; xiaoche:xiaoche_instance|clk_div[4] ; 0.000        ; 0.236      ; 0.721      ;
; 0.403 ; xiaoche:xiaoche_instance|PosCounter:pos_counter1|curr_state.S1 ; xiaoche:xiaoche_instance|PosCounter:pos_counter1|count[5]      ; xiaoche:xiaoche_instance|clk_div[4] ; xiaoche:xiaoche_instance|clk_div[4] ; 0.000        ; 0.236      ; 0.723      ;
+-------+----------------------------------------------------------------+----------------------------------------------------------------+-------------------------------------+-------------------------------------+--------------+------------+------------+


+-----------------------------------------------------------------------------------------------------------------------------------------------------+
; Fast 1200mV 0C Model Minimum Pulse Width: 'clk'                                                                                                     ;
+--------+--------------+----------------+------------+-------+------------+--------------------------------------------------------------------------+
; Slack  ; Actual Width ; Required Width ; Type       ; Clock ; Clock Edge ; Target                                                                   ;
+--------+--------------+----------------+------------+-------+------------+--------------------------------------------------------------------------+
; -3.000 ; 1.000        ; 4.000          ; Port Rate  ; clk   ; Rise       ; clk                                                                      ;
; -1.000 ; 1.000        ; 2.000          ; Min Period ; clk   ; Rise       ; xiaoche:xiaoche_instance|boche:boche_executor|current_state.FORWARD_2S   ;
; -1.000 ; 1.000        ; 2.000          ; Min Period ; clk   ; Rise       ; xiaoche:xiaoche_instance|boche:boche_executor|current_state.FORWARD_2S_2 ;
; -1.000 ; 1.000        ; 2.000          ; Min Period ; clk   ; Rise       ; xiaoche:xiaoche_instance|boche:boche_executor|current_state.IDLE         ;
; -1.000 ; 1.000        ; 2.000          ; Min Period ; clk   ; Rise       ; xiaoche:xiaoche_instance|boche:boche_executor|current_state.RIGHT_200MS  ;
; -1.000 ; 1.000        ; 2.000          ; Min Period ; clk   ; Rise       ; xiaoche:xiaoche_instance|boche:boche_executor|current_state.stop         ;
; -1.000 ; 1.000        ; 2.000          ; Min Period ; clk   ; Rise       ; xiaoche:xiaoche_instance|boche:boche_executor|left[1]                    ;
; -1.000 ; 1.000        ; 2.000          ; Min Period ; clk   ; Rise       ; xiaoche:xiaoche_instance|boche:boche_executor|prev_mode[0]               ;
; -1.000 ; 1.000        ; 2.000          ; Min Period ; clk   ; Rise       ; xiaoche:xiaoche_instance|boche:boche_executor|prev_mode[1]               ;
; -1.000 ; 1.000        ; 2.000          ; Min Period ; clk   ; Rise       ; xiaoche:xiaoche_instance|boche:boche_executor|pwm_value[0]               ;
; -1.000 ; 1.000        ; 2.000          ; Min Period ; clk   ; Rise       ; xiaoche:xiaoche_instance|boche:boche_executor|pwm_value[1]               ;
; -1.000 ; 1.000        ; 2.000          ; Min Period ; clk   ; Rise       ; xiaoche:xiaoche_instance|boche:boche_executor|pwm_value[2]               ;
; -1.000 ; 1.000        ; 2.000          ; Min Period ; clk   ; Rise       ; xiaoche:xiaoche_instance|boche:boche_executor|pwm_value[4]               ;
; -1.000 ; 1.000        ; 2.000          ; Min Period ; clk   ; Rise       ; xiaoche:xiaoche_instance|boche:boche_executor|right[0]                   ;
; -1.000 ; 1.000        ; 2.000          ; Min Period ; clk   ; Rise       ; xiaoche:xiaoche_instance|boche:boche_executor|right[1]                   ;
; -1.000 ; 1.000        ; 2.000          ; Min Period ; clk   ; Rise       ; xiaoche:xiaoche_instance|boche:boche_executor|timer[0]                   ;
; -1.000 ; 1.000        ; 2.000          ; Min Period ; clk   ; Rise       ; xiaoche:xiaoche_instance|boche:boche_executor|timer[10]                  ;
; -1.000 ; 1.000        ; 2.000          ; Min Period ; clk   ; Rise       ; xiaoche:xiaoche_instance|boche:boche_executor|timer[11]                  ;
; -1.000 ; 1.000        ; 2.000          ; Min Period ; clk   ; Rise       ; xiaoche:xiaoche_instance|boche:boche_executor|timer[12]                  ;
; -1.000 ; 1.000        ; 2.000          ; Min Period ; clk   ; Rise       ; xiaoche:xiaoche_instance|boche:boche_executor|timer[13]                  ;
; -1.000 ; 1.000        ; 2.000          ; Min Period ; clk   ; Rise       ; xiaoche:xiaoche_instance|boche:boche_executor|timer[14]                  ;
; -1.000 ; 1.000        ; 2.000          ; Min Period ; clk   ; Rise       ; xiaoche:xiaoche_instance|boche:boche_executor|timer[15]                  ;
; -1.000 ; 1.000        ; 2.000          ; Min Period ; clk   ; Rise       ; xiaoche:xiaoche_instance|boche:boche_executor|timer[16]                  ;
; -1.000 ; 1.000        ; 2.000          ; Min Period ; clk   ; Rise       ; xiaoche:xiaoche_instance|boche:boche_executor|timer[17]                  ;
; -1.000 ; 1.000        ; 2.000          ; Min Period ; clk   ; Rise       ; xiaoche:xiaoche_instance|boche:boche_executor|timer[18]                  ;
; -1.000 ; 1.000        ; 2.000          ; Min Period ; clk   ; Rise       ; xiaoche:xiaoche_instance|boche:boche_executor|timer[19]                  ;
; -1.000 ; 1.000        ; 2.000          ; Min Period ; clk   ; Rise       ; xiaoche:xiaoche_instance|boche:boche_executor|timer[1]                   ;
; -1.000 ; 1.000        ; 2.000          ; Min Period ; clk   ; Rise       ; xiaoche:xiaoche_instance|boche:boche_executor|timer[20]                  ;
; -1.000 ; 1.000        ; 2.000          ; Min Period ; clk   ; Rise       ; xiaoche:xiaoche_instance|boche:boche_executor|timer[21]                  ;
; -1.000 ; 1.000        ; 2.000          ; Min Period ; clk   ; Rise       ; xiaoche:xiaoche_instance|boche:boche_executor|timer[22]                  ;
; -1.000 ; 1.000        ; 2.000          ; Min Period ; clk   ; Rise       ; xiaoche:xiaoche_instance|boche:boche_executor|timer[23]                  ;
; -1.000 ; 1.000        ; 2.000          ; Min Period ; clk   ; Rise       ; xiaoche:xiaoche_instance|boche:boche_executor|timer[24]                  ;
; -1.000 ; 1.000        ; 2.000          ; Min Period ; clk   ; Rise       ; xiaoche:xiaoche_instance|boche:boche_executor|timer[25]                  ;
; -1.000 ; 1.000        ; 2.000          ; Min Period ; clk   ; Rise       ; xiaoche:xiaoche_instance|boche:boche_executor|timer[26]                  ;
; -1.000 ; 1.000        ; 2.000          ; Min Period ; clk   ; Rise       ; xiaoche:xiaoche_instance|boche:boche_executor|timer[27]                  ;
; -1.000 ; 1.000        ; 2.000          ; Min Period ; clk   ; Rise       ; xiaoche:xiaoche_instance|boche:boche_executor|timer[28]                  ;
; -1.000 ; 1.000        ; 2.000          ; Min Period ; clk   ; Rise       ; xiaoche:xiaoche_instance|boche:boche_executor|timer[29]                  ;
; -1.000 ; 1.000        ; 2.000          ; Min Period ; clk   ; Rise       ; xiaoche:xiaoche_instance|boche:boche_executor|timer[2]                   ;
; -1.000 ; 1.000        ; 2.000          ; Min Period ; clk   ; Rise       ; xiaoche:xiaoche_instance|boche:boche_executor|timer[30]                  ;
; -1.000 ; 1.000        ; 2.000          ; Min Period ; clk   ; Rise       ; xiaoche:xiaoche_instance|boche:boche_executor|timer[31]                  ;
; -1.000 ; 1.000        ; 2.000          ; Min Period ; clk   ; Rise       ; xiaoche:xiaoche_instance|boche:boche_executor|timer[3]                   ;
; -1.000 ; 1.000        ; 2.000          ; Min Period ; clk   ; Rise       ; xiaoche:xiaoche_instance|boche:boche_executor|timer[4]                   ;
; -1.000 ; 1.000        ; 2.000          ; Min Period ; clk   ; Rise       ; xiaoche:xiaoche_instance|boche:boche_executor|timer[5]                   ;
; -1.000 ; 1.000        ; 2.000          ; Min Period ; clk   ; Rise       ; xiaoche:xiaoche_instance|boche:boche_executor|timer[6]                   ;
; -1.000 ; 1.000        ; 2.000          ; Min Period ; clk   ; Rise       ; xiaoche:xiaoche_instance|boche:boche_executor|timer[7]                   ;
; -1.000 ; 1.000        ; 2.000          ; Min Period ; clk   ; Rise       ; xiaoche:xiaoche_instance|boche:boche_executor|timer[8]                   ;
; -1.000 ; 1.000        ; 2.000          ; Min Period ; clk   ; Rise       ; xiaoche:xiaoche_instance|boche:boche_executor|timer[9]                   ;
; -1.000 ; 1.000        ; 2.000          ; Min Period ; clk   ; Rise       ; xiaoche:xiaoche_instance|clk_div[1]                                      ;
; -1.000 ; 1.000        ; 2.000          ; Min Period ; clk   ; Rise       ; xiaoche:xiaoche_instance|clk_div[2]                                      ;
; -1.000 ; 1.000        ; 2.000          ; Min Period ; clk   ; Rise       ; xiaoche:xiaoche_instance|clk_div[3]                                      ;
; -1.000 ; 1.000        ; 2.000          ; Min Period ; clk   ; Rise       ; xiaoche:xiaoche_instance|clk_div[4]                                      ;
; -1.000 ; 1.000        ; 2.000          ; Min Period ; clk   ; Rise       ; xiaoche:xiaoche_instance|current_mode[0]                                 ;
; -1.000 ; 1.000        ; 2.000          ; Min Period ; clk   ; Rise       ; xiaoche:xiaoche_instance|current_mode[1]                                 ;
; -1.000 ; 1.000        ; 2.000          ; Min Period ; clk   ; Rise       ; xiaoche:xiaoche_instance|distance1[0]                                    ;
; -1.000 ; 1.000        ; 2.000          ; Min Period ; clk   ; Rise       ; xiaoche:xiaoche_instance|distance1[10]                                   ;
; -1.000 ; 1.000        ; 2.000          ; Min Period ; clk   ; Rise       ; xiaoche:xiaoche_instance|distance1[11]                                   ;
; -1.000 ; 1.000        ; 2.000          ; Min Period ; clk   ; Rise       ; xiaoche:xiaoche_instance|distance1[12]                                   ;
; -1.000 ; 1.000        ; 2.000          ; Min Period ; clk   ; Rise       ; xiaoche:xiaoche_instance|distance1[13]                                   ;
; -1.000 ; 1.000        ; 2.000          ; Min Period ; clk   ; Rise       ; xiaoche:xiaoche_instance|distance1[14]                                   ;
; -1.000 ; 1.000        ; 2.000          ; Min Period ; clk   ; Rise       ; xiaoche:xiaoche_instance|distance1[1]                                    ;
; -1.000 ; 1.000        ; 2.000          ; Min Period ; clk   ; Rise       ; xiaoche:xiaoche_instance|distance1[2]                                    ;
; -1.000 ; 1.000        ; 2.000          ; Min Period ; clk   ; Rise       ; xiaoche:xiaoche_instance|distance1[3]                                    ;
; -1.000 ; 1.000        ; 2.000          ; Min Period ; clk   ; Rise       ; xiaoche:xiaoche_instance|distance1[4]                                    ;
; -1.000 ; 1.000        ; 2.000          ; Min Period ; clk   ; Rise       ; xiaoche:xiaoche_instance|distance1[5]                                    ;
; -1.000 ; 1.000        ; 2.000          ; Min Period ; clk   ; Rise       ; xiaoche:xiaoche_instance|distance1[6]                                    ;
; -1.000 ; 1.000        ; 2.000          ; Min Period ; clk   ; Rise       ; xiaoche:xiaoche_instance|distance1[7]                                    ;
; -1.000 ; 1.000        ; 2.000          ; Min Period ; clk   ; Rise       ; xiaoche:xiaoche_instance|distance1[8]                                    ;
; -1.000 ; 1.000        ; 2.000          ; Min Period ; clk   ; Rise       ; xiaoche:xiaoche_instance|distance1[9]                                    ;
; -1.000 ; 1.000        ; 2.000          ; Min Period ; clk   ; Rise       ; xiaoche:xiaoche_instance|distance2[0]                                    ;
; -1.000 ; 1.000        ; 2.000          ; Min Period ; clk   ; Rise       ; xiaoche:xiaoche_instance|distance2[10]                                   ;
; -1.000 ; 1.000        ; 2.000          ; Min Period ; clk   ; Rise       ; xiaoche:xiaoche_instance|distance2[11]                                   ;
; -1.000 ; 1.000        ; 2.000          ; Min Period ; clk   ; Rise       ; xiaoche:xiaoche_instance|distance2[12]                                   ;
; -1.000 ; 1.000        ; 2.000          ; Min Period ; clk   ; Rise       ; xiaoche:xiaoche_instance|distance2[13]                                   ;
; -1.000 ; 1.000        ; 2.000          ; Min Period ; clk   ; Rise       ; xiaoche:xiaoche_instance|distance2[14]                                   ;
; -1.000 ; 1.000        ; 2.000          ; Min Period ; clk   ; Rise       ; xiaoche:xiaoche_instance|distance2[1]                                    ;
; -1.000 ; 1.000        ; 2.000          ; Min Period ; clk   ; Rise       ; xiaoche:xiaoche_instance|distance2[2]                                    ;
; -1.000 ; 1.000        ; 2.000          ; Min Period ; clk   ; Rise       ; xiaoche:xiaoche_instance|distance2[3]                                    ;
; -1.000 ; 1.000        ; 2.000          ; Min Period ; clk   ; Rise       ; xiaoche:xiaoche_instance|distance2[4]                                    ;
; -1.000 ; 1.000        ; 2.000          ; Min Period ; clk   ; Rise       ; xiaoche:xiaoche_instance|distance2[5]                                    ;
; -1.000 ; 1.000        ; 2.000          ; Min Period ; clk   ; Rise       ; xiaoche:xiaoche_instance|distance2[6]                                    ;
; -1.000 ; 1.000        ; 2.000          ; Min Period ; clk   ; Rise       ; xiaoche:xiaoche_instance|distance2[7]                                    ;
; -1.000 ; 1.000        ; 2.000          ; Min Period ; clk   ; Rise       ; xiaoche:xiaoche_instance|distance2[8]                                    ;
; -1.000 ; 1.000        ; 2.000          ; Min Period ; clk   ; Rise       ; xiaoche:xiaoche_instance|distance2[9]                                    ;
; -1.000 ; 1.000        ; 2.000          ; Min Period ; clk   ; Rise       ; xiaoche:xiaoche_instance|distance3[0]                                    ;
; -1.000 ; 1.000        ; 2.000          ; Min Period ; clk   ; Rise       ; xiaoche:xiaoche_instance|distance3[10]                                   ;
; -1.000 ; 1.000        ; 2.000          ; Min Period ; clk   ; Rise       ; xiaoche:xiaoche_instance|distance3[11]                                   ;
; -1.000 ; 1.000        ; 2.000          ; Min Period ; clk   ; Rise       ; xiaoche:xiaoche_instance|distance3[12]                                   ;
; -1.000 ; 1.000        ; 2.000          ; Min Period ; clk   ; Rise       ; xiaoche:xiaoche_instance|distance3[13]                                   ;
; -1.000 ; 1.000        ; 2.000          ; Min Period ; clk   ; Rise       ; xiaoche:xiaoche_instance|distance3[14]                                   ;
; -1.000 ; 1.000        ; 2.000          ; Min Period ; clk   ; Rise       ; xiaoche:xiaoche_instance|distance3[1]                                    ;
; -1.000 ; 1.000        ; 2.000          ; Min Period ; clk   ; Rise       ; xiaoche:xiaoche_instance|distance3[2]                                    ;
; -1.000 ; 1.000        ; 2.000          ; Min Period ; clk   ; Rise       ; xiaoche:xiaoche_instance|distance3[3]                                    ;
; -1.000 ; 1.000        ; 2.000          ; Min Period ; clk   ; Rise       ; xiaoche:xiaoche_instance|distance3[4]                                    ;
; -1.000 ; 1.000        ; 2.000          ; Min Period ; clk   ; Rise       ; xiaoche:xiaoche_instance|distance3[5]                                    ;
; -1.000 ; 1.000        ; 2.000          ; Min Period ; clk   ; Rise       ; xiaoche:xiaoche_instance|distance3[6]                                    ;
; -1.000 ; 1.000        ; 2.000          ; Min Period ; clk   ; Rise       ; xiaoche:xiaoche_instance|distance3[7]                                    ;
; -1.000 ; 1.000        ; 2.000          ; Min Period ; clk   ; Rise       ; xiaoche:xiaoche_instance|distance3[8]                                    ;
; -1.000 ; 1.000        ; 2.000          ; Min Period ; clk   ; Rise       ; xiaoche:xiaoche_instance|distance3[9]                                    ;
; -1.000 ; 1.000        ; 2.000          ; Min Period ; clk   ; Rise       ; xiaoche:xiaoche_instance|enable_counter[0]                               ;
; -1.000 ; 1.000        ; 2.000          ; Min Period ; clk   ; Rise       ; xiaoche:xiaoche_instance|enable_counter[10]                              ;
+--------+--------------+----------------+------------+-------+------------+--------------------------------------------------------------------------+


+-------------------------------------------------------------------------------------------------------------------------------------------------------------------------+
; Fast 1200mV 0C Model Minimum Pulse Width: 'xiaoche:xiaoche_instance|clk_div[4]'                                                                                         ;
+--------+--------------+----------------+------------+-------------------------------------+------------+----------------------------------------------------------------+
; Slack  ; Actual Width ; Required Width ; Type       ; Clock                               ; Clock Edge ; Target                                                         ;
+--------+--------------+----------------+------------+-------------------------------------+------------+----------------------------------------------------------------+
; -1.000 ; 1.000        ; 2.000          ; Min Period ; xiaoche:xiaoche_instance|clk_div[4] ; Rise       ; xiaoche:xiaoche_instance|PosCounter:pos_counter1|count[0]      ;
; -1.000 ; 1.000        ; 2.000          ; Min Period ; xiaoche:xiaoche_instance|clk_div[4] ; Rise       ; xiaoche:xiaoche_instance|PosCounter:pos_counter1|count[10]     ;
; -1.000 ; 1.000        ; 2.000          ; Min Period ; xiaoche:xiaoche_instance|clk_div[4] ; Rise       ; xiaoche:xiaoche_instance|PosCounter:pos_counter1|count[11]     ;
; -1.000 ; 1.000        ; 2.000          ; Min Period ; xiaoche:xiaoche_instance|clk_div[4] ; Rise       ; xiaoche:xiaoche_instance|PosCounter:pos_counter1|count[12]     ;
; -1.000 ; 1.000        ; 2.000          ; Min Period ; xiaoche:xiaoche_instance|clk_div[4] ; Rise       ; xiaoche:xiaoche_instance|PosCounter:pos_counter1|count[13]     ;
; -1.000 ; 1.000        ; 2.000          ; Min Period ; xiaoche:xiaoche_instance|clk_div[4] ; Rise       ; xiaoche:xiaoche_instance|PosCounter:pos_counter1|count[14]     ;
; -1.000 ; 1.000        ; 2.000          ; Min Period ; xiaoche:xiaoche_instance|clk_div[4] ; Rise       ; xiaoche:xiaoche_instance|PosCounter:pos_counter1|count[15]     ;
; -1.000 ; 1.000        ; 2.000          ; Min Period ; xiaoche:xiaoche_instance|clk_div[4] ; Rise       ; xiaoche:xiaoche_instance|PosCounter:pos_counter1|count[16]     ;
; -1.000 ; 1.000        ; 2.000          ; Min Period ; xiaoche:xiaoche_instance|clk_div[4] ; Rise       ; xiaoche:xiaoche_instance|PosCounter:pos_counter1|count[17]     ;
; -1.000 ; 1.000        ; 2.000          ; Min Period ; xiaoche:xiaoche_instance|clk_div[4] ; Rise       ; xiaoche:xiaoche_instance|PosCounter:pos_counter1|count[18]     ;
; -1.000 ; 1.000        ; 2.000          ; Min Period ; xiaoche:xiaoche_instance|clk_div[4] ; Rise       ; xiaoche:xiaoche_instance|PosCounter:pos_counter1|count[19]     ;
; -1.000 ; 1.000        ; 2.000          ; Min Period ; xiaoche:xiaoche_instance|clk_div[4] ; Rise       ; xiaoche:xiaoche_instance|PosCounter:pos_counter1|count[1]      ;
; -1.000 ; 1.000        ; 2.000          ; Min Period ; xiaoche:xiaoche_instance|clk_div[4] ; Rise       ; xiaoche:xiaoche_instance|PosCounter:pos_counter1|count[2]      ;
; -1.000 ; 1.000        ; 2.000          ; Min Period ; xiaoche:xiaoche_instance|clk_div[4] ; Rise       ; xiaoche:xiaoche_instance|PosCounter:pos_counter1|count[3]      ;
; -1.000 ; 1.000        ; 2.000          ; Min Period ; xiaoche:xiaoche_instance|clk_div[4] ; Rise       ; xiaoche:xiaoche_instance|PosCounter:pos_counter1|count[4]      ;
; -1.000 ; 1.000        ; 2.000          ; Min Period ; xiaoche:xiaoche_instance|clk_div[4] ; Rise       ; xiaoche:xiaoche_instance|PosCounter:pos_counter1|count[5]      ;
; -1.000 ; 1.000        ; 2.000          ; Min Period ; xiaoche:xiaoche_instance|clk_div[4] ; Rise       ; xiaoche:xiaoche_instance|PosCounter:pos_counter1|count[6]      ;
; -1.000 ; 1.000        ; 2.000          ; Min Period ; xiaoche:xiaoche_instance|clk_div[4] ; Rise       ; xiaoche:xiaoche_instance|PosCounter:pos_counter1|count[7]      ;
; -1.000 ; 1.000        ; 2.000          ; Min Period ; xiaoche:xiaoche_instance|clk_div[4] ; Rise       ; xiaoche:xiaoche_instance|PosCounter:pos_counter1|count[8]      ;
; -1.000 ; 1.000        ; 2.000          ; Min Period ; xiaoche:xiaoche_instance|clk_div[4] ; Rise       ; xiaoche:xiaoche_instance|PosCounter:pos_counter1|count[9]      ;
; -1.000 ; 1.000        ; 2.000          ; Min Period ; xiaoche:xiaoche_instance|clk_div[4] ; Rise       ; xiaoche:xiaoche_instance|PosCounter:pos_counter1|curr_state.S0 ;
; -1.000 ; 1.000        ; 2.000          ; Min Period ; xiaoche:xiaoche_instance|clk_div[4] ; Rise       ; xiaoche:xiaoche_instance|PosCounter:pos_counter1|curr_state.S1 ;
; -1.000 ; 1.000        ; 2.000          ; Min Period ; xiaoche:xiaoche_instance|clk_div[4] ; Rise       ; xiaoche:xiaoche_instance|PosCounter:pos_counter1|curr_state.S2 ;
; -1.000 ; 1.000        ; 2.000          ; Min Period ; xiaoche:xiaoche_instance|clk_div[4] ; Rise       ; xiaoche:xiaoche_instance|PosCounter:pos_counter1|dis_reg[10]   ;
; -1.000 ; 1.000        ; 2.000          ; Min Period ; xiaoche:xiaoche_instance|clk_div[4] ; Rise       ; xiaoche:xiaoche_instance|PosCounter:pos_counter1|dis_reg[11]   ;
; -1.000 ; 1.000        ; 2.000          ; Min Period ; xiaoche:xiaoche_instance|clk_div[4] ; Rise       ; xiaoche:xiaoche_instance|PosCounter:pos_counter1|dis_reg[12]   ;
; -1.000 ; 1.000        ; 2.000          ; Min Period ; xiaoche:xiaoche_instance|clk_div[4] ; Rise       ; xiaoche:xiaoche_instance|PosCounter:pos_counter1|dis_reg[13]   ;
; -1.000 ; 1.000        ; 2.000          ; Min Period ; xiaoche:xiaoche_instance|clk_div[4] ; Rise       ; xiaoche:xiaoche_instance|PosCounter:pos_counter1|dis_reg[14]   ;
; -1.000 ; 1.000        ; 2.000          ; Min Period ; xiaoche:xiaoche_instance|clk_div[4] ; Rise       ; xiaoche:xiaoche_instance|PosCounter:pos_counter1|dis_reg[15]   ;
; -1.000 ; 1.000        ; 2.000          ; Min Period ; xiaoche:xiaoche_instance|clk_div[4] ; Rise       ; xiaoche:xiaoche_instance|PosCounter:pos_counter1|dis_reg[16]   ;
; -1.000 ; 1.000        ; 2.000          ; Min Period ; xiaoche:xiaoche_instance|clk_div[4] ; Rise       ; xiaoche:xiaoche_instance|PosCounter:pos_counter1|dis_reg[17]   ;
; -1.000 ; 1.000        ; 2.000          ; Min Period ; xiaoche:xiaoche_instance|clk_div[4] ; Rise       ; xiaoche:xiaoche_instance|PosCounter:pos_counter1|dis_reg[18]   ;
; -1.000 ; 1.000        ; 2.000          ; Min Period ; xiaoche:xiaoche_instance|clk_div[4] ; Rise       ; xiaoche:xiaoche_instance|PosCounter:pos_counter1|dis_reg[19]   ;
; -1.000 ; 1.000        ; 2.000          ; Min Period ; xiaoche:xiaoche_instance|clk_div[4] ; Rise       ; xiaoche:xiaoche_instance|PosCounter:pos_counter1|dis_reg[1]    ;
; -1.000 ; 1.000        ; 2.000          ; Min Period ; xiaoche:xiaoche_instance|clk_div[4] ; Rise       ; xiaoche:xiaoche_instance|PosCounter:pos_counter1|dis_reg[2]    ;
; -1.000 ; 1.000        ; 2.000          ; Min Period ; xiaoche:xiaoche_instance|clk_div[4] ; Rise       ; xiaoche:xiaoche_instance|PosCounter:pos_counter1|dis_reg[3]    ;
; -1.000 ; 1.000        ; 2.000          ; Min Period ; xiaoche:xiaoche_instance|clk_div[4] ; Rise       ; xiaoche:xiaoche_instance|PosCounter:pos_counter1|dis_reg[4]    ;
; -1.000 ; 1.000        ; 2.000          ; Min Period ; xiaoche:xiaoche_instance|clk_div[4] ; Rise       ; xiaoche:xiaoche_instance|PosCounter:pos_counter1|dis_reg[5]    ;
; -1.000 ; 1.000        ; 2.000          ; Min Period ; xiaoche:xiaoche_instance|clk_div[4] ; Rise       ; xiaoche:xiaoche_instance|PosCounter:pos_counter1|dis_reg[6]    ;
; -1.000 ; 1.000        ; 2.000          ; Min Period ; xiaoche:xiaoche_instance|clk_div[4] ; Rise       ; xiaoche:xiaoche_instance|PosCounter:pos_counter1|dis_reg[7]    ;
; -1.000 ; 1.000        ; 2.000          ; Min Period ; xiaoche:xiaoche_instance|clk_div[4] ; Rise       ; xiaoche:xiaoche_instance|PosCounter:pos_counter1|dis_reg[8]    ;
; -1.000 ; 1.000        ; 2.000          ; Min Period ; xiaoche:xiaoche_instance|clk_div[4] ; Rise       ; xiaoche:xiaoche_instance|PosCounter:pos_counter1|dis_reg[9]    ;
; -1.000 ; 1.000        ; 2.000          ; Min Period ; xiaoche:xiaoche_instance|clk_div[4] ; Rise       ; xiaoche:xiaoche_instance|PosCounter:pos_counter1|echo_reg1     ;
; -1.000 ; 1.000        ; 2.000          ; Min Period ; xiaoche:xiaoche_instance|clk_div[4] ; Rise       ; xiaoche:xiaoche_instance|PosCounter:pos_counter1|echo_reg2     ;
; -1.000 ; 1.000        ; 2.000          ; Min Period ; xiaoche:xiaoche_instance|clk_div[4] ; Rise       ; xiaoche:xiaoche_instance|PosCounter:pos_counter2|count[0]      ;
; -1.000 ; 1.000        ; 2.000          ; Min Period ; xiaoche:xiaoche_instance|clk_div[4] ; Rise       ; xiaoche:xiaoche_instance|PosCounter:pos_counter2|count[10]     ;
; -1.000 ; 1.000        ; 2.000          ; Min Period ; xiaoche:xiaoche_instance|clk_div[4] ; Rise       ; xiaoche:xiaoche_instance|PosCounter:pos_counter2|count[11]     ;
; -1.000 ; 1.000        ; 2.000          ; Min Period ; xiaoche:xiaoche_instance|clk_div[4] ; Rise       ; xiaoche:xiaoche_instance|PosCounter:pos_counter2|count[12]     ;
; -1.000 ; 1.000        ; 2.000          ; Min Period ; xiaoche:xiaoche_instance|clk_div[4] ; Rise       ; xiaoche:xiaoche_instance|PosCounter:pos_counter2|count[13]     ;
; -1.000 ; 1.000        ; 2.000          ; Min Period ; xiaoche:xiaoche_instance|clk_div[4] ; Rise       ; xiaoche:xiaoche_instance|PosCounter:pos_counter2|count[14]     ;
; -1.000 ; 1.000        ; 2.000          ; Min Period ; xiaoche:xiaoche_instance|clk_div[4] ; Rise       ; xiaoche:xiaoche_instance|PosCounter:pos_counter2|count[15]     ;
; -1.000 ; 1.000        ; 2.000          ; Min Period ; xiaoche:xiaoche_instance|clk_div[4] ; Rise       ; xiaoche:xiaoche_instance|PosCounter:pos_counter2|count[16]     ;
; -1.000 ; 1.000        ; 2.000          ; Min Period ; xiaoche:xiaoche_instance|clk_div[4] ; Rise       ; xiaoche:xiaoche_instance|PosCounter:pos_counter2|count[17]     ;
; -1.000 ; 1.000        ; 2.000          ; Min Period ; xiaoche:xiaoche_instance|clk_div[4] ; Rise       ; xiaoche:xiaoche_instance|PosCounter:pos_counter2|count[18]     ;
; -1.000 ; 1.000        ; 2.000          ; Min Period ; xiaoche:xiaoche_instance|clk_div[4] ; Rise       ; xiaoche:xiaoche_instance|PosCounter:pos_counter2|count[19]     ;
; -1.000 ; 1.000        ; 2.000          ; Min Period ; xiaoche:xiaoche_instance|clk_div[4] ; Rise       ; xiaoche:xiaoche_instance|PosCounter:pos_counter2|count[1]      ;
; -1.000 ; 1.000        ; 2.000          ; Min Period ; xiaoche:xiaoche_instance|clk_div[4] ; Rise       ; xiaoche:xiaoche_instance|PosCounter:pos_counter2|count[2]      ;
; -1.000 ; 1.000        ; 2.000          ; Min Period ; xiaoche:xiaoche_instance|clk_div[4] ; Rise       ; xiaoche:xiaoche_instance|PosCounter:pos_counter2|count[3]      ;
; -1.000 ; 1.000        ; 2.000          ; Min Period ; xiaoche:xiaoche_instance|clk_div[4] ; Rise       ; xiaoche:xiaoche_instance|PosCounter:pos_counter2|count[4]      ;
; -1.000 ; 1.000        ; 2.000          ; Min Period ; xiaoche:xiaoche_instance|clk_div[4] ; Rise       ; xiaoche:xiaoche_instance|PosCounter:pos_counter2|count[5]      ;
; -1.000 ; 1.000        ; 2.000          ; Min Period ; xiaoche:xiaoche_instance|clk_div[4] ; Rise       ; xiaoche:xiaoche_instance|PosCounter:pos_counter2|count[6]      ;
; -1.000 ; 1.000        ; 2.000          ; Min Period ; xiaoche:xiaoche_instance|clk_div[4] ; Rise       ; xiaoche:xiaoche_instance|PosCounter:pos_counter2|count[7]      ;
; -1.000 ; 1.000        ; 2.000          ; Min Period ; xiaoche:xiaoche_instance|clk_div[4] ; Rise       ; xiaoche:xiaoche_instance|PosCounter:pos_counter2|count[8]      ;
; -1.000 ; 1.000        ; 2.000          ; Min Period ; xiaoche:xiaoche_instance|clk_div[4] ; Rise       ; xiaoche:xiaoche_instance|PosCounter:pos_counter2|count[9]      ;
; -1.000 ; 1.000        ; 2.000          ; Min Period ; xiaoche:xiaoche_instance|clk_div[4] ; Rise       ; xiaoche:xiaoche_instance|PosCounter:pos_counter2|curr_state.S0 ;
; -1.000 ; 1.000        ; 2.000          ; Min Period ; xiaoche:xiaoche_instance|clk_div[4] ; Rise       ; xiaoche:xiaoche_instance|PosCounter:pos_counter2|curr_state.S1 ;
; -1.000 ; 1.000        ; 2.000          ; Min Period ; xiaoche:xiaoche_instance|clk_div[4] ; Rise       ; xiaoche:xiaoche_instance|PosCounter:pos_counter2|curr_state.S2 ;
; -1.000 ; 1.000        ; 2.000          ; Min Period ; xiaoche:xiaoche_instance|clk_div[4] ; Rise       ; xiaoche:xiaoche_instance|PosCounter:pos_counter2|dis_reg[10]   ;
; -1.000 ; 1.000        ; 2.000          ; Min Period ; xiaoche:xiaoche_instance|clk_div[4] ; Rise       ; xiaoche:xiaoche_instance|PosCounter:pos_counter2|dis_reg[11]   ;
; -1.000 ; 1.000        ; 2.000          ; Min Period ; xiaoche:xiaoche_instance|clk_div[4] ; Rise       ; xiaoche:xiaoche_instance|PosCounter:pos_counter2|dis_reg[12]   ;
; -1.000 ; 1.000        ; 2.000          ; Min Period ; xiaoche:xiaoche_instance|clk_div[4] ; Rise       ; xiaoche:xiaoche_instance|PosCounter:pos_counter2|dis_reg[13]   ;
; -1.000 ; 1.000        ; 2.000          ; Min Period ; xiaoche:xiaoche_instance|clk_div[4] ; Rise       ; xiaoche:xiaoche_instance|PosCounter:pos_counter2|dis_reg[14]   ;
; -1.000 ; 1.000        ; 2.000          ; Min Period ; xiaoche:xiaoche_instance|clk_div[4] ; Rise       ; xiaoche:xiaoche_instance|PosCounter:pos_counter2|dis_reg[15]   ;
; -1.000 ; 1.000        ; 2.000          ; Min Period ; xiaoche:xiaoche_instance|clk_div[4] ; Rise       ; xiaoche:xiaoche_instance|PosCounter:pos_counter2|dis_reg[16]   ;
; -1.000 ; 1.000        ; 2.000          ; Min Period ; xiaoche:xiaoche_instance|clk_div[4] ; Rise       ; xiaoche:xiaoche_instance|PosCounter:pos_counter2|dis_reg[17]   ;
; -1.000 ; 1.000        ; 2.000          ; Min Period ; xiaoche:xiaoche_instance|clk_div[4] ; Rise       ; xiaoche:xiaoche_instance|PosCounter:pos_counter2|dis_reg[18]   ;
; -1.000 ; 1.000        ; 2.000          ; Min Period ; xiaoche:xiaoche_instance|clk_div[4] ; Rise       ; xiaoche:xiaoche_instance|PosCounter:pos_counter2|dis_reg[19]   ;
; -1.000 ; 1.000        ; 2.000          ; Min Period ; xiaoche:xiaoche_instance|clk_div[4] ; Rise       ; xiaoche:xiaoche_instance|PosCounter:pos_counter2|dis_reg[1]    ;
; -1.000 ; 1.000        ; 2.000          ; Min Period ; xiaoche:xiaoche_instance|clk_div[4] ; Rise       ; xiaoche:xiaoche_instance|PosCounter:pos_counter2|dis_reg[2]    ;
; -1.000 ; 1.000        ; 2.000          ; Min Period ; xiaoche:xiaoche_instance|clk_div[4] ; Rise       ; xiaoche:xiaoche_instance|PosCounter:pos_counter2|dis_reg[3]    ;
; -1.000 ; 1.000        ; 2.000          ; Min Period ; xiaoche:xiaoche_instance|clk_div[4] ; Rise       ; xiaoche:xiaoche_instance|PosCounter:pos_counter2|dis_reg[4]    ;
; -1.000 ; 1.000        ; 2.000          ; Min Period ; xiaoche:xiaoche_instance|clk_div[4] ; Rise       ; xiaoche:xiaoche_instance|PosCounter:pos_counter2|dis_reg[5]    ;
; -1.000 ; 1.000        ; 2.000          ; Min Period ; xiaoche:xiaoche_instance|clk_div[4] ; Rise       ; xiaoche:xiaoche_instance|PosCounter:pos_counter2|dis_reg[6]    ;
; -1.000 ; 1.000        ; 2.000          ; Min Period ; xiaoche:xiaoche_instance|clk_div[4] ; Rise       ; xiaoche:xiaoche_instance|PosCounter:pos_counter2|dis_reg[7]    ;
; -1.000 ; 1.000        ; 2.000          ; Min Period ; xiaoche:xiaoche_instance|clk_div[4] ; Rise       ; xiaoche:xiaoche_instance|PosCounter:pos_counter2|dis_reg[8]    ;
; -1.000 ; 1.000        ; 2.000          ; Min Period ; xiaoche:xiaoche_instance|clk_div[4] ; Rise       ; xiaoche:xiaoche_instance|PosCounter:pos_counter2|dis_reg[9]    ;
; -1.000 ; 1.000        ; 2.000          ; Min Period ; xiaoche:xiaoche_instance|clk_div[4] ; Rise       ; xiaoche:xiaoche_instance|PosCounter:pos_counter2|echo_reg1     ;
; -1.000 ; 1.000        ; 2.000          ; Min Period ; xiaoche:xiaoche_instance|clk_div[4] ; Rise       ; xiaoche:xiaoche_instance|PosCounter:pos_counter2|echo_reg2     ;
; -1.000 ; 1.000        ; 2.000          ; Min Period ; xiaoche:xiaoche_instance|clk_div[4] ; Rise       ; xiaoche:xiaoche_instance|PosCounter:pos_counter3|count[0]      ;
; -1.000 ; 1.000        ; 2.000          ; Min Period ; xiaoche:xiaoche_instance|clk_div[4] ; Rise       ; xiaoche:xiaoche_instance|PosCounter:pos_counter3|count[10]     ;
; -1.000 ; 1.000        ; 2.000          ; Min Period ; xiaoche:xiaoche_instance|clk_div[4] ; Rise       ; xiaoche:xiaoche_instance|PosCounter:pos_counter3|count[11]     ;
; -1.000 ; 1.000        ; 2.000          ; Min Period ; xiaoche:xiaoche_instance|clk_div[4] ; Rise       ; xiaoche:xiaoche_instance|PosCounter:pos_counter3|count[12]     ;
; -1.000 ; 1.000        ; 2.000          ; Min Period ; xiaoche:xiaoche_instance|clk_div[4] ; Rise       ; xiaoche:xiaoche_instance|PosCounter:pos_counter3|count[13]     ;
; -1.000 ; 1.000        ; 2.000          ; Min Period ; xiaoche:xiaoche_instance|clk_div[4] ; Rise       ; xiaoche:xiaoche_instance|PosCounter:pos_counter3|count[14]     ;
; -1.000 ; 1.000        ; 2.000          ; Min Period ; xiaoche:xiaoche_instance|clk_div[4] ; Rise       ; xiaoche:xiaoche_instance|PosCounter:pos_counter3|count[15]     ;
; -1.000 ; 1.000        ; 2.000          ; Min Period ; xiaoche:xiaoche_instance|clk_div[4] ; Rise       ; xiaoche:xiaoche_instance|PosCounter:pos_counter3|count[16]     ;
; -1.000 ; 1.000        ; 2.000          ; Min Period ; xiaoche:xiaoche_instance|clk_div[4] ; Rise       ; xiaoche:xiaoche_instance|PosCounter:pos_counter3|count[17]     ;
; -1.000 ; 1.000        ; 2.000          ; Min Period ; xiaoche:xiaoche_instance|clk_div[4] ; Rise       ; xiaoche:xiaoche_instance|PosCounter:pos_counter3|count[18]     ;
; -1.000 ; 1.000        ; 2.000          ; Min Period ; xiaoche:xiaoche_instance|clk_div[4] ; Rise       ; xiaoche:xiaoche_instance|PosCounter:pos_counter3|count[19]     ;
; -1.000 ; 1.000        ; 2.000          ; Min Period ; xiaoche:xiaoche_instance|clk_div[4] ; Rise       ; xiaoche:xiaoche_instance|PosCounter:pos_counter3|count[1]      ;
+--------+--------------+----------------+------------+-------------------------------------+------------+----------------------------------------------------------------+


+--------------------------------------------------------------------------------------------------------------------+
; Setup Times                                                                                                        ;
+-----------+-------------------------------------+-------+-------+------------+-------------------------------------+
; Data Port ; Clock Port                          ; Rise  ; Fall  ; Clock Edge ; Clock Reference                     ;
+-----------+-------------------------------------+-------+-------+------------+-------------------------------------+
; enable    ; clk                                 ; 1.373 ; 1.740 ; Rise       ; clk                                 ;
; track1    ; clk                                 ; 3.059 ; 3.760 ; Rise       ; clk                                 ;
; track2    ; clk                                 ; 2.822 ; 3.494 ; Rise       ; clk                                 ;
; track3    ; clk                                 ; 2.604 ; 3.325 ; Rise       ; clk                                 ;
; track4    ; clk                                 ; 2.772 ; 3.225 ; Rise       ; clk                                 ;
; track5    ; clk                                 ; 3.194 ; 3.698 ; Rise       ; clk                                 ;
; track6    ; clk                                 ; 3.004 ; 3.564 ; Rise       ; clk                                 ;
; track7    ; clk                                 ; 2.702 ; 3.496 ; Rise       ; clk                                 ;
; echo1     ; xiaoche:xiaoche_instance|clk_div[4] ; 1.607 ; 2.232 ; Rise       ; xiaoche:xiaoche_instance|clk_div[4] ;
; echo2     ; xiaoche:xiaoche_instance|clk_div[4] ; 1.472 ; 2.062 ; Rise       ; xiaoche:xiaoche_instance|clk_div[4] ;
; echo3     ; xiaoche:xiaoche_instance|clk_div[4] ; 1.374 ; 1.978 ; Rise       ; xiaoche:xiaoche_instance|clk_div[4] ;
+-----------+-------------------------------------+-------+-------+------------+-------------------------------------+


+----------------------------------------------------------------------------------------------------------------------+
; Hold Times                                                                                                           ;
+-----------+-------------------------------------+--------+--------+------------+-------------------------------------+
; Data Port ; Clock Port                          ; Rise   ; Fall   ; Clock Edge ; Clock Reference                     ;
+-----------+-------------------------------------+--------+--------+------------+-------------------------------------+
; enable    ; clk                                 ; 0.293  ; -0.022 ; Rise       ; clk                                 ;
; track1    ; clk                                 ; -1.405 ; -2.046 ; Rise       ; clk                                 ;
; track2    ; clk                                 ; -0.874 ; -1.459 ; Rise       ; clk                                 ;
; track3    ; clk                                 ; -0.870 ; -1.451 ; Rise       ; clk                                 ;
; track4    ; clk                                 ; -1.052 ; -1.646 ; Rise       ; clk                                 ;
; track5    ; clk                                 ; -1.260 ; -1.898 ; Rise       ; clk                                 ;
; track6    ; clk                                 ; -1.151 ; -1.763 ; Rise       ; clk                                 ;
; track7    ; clk                                 ; -1.095 ; -1.728 ; Rise       ; clk                                 ;
; echo1     ; xiaoche:xiaoche_instance|clk_div[4] ; -1.383 ; -1.999 ; Rise       ; xiaoche:xiaoche_instance|clk_div[4] ;
; echo2     ; xiaoche:xiaoche_instance|clk_div[4] ; -1.251 ; -1.834 ; Rise       ; xiaoche:xiaoche_instance|clk_div[4] ;
; echo3     ; xiaoche:xiaoche_instance|clk_div[4] ; -1.152 ; -1.742 ; Rise       ; xiaoche:xiaoche_instance|clk_div[4] ;
+-----------+-------------------------------------+--------+--------+------------+-------------------------------------+


+-----------------------------------------------------------------------+
; Clock to Output Times                                                 ;
+-----------+------------+-------+-------+------------+-----------------+
; Data Port ; Clock Port ; Rise  ; Fall  ; Clock Edge ; Clock Reference ;
+-----------+------------+-------+-------+------------+-----------------+
; left[*]   ; clk        ; 3.543 ; 3.681 ; Rise       ; clk             ;
;  left[0]  ; clk        ; 3.366 ; 3.492 ; Rise       ; clk             ;
;  left[1]  ; clk        ; 3.543 ; 3.681 ; Rise       ; clk             ;
; right[*]  ; clk        ; 3.424 ; 3.566 ; Rise       ; clk             ;
;  right[0] ; clk        ; 3.424 ; 3.566 ; Rise       ; clk             ;
;  right[1] ; clk        ; 3.352 ; 3.472 ; Rise       ; clk             ;
; trig1     ; clk        ; 3.377 ; 3.489 ; Rise       ; clk             ;
; trig2     ; clk        ; 3.387 ; 3.499 ; Rise       ; clk             ;
; trig3     ; clk        ; 3.542 ; 3.662 ; Rise       ; clk             ;
+-----------+------------+-------+-------+------------+-----------------+


+-----------------------------------------------------------------------+
; Minimum Clock to Output Times                                         ;
+-----------+------------+-------+-------+------------+-----------------+
; Data Port ; Clock Port ; Rise  ; Fall  ; Clock Edge ; Clock Reference ;
+-----------+------------+-------+-------+------------+-----------------+
; left[*]   ; clk        ; 3.291 ; 3.412 ; Rise       ; clk             ;
;  left[0]  ; clk        ; 3.291 ; 3.412 ; Rise       ; clk             ;
;  left[1]  ; clk        ; 3.462 ; 3.595 ; Rise       ; clk             ;
; right[*]  ; clk        ; 3.279 ; 3.394 ; Rise       ; clk             ;
;  right[0] ; clk        ; 3.348 ; 3.484 ; Rise       ; clk             ;
;  right[1] ; clk        ; 3.279 ; 3.394 ; Rise       ; clk             ;
; trig1     ; clk        ; 3.302 ; 3.410 ; Rise       ; clk             ;
; trig2     ; clk        ; 3.312 ; 3.420 ; Rise       ; clk             ;
; trig3     ; clk        ; 3.460 ; 3.577 ; Rise       ; clk             ;
+-----------+------------+-------+-------+------------+-----------------+


+----------------------------------------------------------+
; Propagation Delay                                        ;
+------------+-------------------+-------+----+----+-------+
; Input Port ; Output Port       ; RR    ; RF ; FR ; FF    ;
+------------+-------------------+-------+----+----+-------+
; enable     ; obstacle_detected ; 2.853 ;    ;    ; 3.237 ;
; reset      ; obstacle_detected ; 4.519 ;    ;    ; 5.295 ;
+------------+-------------------+-------+----+----+-------+


+----------------------------------------------------------+
; Minimum Propagation Delay                                ;
+------------+-------------------+-------+----+----+-------+
; Input Port ; Output Port       ; RR    ; RF ; FR ; FF    ;
+------------+-------------------+-------+----+----+-------+
; enable     ; obstacle_detected ; 2.803 ;    ;    ; 3.189 ;
; reset      ; obstacle_detected ; 4.402 ;    ;    ; 5.163 ;
+------------+-------------------+-------+----+----+-------+


---------------------------------------------
; Fast 1200mV 0C Model Metastability Report ;
---------------------------------------------
No synchronizer chains to report.


+------------------------------------------------------------------------------------------------------+
; Multicorner Timing Analysis Summary                                                                  ;
+--------------------------------------+-----------+--------+----------+---------+---------------------+
; Clock                                ; Setup     ; Hold   ; Recovery ; Removal ; Minimum Pulse Width ;
+--------------------------------------+-----------+--------+----------+---------+---------------------+
; Worst-case Slack                     ; -46.101   ; -0.035 ; N/A      ; N/A     ; -3.000              ;
;  clk                                 ; -46.101   ; -0.035 ; N/A      ; N/A     ; -3.000              ;
;  xiaoche:xiaoche_instance|clk_div[4] ; -3.845    ; 0.178  ; N/A      ; N/A     ; -1.487              ;
; Design-wide TNS                      ; -2290.509 ; -0.035 ; 0.0      ; 0.0     ; -581.443            ;
;  clk                                 ; -2028.262 ; -0.035 ; N/A      ; N/A     ; -385.159            ;
;  xiaoche:xiaoche_instance|clk_div[4] ; -262.247  ; 0.000  ; N/A      ; N/A     ; -196.284            ;
+--------------------------------------+-----------+--------+----------+---------+---------------------+


+--------------------------------------------------------------------------------------------------------------------+
; Setup Times                                                                                                        ;
+-----------+-------------------------------------+-------+-------+------------+-------------------------------------+
; Data Port ; Clock Port                          ; Rise  ; Fall  ; Clock Edge ; Clock Reference                     ;
+-----------+-------------------------------------+-------+-------+------------+-------------------------------------+
; enable    ; clk                                 ; 3.280 ; 3.368 ; Rise       ; clk                                 ;
; track1    ; clk                                 ; 6.938 ; 7.151 ; Rise       ; clk                                 ;
; track2    ; clk                                 ; 6.452 ; 6.685 ; Rise       ; clk                                 ;
; track3    ; clk                                 ; 5.903 ; 6.022 ; Rise       ; clk                                 ;
; track4    ; clk                                 ; 6.020 ; 6.400 ; Rise       ; clk                                 ;
; track5    ; clk                                 ; 6.914 ; 7.429 ; Rise       ; clk                                 ;
; track6    ; clk                                 ; 6.471 ; 6.956 ; Rise       ; clk                                 ;
; track7    ; clk                                 ; 6.308 ; 6.508 ; Rise       ; clk                                 ;
; echo1     ; xiaoche:xiaoche_instance|clk_div[4] ; 3.513 ; 3.709 ; Rise       ; xiaoche:xiaoche_instance|clk_div[4] ;
; echo2     ; xiaoche:xiaoche_instance|clk_div[4] ; 3.254 ; 3.407 ; Rise       ; xiaoche:xiaoche_instance|clk_div[4] ;
; echo3     ; xiaoche:xiaoche_instance|clk_div[4] ; 2.978 ; 3.126 ; Rise       ; xiaoche:xiaoche_instance|clk_div[4] ;
+-----------+-------------------------------------+-------+-------+------------+-------------------------------------+


+----------------------------------------------------------------------------------------------------------------------+
; Hold Times                                                                                                           ;
+-----------+-------------------------------------+--------+--------+------------+-------------------------------------+
; Data Port ; Clock Port                          ; Rise   ; Fall   ; Clock Edge ; Clock Reference                     ;
+-----------+-------------------------------------+--------+--------+------------+-------------------------------------+
; enable    ; clk                                 ; 0.693  ; 0.571  ; Rise       ; clk                                 ;
; track1    ; clk                                 ; -1.405 ; -2.046 ; Rise       ; clk                                 ;
; track2    ; clk                                 ; -0.874 ; -1.459 ; Rise       ; clk                                 ;
; track3    ; clk                                 ; -0.870 ; -1.451 ; Rise       ; clk                                 ;
; track4    ; clk                                 ; -1.052 ; -1.646 ; Rise       ; clk                                 ;
; track5    ; clk                                 ; -1.260 ; -1.898 ; Rise       ; clk                                 ;
; track6    ; clk                                 ; -1.151 ; -1.763 ; Rise       ; clk                                 ;
; track7    ; clk                                 ; -1.095 ; -1.728 ; Rise       ; clk                                 ;
; echo1     ; xiaoche:xiaoche_instance|clk_div[4] ; -1.383 ; -1.999 ; Rise       ; xiaoche:xiaoche_instance|clk_div[4] ;
; echo2     ; xiaoche:xiaoche_instance|clk_div[4] ; -1.251 ; -1.834 ; Rise       ; xiaoche:xiaoche_instance|clk_div[4] ;
; echo3     ; xiaoche:xiaoche_instance|clk_div[4] ; -1.152 ; -1.742 ; Rise       ; xiaoche:xiaoche_instance|clk_div[4] ;
+-----------+-------------------------------------+--------+--------+------------+-------------------------------------+


+-----------------------------------------------------------------------+
; Clock to Output Times                                                 ;
+-----------+------------+-------+-------+------------+-----------------+
; Data Port ; Clock Port ; Rise  ; Fall  ; Clock Edge ; Clock Reference ;
+-----------+------------+-------+-------+------------+-----------------+
; left[*]   ; clk        ; 7.643 ; 7.454 ; Rise       ; clk             ;
;  left[0]  ; clk        ; 7.233 ; 7.066 ; Rise       ; clk             ;
;  left[1]  ; clk        ; 7.643 ; 7.454 ; Rise       ; clk             ;
; right[*]  ; clk        ; 7.319 ; 7.160 ; Rise       ; clk             ;
;  right[0] ; clk        ; 7.319 ; 7.160 ; Rise       ; clk             ;
;  right[1] ; clk        ; 7.171 ; 7.051 ; Rise       ; clk             ;
; trig1     ; clk        ; 7.249 ; 7.060 ; Rise       ; clk             ;
; trig2     ; clk        ; 7.259 ; 7.070 ; Rise       ; clk             ;
; trig3     ; clk        ; 7.637 ; 7.402 ; Rise       ; clk             ;
+-----------+------------+-------+-------+------------+-----------------+


+-----------------------------------------------------------------------+
; Minimum Clock to Output Times                                         ;
+-----------+------------+-------+-------+------------+-----------------+
; Data Port ; Clock Port ; Rise  ; Fall  ; Clock Edge ; Clock Reference ;
+-----------+------------+-------+-------+------------+-----------------+
; left[*]   ; clk        ; 3.291 ; 3.412 ; Rise       ; clk             ;
;  left[0]  ; clk        ; 3.291 ; 3.412 ; Rise       ; clk             ;
;  left[1]  ; clk        ; 3.462 ; 3.595 ; Rise       ; clk             ;
; right[*]  ; clk        ; 3.279 ; 3.394 ; Rise       ; clk             ;
;  right[0] ; clk        ; 3.348 ; 3.484 ; Rise       ; clk             ;
;  right[1] ; clk        ; 3.279 ; 3.394 ; Rise       ; clk             ;
; trig1     ; clk        ; 3.302 ; 3.410 ; Rise       ; clk             ;
; trig2     ; clk        ; 3.312 ; 3.420 ; Rise       ; clk             ;
; trig3     ; clk        ; 3.460 ; 3.577 ; Rise       ; clk             ;
+-----------+------------+-------+-------+------------+-----------------+


+----------------------------------------------------------+
; Propagation Delay                                        ;
+------------+-------------------+-------+----+----+-------+
; Input Port ; Output Port       ; RR    ; RF ; FR ; FF    ;
+------------+-------------------+-------+----+----+-------+
; enable     ; obstacle_detected ; 6.027 ;    ;    ; 5.968 ;
; reset      ; obstacle_detected ; 9.622 ;    ;    ; 9.749 ;
+------------+-------------------+-------+----+----+-------+


+----------------------------------------------------------+
; Minimum Propagation Delay                                ;
+------------+-------------------+-------+----+----+-------+
; Input Port ; Output Port       ; RR    ; RF ; FR ; FF    ;
+------------+-------------------+-------+----+----+-------+
; enable     ; obstacle_detected ; 2.803 ;    ;    ; 3.189 ;
; reset      ; obstacle_detected ; 4.402 ;    ;    ; 5.163 ;
+------------+-------------------+-------+----+----+-------+


+----------------------------------------------------------------------------------------------------------------------------------------------------------------------------------------------------------------------------------------------------------------------------------------------------------------------------------------------------------------------------------------------------------------------+
; Board Trace Model Assignments                                                                                                                                                                                                                                                                                                                                                                                        ;
+-------------------+--------------+-------------------+-------------------------+-------------------------+---------------+---------------------+----------------+------------------+--------+------------------+------------------------+------------------------+--------------+---------------+-----------------+-------+---------------------+--------------------+---------------+-----------------+-------------+
; Pin               ; I/O Standard ; Near Tline Length ; Near Tline L per Length ; Near Tline C per Length ; Near Series R ; Near Differential R ; Near Pull-up R ; Near Pull-down R ; Near C ; Far Tline Length ; Far Tline L per Length ; Far Tline C per Length ; Far Series R ; Far Pull-up R ; Far Pull-down R ; Far C ; Termination Voltage ; Far Differential R ; EBD File Name ; EBD Signal Name ; EBD Far-end ;
+-------------------+--------------+-------------------+-------------------------+-------------------------+---------------+---------------------+----------------+------------------+--------+------------------+------------------------+------------------------+--------------+---------------+-----------------+-------+---------------------+--------------------+---------------+-----------------+-------------+
; trig1             ; 2.5 V        ; 0 in              ; 0 H/in                  ; 0 F/in                  ; short         ; -                   ; open           ; open             ; open   ; 0 in             ; 0 H/in                 ; 0 F/in                 ; short        ; open          ; open            ; open  ; 0 V                 ; -                  ; n/a           ; n/a             ; n/a         ;
; trig2             ; 2.5 V        ; 0 in              ; 0 H/in                  ; 0 F/in                  ; short         ; -                   ; open           ; open             ; open   ; 0 in             ; 0 H/in                 ; 0 F/in                 ; short        ; open          ; open            ; open  ; 0 V                 ; -                  ; n/a           ; n/a             ; n/a         ;
; trig3             ; 2.5 V        ; 0 in              ; 0 H/in                  ; 0 F/in                  ; short         ; -                   ; open           ; open             ; open   ; 0 in             ; 0 H/in                 ; 0 F/in                 ; short        ; open          ; open            ; open  ; 0 V                 ; -                  ; n/a           ; n/a             ; n/a         ;
; left[0]           ; 2.5 V        ; 0 in              ; 0 H/in                  ; 0 F/in                  ; short         ; -                   ; open           ; open             ; open   ; 0 in             ; 0 H/in                 ; 0 F/in                 ; short        ; open          ; open            ; open  ; 0 V                 ; -                  ; n/a           ; n/a             ; n/a         ;
; left[1]           ; 2.5 V        ; 0 in              ; 0 H/in                  ; 0 F/in                  ; short         ; -                   ; open           ; open             ; open   ; 0 in             ; 0 H/in                 ; 0 F/in                 ; short        ; open          ; open            ; open  ; 0 V                 ; -                  ; n/a           ; n/a             ; n/a         ;
; right[0]          ; 2.5 V        ; 0 in              ; 0 H/in                  ; 0 F/in                  ; short         ; -                   ; open           ; open             ; open   ; 0 in             ; 0 H/in                 ; 0 F/in                 ; short        ; open          ; open            ; open  ; 0 V                 ; -                  ; n/a           ; n/a             ; n/a         ;
; right[1]          ; 2.5 V        ; 0 in              ; 0 H/in                  ; 0 F/in                  ; short         ; -                   ; open           ; open             ; open   ; 0 in             ; 0 H/in                 ; 0 F/in                 ; short        ; open          ; open            ; open  ; 0 V                 ; -                  ; n/a           ; n/a             ; n/a         ;
; obstacle_detected ; 2.5 V        ; 0 in              ; 0 H/in                  ; 0 F/in                  ; short         ; -                   ; open           ; open             ; open   ; 0 in             ; 0 H/in                 ; 0 F/in                 ; short        ; open          ; open            ; open  ; 0 V                 ; -                  ; n/a           ; n/a             ; n/a         ;
; ~ALTERA_DCLK~     ; 2.5 V        ; 0 in              ; 0 H/in                  ; 0 F/in                  ; short         ; -                   ; open           ; open             ; open   ; 0 in             ; 0 H/in                 ; 0 F/in                 ; short        ; open          ; open            ; open  ; 0 V                 ; -                  ; n/a           ; n/a             ; n/a         ;
; ~ALTERA_nCEO~     ; 2.5 V        ; 0 in              ; 0 H/in                  ; 0 F/in                  ; short         ; -                   ; open           ; open             ; open   ; 0 in             ; 0 H/in                 ; 0 F/in                 ; short        ; open          ; open            ; open  ; 0 V                 ; -                  ; n/a           ; n/a             ; n/a         ;
+-------------------+--------------+-------------------+-------------------------+-------------------------+---------------+---------------------+----------------+------------------+--------+------------------+------------------------+------------------------+--------------+---------------+-----------------+-------+---------------------+--------------------+---------------+-----------------+-------------+


+----------------------------------------------------------------------------+
; Input Transition Times                                                     ;
+-------------------------+--------------+-----------------+-----------------+
; Pin                     ; I/O Standard ; 10-90 Rise Time ; 90-10 Fall Time ;
+-------------------------+--------------+-----------------+-----------------+
; reset                   ; 2.5 V        ; 2000 ps         ; 2000 ps         ;
; enable                  ; 2.5 V        ; 2000 ps         ; 2000 ps         ;
; clk                     ; 2.5 V        ; 2000 ps         ; 2000 ps         ;
; track7                  ; 2.5 V        ; 2000 ps         ; 2000 ps         ;
; track6                  ; 2.5 V        ; 2000 ps         ; 2000 ps         ;
; track5                  ; 2.5 V        ; 2000 ps         ; 2000 ps         ;
; track4                  ; 2.5 V        ; 2000 ps         ; 2000 ps         ;
; track2                  ; 2.5 V        ; 2000 ps         ; 2000 ps         ;
; track3                  ; 2.5 V        ; 2000 ps         ; 2000 ps         ;
; track1                  ; 2.5 V        ; 2000 ps         ; 2000 ps         ;
; echo1                   ; 2.5 V        ; 2000 ps         ; 2000 ps         ;
; echo2                   ; 2.5 V        ; 2000 ps         ; 2000 ps         ;
; echo3                   ; 2.5 V        ; 2000 ps         ; 2000 ps         ;
; ~ALTERA_ASDO_DATA1~     ; 2.5 V        ; 2000 ps         ; 2000 ps         ;
; ~ALTERA_FLASH_nCE_nCSO~ ; 2.5 V        ; 2000 ps         ; 2000 ps         ;
; ~ALTERA_DATA0~          ; 2.5 V        ; 2000 ps         ; 2000 ps         ;
+-------------------------+--------------+-----------------+-----------------+


+------------------------------------------------------------------------------------------------------------------------------------------------------------------------------------------------------------------------------------------------------------------------------------------------------------------------------------------------------------------------------------------------------------------------------------------------------------------------------------------------------------------------------------------------------------------------------------------------------------------------------------------------------------------------------------------------+
; Slow Corner Signal Integrity Metrics                                                                                                                                                                                                                                                                                                                                                                                                                                                                                                                                                                                                                                                           ;
+-------------------+--------------+---------------------+---------------------+------------------------------+------------------------------+---------------------+---------------------+--------------------------------------+--------------------------------------+-----------------------------+-----------------------------+----------------------------+----------------------------+-----------------------------+-----------------------------+--------------------+--------------------+-------------------------------------+-------------------------------------+----------------------------+----------------------------+---------------------------+---------------------------+
; Pin               ; I/O Standard ; Board Delay on Rise ; Board Delay on Fall ; Steady State Voh at FPGA Pin ; Steady State Vol at FPGA Pin ; Voh Max at FPGA Pin ; Vol Min at FPGA Pin ; Ringback Voltage on Rise at FPGA Pin ; Ringback Voltage on Fall at FPGA Pin ; 10-90 Rise Time at FPGA Pin ; 90-10 Fall Time at FPGA Pin ; Monotonic Rise at FPGA Pin ; Monotonic Fall at FPGA Pin ; Steady State Voh at Far-end ; Steady State Vol at Far-end ; Voh Max at Far-end ; Vol Min at Far-end ; Ringback Voltage on Rise at Far-end ; Ringback Voltage on Fall at Far-end ; 10-90 Rise Time at Far-end ; 90-10 Fall Time at Far-end ; Monotonic Rise at Far-end ; Monotonic Fall at Far-end ;
+-------------------+--------------+---------------------+---------------------+------------------------------+------------------------------+---------------------+---------------------+--------------------------------------+--------------------------------------+-----------------------------+-----------------------------+----------------------------+----------------------------+-----------------------------+-----------------------------+--------------------+--------------------+-------------------------------------+-------------------------------------+----------------------------+----------------------------+---------------------------+---------------------------+
; trig1             ; 2.5 V        ; 0 s                 ; 0 s                 ; 2.32 V                       ; 1.91e-07 V                   ; 2.35 V              ; -0.00711 V          ; 0.126 V                              ; 0.012 V                              ; 4.7e-10 s                   ; 4.63e-10 s                  ; Yes                        ; Yes                        ; 2.32 V                      ; 1.91e-07 V                  ; 2.35 V             ; -0.00711 V         ; 0.126 V                             ; 0.012 V                             ; 4.7e-10 s                  ; 4.63e-10 s                 ; Yes                       ; Yes                       ;
; trig2             ; 2.5 V        ; 0 s                 ; 0 s                 ; 2.32 V                       ; 1.91e-07 V                   ; 2.35 V              ; -0.00711 V          ; 0.126 V                              ; 0.012 V                              ; 4.7e-10 s                   ; 4.63e-10 s                  ; Yes                        ; Yes                        ; 2.32 V                      ; 1.91e-07 V                  ; 2.35 V             ; -0.00711 V         ; 0.126 V                             ; 0.012 V                             ; 4.7e-10 s                  ; 4.63e-10 s                 ; Yes                       ; Yes                       ;
; trig3             ; 2.5 V        ; 0 s                 ; 0 s                 ; 2.32 V                       ; 1.91e-07 V                   ; 2.35 V              ; -0.00711 V          ; 0.126 V                              ; 0.012 V                              ; 4.7e-10 s                   ; 4.63e-10 s                  ; Yes                        ; Yes                        ; 2.32 V                      ; 1.91e-07 V                  ; 2.35 V             ; -0.00711 V         ; 0.126 V                             ; 0.012 V                             ; 4.7e-10 s                  ; 4.63e-10 s                 ; Yes                       ; Yes                       ;
; left[0]           ; 2.5 V        ; 0 s                 ; 0 s                 ; 2.32 V                       ; 2.84e-07 V                   ; 2.35 V              ; -0.0105 V           ; 0.143 V                              ; 0.041 V                              ; 4.81e-10 s                  ; 4.81e-10 s                  ; Yes                        ; Yes                        ; 2.32 V                      ; 2.84e-07 V                  ; 2.35 V             ; -0.0105 V          ; 0.143 V                             ; 0.041 V                             ; 4.81e-10 s                 ; 4.81e-10 s                 ; Yes                       ; Yes                       ;
; left[1]           ; 2.5 V        ; 0 s                 ; 0 s                 ; 2.32 V                       ; 2.84e-07 V                   ; 2.35 V              ; -0.0105 V           ; 0.143 V                              ; 0.041 V                              ; 4.81e-10 s                  ; 4.81e-10 s                  ; Yes                        ; Yes                        ; 2.32 V                      ; 2.84e-07 V                  ; 2.35 V             ; -0.0105 V          ; 0.143 V                             ; 0.041 V                             ; 4.81e-10 s                 ; 4.81e-10 s                 ; Yes                       ; Yes                       ;
; right[0]          ; 2.5 V        ; 0 s                 ; 0 s                 ; 2.32 V                       ; 2.84e-07 V                   ; 2.35 V              ; -0.0105 V           ; 0.143 V                              ; 0.041 V                              ; 4.81e-10 s                  ; 4.81e-10 s                  ; Yes                        ; Yes                        ; 2.32 V                      ; 2.84e-07 V                  ; 2.35 V             ; -0.0105 V          ; 0.143 V                             ; 0.041 V                             ; 4.81e-10 s                 ; 4.81e-10 s                 ; Yes                       ; Yes                       ;
; right[1]          ; 2.5 V        ; 0 s                 ; 0 s                 ; 2.32 V                       ; 2.84e-07 V                   ; 2.35 V              ; -0.0105 V           ; 0.143 V                              ; 0.041 V                              ; 4.81e-10 s                  ; 4.81e-10 s                  ; Yes                        ; Yes                        ; 2.32 V                      ; 2.84e-07 V                  ; 2.35 V             ; -0.0105 V          ; 0.143 V                             ; 0.041 V                             ; 4.81e-10 s                 ; 4.81e-10 s                 ; Yes                       ; Yes                       ;
; obstacle_detected ; 2.5 V        ; 0 s                 ; 0 s                 ; 2.32 V                       ; 2.84e-07 V                   ; 2.35 V              ; -0.0105 V           ; 0.143 V                              ; 0.041 V                              ; 4.81e-10 s                  ; 4.81e-10 s                  ; Yes                        ; Yes                        ; 2.32 V                      ; 2.84e-07 V                  ; 2.35 V             ; -0.0105 V          ; 0.143 V                             ; 0.041 V                             ; 4.81e-10 s                 ; 4.81e-10 s                 ; Yes                       ; Yes                       ;
; ~ALTERA_DCLK~     ; 2.5 V        ; 0 s                 ; 0 s                 ; 2.32 V                       ; 1.53e-07 V                   ; 2.35 V              ; -0.00333 V          ; 0.096 V                              ; 0.006 V                              ; 4.5e-10 s                   ; 3.85e-10 s                  ; Yes                        ; Yes                        ; 2.32 V                      ; 1.53e-07 V                  ; 2.35 V             ; -0.00333 V         ; 0.096 V                             ; 0.006 V                             ; 4.5e-10 s                  ; 3.85e-10 s                 ; Yes                       ; Yes                       ;
; ~ALTERA_nCEO~     ; 2.5 V        ; 0 s                 ; 0 s                 ; 2.32 V                       ; 2.51e-07 V                   ; 2.34 V              ; -0.00699 V          ; 0.108 V                              ; 0.027 V                              ; 6.58e-10 s                  ; 8.2e-10 s                   ; Yes                        ; Yes                        ; 2.32 V                      ; 2.51e-07 V                  ; 2.34 V             ; -0.00699 V         ; 0.108 V                             ; 0.027 V                             ; 6.58e-10 s                 ; 8.2e-10 s                  ; Yes                       ; Yes                       ;
+-------------------+--------------+---------------------+---------------------+------------------------------+------------------------------+---------------------+---------------------+--------------------------------------+--------------------------------------+-----------------------------+-----------------------------+----------------------------+----------------------------+-----------------------------+-----------------------------+--------------------+--------------------+-------------------------------------+-------------------------------------+----------------------------+----------------------------+---------------------------+---------------------------+


+------------------------------------------------------------------------------------------------------------------------------------------------------------------------------------------------------------------------------------------------------------------------------------------------------------------------------------------------------------------------------------------------------------------------------------------------------------------------------------------------------------------------------------------------------------------------------------------------------------------------------------------------------------------------------------------------+
; Fast Corner Signal Integrity Metrics                                                                                                                                                                                                                                                                                                                                                                                                                                                                                                                                                                                                                                                           ;
+-------------------+--------------+---------------------+---------------------+------------------------------+------------------------------+---------------------+---------------------+--------------------------------------+--------------------------------------+-----------------------------+-----------------------------+----------------------------+----------------------------+-----------------------------+-----------------------------+--------------------+--------------------+-------------------------------------+-------------------------------------+----------------------------+----------------------------+---------------------------+---------------------------+
; Pin               ; I/O Standard ; Board Delay on Rise ; Board Delay on Fall ; Steady State Voh at FPGA Pin ; Steady State Vol at FPGA Pin ; Voh Max at FPGA Pin ; Vol Min at FPGA Pin ; Ringback Voltage on Rise at FPGA Pin ; Ringback Voltage on Fall at FPGA Pin ; 10-90 Rise Time at FPGA Pin ; 90-10 Fall Time at FPGA Pin ; Monotonic Rise at FPGA Pin ; Monotonic Fall at FPGA Pin ; Steady State Voh at Far-end ; Steady State Vol at Far-end ; Voh Max at Far-end ; Vol Min at Far-end ; Ringback Voltage on Rise at Far-end ; Ringback Voltage on Fall at Far-end ; 10-90 Rise Time at Far-end ; 90-10 Fall Time at Far-end ; Monotonic Rise at Far-end ; Monotonic Fall at Far-end ;
+-------------------+--------------+---------------------+---------------------+------------------------------+------------------------------+---------------------+---------------------+--------------------------------------+--------------------------------------+-----------------------------+-----------------------------+----------------------------+----------------------------+-----------------------------+-----------------------------+--------------------+--------------------+-------------------------------------+-------------------------------------+----------------------------+----------------------------+---------------------------+---------------------------+
; trig1             ; 2.5 V        ; 0 s                 ; 0 s                 ; 2.62 V                       ; 2.7e-08 V                    ; 2.72 V              ; -0.0401 V           ; 0.163 V                              ; 0.091 V                              ; 2.71e-10 s                  ; 2.61e-10 s                  ; Yes                        ; Yes                        ; 2.62 V                      ; 2.7e-08 V                   ; 2.72 V             ; -0.0401 V          ; 0.163 V                             ; 0.091 V                             ; 2.71e-10 s                 ; 2.61e-10 s                 ; Yes                       ; Yes                       ;
; trig2             ; 2.5 V        ; 0 s                 ; 0 s                 ; 2.62 V                       ; 2.7e-08 V                    ; 2.72 V              ; -0.0401 V           ; 0.163 V                              ; 0.091 V                              ; 2.71e-10 s                  ; 2.61e-10 s                  ; Yes                        ; Yes                        ; 2.62 V                      ; 2.7e-08 V                   ; 2.72 V             ; -0.0401 V          ; 0.163 V                             ; 0.091 V                             ; 2.71e-10 s                 ; 2.61e-10 s                 ; Yes                       ; Yes                       ;
; trig3             ; 2.5 V        ; 0 s                 ; 0 s                 ; 2.62 V                       ; 2.7e-08 V                    ; 2.72 V              ; -0.0401 V           ; 0.163 V                              ; 0.091 V                              ; 2.71e-10 s                  ; 2.61e-10 s                  ; Yes                        ; Yes                        ; 2.62 V                      ; 2.7e-08 V                   ; 2.72 V             ; -0.0401 V          ; 0.163 V                             ; 0.091 V                             ; 2.71e-10 s                 ; 2.61e-10 s                 ; Yes                       ; Yes                       ;
; left[0]           ; 2.5 V        ; 0 s                 ; 0 s                 ; 2.62 V                       ; 4.02e-08 V                   ; 2.71 V              ; -0.0354 V           ; 0.174 V                              ; 0.098 V                              ; 2.73e-10 s                  ; 2.69e-10 s                  ; Yes                        ; Yes                        ; 2.62 V                      ; 4.02e-08 V                  ; 2.71 V             ; -0.0354 V          ; 0.174 V                             ; 0.098 V                             ; 2.73e-10 s                 ; 2.69e-10 s                 ; Yes                       ; Yes                       ;
; left[1]           ; 2.5 V        ; 0 s                 ; 0 s                 ; 2.62 V                       ; 4.02e-08 V                   ; 2.71 V              ; -0.0354 V           ; 0.174 V                              ; 0.098 V                              ; 2.73e-10 s                  ; 2.69e-10 s                  ; Yes                        ; Yes                        ; 2.62 V                      ; 4.02e-08 V                  ; 2.71 V             ; -0.0354 V          ; 0.174 V                             ; 0.098 V                             ; 2.73e-10 s                 ; 2.69e-10 s                 ; Yes                       ; Yes                       ;
; right[0]          ; 2.5 V        ; 0 s                 ; 0 s                 ; 2.62 V                       ; 4.02e-08 V                   ; 2.71 V              ; -0.0354 V           ; 0.174 V                              ; 0.098 V                              ; 2.73e-10 s                  ; 2.69e-10 s                  ; Yes                        ; Yes                        ; 2.62 V                      ; 4.02e-08 V                  ; 2.71 V             ; -0.0354 V          ; 0.174 V                             ; 0.098 V                             ; 2.73e-10 s                 ; 2.69e-10 s                 ; Yes                       ; Yes                       ;
; right[1]          ; 2.5 V        ; 0 s                 ; 0 s                 ; 2.62 V                       ; 4.02e-08 V                   ; 2.71 V              ; -0.0354 V           ; 0.174 V                              ; 0.098 V                              ; 2.73e-10 s                  ; 2.69e-10 s                  ; Yes                        ; Yes                        ; 2.62 V                      ; 4.02e-08 V                  ; 2.71 V             ; -0.0354 V          ; 0.174 V                             ; 0.098 V                             ; 2.73e-10 s                 ; 2.69e-10 s                 ; Yes                       ; Yes                       ;
; obstacle_detected ; 2.5 V        ; 0 s                 ; 0 s                 ; 2.62 V                       ; 4.02e-08 V                   ; 2.71 V              ; -0.0354 V           ; 0.174 V                              ; 0.098 V                              ; 2.73e-10 s                  ; 2.69e-10 s                  ; Yes                        ; Yes                        ; 2.62 V                      ; 4.02e-08 V                  ; 2.71 V             ; -0.0354 V          ; 0.174 V                             ; 0.098 V                             ; 2.73e-10 s                 ; 2.69e-10 s                 ; Yes                       ; Yes                       ;
; ~ALTERA_DCLK~     ; 2.5 V        ; 0 s                 ; 0 s                 ; 2.62 V                       ; 2.2e-08 V                    ; 2.74 V              ; -0.061 V            ; 0.159 V                              ; 0.078 V                              ; 2.7e-10 s                   ; 2.2e-10 s                   ; No                         ; Yes                        ; 2.62 V                      ; 2.2e-08 V                   ; 2.74 V             ; -0.061 V           ; 0.159 V                             ; 0.078 V                             ; 2.7e-10 s                  ; 2.2e-10 s                  ; No                        ; Yes                       ;
; ~ALTERA_nCEO~     ; 2.5 V        ; 0 s                 ; 0 s                 ; 2.62 V                       ; 3.52e-08 V                   ; 2.7 V               ; -0.0121 V           ; 0.274 V                              ; 0.034 V                              ; 3.18e-10 s                  ; 4.96e-10 s                  ; No                         ; Yes                        ; 2.62 V                      ; 3.52e-08 V                  ; 2.7 V              ; -0.0121 V          ; 0.274 V                             ; 0.034 V                             ; 3.18e-10 s                 ; 4.96e-10 s                 ; No                        ; Yes                       ;
+-------------------+--------------+---------------------+---------------------+------------------------------+------------------------------+---------------------+---------------------+--------------------------------------+--------------------------------------+-----------------------------+-----------------------------+----------------------------+----------------------------+-----------------------------+-----------------------------+--------------------+--------------------+-------------------------------------+-------------------------------------+----------------------------+----------------------------+---------------------------+---------------------------+


+---------------------------------------------------------------------------------------------------------------------------+
; Setup Transfers                                                                                                           ;
+-------------------------------------+-------------------------------------+--------------+----------+----------+----------+
; From Clock                          ; To Clock                            ; RR Paths     ; FR Paths ; RF Paths ; FF Paths ;
+-------------------------------------+-------------------------------------+--------------+----------+----------+----------+
; clk                                 ; clk                                 ; 23742        ; 0        ; 0        ; 0        ;
; xiaoche:xiaoche_instance|clk_div[4] ; clk                                 ; > 2147483647 ; 1        ; 0        ; 0        ;
; xiaoche:xiaoche_instance|clk_div[4] ; xiaoche:xiaoche_instance|clk_div[4] ; 1212         ; 0        ; 0        ; 0        ;
+-------------------------------------+-------------------------------------+--------------+----------+----------+----------+
Entries labeled "false path" only account for clock-to-clock false paths and not path-based false paths. As a result, actual path counts may be lower than reported.


+---------------------------------------------------------------------------------------------------------------------------+
; Hold Transfers                                                                                                            ;
+-------------------------------------+-------------------------------------+--------------+----------+----------+----------+
; From Clock                          ; To Clock                            ; RR Paths     ; FR Paths ; RF Paths ; FF Paths ;
+-------------------------------------+-------------------------------------+--------------+----------+----------+----------+
; clk                                 ; clk                                 ; 23742        ; 0        ; 0        ; 0        ;
; xiaoche:xiaoche_instance|clk_div[4] ; clk                                 ; > 2147483647 ; 1        ; 0        ; 0        ;
; xiaoche:xiaoche_instance|clk_div[4] ; xiaoche:xiaoche_instance|clk_div[4] ; 1212         ; 0        ; 0        ; 0        ;
+-------------------------------------+-------------------------------------+--------------+----------+----------+----------+
Entries labeled "false path" only account for clock-to-clock false paths and not path-based false paths. As a result, actual path counts may be lower than reported.


---------------
; Report TCCS ;
---------------
No dedicated SERDES Transmitter circuitry present in device or used in design


---------------
; Report RSKM ;
---------------
No non-DPA dedicated SERDES Receiver circuitry present in device or used in design


+------------------------------------------------+
; Unconstrained Paths                            ;
+---------------------------------+-------+------+
; Property                        ; Setup ; Hold ;
+---------------------------------+-------+------+
; Illegal Clocks                  ; 0     ; 0    ;
; Unconstrained Clocks            ; 0     ; 0    ;
; Unconstrained Input Ports       ; 12    ; 12   ;
; Unconstrained Input Port Paths  ; 648   ; 648  ;
; Unconstrained Output Ports      ; 8     ; 8    ;
; Unconstrained Output Port Paths ; 9     ; 9    ;
+---------------------------------+-------+------+


+------------------------------------+
; TimeQuest Timing Analyzer Messages ;
+------------------------------------+
Info: *******************************************************************
Info: Running Quartus II 64-Bit TimeQuest Timing Analyzer
    Info: Version 13.1.0 Build 162 10/23/2013 SJ Full Version
    Info: Processing started: Sat Oct 18 22:43:02 2025
Info: Command: quartus_sta top -c top
Info: qsta_default_script.tcl version: #1
Info (11104): Parallel Compilation has detected 24 hyper-threaded processors. However, the extra hyper-threaded processors will not be used by default. Parallel Compilation will use 16 of the 16 physical processors detected instead.
Info (21077): Low junction temperature is 0 degrees C
Info (21077): High junction temperature is 85 degrees C
Critical Warning (332012): Synopsys Design Constraints File file not found: 'top.sdc'. A Synopsys Design Constraints File is required by the TimeQuest Timing Analyzer to get proper timing constraints. Without it, the Compiler will not properly optimize the design.
Info (332142): No user constrained base clocks found in the design. Calling "derive_clocks -period 1.0"
Info (332105): Deriving Clocks
    Info (332105): create_clock -period 1.000 -name clk clk
    Info (332105): create_clock -period 1.000 -name xiaoche:xiaoche_instance|clk_div[4] xiaoche:xiaoche_instance|clk_div[4]
Info (332143): No user constrained clock uncertainty found in the design. Calling "derive_clock_uncertainty"
Info (332123): Deriving Clock Uncertainty. Please refer to report_sdc in TimeQuest to see clock uncertainties.
Info: Found TIMEQUEST_REPORT_SCRIPT_INCLUDE_DEFAULT_ANALYSIS = ON
Info: Analyzing Slow 1200mV 85C Model
Critical Warning (332148): Timing requirements not met
    Info (11105): For recommendations on closing timing, run Report Timing Closure Recommendations in the TimeQuest Timing Analyzer.
Info (332146): Worst-case setup slack is -46.101
    Info (332119):     Slack       End Point TNS Clock 
    Info (332119): ========= =================== =====================
    Info (332119):   -46.101           -2028.262 clk 
    Info (332119):    -3.845            -262.247 xiaoche:xiaoche_instance|clk_div[4] 
Info (332146): Worst-case hold slack is 0.155
    Info (332119):     Slack       End Point TNS Clock 
    Info (332119): ========= =================== =====================
    Info (332119):     0.155               0.000 clk 
    Info (332119):     0.432               0.000 xiaoche:xiaoche_instance|clk_div[4] 
Info (332140): No Recovery paths to report
Info (332140): No Removal paths to report
Info (332146): Worst-case minimum pulse width slack is -3.000
    Info (332119):     Slack       End Point TNS Clock 
    Info (332119): ========= =================== =====================
    Info (332119):    -3.000            -385.159 clk 
    Info (332119):    -1.487            -196.284 xiaoche:xiaoche_instance|clk_div[4] 
Info: Analyzing Slow 1200mV 0C Model
Info (334003): Started post-fitting delay annotation
Info (334004): Delay annotation completed successfully
Info (332123): Deriving Clock Uncertainty. Please refer to report_sdc in TimeQuest to see clock uncertainties.
Critical Warning (332148): Timing requirements not met
    Info (11105): For recommendations on closing timing, run Report Timing Closure Recommendations in the TimeQuest Timing Analyzer.
Info (332146): Worst-case setup slack is -41.972
    Info (332119):     Slack       End Point TNS Clock 
    Info (332119): ========= =================== =====================
    Info (332119):   -41.972           -1850.012 clk 
    Info (332119):    -3.388            -232.259 xiaoche:xiaoche_instance|clk_div[4] 
Info (332146): Worst-case hold slack is 0.217
    Info (332119):     Slack       End Point TNS Clock 
    Info (332119): ========= =================== =====================
    Info (332119):     0.217               0.000 clk 
    Info (332119):     0.382               0.000 xiaoche:xiaoche_instance|clk_div[4] 
Info (332140): No Recovery paths to report
Info (332140): No Removal paths to report
Info (332146): Worst-case minimum pulse width slack is -3.000
    Info (332119):     Slack       End Point TNS Clock 
    Info (332119): ========= =================== =====================
    Info (332119):    -3.000            -385.159 clk 
    Info (332119):    -1.487            -196.284 xiaoche:xiaoche_instance|clk_div[4] 
Info: Analyzing Fast 1200mV 0C Model
Info (332123): Deriving Clock Uncertainty. Please refer to report_sdc in TimeQuest to see clock uncertainties.
Critical Warning (332148): Timing requirements not met
    Info (11105): For recommendations on closing timing, run Report Timing Closure Recommendations in the TimeQuest Timing Analyzer.
Info (332146): Worst-case setup slack is -19.345
    Info (332119):     Slack       End Point TNS Clock 
    Info (332119): ========= =================== =====================
    Info (332119):   -19.345            -722.848 clk 
    Info (332119):    -1.155             -45.619 xiaoche:xiaoche_instance|clk_div[4] 
Info (332146): Worst-case hold slack is -0.035
    Info (332119):     Slack       End Point TNS Clock 
    Info (332119): ========= =================== =====================
    Info (332119):    -0.035              -0.035 clk 
    Info (332119):     0.178               0.000 xiaoche:xiaoche_instance|clk_div[4] 
Info (332140): No Recovery paths to report
Info (332140): No Removal paths to report
Info (332146): Worst-case minimum pulse width slack is -3.000
    Info (332119):     Slack       End Point TNS Clock 
    Info (332119): ========= =================== =====================
    Info (332119):    -3.000            -276.792 clk 
    Info (332119):    -1.000            -132.000 xiaoche:xiaoche_instance|clk_div[4] 
Info (332102): Design is not fully constrained for setup requirements
Info (332102): Design is not fully constrained for hold requirements
Info: Quartus II 64-Bit TimeQuest Timing Analyzer was successful. 0 errors, 4 warnings
    Info: Peak virtual memory: 4857 megabytes
    Info: Processing ended: Sat Oct 18 22:43:04 2025
    Info: Elapsed time: 00:00:02
    Info: Total CPU time (on all processors): 00:00:02


