TimeQuest Timing Analyzer report for xiaoche
Mon Sep 01 17:15:59 2025
Quartus II 64-Bit Version 13.1.0 Build 162 10/23/2013 SJ Full Version


---------------------
; Table of Contents ;
---------------------
  1. Legal Notice
  2. TimeQuest Timing Analyzer Summary
  3. Parallel Compilation
  4. Clocks
  5. Slow 1200mV 85C Model Fmax Summary
  6. Timing Closure Recommendations
  7. Slow 1200mV 85C Model Setup Summary
  8. Slow 1200mV 85C Model Hold Summary
  9. Slow 1200mV 85C Model Recovery Summary
 10. Slow 1200mV 85C Model Removal Summary
 11. Slow 1200mV 85C Model Minimum Pulse Width Summary
 12. Slow 1200mV 85C Model Setup: 'echo1'
 13. Slow 1200mV 85C Model Setup: 'echo2'
 14. Slow 1200mV 85C Model Setup: 'echo3'
 15. Slow 1200mV 85C Model Setup: 'clk'
 16. Slow 1200mV 85C Model Hold: 'clk'
 17. Slow 1200mV 85C Model Hold: 'echo2'
 18. Slow 1200mV 85C Model Hold: 'echo3'
 19. Slow 1200mV 85C Model Hold: 'echo1'
 20. Slow 1200mV 85C Model Minimum Pulse Width: 'clk'
 21. Slow 1200mV 85C Model Minimum Pulse Width: 'echo1'
 22. Slow 1200mV 85C Model Minimum Pulse Width: 'echo2'
 23. Slow 1200mV 85C Model Minimum Pulse Width: 'echo3'
 24. Setup Times
 25. Hold Times
 26. Clock to Output Times
 27. Minimum Clock to Output Times
 28. Slow 1200mV 85C Model Metastability Report
 29. Slow 1200mV 0C Model Fmax Summary
 30. Slow 1200mV 0C Model Setup Summary
 31. Slow 1200mV 0C Model Hold Summary
 32. Slow 1200mV 0C Model Recovery Summary
 33. Slow 1200mV 0C Model Removal Summary
 34. Slow 1200mV 0C Model Minimum Pulse Width Summary
 35. Slow 1200mV 0C Model Setup: 'echo1'
 36. Slow 1200mV 0C Model Setup: 'echo2'
 37. Slow 1200mV 0C Model Setup: 'echo3'
 38. Slow 1200mV 0C Model Setup: 'clk'
 39. Slow 1200mV 0C Model Hold: 'clk'
 40. Slow 1200mV 0C Model Hold: 'echo2'
 41. Slow 1200mV 0C Model Hold: 'echo3'
 42. Slow 1200mV 0C Model Hold: 'echo1'
 43. Slow 1200mV 0C Model Minimum Pulse Width: 'clk'
 44. Slow 1200mV 0C Model Minimum Pulse Width: 'echo1'
 45. Slow 1200mV 0C Model Minimum Pulse Width: 'echo2'
 46. Slow 1200mV 0C Model Minimum Pulse Width: 'echo3'
 47. Setup Times
 48. Hold Times
 49. Clock to Output Times
 50. Minimum Clock to Output Times
 51. Slow 1200mV 0C Model Metastability Report
 52. Fast 1200mV 0C Model Setup Summary
 53. Fast 1200mV 0C Model Hold Summary
 54. Fast 1200mV 0C Model Recovery Summary
 55. Fast 1200mV 0C Model Removal Summary
 56. Fast 1200mV 0C Model Minimum Pulse Width Summary
 57. Fast 1200mV 0C Model Setup: 'echo1'
 58. Fast 1200mV 0C Model Setup: 'echo2'
 59. Fast 1200mV 0C Model Setup: 'echo3'
 60. Fast 1200mV 0C Model Setup: 'clk'
 61. Fast 1200mV 0C Model Hold: 'clk'
 62. Fast 1200mV 0C Model Hold: 'echo2'
 63. Fast 1200mV 0C Model Hold: 'echo3'
 64. Fast 1200mV 0C Model Hold: 'echo1'
 65. Fast 1200mV 0C Model Minimum Pulse Width: 'clk'
 66. Fast 1200mV 0C Model Minimum Pulse Width: 'echo1'
 67. Fast 1200mV 0C Model Minimum Pulse Width: 'echo2'
 68. Fast 1200mV 0C Model Minimum Pulse Width: 'echo3'
 69. Setup Times
 70. Hold Times
 71. Clock to Output Times
 72. Minimum Clock to Output Times
 73. Fast 1200mV 0C Model Metastability Report
 74. Multicorner Timing Analysis Summary
 75. Setup Times
 76. Hold Times
 77. Clock to Output Times
 78. Minimum Clock to Output Times
 79. Board Trace Model Assignments
 80. Input Transition Times
 81. Signal Integrity Metrics (Slow 1200mv 0c Model)
 82. Signal Integrity Metrics (Slow 1200mv 85c Model)
 83. Signal Integrity Metrics (Fast 1200mv 0c Model)
 84. Setup Transfers
 85. Hold Transfers
 86. Report TCCS
 87. Report RSKM
 88. Unconstrained Paths
 89. TimeQuest Timing Analyzer Messages



----------------
; Legal Notice ;
----------------
Copyright (C) 1991-2013 Altera Corporation
Your use of Altera Corporation's design tools, logic functions 
and other software and tools, and its AMPP partner logic 
functions, and any output files from any of the foregoing 
(including device programming or simulation files), and any 
associated documentation or information are expressly subject 
to the terms and conditions of the Altera Program License 
Subscription Agreement, Altera MegaCore Function License 
Agreement, or other applicable license agreement, including, 
without limitation, that your use is for the sole purpose of 
programming logic devices manufactured by Altera and sold by 
Altera or its authorized distributors.  Please refer to the 
applicable agreement for further details.



+--------------------------------------------------------------------------+
; TimeQuest Timing Analyzer Summary                                        ;
+--------------------+-----------------------------------------------------+
; Quartus II Version ; Version 13.1.0 Build 162 10/23/2013 SJ Full Version ;
; Revision Name      ; xiaoche                                             ;
; Device Family      ; Cyclone IV GX                                       ;
; Device Name        ; EP4CGX15BF14C6                                      ;
; Timing Models      ; Final                                               ;
; Delay Model        ; Combined                                            ;
; Rise/Fall Delays   ; Enabled                                             ;
+--------------------+-----------------------------------------------------+


+------------------------------------------+
; Parallel Compilation                     ;
+----------------------------+-------------+
; Processors                 ; Number      ;
+----------------------------+-------------+
; Number detected on machine ; 24          ;
; Maximum allowed            ; 16          ;
;                            ;             ;
; Average used               ; 1.00        ;
; Maximum used               ; 16          ;
;                            ;             ;
; Usage by Processor         ; % Time Used ;
;     Processor 1            ; 100.0%      ;
;     Processors 2-16        ; < 0.1%      ;
;     Processors 17-24       ;   0.0%      ;
+----------------------------+-------------+


+-----------------------------------------------------------------------------------------------------------------------------------------------------------------------------------+
; Clocks                                                                                                                                                                            ;
+------------+------+--------+------------+-------+-------+------------+-----------+-------------+-------+--------+-----------+------------+----------+--------+--------+-----------+
; Clock Name ; Type ; Period ; Frequency  ; Rise  ; Fall  ; Duty Cycle ; Divide by ; Multiply by ; Phase ; Offset ; Edge List ; Edge Shift ; Inverted ; Master ; Source ; Targets   ;
+------------+------+--------+------------+-------+-------+------------+-----------+-------------+-------+--------+-----------+------------+----------+--------+--------+-----------+
; clk        ; Base ; 1.000  ; 1000.0 MHz ; 0.000 ; 0.500 ;            ;           ;             ;       ;        ;           ;            ;          ;        ;        ; { clk }   ;
; echo1      ; Base ; 1.000  ; 1000.0 MHz ; 0.000 ; 0.500 ;            ;           ;             ;       ;        ;           ;            ;          ;        ;        ; { echo1 } ;
; echo2      ; Base ; 1.000  ; 1000.0 MHz ; 0.000 ; 0.500 ;            ;           ;             ;       ;        ;           ;            ;          ;        ;        ; { echo2 } ;
; echo3      ; Base ; 1.000  ; 1000.0 MHz ; 0.000 ; 0.500 ;            ;           ;             ;       ;        ;           ;            ;          ;        ;        ; { echo3 } ;
+------------+------+--------+------------+-------+-------+------------+-----------+-------------+-------+--------+-----------+------------+----------+--------+--------+-----------+


+-----------------------------------------------------------------------------------------------------------+
; Slow 1200mV 85C Model Fmax Summary                                                                        ;
+------------+-----------------+------------+---------------------------------------------------------------+
; Fmax       ; Restricted Fmax ; Clock Name ; Note                                                          ;
+------------+-----------------+------------+---------------------------------------------------------------+
; 309.02 MHz ; 250.0 MHz       ; clk        ; limit due to minimum period restriction (max I/O toggle rate) ;
+------------+-----------------+------------+---------------------------------------------------------------+
This panel reports FMAX for every clock in the design, regardless of the user-specified clock periods.  FMAX is only computed for paths where the source and destination registers or ports are driven by the same clock.  Paths of different clocks, including generated clocks, are ignored.  For paths between a clock and its inversion, FMAX is computed as if the rising and falling edges are scaled along with FMAX, such that the duty cycle (in terms of a percentage) is maintained. Altera recommends that you always use clock constraints and other slack reports for sign-off analysis.


----------------------------------
; Timing Closure Recommendations ;
----------------------------------
HTML report is unavailable in plain text report export.


+-------------------------------------+
; Slow 1200mV 85C Model Setup Summary ;
+-------+--------+--------------------+
; Clock ; Slack  ; End Point TNS      ;
+-------+--------+--------------------+
; echo1 ; -2.849 ; -2.849             ;
; echo2 ; -2.636 ; -2.636             ;
; echo3 ; -2.625 ; -2.625             ;
; clk   ; -2.236 ; -178.764           ;
+-------+--------+--------------------+


+------------------------------------+
; Slow 1200mV 85C Model Hold Summary ;
+-------+--------+-------------------+
; Clock ; Slack  ; End Point TNS     ;
+-------+--------+-------------------+
; clk   ; -0.271 ; -2.811            ;
; echo2 ; 1.323  ; 0.000             ;
; echo3 ; 1.495  ; 0.000             ;
; echo1 ; 1.536  ; 0.000             ;
+-------+--------+-------------------+


------------------------------------------
; Slow 1200mV 85C Model Recovery Summary ;
------------------------------------------
No paths to report.


-----------------------------------------
; Slow 1200mV 85C Model Removal Summary ;
-----------------------------------------
No paths to report.


+---------------------------------------------------+
; Slow 1200mV 85C Model Minimum Pulse Width Summary ;
+-------+--------+----------------------------------+
; Clock ; Slack  ; End Point TNS                    ;
+-------+--------+----------------------------------+
; clk   ; -3.000 ; -146.000                         ;
; echo1 ; -3.000 ; -3.000                           ;
; echo2 ; -3.000 ; -3.000                           ;
; echo3 ; -3.000 ; -3.000                           ;
+-------+--------+----------------------------------+


+----------------------------------------------------------------------------------------------------+
; Slow 1200mV 85C Model Setup: 'echo1'                                                               ;
+--------+-----------+---------+--------------+-------------+--------------+------------+------------+
; Slack  ; From Node ; To Node ; Launch Clock ; Latch Clock ; Relationship ; Clock Skew ; Data Delay ;
+--------+-----------+---------+--------------+-------------+--------------+------------+------------+
; -2.849 ; time1[8]  ; out1    ; clk          ; echo1       ; 1.000        ; -0.366     ; 2.582      ;
; -2.829 ; time1[9]  ; out1    ; clk          ; echo1       ; 1.000        ; -0.366     ; 2.562      ;
; -2.697 ; time1[25] ; out1    ; clk          ; echo1       ; 1.000        ; -0.366     ; 2.430      ;
; -2.623 ; time1[16] ; out1    ; clk          ; echo1       ; 1.000        ; -0.366     ; 2.356      ;
; -2.621 ; time1[10] ; out1    ; clk          ; echo1       ; 1.000        ; -0.366     ; 2.354      ;
; -2.619 ; time1[5]  ; out1    ; clk          ; echo1       ; 1.000        ; -0.366     ; 2.352      ;
; -2.601 ; time1[2]  ; out1    ; clk          ; echo1       ; 1.000        ; -0.366     ; 2.334      ;
; -2.592 ; time1[11] ; out1    ; clk          ; echo1       ; 1.000        ; -0.366     ; 2.325      ;
; -2.588 ; time1[7]  ; out1    ; clk          ; echo1       ; 1.000        ; -0.366     ; 2.321      ;
; -2.543 ; time1[23] ; out1    ; clk          ; echo1       ; 1.000        ; -0.366     ; 2.276      ;
; -2.505 ; time1[3]  ; out1    ; clk          ; echo1       ; 1.000        ; -0.366     ; 2.238      ;
; -2.493 ; time1[6]  ; out1    ; clk          ; echo1       ; 1.000        ; -0.366     ; 2.226      ;
; -2.483 ; time1[29] ; out1    ; clk          ; echo1       ; 1.000        ; -0.366     ; 2.216      ;
; -2.443 ; time1[19] ; out1    ; clk          ; echo1       ; 1.000        ; -0.366     ; 2.176      ;
; -2.443 ; time1[12] ; out1    ; clk          ; echo1       ; 1.000        ; -0.366     ; 2.176      ;
; -2.441 ; time1[24] ; out1    ; clk          ; echo1       ; 1.000        ; -0.366     ; 2.174      ;
; -2.440 ; time1[21] ; out1    ; clk          ; echo1       ; 1.000        ; -0.366     ; 2.173      ;
; -2.429 ; time1[15] ; out1    ; clk          ; echo1       ; 1.000        ; -0.366     ; 2.162      ;
; -2.411 ; time1[14] ; out1    ; clk          ; echo1       ; 1.000        ; -0.366     ; 2.144      ;
; -2.408 ; time1[17] ; out1    ; clk          ; echo1       ; 1.000        ; -0.366     ; 2.141      ;
; -2.396 ; time1[4]  ; out1    ; clk          ; echo1       ; 1.000        ; -0.366     ; 2.129      ;
; -2.382 ; time1[22] ; out1    ; clk          ; echo1       ; 1.000        ; -0.366     ; 2.115      ;
; -2.375 ; time1[18] ; out1    ; clk          ; echo1       ; 1.000        ; -0.366     ; 2.108      ;
; -2.361 ; time1[13] ; out1    ; clk          ; echo1       ; 1.000        ; -0.366     ; 2.094      ;
; -2.336 ; time1[28] ; out1    ; clk          ; echo1       ; 1.000        ; -0.366     ; 2.069      ;
; -2.313 ; time1[26] ; out1    ; clk          ; echo1       ; 1.000        ; -0.366     ; 2.046      ;
; -2.294 ; time1[20] ; out1    ; clk          ; echo1       ; 1.000        ; -0.366     ; 2.027      ;
; -2.231 ; time1[27] ; out1    ; clk          ; echo1       ; 1.000        ; -0.366     ; 1.964      ;
; -2.177 ; time1[30] ; out1    ; clk          ; echo1       ; 1.000        ; -0.366     ; 1.910      ;
; -1.797 ; time1[31] ; out1    ; clk          ; echo1       ; 1.000        ; -0.366     ; 1.530      ;
+--------+-----------+---------+--------------+-------------+--------------+------------+------------+


+----------------------------------------------------------------------------------------------------+
; Slow 1200mV 85C Model Setup: 'echo2'                                                               ;
+--------+-----------+---------+--------------+-------------+--------------+------------+------------+
; Slack  ; From Node ; To Node ; Launch Clock ; Latch Clock ; Relationship ; Clock Skew ; Data Delay ;
+--------+-----------+---------+--------------+-------------+--------------+------------+------------+
; -2.636 ; time2[13] ; out2    ; clk          ; echo2       ; 1.000        ; -0.322     ; 2.424      ;
; -2.632 ; time2[24] ; out2    ; clk          ; echo2       ; 1.000        ; -0.319     ; 2.423      ;
; -2.614 ; time2[12] ; out2    ; clk          ; echo2       ; 1.000        ; -0.322     ; 2.402      ;
; -2.599 ; time2[10] ; out2    ; clk          ; echo2       ; 1.000        ; -0.322     ; 2.387      ;
; -2.572 ; time2[9]  ; out2    ; clk          ; echo2       ; 1.000        ; -0.322     ; 2.360      ;
; -2.565 ; time2[8]  ; out2    ; clk          ; echo2       ; 1.000        ; -0.322     ; 2.353      ;
; -2.558 ; time2[11] ; out2    ; clk          ; echo2       ; 1.000        ; -0.322     ; 2.346      ;
; -2.516 ; time2[7]  ; out2    ; clk          ; echo2       ; 1.000        ; -0.322     ; 2.304      ;
; -2.485 ; time2[22] ; out2    ; clk          ; echo2       ; 1.000        ; -0.319     ; 2.276      ;
; -2.461 ; time2[6]  ; out2    ; clk          ; echo2       ; 1.000        ; -0.322     ; 2.249      ;
; -2.454 ; time2[26] ; out2    ; clk          ; echo2       ; 1.000        ; -0.319     ; 2.245      ;
; -2.450 ; time2[2]  ; out2    ; clk          ; echo2       ; 1.000        ; -0.322     ; 2.238      ;
; -2.410 ; time2[20] ; out2    ; clk          ; echo2       ; 1.000        ; -0.319     ; 2.201      ;
; -2.400 ; time2[14] ; out2    ; clk          ; echo2       ; 1.000        ; -0.322     ; 2.188      ;
; -2.397 ; time2[18] ; out2    ; clk          ; echo2       ; 1.000        ; -0.319     ; 2.188      ;
; -2.386 ; time2[19] ; out2    ; clk          ; echo2       ; 1.000        ; -0.319     ; 2.177      ;
; -2.332 ; time2[17] ; out2    ; clk          ; echo2       ; 1.000        ; -0.319     ; 2.123      ;
; -2.325 ; time2[3]  ; out2    ; clk          ; echo2       ; 1.000        ; -0.322     ; 2.113      ;
; -2.324 ; time2[23] ; out2    ; clk          ; echo2       ; 1.000        ; -0.319     ; 2.115      ;
; -2.295 ; time2[21] ; out2    ; clk          ; echo2       ; 1.000        ; -0.319     ; 2.086      ;
; -2.282 ; time2[27] ; out2    ; clk          ; echo2       ; 1.000        ; -0.319     ; 2.073      ;
; -2.281 ; time2[30] ; out2    ; clk          ; echo2       ; 1.000        ; -0.319     ; 2.072      ;
; -2.276 ; time2[29] ; out2    ; clk          ; echo2       ; 1.000        ; -0.319     ; 2.067      ;
; -2.249 ; time2[5]  ; out2    ; clk          ; echo2       ; 1.000        ; -0.322     ; 2.037      ;
; -2.221 ; time2[25] ; out2    ; clk          ; echo2       ; 1.000        ; -0.319     ; 2.012      ;
; -2.208 ; time2[4]  ; out2    ; clk          ; echo2       ; 1.000        ; -0.322     ; 1.996      ;
; -2.193 ; time2[28] ; out2    ; clk          ; echo2       ; 1.000        ; -0.319     ; 1.984      ;
; -2.166 ; time2[16] ; out2    ; clk          ; echo2       ; 1.000        ; -0.319     ; 1.957      ;
; -2.154 ; time2[15] ; out2    ; clk          ; echo2       ; 1.000        ; -0.322     ; 1.942      ;
; -1.590 ; time2[31] ; out2    ; clk          ; echo2       ; 1.000        ; -0.319     ; 1.381      ;
+--------+-----------+---------+--------------+-------------+--------------+------------+------------+


+----------------------------------------------------------------------------------------------------+
; Slow 1200mV 85C Model Setup: 'echo3'                                                               ;
+--------+-----------+---------+--------------+-------------+--------------+------------+------------+
; Slack  ; From Node ; To Node ; Launch Clock ; Latch Clock ; Relationship ; Clock Skew ; Data Delay ;
+--------+-----------+---------+--------------+-------------+--------------+------------+------------+
; -2.625 ; time3[11] ; out3    ; clk          ; echo3       ; 1.000        ; -0.163     ; 2.561      ;
; -2.592 ; time3[8]  ; out3    ; clk          ; echo3       ; 1.000        ; -0.163     ; 2.528      ;
; -2.499 ; time3[12] ; out3    ; clk          ; echo3       ; 1.000        ; -0.163     ; 2.435      ;
; -2.496 ; time3[10] ; out3    ; clk          ; echo3       ; 1.000        ; -0.163     ; 2.432      ;
; -2.493 ; time3[18] ; out3    ; clk          ; echo3       ; 1.000        ; -0.161     ; 2.431      ;
; -2.468 ; time3[27] ; out3    ; clk          ; echo3       ; 1.000        ; -0.161     ; 2.406      ;
; -2.458 ; time3[28] ; out3    ; clk          ; echo3       ; 1.000        ; -0.161     ; 2.396      ;
; -2.406 ; time3[9]  ; out3    ; clk          ; echo3       ; 1.000        ; -0.163     ; 2.342      ;
; -2.366 ; time3[7]  ; out3    ; clk          ; echo3       ; 1.000        ; -0.163     ; 2.302      ;
; -2.349 ; time3[21] ; out3    ; clk          ; echo3       ; 1.000        ; -0.161     ; 2.287      ;
; -2.339 ; time3[14] ; out3    ; clk          ; echo3       ; 1.000        ; -0.163     ; 2.275      ;
; -2.320 ; time3[19] ; out3    ; clk          ; echo3       ; 1.000        ; -0.161     ; 2.258      ;
; -2.316 ; time3[6]  ; out3    ; clk          ; echo3       ; 1.000        ; -0.163     ; 2.252      ;
; -2.309 ; time3[2]  ; out3    ; clk          ; echo3       ; 1.000        ; -0.163     ; 2.245      ;
; -2.306 ; time3[4]  ; out3    ; clk          ; echo3       ; 1.000        ; -0.163     ; 2.242      ;
; -2.276 ; time3[24] ; out3    ; clk          ; echo3       ; 1.000        ; -0.161     ; 2.214      ;
; -2.275 ; time3[26] ; out3    ; clk          ; echo3       ; 1.000        ; -0.161     ; 2.213      ;
; -2.265 ; time3[20] ; out3    ; clk          ; echo3       ; 1.000        ; -0.161     ; 2.203      ;
; -2.231 ; time3[16] ; out3    ; clk          ; echo3       ; 1.000        ; -0.161     ; 2.169      ;
; -2.223 ; time3[15] ; out3    ; clk          ; echo3       ; 1.000        ; -0.163     ; 2.159      ;
; -2.214 ; time3[13] ; out3    ; clk          ; echo3       ; 1.000        ; -0.163     ; 2.150      ;
; -2.205 ; time3[17] ; out3    ; clk          ; echo3       ; 1.000        ; -0.161     ; 2.143      ;
; -2.193 ; time3[3]  ; out3    ; clk          ; echo3       ; 1.000        ; -0.163     ; 2.129      ;
; -2.130 ; time3[23] ; out3    ; clk          ; echo3       ; 1.000        ; -0.161     ; 2.068      ;
; -2.099 ; time3[5]  ; out3    ; clk          ; echo3       ; 1.000        ; -0.163     ; 2.035      ;
; -1.978 ; time3[29] ; out3    ; clk          ; echo3       ; 1.000        ; -0.161     ; 1.916      ;
; -1.969 ; time3[30] ; out3    ; clk          ; echo3       ; 1.000        ; -0.161     ; 1.907      ;
; -1.968 ; time3[22] ; out3    ; clk          ; echo3       ; 1.000        ; -0.161     ; 1.906      ;
; -1.865 ; time3[25] ; out3    ; clk          ; echo3       ; 1.000        ; -0.161     ; 1.803      ;
; -1.773 ; time3[31] ; out3    ; clk          ; echo3       ; 1.000        ; -0.161     ; 1.711      ;
+--------+-----------+---------+--------------+-------------+--------------+------------+------------+


+------------------------------------------------------------------------------------------------------+
; Slow 1200mV 85C Model Setup: 'clk'                                                                   ;
+--------+-----------+-----------+--------------+-------------+--------------+------------+------------+
; Slack  ; From Node ; To Node   ; Launch Clock ; Latch Clock ; Relationship ; Clock Skew ; Data Delay ;
+--------+-----------+-----------+--------------+-------------+--------------+------------+------------+
; -2.236 ; count[0]  ; count[30] ; clk          ; clk         ; 1.000        ; -0.063     ; 3.168      ;
; -2.233 ; count[0]  ; count[29] ; clk          ; clk         ; 1.000        ; -0.063     ; 3.165      ;
; -2.204 ; count[1]  ; count[30] ; clk          ; clk         ; 1.000        ; -0.062     ; 3.137      ;
; -2.195 ; time3[0]  ; time3[31] ; clk          ; clk         ; 1.000        ; -0.067     ; 3.123      ;
; -2.195 ; time2[0]  ; time2[31] ; clk          ; clk         ; 1.000        ; -0.067     ; 3.123      ;
; -2.193 ; time1[0]  ; time1[31] ; clk          ; clk         ; 1.000        ; -0.065     ; 3.123      ;
; -2.188 ; time3[1]  ; time3[30] ; clk          ; clk         ; 1.000        ; -0.067     ; 3.116      ;
; -2.188 ; time2[1]  ; time2[30] ; clk          ; clk         ; 1.000        ; -0.067     ; 3.116      ;
; -2.186 ; time1[1]  ; time1[30] ; clk          ; clk         ; 1.000        ; -0.065     ; 3.116      ;
; -2.182 ; time3[1]  ; time3[31] ; clk          ; clk         ; 1.000        ; -0.067     ; 3.110      ;
; -2.182 ; time2[1]  ; time2[31] ; clk          ; clk         ; 1.000        ; -0.067     ; 3.110      ;
; -2.180 ; time1[1]  ; time1[31] ; clk          ; clk         ; 1.000        ; -0.065     ; 3.110      ;
; -2.173 ; count[8]  ; count[30] ; clk          ; clk         ; 1.000        ; -0.420     ; 2.748      ;
; -2.157 ; count[8]  ; count[29] ; clk          ; clk         ; 1.000        ; -0.420     ; 2.732      ;
; -2.139 ; count[11] ; count[30] ; clk          ; clk         ; 1.000        ; -0.420     ; 2.714      ;
; -2.138 ; count[0]  ; count[22] ; clk          ; clk         ; 1.000        ; 0.278      ; 3.411      ;
; -2.124 ; count[0]  ; count[19] ; clk          ; clk         ; 1.000        ; 0.278      ; 3.397      ;
; -2.120 ; count[0]  ; count[28] ; clk          ; clk         ; 1.000        ; -0.063     ; 3.052      ;
; -2.106 ; count[1]  ; count[22] ; clk          ; clk         ; 1.000        ; 0.279      ; 3.380      ;
; -2.105 ; time3[0]  ; time3[30] ; clk          ; clk         ; 1.000        ; -0.067     ; 3.033      ;
; -2.105 ; time2[0]  ; time2[30] ; clk          ; clk         ; 1.000        ; -0.067     ; 3.033      ;
; -2.103 ; time1[0]  ; time1[30] ; clk          ; clk         ; 1.000        ; -0.065     ; 3.033      ;
; -2.100 ; time3[2]  ; time3[31] ; clk          ; clk         ; 1.000        ; -0.067     ; 3.028      ;
; -2.100 ; time2[2]  ; time2[31] ; clk          ; clk         ; 1.000        ; -0.067     ; 3.028      ;
; -2.098 ; time1[2]  ; time1[31] ; clk          ; clk         ; 1.000        ; -0.065     ; 3.028      ;
; -2.090 ; time3[3]  ; time3[30] ; clk          ; clk         ; 1.000        ; -0.067     ; 3.018      ;
; -2.090 ; time2[3]  ; time2[30] ; clk          ; clk         ; 1.000        ; -0.067     ; 3.018      ;
; -2.088 ; time1[3]  ; time1[30] ; clk          ; clk         ; 1.000        ; -0.065     ; 3.018      ;
; -2.088 ; count[1]  ; count[28] ; clk          ; clk         ; 1.000        ; -0.062     ; 3.021      ;
; -2.085 ; count[3]  ; count[30] ; clk          ; clk         ; 1.000        ; -0.062     ; 3.018      ;
; -2.084 ; time3[3]  ; time3[31] ; clk          ; clk         ; 1.000        ; -0.067     ; 3.012      ;
; -2.084 ; time2[3]  ; time2[31] ; clk          ; clk         ; 1.000        ; -0.067     ; 3.012      ;
; -2.082 ; time1[3]  ; time1[31] ; clk          ; clk         ; 1.000        ; -0.065     ; 3.012      ;
; -2.082 ; count[1]  ; count[29] ; clk          ; clk         ; 1.000        ; -0.062     ; 3.015      ;
; -2.079 ; time3[0]  ; time3[29] ; clk          ; clk         ; 1.000        ; -0.067     ; 3.007      ;
; -2.079 ; time2[0]  ; time2[29] ; clk          ; clk         ; 1.000        ; -0.067     ; 3.007      ;
; -2.077 ; time1[0]  ; time1[29] ; clk          ; clk         ; 1.000        ; -0.065     ; 3.007      ;
; -2.077 ; count[28] ; count[9]  ; clk          ; clk         ; 1.000        ; -0.068     ; 3.004      ;
; -2.075 ; count[8]  ; count[22] ; clk          ; clk         ; 1.000        ; -0.079     ; 2.991      ;
; -2.072 ; time3[1]  ; time3[28] ; clk          ; clk         ; 1.000        ; -0.067     ; 3.000      ;
; -2.072 ; time2[1]  ; time2[28] ; clk          ; clk         ; 1.000        ; -0.067     ; 3.000      ;
; -2.071 ; count[28] ; count[6]  ; clk          ; clk         ; 1.000        ; -0.068     ; 2.998      ;
; -2.070 ; time1[1]  ; time1[28] ; clk          ; clk         ; 1.000        ; -0.065     ; 3.000      ;
; -2.066 ; time3[1]  ; time3[29] ; clk          ; clk         ; 1.000        ; -0.067     ; 2.994      ;
; -2.066 ; time2[1]  ; time2[29] ; clk          ; clk         ; 1.000        ; -0.067     ; 2.994      ;
; -2.064 ; time1[1]  ; time1[29] ; clk          ; clk         ; 1.000        ; -0.065     ; 2.994      ;
; -2.057 ; count[8]  ; count[28] ; clk          ; clk         ; 1.000        ; -0.420     ; 2.632      ;
; -2.048 ; count[8]  ; count[19] ; clk          ; clk         ; 1.000        ; -0.079     ; 2.964      ;
; -2.041 ; count[11] ; count[22] ; clk          ; clk         ; 1.000        ; -0.079     ; 2.957      ;
; -2.023 ; count[11] ; count[28] ; clk          ; clk         ; 1.000        ; -0.420     ; 2.598      ;
; -2.017 ; count[11] ; count[29] ; clk          ; clk         ; 1.000        ; -0.420     ; 2.592      ;
; -2.011 ; time3[2]  ; time3[30] ; clk          ; clk         ; 1.000        ; -0.067     ; 2.939      ;
; -2.011 ; time2[2]  ; time2[30] ; clk          ; clk         ; 1.000        ; -0.067     ; 2.939      ;
; -2.009 ; time1[2]  ; time1[30] ; clk          ; clk         ; 1.000        ; -0.065     ; 2.939      ;
; -2.006 ; count[2]  ; count[30] ; clk          ; clk         ; 1.000        ; -0.062     ; 2.939      ;
; -2.005 ; count[0]  ; count[31] ; clk          ; clk         ; 1.000        ; 0.281      ; 3.281      ;
; -2.004 ; count[0]  ; count[26] ; clk          ; clk         ; 1.000        ; -0.063     ; 2.936      ;
; -2.001 ; count[0]  ; count[25] ; clk          ; clk         ; 1.000        ; -0.063     ; 2.933      ;
; -1.998 ; count[27] ; count[9]  ; clk          ; clk         ; 1.000        ; -0.426     ; 2.567      ;
; -1.994 ; count[27] ; count[6]  ; clk          ; clk         ; 1.000        ; -0.426     ; 2.563      ;
; -1.989 ; time3[0]  ; time3[28] ; clk          ; clk         ; 1.000        ; -0.067     ; 2.917      ;
; -1.989 ; time2[0]  ; time2[28] ; clk          ; clk         ; 1.000        ; -0.067     ; 2.917      ;
; -1.987 ; time1[0]  ; time1[28] ; clk          ; clk         ; 1.000        ; -0.065     ; 2.917      ;
; -1.987 ; count[3]  ; count[22] ; clk          ; clk         ; 1.000        ; 0.279      ; 3.261      ;
; -1.984 ; time3[4]  ; time3[31] ; clk          ; clk         ; 1.000        ; -0.067     ; 2.912      ;
; -1.984 ; time2[4]  ; time2[31] ; clk          ; clk         ; 1.000        ; -0.067     ; 2.912      ;
; -1.984 ; time3[2]  ; time3[29] ; clk          ; clk         ; 1.000        ; -0.067     ; 2.912      ;
; -1.984 ; time2[2]  ; time2[29] ; clk          ; clk         ; 1.000        ; -0.067     ; 2.912      ;
; -1.982 ; time1[4]  ; time1[31] ; clk          ; clk         ; 1.000        ; -0.065     ; 2.912      ;
; -1.982 ; time1[2]  ; time1[29] ; clk          ; clk         ; 1.000        ; -0.065     ; 2.912      ;
; -1.979 ; count[2]  ; count[29] ; clk          ; clk         ; 1.000        ; -0.062     ; 2.912      ;
; -1.974 ; time3[5]  ; time3[30] ; clk          ; clk         ; 1.000        ; -0.067     ; 2.902      ;
; -1.974 ; time2[5]  ; time2[30] ; clk          ; clk         ; 1.000        ; -0.067     ; 2.902      ;
; -1.974 ; time3[3]  ; time3[28] ; clk          ; clk         ; 1.000        ; -0.067     ; 2.902      ;
; -1.974 ; time2[3]  ; time2[28] ; clk          ; clk         ; 1.000        ; -0.067     ; 2.902      ;
; -1.974 ; count[1]  ; count[19] ; clk          ; clk         ; 1.000        ; 0.279      ; 3.248      ;
; -1.972 ; time1[5]  ; time1[30] ; clk          ; clk         ; 1.000        ; -0.065     ; 2.902      ;
; -1.972 ; time1[3]  ; time1[28] ; clk          ; clk         ; 1.000        ; -0.065     ; 2.902      ;
; -1.972 ; count[1]  ; count[26] ; clk          ; clk         ; 1.000        ; -0.062     ; 2.905      ;
; -1.969 ; count[5]  ; count[30] ; clk          ; clk         ; 1.000        ; -0.062     ; 2.902      ;
; -1.969 ; count[3]  ; count[28] ; clk          ; clk         ; 1.000        ; -0.062     ; 2.902      ;
; -1.968 ; time3[5]  ; time3[31] ; clk          ; clk         ; 1.000        ; -0.067     ; 2.896      ;
; -1.968 ; time2[5]  ; time2[31] ; clk          ; clk         ; 1.000        ; -0.067     ; 2.896      ;
; -1.968 ; time3[3]  ; time3[29] ; clk          ; clk         ; 1.000        ; -0.067     ; 2.896      ;
; -1.968 ; time2[3]  ; time2[29] ; clk          ; clk         ; 1.000        ; -0.067     ; 2.896      ;
; -1.966 ; time1[5]  ; time1[31] ; clk          ; clk         ; 1.000        ; -0.065     ; 2.896      ;
; -1.966 ; time1[3]  ; time1[29] ; clk          ; clk         ; 1.000        ; -0.065     ; 2.896      ;
; -1.963 ; time3[0]  ; time3[27] ; clk          ; clk         ; 1.000        ; -0.067     ; 2.891      ;
; -1.963 ; time2[0]  ; time2[27] ; clk          ; clk         ; 1.000        ; -0.067     ; 2.891      ;
; -1.963 ; count[3]  ; count[29] ; clk          ; clk         ; 1.000        ; -0.062     ; 2.896      ;
; -1.961 ; time1[0]  ; time1[27] ; clk          ; clk         ; 1.000        ; -0.065     ; 2.891      ;
; -1.956 ; time3[1]  ; time3[26] ; clk          ; clk         ; 1.000        ; -0.067     ; 2.884      ;
; -1.956 ; time2[1]  ; time2[26] ; clk          ; clk         ; 1.000        ; -0.067     ; 2.884      ;
; -1.954 ; time1[1]  ; time1[26] ; clk          ; clk         ; 1.000        ; -0.065     ; 2.884      ;
; -1.950 ; time3[1]  ; time3[27] ; clk          ; clk         ; 1.000        ; -0.067     ; 2.878      ;
; -1.950 ; time2[1]  ; time2[27] ; clk          ; clk         ; 1.000        ; -0.067     ; 2.878      ;
; -1.948 ; time1[1]  ; time1[27] ; clk          ; clk         ; 1.000        ; -0.065     ; 2.878      ;
; -1.941 ; count[8]  ; count[26] ; clk          ; clk         ; 1.000        ; -0.420     ; 2.516      ;
; -1.930 ; count[6]  ; count[30] ; clk          ; clk         ; 1.000        ; -0.062     ; 2.863      ;
; -1.929 ; count[8]  ; count[31] ; clk          ; clk         ; 1.000        ; -0.076     ; 2.848      ;
+--------+-----------+-----------+--------------+-------------+--------------+------------+------------+


+--------------------------------------------------------------------------------------------------------------------+
; Slow 1200mV 85C Model Hold: 'clk'                                                                                  ;
+--------+-----------+-------------------------+--------------+-------------+--------------+------------+------------+
; Slack  ; From Node ; To Node                 ; Launch Clock ; Latch Clock ; Relationship ; Clock Skew ; Data Delay ;
+--------+-----------+-------------------------+--------------+-------------+--------------+------------+------------+
; -0.271 ; echo3     ; current_state3.COUNTING ; echo3        ; clk         ; 0.000        ; 2.349      ; 2.265      ;
; -0.264 ; echo2     ; current_state2.COUNTING ; echo2        ; clk         ; 0.000        ; 2.340      ; 2.263      ;
; -0.228 ; echo1     ; current_state1.COUNTING ; echo1        ; clk         ; 0.000        ; 2.349      ; 2.308      ;
; -0.087 ; echo3     ; time3[31]               ; echo3        ; clk         ; 0.000        ; 2.347      ; 2.447      ;
; -0.087 ; echo3     ; time3[16]               ; echo3        ; clk         ; 0.000        ; 2.347      ; 2.447      ;
; -0.087 ; echo3     ; time3[17]               ; echo3        ; clk         ; 0.000        ; 2.347      ; 2.447      ;
; -0.087 ; echo3     ; time3[18]               ; echo3        ; clk         ; 0.000        ; 2.347      ; 2.447      ;
; -0.087 ; echo3     ; time3[19]               ; echo3        ; clk         ; 0.000        ; 2.347      ; 2.447      ;
; -0.087 ; echo3     ; time3[20]               ; echo3        ; clk         ; 0.000        ; 2.347      ; 2.447      ;
; -0.087 ; echo3     ; time3[21]               ; echo3        ; clk         ; 0.000        ; 2.347      ; 2.447      ;
; -0.087 ; echo3     ; time3[22]               ; echo3        ; clk         ; 0.000        ; 2.347      ; 2.447      ;
; -0.087 ; echo3     ; time3[23]               ; echo3        ; clk         ; 0.000        ; 2.347      ; 2.447      ;
; -0.087 ; echo3     ; time3[24]               ; echo3        ; clk         ; 0.000        ; 2.347      ; 2.447      ;
; -0.087 ; echo3     ; time3[25]               ; echo3        ; clk         ; 0.000        ; 2.347      ; 2.447      ;
; -0.087 ; echo3     ; time3[26]               ; echo3        ; clk         ; 0.000        ; 2.347      ; 2.447      ;
; -0.087 ; echo3     ; time3[27]               ; echo3        ; clk         ; 0.000        ; 2.347      ; 2.447      ;
; -0.087 ; echo3     ; time3[28]               ; echo3        ; clk         ; 0.000        ; 2.347      ; 2.447      ;
; -0.087 ; echo3     ; time3[29]               ; echo3        ; clk         ; 0.000        ; 2.347      ; 2.447      ;
; -0.087 ; echo3     ; time3[30]               ; echo3        ; clk         ; 0.000        ; 2.347      ; 2.447      ;
; -0.030 ; echo1     ; time1[31]               ; echo1        ; clk         ; 0.000        ; 2.350      ; 2.507      ;
; -0.030 ; echo1     ; time1[16]               ; echo1        ; clk         ; 0.000        ; 2.350      ; 2.507      ;
; -0.030 ; echo1     ; time1[17]               ; echo1        ; clk         ; 0.000        ; 2.350      ; 2.507      ;
; -0.030 ; echo1     ; time1[18]               ; echo1        ; clk         ; 0.000        ; 2.350      ; 2.507      ;
; -0.030 ; echo1     ; time1[19]               ; echo1        ; clk         ; 0.000        ; 2.350      ; 2.507      ;
; -0.030 ; echo1     ; time1[20]               ; echo1        ; clk         ; 0.000        ; 2.350      ; 2.507      ;
; -0.030 ; echo1     ; time1[21]               ; echo1        ; clk         ; 0.000        ; 2.350      ; 2.507      ;
; -0.030 ; echo1     ; time1[22]               ; echo1        ; clk         ; 0.000        ; 2.350      ; 2.507      ;
; -0.030 ; echo1     ; time1[23]               ; echo1        ; clk         ; 0.000        ; 2.350      ; 2.507      ;
; -0.030 ; echo1     ; time1[24]               ; echo1        ; clk         ; 0.000        ; 2.350      ; 2.507      ;
; -0.030 ; echo1     ; time1[25]               ; echo1        ; clk         ; 0.000        ; 2.350      ; 2.507      ;
; -0.030 ; echo1     ; time1[26]               ; echo1        ; clk         ; 0.000        ; 2.350      ; 2.507      ;
; -0.030 ; echo1     ; time1[27]               ; echo1        ; clk         ; 0.000        ; 2.350      ; 2.507      ;
; -0.030 ; echo1     ; time1[28]               ; echo1        ; clk         ; 0.000        ; 2.350      ; 2.507      ;
; -0.030 ; echo1     ; time1[29]               ; echo1        ; clk         ; 0.000        ; 2.350      ; 2.507      ;
; -0.030 ; echo1     ; time1[30]               ; echo1        ; clk         ; 0.000        ; 2.350      ; 2.507      ;
; -0.009 ; echo1     ; time1[0]                ; echo1        ; clk         ; 0.000        ; 2.350      ; 2.528      ;
; -0.009 ; echo1     ; time1[1]                ; echo1        ; clk         ; 0.000        ; 2.350      ; 2.528      ;
; -0.009 ; echo1     ; time1[2]                ; echo1        ; clk         ; 0.000        ; 2.350      ; 2.528      ;
; -0.009 ; echo1     ; time1[3]                ; echo1        ; clk         ; 0.000        ; 2.350      ; 2.528      ;
; -0.009 ; echo1     ; time1[4]                ; echo1        ; clk         ; 0.000        ; 2.350      ; 2.528      ;
; -0.009 ; echo1     ; time1[5]                ; echo1        ; clk         ; 0.000        ; 2.350      ; 2.528      ;
; -0.009 ; echo1     ; time1[6]                ; echo1        ; clk         ; 0.000        ; 2.350      ; 2.528      ;
; -0.009 ; echo1     ; time1[7]                ; echo1        ; clk         ; 0.000        ; 2.350      ; 2.528      ;
; -0.009 ; echo1     ; time1[8]                ; echo1        ; clk         ; 0.000        ; 2.350      ; 2.528      ;
; -0.009 ; echo1     ; time1[9]                ; echo1        ; clk         ; 0.000        ; 2.350      ; 2.528      ;
; -0.009 ; echo1     ; time1[10]               ; echo1        ; clk         ; 0.000        ; 2.350      ; 2.528      ;
; -0.009 ; echo1     ; time1[11]               ; echo1        ; clk         ; 0.000        ; 2.350      ; 2.528      ;
; -0.009 ; echo1     ; time1[12]               ; echo1        ; clk         ; 0.000        ; 2.350      ; 2.528      ;
; -0.009 ; echo1     ; time1[13]               ; echo1        ; clk         ; 0.000        ; 2.350      ; 2.528      ;
; -0.009 ; echo1     ; time1[14]               ; echo1        ; clk         ; 0.000        ; 2.350      ; 2.528      ;
; -0.009 ; echo1     ; time1[15]               ; echo1        ; clk         ; 0.000        ; 2.350      ; 2.528      ;
; -0.002 ; echo2     ; time2[31]               ; echo2        ; clk         ; 0.000        ; 2.338      ; 2.523      ;
; -0.002 ; echo2     ; time2[16]               ; echo2        ; clk         ; 0.000        ; 2.338      ; 2.523      ;
; -0.002 ; echo2     ; time2[17]               ; echo2        ; clk         ; 0.000        ; 2.338      ; 2.523      ;
; -0.002 ; echo2     ; time2[18]               ; echo2        ; clk         ; 0.000        ; 2.338      ; 2.523      ;
; -0.002 ; echo2     ; time2[19]               ; echo2        ; clk         ; 0.000        ; 2.338      ; 2.523      ;
; -0.002 ; echo2     ; time2[20]               ; echo2        ; clk         ; 0.000        ; 2.338      ; 2.523      ;
; -0.002 ; echo2     ; time2[21]               ; echo2        ; clk         ; 0.000        ; 2.338      ; 2.523      ;
; -0.002 ; echo2     ; time2[22]               ; echo2        ; clk         ; 0.000        ; 2.338      ; 2.523      ;
; -0.002 ; echo2     ; time2[23]               ; echo2        ; clk         ; 0.000        ; 2.338      ; 2.523      ;
; -0.002 ; echo2     ; time2[24]               ; echo2        ; clk         ; 0.000        ; 2.338      ; 2.523      ;
; -0.002 ; echo2     ; time2[25]               ; echo2        ; clk         ; 0.000        ; 2.338      ; 2.523      ;
; -0.002 ; echo2     ; time2[26]               ; echo2        ; clk         ; 0.000        ; 2.338      ; 2.523      ;
; -0.002 ; echo2     ; time2[27]               ; echo2        ; clk         ; 0.000        ; 2.338      ; 2.523      ;
; -0.002 ; echo2     ; time2[28]               ; echo2        ; clk         ; 0.000        ; 2.338      ; 2.523      ;
; -0.002 ; echo2     ; time2[29]               ; echo2        ; clk         ; 0.000        ; 2.338      ; 2.523      ;
; -0.002 ; echo2     ; time2[30]               ; echo2        ; clk         ; 0.000        ; 2.338      ; 2.523      ;
; 0.072  ; echo3     ; time3[0]                ; echo3        ; clk         ; 0.000        ; 2.349      ; 2.608      ;
; 0.072  ; echo3     ; time3[1]                ; echo3        ; clk         ; 0.000        ; 2.349      ; 2.608      ;
; 0.072  ; echo3     ; time3[2]                ; echo3        ; clk         ; 0.000        ; 2.349      ; 2.608      ;
; 0.072  ; echo3     ; time3[3]                ; echo3        ; clk         ; 0.000        ; 2.349      ; 2.608      ;
; 0.072  ; echo3     ; time3[4]                ; echo3        ; clk         ; 0.000        ; 2.349      ; 2.608      ;
; 0.072  ; echo3     ; time3[5]                ; echo3        ; clk         ; 0.000        ; 2.349      ; 2.608      ;
; 0.072  ; echo3     ; time3[6]                ; echo3        ; clk         ; 0.000        ; 2.349      ; 2.608      ;
; 0.072  ; echo3     ; time3[7]                ; echo3        ; clk         ; 0.000        ; 2.349      ; 2.608      ;
; 0.072  ; echo3     ; time3[8]                ; echo3        ; clk         ; 0.000        ; 2.349      ; 2.608      ;
; 0.072  ; echo3     ; time3[9]                ; echo3        ; clk         ; 0.000        ; 2.349      ; 2.608      ;
; 0.072  ; echo3     ; time3[10]               ; echo3        ; clk         ; 0.000        ; 2.349      ; 2.608      ;
; 0.072  ; echo3     ; time3[11]               ; echo3        ; clk         ; 0.000        ; 2.349      ; 2.608      ;
; 0.072  ; echo3     ; time3[12]               ; echo3        ; clk         ; 0.000        ; 2.349      ; 2.608      ;
; 0.072  ; echo3     ; time3[13]               ; echo3        ; clk         ; 0.000        ; 2.349      ; 2.608      ;
; 0.072  ; echo3     ; time3[14]               ; echo3        ; clk         ; 0.000        ; 2.349      ; 2.608      ;
; 0.072  ; echo3     ; time3[15]               ; echo3        ; clk         ; 0.000        ; 2.349      ; 2.608      ;
; 0.077  ; echo2     ; time2[0]                ; echo2        ; clk         ; 0.000        ; 2.341      ; 2.605      ;
; 0.077  ; echo2     ; time2[1]                ; echo2        ; clk         ; 0.000        ; 2.341      ; 2.605      ;
; 0.077  ; echo2     ; time2[2]                ; echo2        ; clk         ; 0.000        ; 2.341      ; 2.605      ;
; 0.077  ; echo2     ; time2[3]                ; echo2        ; clk         ; 0.000        ; 2.341      ; 2.605      ;
; 0.077  ; echo2     ; time2[4]                ; echo2        ; clk         ; 0.000        ; 2.341      ; 2.605      ;
; 0.077  ; echo2     ; time2[5]                ; echo2        ; clk         ; 0.000        ; 2.341      ; 2.605      ;
; 0.077  ; echo2     ; time2[6]                ; echo2        ; clk         ; 0.000        ; 2.341      ; 2.605      ;
; 0.077  ; echo2     ; time2[7]                ; echo2        ; clk         ; 0.000        ; 2.341      ; 2.605      ;
; 0.077  ; echo2     ; time2[8]                ; echo2        ; clk         ; 0.000        ; 2.341      ; 2.605      ;
; 0.077  ; echo2     ; time2[9]                ; echo2        ; clk         ; 0.000        ; 2.341      ; 2.605      ;
; 0.077  ; echo2     ; time2[10]               ; echo2        ; clk         ; 0.000        ; 2.341      ; 2.605      ;
; 0.077  ; echo2     ; time2[11]               ; echo2        ; clk         ; 0.000        ; 2.341      ; 2.605      ;
; 0.077  ; echo2     ; time2[12]               ; echo2        ; clk         ; 0.000        ; 2.341      ; 2.605      ;
; 0.077  ; echo2     ; time2[13]               ; echo2        ; clk         ; 0.000        ; 2.341      ; 2.605      ;
; 0.077  ; echo2     ; time2[14]               ; echo2        ; clk         ; 0.000        ; 2.341      ; 2.605      ;
; 0.077  ; echo2     ; time2[15]               ; echo2        ; clk         ; 0.000        ; 2.341      ; 2.605      ;
; 0.377  ; out1      ; right1[2]~reg0          ; echo1        ; clk         ; 0.000        ; 0.362      ; 0.926      ;
+--------+-----------+-------------------------+--------------+-------------+--------------+------------+------------+


+---------------------------------------------------------------------------------------------------+
; Slow 1200mV 85C Model Hold: 'echo2'                                                               ;
+-------+-----------+---------+--------------+-------------+--------------+------------+------------+
; Slack ; From Node ; To Node ; Launch Clock ; Latch Clock ; Relationship ; Clock Skew ; Data Delay ;
+-------+-----------+---------+--------------+-------------+--------------+------------+------------+
; 1.323 ; time2[31] ; out2    ; clk          ; echo2       ; 0.000        ; -0.162     ; 1.191      ;
; 1.945 ; time2[15] ; out2    ; clk          ; echo2       ; 0.000        ; -0.165     ; 1.810      ;
; 1.988 ; time2[16] ; out2    ; clk          ; echo2       ; 0.000        ; -0.162     ; 1.856      ;
; 2.008 ; time2[4]  ; out2    ; clk          ; echo2       ; 0.000        ; -0.165     ; 1.873      ;
; 2.026 ; time2[30] ; out2    ; clk          ; echo2       ; 0.000        ; -0.162     ; 1.894      ;
; 2.029 ; time2[28] ; out2    ; clk          ; echo2       ; 0.000        ; -0.162     ; 1.897      ;
; 2.043 ; time2[25] ; out2    ; clk          ; echo2       ; 0.000        ; -0.162     ; 1.911      ;
; 2.050 ; time2[5]  ; out2    ; clk          ; echo2       ; 0.000        ; -0.165     ; 1.915      ;
; 2.115 ; time2[29] ; out2    ; clk          ; echo2       ; 0.000        ; -0.162     ; 1.983      ;
; 2.121 ; time2[27] ; out2    ; clk          ; echo2       ; 0.000        ; -0.162     ; 1.989      ;
; 2.136 ; time2[21] ; out2    ; clk          ; echo2       ; 0.000        ; -0.162     ; 2.004      ;
; 2.152 ; time2[3]  ; out2    ; clk          ; echo2       ; 0.000        ; -0.165     ; 2.017      ;
; 2.153 ; time2[17] ; out2    ; clk          ; echo2       ; 0.000        ; -0.162     ; 2.021      ;
; 2.155 ; time2[23] ; out2    ; clk          ; echo2       ; 0.000        ; -0.162     ; 2.023      ;
; 2.212 ; time2[18] ; out2    ; clk          ; echo2       ; 0.000        ; -0.162     ; 2.080      ;
; 2.217 ; time2[19] ; out2    ; clk          ; echo2       ; 0.000        ; -0.162     ; 2.085      ;
; 2.228 ; time2[14] ; out2    ; clk          ; echo2       ; 0.000        ; -0.165     ; 2.093      ;
; 2.236 ; time2[20] ; out2    ; clk          ; echo2       ; 0.000        ; -0.162     ; 2.104      ;
; 2.252 ; time2[2]  ; out2    ; clk          ; echo2       ; 0.000        ; -0.165     ; 2.117      ;
; 2.279 ; time2[26] ; out2    ; clk          ; echo2       ; 0.000        ; -0.162     ; 2.147      ;
; 2.280 ; time2[6]  ; out2    ; clk          ; echo2       ; 0.000        ; -0.165     ; 2.145      ;
; 2.321 ; time2[22] ; out2    ; clk          ; echo2       ; 0.000        ; -0.162     ; 2.189      ;
; 2.339 ; time2[7]  ; out2    ; clk          ; echo2       ; 0.000        ; -0.165     ; 2.204      ;
; 2.348 ; time2[11] ; out2    ; clk          ; echo2       ; 0.000        ; -0.165     ; 2.213      ;
; 2.384 ; time2[8]  ; out2    ; clk          ; echo2       ; 0.000        ; -0.165     ; 2.249      ;
; 2.400 ; time2[9]  ; out2    ; clk          ; echo2       ; 0.000        ; -0.165     ; 2.265      ;
; 2.407 ; time2[12] ; out2    ; clk          ; echo2       ; 0.000        ; -0.165     ; 2.272      ;
; 2.408 ; time2[10] ; out2    ; clk          ; echo2       ; 0.000        ; -0.165     ; 2.273      ;
; 2.435 ; time2[13] ; out2    ; clk          ; echo2       ; 0.000        ; -0.165     ; 2.300      ;
; 2.461 ; time2[24] ; out2    ; clk          ; echo2       ; 0.000        ; -0.162     ; 2.329      ;
+-------+-----------+---------+--------------+-------------+--------------+------------+------------+


+---------------------------------------------------------------------------------------------------+
; Slow 1200mV 85C Model Hold: 'echo3'                                                               ;
+-------+-----------+---------+--------------+-------------+--------------+------------+------------+
; Slack ; From Node ; To Node ; Launch Clock ; Latch Clock ; Relationship ; Clock Skew ; Data Delay ;
+-------+-----------+---------+--------------+-------------+--------------+------------+------------+
; 1.495 ; time3[31] ; out3    ; clk          ; echo3       ; 0.000        ; 0.004      ; 1.529      ;
; 1.675 ; time3[25] ; out3    ; clk          ; echo3       ; 0.000        ; 0.004      ; 1.709      ;
; 1.787 ; time3[22] ; out3    ; clk          ; echo3       ; 0.000        ; 0.004      ; 1.821      ;
; 1.790 ; time3[30] ; out3    ; clk          ; echo3       ; 0.000        ; 0.004      ; 1.824      ;
; 1.806 ; time3[29] ; out3    ; clk          ; echo3       ; 0.000        ; 0.004      ; 1.840      ;
; 1.884 ; time3[5]  ; out3    ; clk          ; echo3       ; 0.000        ; 0.001      ; 1.915      ;
; 1.953 ; time3[23] ; out3    ; clk          ; echo3       ; 0.000        ; 0.004      ; 1.987      ;
; 1.967 ; time3[3]  ; out3    ; clk          ; echo3       ; 0.000        ; 0.001      ; 1.998      ;
; 2.006 ; time3[4]  ; out3    ; clk          ; echo3       ; 0.000        ; 0.001      ; 2.037      ;
; 2.019 ; time3[17] ; out3    ; clk          ; echo3       ; 0.000        ; 0.004      ; 2.053      ;
; 2.024 ; time3[13] ; out3    ; clk          ; echo3       ; 0.000        ; 0.001      ; 2.055      ;
; 2.030 ; time3[15] ; out3    ; clk          ; echo3       ; 0.000        ; 0.001      ; 2.061      ;
; 2.039 ; time3[16] ; out3    ; clk          ; echo3       ; 0.000        ; 0.004      ; 2.073      ;
; 2.058 ; time3[26] ; out3    ; clk          ; echo3       ; 0.000        ; 0.004      ; 2.092      ;
; 2.078 ; time3[20] ; out3    ; clk          ; echo3       ; 0.000        ; 0.004      ; 2.112      ;
; 2.080 ; time3[2]  ; out3    ; clk          ; echo3       ; 0.000        ; 0.001      ; 2.111      ;
; 2.095 ; time3[24] ; out3    ; clk          ; echo3       ; 0.000        ; 0.004      ; 2.129      ;
; 2.117 ; time3[6]  ; out3    ; clk          ; echo3       ; 0.000        ; 0.001      ; 2.148      ;
; 2.138 ; time3[19] ; out3    ; clk          ; echo3       ; 0.000        ; 0.004      ; 2.172      ;
; 2.149 ; time3[21] ; out3    ; clk          ; echo3       ; 0.000        ; 0.004      ; 2.183      ;
; 2.158 ; time3[14] ; out3    ; clk          ; echo3       ; 0.000        ; 0.001      ; 2.189      ;
; 2.172 ; time3[7]  ; out3    ; clk          ; echo3       ; 0.000        ; 0.001      ; 2.203      ;
; 2.219 ; time3[9]  ; out3    ; clk          ; echo3       ; 0.000        ; 0.001      ; 2.250      ;
; 2.239 ; time3[28] ; out3    ; clk          ; echo3       ; 0.000        ; 0.004      ; 2.273      ;
; 2.256 ; time3[27] ; out3    ; clk          ; echo3       ; 0.000        ; 0.004      ; 2.290      ;
; 2.286 ; time3[18] ; out3    ; clk          ; echo3       ; 0.000        ; 0.004      ; 2.320      ;
; 2.293 ; time3[12] ; out3    ; clk          ; echo3       ; 0.000        ; 0.001      ; 2.324      ;
; 2.310 ; time3[10] ; out3    ; clk          ; echo3       ; 0.000        ; 0.001      ; 2.341      ;
; 2.403 ; time3[8]  ; out3    ; clk          ; echo3       ; 0.000        ; 0.001      ; 2.434      ;
; 2.418 ; time3[11] ; out3    ; clk          ; echo3       ; 0.000        ; 0.001      ; 2.449      ;
+-------+-----------+---------+--------------+-------------+--------------+------------+------------+


+---------------------------------------------------------------------------------------------------+
; Slow 1200mV 85C Model Hold: 'echo1'                                                               ;
+-------+-----------+---------+--------------+-------------+--------------+------------+------------+
; Slack ; From Node ; To Node ; Launch Clock ; Latch Clock ; Relationship ; Clock Skew ; Data Delay ;
+-------+-----------+---------+--------------+-------------+--------------+------------+------------+
; 1.536 ; time1[31] ; out1    ; clk          ; echo1       ; 0.000        ; -0.209     ; 1.357      ;
; 2.004 ; time1[30] ; out1    ; clk          ; echo1       ; 0.000        ; -0.209     ; 1.825      ;
; 2.058 ; time1[27] ; out1    ; clk          ; echo1       ; 0.000        ; -0.209     ; 1.879      ;
; 2.128 ; time1[20] ; out1    ; clk          ; echo1       ; 0.000        ; -0.209     ; 1.949      ;
; 2.146 ; time1[26] ; out1    ; clk          ; echo1       ; 0.000        ; -0.209     ; 1.967      ;
; 2.160 ; time1[13] ; out1    ; clk          ; echo1       ; 0.000        ; -0.210     ; 1.980      ;
; 2.162 ; time1[28] ; out1    ; clk          ; echo1       ; 0.000        ; -0.209     ; 1.983      ;
; 2.184 ; time1[4]  ; out1    ; clk          ; echo1       ; 0.000        ; -0.210     ; 2.004      ;
; 2.201 ; time1[22] ; out1    ; clk          ; echo1       ; 0.000        ; -0.209     ; 2.022      ;
; 2.204 ; time1[18] ; out1    ; clk          ; echo1       ; 0.000        ; -0.209     ; 2.025      ;
; 2.228 ; time1[14] ; out1    ; clk          ; echo1       ; 0.000        ; -0.210     ; 2.048      ;
; 2.233 ; time1[17] ; out1    ; clk          ; echo1       ; 0.000        ; -0.209     ; 2.054      ;
; 2.245 ; time1[12] ; out1    ; clk          ; echo1       ; 0.000        ; -0.210     ; 2.065      ;
; 2.245 ; time1[15] ; out1    ; clk          ; echo1       ; 0.000        ; -0.210     ; 2.065      ;
; 2.257 ; time1[21] ; out1    ; clk          ; echo1       ; 0.000        ; -0.209     ; 2.078      ;
; 2.264 ; time1[24] ; out1    ; clk          ; echo1       ; 0.000        ; -0.209     ; 2.085      ;
; 2.265 ; time1[19] ; out1    ; clk          ; echo1       ; 0.000        ; -0.209     ; 2.086      ;
; 2.304 ; time1[3]  ; out1    ; clk          ; echo1       ; 0.000        ; -0.210     ; 2.124      ;
; 2.307 ; time1[29] ; out1    ; clk          ; echo1       ; 0.000        ; -0.209     ; 2.128      ;
; 2.314 ; time1[6]  ; out1    ; clk          ; echo1       ; 0.000        ; -0.210     ; 2.134      ;
; 2.329 ; time1[5]  ; out1    ; clk          ; echo1       ; 0.000        ; -0.210     ; 2.149      ;
; 2.367 ; time1[23] ; out1    ; clk          ; echo1       ; 0.000        ; -0.209     ; 2.188      ;
; 2.399 ; time1[2]  ; out1    ; clk          ; echo1       ; 0.000        ; -0.210     ; 2.219      ;
; 2.402 ; time1[11] ; out1    ; clk          ; echo1       ; 0.000        ; -0.210     ; 2.222      ;
; 2.404 ; time1[7]  ; out1    ; clk          ; echo1       ; 0.000        ; -0.210     ; 2.224      ;
; 2.429 ; time1[10] ; out1    ; clk          ; echo1       ; 0.000        ; -0.210     ; 2.249      ;
; 2.430 ; time1[16] ; out1    ; clk          ; echo1       ; 0.000        ; -0.209     ; 2.251      ;
; 2.508 ; time1[25] ; out1    ; clk          ; echo1       ; 0.000        ; -0.209     ; 2.329      ;
; 2.632 ; time1[9]  ; out1    ; clk          ; echo1       ; 0.000        ; -0.210     ; 2.452      ;
; 2.656 ; time1[8]  ; out1    ; clk          ; echo1       ; 0.000        ; -0.210     ; 2.476      ;
+-------+-----------+---------+--------------+-------------+--------------+------------+------------+


+----------------------------------------------------------------------------------------------------+
; Slow 1200mV 85C Model Minimum Pulse Width: 'clk'                                                   ;
+--------+--------------+----------------+------------+-------+------------+-------------------------+
; Slack  ; Actual Width ; Required Width ; Type       ; Clock ; Clock Edge ; Target                  ;
+--------+--------------+----------------+------------+-------+------------+-------------------------+
; -3.000 ; 1.000        ; 4.000          ; Port Rate  ; clk   ; Rise       ; clk                     ;
; -1.000 ; 1.000        ; 2.000          ; Min Period ; clk   ; Rise       ; count[0]                ;
; -1.000 ; 1.000        ; 2.000          ; Min Period ; clk   ; Rise       ; count[10]               ;
; -1.000 ; 1.000        ; 2.000          ; Min Period ; clk   ; Rise       ; count[11]               ;
; -1.000 ; 1.000        ; 2.000          ; Min Period ; clk   ; Rise       ; count[12]               ;
; -1.000 ; 1.000        ; 2.000          ; Min Period ; clk   ; Rise       ; count[13]               ;
; -1.000 ; 1.000        ; 2.000          ; Min Period ; clk   ; Rise       ; count[14]               ;
; -1.000 ; 1.000        ; 2.000          ; Min Period ; clk   ; Rise       ; count[15]               ;
; -1.000 ; 1.000        ; 2.000          ; Min Period ; clk   ; Rise       ; count[16]               ;
; -1.000 ; 1.000        ; 2.000          ; Min Period ; clk   ; Rise       ; count[17]               ;
; -1.000 ; 1.000        ; 2.000          ; Min Period ; clk   ; Rise       ; count[18]               ;
; -1.000 ; 1.000        ; 2.000          ; Min Period ; clk   ; Rise       ; count[19]               ;
; -1.000 ; 1.000        ; 2.000          ; Min Period ; clk   ; Rise       ; count[1]                ;
; -1.000 ; 1.000        ; 2.000          ; Min Period ; clk   ; Rise       ; count[20]               ;
; -1.000 ; 1.000        ; 2.000          ; Min Period ; clk   ; Rise       ; count[21]               ;
; -1.000 ; 1.000        ; 2.000          ; Min Period ; clk   ; Rise       ; count[22]               ;
; -1.000 ; 1.000        ; 2.000          ; Min Period ; clk   ; Rise       ; count[23]               ;
; -1.000 ; 1.000        ; 2.000          ; Min Period ; clk   ; Rise       ; count[24]               ;
; -1.000 ; 1.000        ; 2.000          ; Min Period ; clk   ; Rise       ; count[25]               ;
; -1.000 ; 1.000        ; 2.000          ; Min Period ; clk   ; Rise       ; count[26]               ;
; -1.000 ; 1.000        ; 2.000          ; Min Period ; clk   ; Rise       ; count[27]               ;
; -1.000 ; 1.000        ; 2.000          ; Min Period ; clk   ; Rise       ; count[28]               ;
; -1.000 ; 1.000        ; 2.000          ; Min Period ; clk   ; Rise       ; count[29]               ;
; -1.000 ; 1.000        ; 2.000          ; Min Period ; clk   ; Rise       ; count[2]                ;
; -1.000 ; 1.000        ; 2.000          ; Min Period ; clk   ; Rise       ; count[30]               ;
; -1.000 ; 1.000        ; 2.000          ; Min Period ; clk   ; Rise       ; count[31]               ;
; -1.000 ; 1.000        ; 2.000          ; Min Period ; clk   ; Rise       ; count[3]                ;
; -1.000 ; 1.000        ; 2.000          ; Min Period ; clk   ; Rise       ; count[4]                ;
; -1.000 ; 1.000        ; 2.000          ; Min Period ; clk   ; Rise       ; count[5]                ;
; -1.000 ; 1.000        ; 2.000          ; Min Period ; clk   ; Rise       ; count[6]                ;
; -1.000 ; 1.000        ; 2.000          ; Min Period ; clk   ; Rise       ; count[7]                ;
; -1.000 ; 1.000        ; 2.000          ; Min Period ; clk   ; Rise       ; count[8]                ;
; -1.000 ; 1.000        ; 2.000          ; Min Period ; clk   ; Rise       ; count[9]                ;
; -1.000 ; 1.000        ; 2.000          ; Min Period ; clk   ; Rise       ; current_state1.COUNTING ;
; -1.000 ; 1.000        ; 2.000          ; Min Period ; clk   ; Rise       ; current_state2.COUNTING ;
; -1.000 ; 1.000        ; 2.000          ; Min Period ; clk   ; Rise       ; current_state3.COUNTING ;
; -1.000 ; 1.000        ; 2.000          ; Min Period ; clk   ; Rise       ; left1[0]~reg0           ;
; -1.000 ; 1.000        ; 2.000          ; Min Period ; clk   ; Rise       ; left1[1]~reg0           ;
; -1.000 ; 1.000        ; 2.000          ; Min Period ; clk   ; Rise       ; left1[2]~reg0           ;
; -1.000 ; 1.000        ; 2.000          ; Min Period ; clk   ; Rise       ; left1[3]~reg0           ;
; -1.000 ; 1.000        ; 2.000          ; Min Period ; clk   ; Rise       ; left2[0]~reg0           ;
; -1.000 ; 1.000        ; 2.000          ; Min Period ; clk   ; Rise       ; right1[0]~reg0          ;
; -1.000 ; 1.000        ; 2.000          ; Min Period ; clk   ; Rise       ; right1[1]~reg0          ;
; -1.000 ; 1.000        ; 2.000          ; Min Period ; clk   ; Rise       ; right1[2]~reg0          ;
; -1.000 ; 1.000        ; 2.000          ; Min Period ; clk   ; Rise       ; right1[3]~reg0          ;
; -1.000 ; 1.000        ; 2.000          ; Min Period ; clk   ; Rise       ; right2[0]~reg0          ;
; -1.000 ; 1.000        ; 2.000          ; Min Period ; clk   ; Rise       ; right2[1]~reg0          ;
; -1.000 ; 1.000        ; 2.000          ; Min Period ; clk   ; Rise       ; right2[3]~reg0          ;
; -1.000 ; 1.000        ; 2.000          ; Min Period ; clk   ; Rise       ; time1[0]                ;
; -1.000 ; 1.000        ; 2.000          ; Min Period ; clk   ; Rise       ; time1[10]               ;
; -1.000 ; 1.000        ; 2.000          ; Min Period ; clk   ; Rise       ; time1[11]               ;
; -1.000 ; 1.000        ; 2.000          ; Min Period ; clk   ; Rise       ; time1[12]               ;
; -1.000 ; 1.000        ; 2.000          ; Min Period ; clk   ; Rise       ; time1[13]               ;
; -1.000 ; 1.000        ; 2.000          ; Min Period ; clk   ; Rise       ; time1[14]               ;
; -1.000 ; 1.000        ; 2.000          ; Min Period ; clk   ; Rise       ; time1[15]               ;
; -1.000 ; 1.000        ; 2.000          ; Min Period ; clk   ; Rise       ; time1[16]               ;
; -1.000 ; 1.000        ; 2.000          ; Min Period ; clk   ; Rise       ; time1[17]               ;
; -1.000 ; 1.000        ; 2.000          ; Min Period ; clk   ; Rise       ; time1[18]               ;
; -1.000 ; 1.000        ; 2.000          ; Min Period ; clk   ; Rise       ; time1[19]               ;
; -1.000 ; 1.000        ; 2.000          ; Min Period ; clk   ; Rise       ; time1[1]                ;
; -1.000 ; 1.000        ; 2.000          ; Min Period ; clk   ; Rise       ; time1[20]               ;
; -1.000 ; 1.000        ; 2.000          ; Min Period ; clk   ; Rise       ; time1[21]               ;
; -1.000 ; 1.000        ; 2.000          ; Min Period ; clk   ; Rise       ; time1[22]               ;
; -1.000 ; 1.000        ; 2.000          ; Min Period ; clk   ; Rise       ; time1[23]               ;
; -1.000 ; 1.000        ; 2.000          ; Min Period ; clk   ; Rise       ; time1[24]               ;
; -1.000 ; 1.000        ; 2.000          ; Min Period ; clk   ; Rise       ; time1[25]               ;
; -1.000 ; 1.000        ; 2.000          ; Min Period ; clk   ; Rise       ; time1[26]               ;
; -1.000 ; 1.000        ; 2.000          ; Min Period ; clk   ; Rise       ; time1[27]               ;
; -1.000 ; 1.000        ; 2.000          ; Min Period ; clk   ; Rise       ; time1[28]               ;
; -1.000 ; 1.000        ; 2.000          ; Min Period ; clk   ; Rise       ; time1[29]               ;
; -1.000 ; 1.000        ; 2.000          ; Min Period ; clk   ; Rise       ; time1[2]                ;
; -1.000 ; 1.000        ; 2.000          ; Min Period ; clk   ; Rise       ; time1[30]               ;
; -1.000 ; 1.000        ; 2.000          ; Min Period ; clk   ; Rise       ; time1[31]               ;
; -1.000 ; 1.000        ; 2.000          ; Min Period ; clk   ; Rise       ; time1[3]                ;
; -1.000 ; 1.000        ; 2.000          ; Min Period ; clk   ; Rise       ; time1[4]                ;
; -1.000 ; 1.000        ; 2.000          ; Min Period ; clk   ; Rise       ; time1[5]                ;
; -1.000 ; 1.000        ; 2.000          ; Min Period ; clk   ; Rise       ; time1[6]                ;
; -1.000 ; 1.000        ; 2.000          ; Min Period ; clk   ; Rise       ; time1[7]                ;
; -1.000 ; 1.000        ; 2.000          ; Min Period ; clk   ; Rise       ; time1[8]                ;
; -1.000 ; 1.000        ; 2.000          ; Min Period ; clk   ; Rise       ; time1[9]                ;
; -1.000 ; 1.000        ; 2.000          ; Min Period ; clk   ; Rise       ; time2[0]                ;
; -1.000 ; 1.000        ; 2.000          ; Min Period ; clk   ; Rise       ; time2[10]               ;
; -1.000 ; 1.000        ; 2.000          ; Min Period ; clk   ; Rise       ; time2[11]               ;
; -1.000 ; 1.000        ; 2.000          ; Min Period ; clk   ; Rise       ; time2[12]               ;
; -1.000 ; 1.000        ; 2.000          ; Min Period ; clk   ; Rise       ; time2[13]               ;
; -1.000 ; 1.000        ; 2.000          ; Min Period ; clk   ; Rise       ; time2[14]               ;
; -1.000 ; 1.000        ; 2.000          ; Min Period ; clk   ; Rise       ; time2[15]               ;
; -1.000 ; 1.000        ; 2.000          ; Min Period ; clk   ; Rise       ; time2[16]               ;
; -1.000 ; 1.000        ; 2.000          ; Min Period ; clk   ; Rise       ; time2[17]               ;
; -1.000 ; 1.000        ; 2.000          ; Min Period ; clk   ; Rise       ; time2[18]               ;
; -1.000 ; 1.000        ; 2.000          ; Min Period ; clk   ; Rise       ; time2[19]               ;
; -1.000 ; 1.000        ; 2.000          ; Min Period ; clk   ; Rise       ; time2[1]                ;
; -1.000 ; 1.000        ; 2.000          ; Min Period ; clk   ; Rise       ; time2[20]               ;
; -1.000 ; 1.000        ; 2.000          ; Min Period ; clk   ; Rise       ; time2[21]               ;
; -1.000 ; 1.000        ; 2.000          ; Min Period ; clk   ; Rise       ; time2[22]               ;
; -1.000 ; 1.000        ; 2.000          ; Min Period ; clk   ; Rise       ; time2[23]               ;
; -1.000 ; 1.000        ; 2.000          ; Min Period ; clk   ; Rise       ; time2[24]               ;
; -1.000 ; 1.000        ; 2.000          ; Min Period ; clk   ; Rise       ; time2[25]               ;
; -1.000 ; 1.000        ; 2.000          ; Min Period ; clk   ; Rise       ; time2[26]               ;
; -1.000 ; 1.000        ; 2.000          ; Min Period ; clk   ; Rise       ; time2[27]               ;
+--------+--------------+----------------+------------+-------+------------+-------------------------+


+------------------------------------------------------------------------------------------------+
; Slow 1200mV 85C Model Minimum Pulse Width: 'echo1'                                             ;
+--------+--------------+----------------+------------------+-------+------------+---------------+
; Slack  ; Actual Width ; Required Width ; Type             ; Clock ; Clock Edge ; Target        ;
+--------+--------------+----------------+------------------+-------+------------+---------------+
; -3.000 ; 1.000        ; 4.000          ; Port Rate        ; echo1 ; Rise       ; echo1         ;
; 0.327  ; 0.327        ; 0.000          ; Low Pulse Width  ; echo1 ; Rise       ; echo1~input|o ;
; 0.333  ; 0.333        ; 0.000          ; Low Pulse Width  ; echo1 ; Rise       ; out1|datac    ;
; 0.343  ; 0.343        ; 0.000          ; Low Pulse Width  ; echo1 ; Rise       ; out1          ;
; 0.500  ; 0.500        ; 0.000          ; High Pulse Width ; echo1 ; Rise       ; echo1~input|i ;
; 0.500  ; 0.500        ; 0.000          ; Low Pulse Width  ; echo1 ; Rise       ; echo1~input|i ;
; 0.656  ; 0.656        ; 0.000          ; High Pulse Width ; echo1 ; Rise       ; out1          ;
; 0.666  ; 0.666        ; 0.000          ; High Pulse Width ; echo1 ; Rise       ; out1|datac    ;
; 0.673  ; 0.673        ; 0.000          ; High Pulse Width ; echo1 ; Rise       ; echo1~input|o ;
+--------+--------------+----------------+------------------+-------+------------+---------------+


+------------------------------------------------------------------------------------------------+
; Slow 1200mV 85C Model Minimum Pulse Width: 'echo2'                                             ;
+--------+--------------+----------------+------------------+-------+------------+---------------+
; Slack  ; Actual Width ; Required Width ; Type             ; Clock ; Clock Edge ; Target        ;
+--------+--------------+----------------+------------------+-------+------------+---------------+
; -3.000 ; 1.000        ; 4.000          ; Port Rate        ; echo2 ; Rise       ; echo2         ;
; 0.327  ; 0.327        ; 0.000          ; Low Pulse Width  ; echo2 ; Rise       ; echo2~input|o ;
; 0.328  ; 0.328        ; 0.000          ; Low Pulse Width  ; echo2 ; Rise       ; out2|datac    ;
; 0.338  ; 0.338        ; 0.000          ; Low Pulse Width  ; echo2 ; Rise       ; out2          ;
; 0.500  ; 0.500        ; 0.000          ; High Pulse Width ; echo2 ; Rise       ; echo2~input|i ;
; 0.500  ; 0.500        ; 0.000          ; Low Pulse Width  ; echo2 ; Rise       ; echo2~input|i ;
; 0.662  ; 0.662        ; 0.000          ; High Pulse Width ; echo2 ; Rise       ; out2          ;
; 0.672  ; 0.672        ; 0.000          ; High Pulse Width ; echo2 ; Rise       ; out2|datac    ;
; 0.673  ; 0.673        ; 0.000          ; High Pulse Width ; echo2 ; Rise       ; echo2~input|o ;
+--------+--------------+----------------+------------------+-------+------------+---------------+


+------------------------------------------------------------------------------------------------+
; Slow 1200mV 85C Model Minimum Pulse Width: 'echo3'                                             ;
+--------+--------------+----------------+------------------+-------+------------+---------------+
; Slack  ; Actual Width ; Required Width ; Type             ; Clock ; Clock Edge ; Target        ;
+--------+--------------+----------------+------------------+-------+------------+---------------+
; -3.000 ; 1.000        ; 4.000          ; Port Rate        ; echo3 ; Rise       ; echo3         ;
; 0.327  ; 0.327        ; 0.000          ; Low Pulse Width  ; echo3 ; Rise       ; echo3~input|o ;
; 0.343  ; 0.343        ; 0.000          ; Low Pulse Width  ; echo3 ; Rise       ; out3|datac    ;
; 0.353  ; 0.353        ; 0.000          ; Low Pulse Width  ; echo3 ; Rise       ; out3          ;
; 0.500  ; 0.500        ; 0.000          ; High Pulse Width ; echo3 ; Rise       ; echo3~input|i ;
; 0.500  ; 0.500        ; 0.000          ; Low Pulse Width  ; echo3 ; Rise       ; echo3~input|i ;
; 0.646  ; 0.646        ; 0.000          ; High Pulse Width ; echo3 ; Rise       ; out3          ;
; 0.656  ; 0.656        ; 0.000          ; High Pulse Width ; echo3 ; Rise       ; out3|datac    ;
; 0.673  ; 0.673        ; 0.000          ; High Pulse Width ; echo3 ; Rise       ; echo3~input|o ;
+--------+--------------+----------------+------------------+-------+------------+---------------+


+-----------------------------------------------------------------------+
; Setup Times                                                           ;
+-----------+------------+-------+-------+------------+-----------------+
; Data Port ; Clock Port ; Rise  ; Fall  ; Clock Edge ; Clock Reference ;
+-----------+------------+-------+-------+------------+-----------------+
; echo1     ; clk        ; 0.227 ; 0.425 ; Rise       ; clk             ;
; echo2     ; clk        ; 0.317 ; 0.483 ; Rise       ; clk             ;
; echo3     ; clk        ; 0.312 ; 0.478 ; Rise       ; clk             ;
+-----------+------------+-------+-------+------------+-----------------+


+------------------------------------------------------------------------+
; Hold Times                                                             ;
+-----------+------------+-------+--------+------------+-----------------+
; Data Port ; Clock Port ; Rise  ; Fall   ; Clock Edge ; Clock Reference ;
+-----------+------------+-------+--------+------------+-----------------+
; echo1     ; clk        ; 0.198 ; -0.002 ; Rise       ; clk             ;
; echo2     ; clk        ; 0.234 ; 0.045  ; Rise       ; clk             ;
; echo3     ; clk        ; 0.241 ; 0.052  ; Rise       ; clk             ;
+-----------+------------+-------+--------+------------+-----------------+


+------------------------------------------------------------------------+
; Clock to Output Times                                                  ;
+------------+------------+-------+-------+------------+-----------------+
; Data Port  ; Clock Port ; Rise  ; Fall  ; Clock Edge ; Clock Reference ;
+------------+------------+-------+-------+------------+-----------------+
; left1[*]   ; clk        ; 6.067 ; 6.023 ; Rise       ; clk             ;
;  left1[0]  ; clk        ; 5.792 ; 5.744 ; Rise       ; clk             ;
;  left1[1]  ; clk        ; 6.067 ; 6.023 ; Rise       ; clk             ;
;  left1[2]  ; clk        ; 6.051 ; 5.986 ; Rise       ; clk             ;
;  left1[3]  ; clk        ; 5.812 ; 5.750 ; Rise       ; clk             ;
; left2[*]   ; clk        ; 6.753 ; 6.749 ; Rise       ; clk             ;
;  left2[0]  ; clk        ; 6.753 ; 6.749 ; Rise       ; clk             ;
;  left2[1]  ; clk        ; 5.917 ; 5.849 ; Rise       ; clk             ;
;  left2[2]  ; clk        ; 5.833 ; 5.751 ; Rise       ; clk             ;
; right1[*]  ; clk        ; 6.229 ; 6.161 ; Rise       ; clk             ;
;  right1[0] ; clk        ; 6.229 ; 6.161 ; Rise       ; clk             ;
;  right1[1] ; clk        ; 5.805 ; 5.718 ; Rise       ; clk             ;
;  right1[2] ; clk        ; 5.856 ; 5.802 ; Rise       ; clk             ;
;  right1[3] ; clk        ; 5.816 ; 5.771 ; Rise       ; clk             ;
; right2[*]  ; clk        ; 6.885 ; 6.903 ; Rise       ; clk             ;
;  right2[0] ; clk        ; 6.052 ; 6.015 ; Rise       ; clk             ;
;  right2[1] ; clk        ; 6.053 ; 5.992 ; Rise       ; clk             ;
;  right2[2] ; clk        ; 6.885 ; 6.903 ; Rise       ; clk             ;
;  right2[3] ; clk        ; 6.349 ; 6.302 ; Rise       ; clk             ;
; trig1      ; clk        ; 9.347 ; 9.214 ; Rise       ; clk             ;
; trig2      ; clk        ; 8.620 ; 8.436 ; Rise       ; clk             ;
; trig3      ; clk        ; 8.620 ; 8.436 ; Rise       ; clk             ;
+------------+------------+-------+-------+------------+-----------------+


+------------------------------------------------------------------------+
; Minimum Clock to Output Times                                          ;
+------------+------------+-------+-------+------------+-----------------+
; Data Port  ; Clock Port ; Rise  ; Fall  ; Clock Edge ; Clock Reference ;
+------------+------------+-------+-------+------------+-----------------+
; left1[*]   ; clk        ; 5.607 ; 5.558 ; Rise       ; clk             ;
;  left1[0]  ; clk        ; 5.607 ; 5.558 ; Rise       ; clk             ;
;  left1[1]  ; clk        ; 5.870 ; 5.825 ; Rise       ; clk             ;
;  left1[2]  ; clk        ; 5.859 ; 5.793 ; Rise       ; clk             ;
;  left1[3]  ; clk        ; 5.630 ; 5.566 ; Rise       ; clk             ;
; left2[*]   ; clk        ; 5.645 ; 5.562 ; Rise       ; clk             ;
;  left2[0]  ; clk        ; 6.557 ; 6.552 ; Rise       ; clk             ;
;  left2[1]  ; clk        ; 5.721 ; 5.651 ; Rise       ; clk             ;
;  left2[2]  ; clk        ; 5.645 ; 5.562 ; Rise       ; clk             ;
; right1[*]  ; clk        ; 5.618 ; 5.531 ; Rise       ; clk             ;
;  right1[0] ; clk        ; 6.028 ; 5.959 ; Rise       ; clk             ;
;  right1[1] ; clk        ; 5.618 ; 5.531 ; Rise       ; clk             ;
;  right1[2] ; clk        ; 5.672 ; 5.616 ; Rise       ; clk             ;
;  right1[3] ; clk        ; 5.630 ; 5.584 ; Rise       ; clk             ;
; right2[*]  ; clk        ; 5.855 ; 5.799 ; Rise       ; clk             ;
;  right2[0] ; clk        ; 5.855 ; 5.816 ; Rise       ; clk             ;
;  right2[1] ; clk        ; 5.861 ; 5.799 ; Rise       ; clk             ;
;  right2[2] ; clk        ; 6.688 ; 6.704 ; Rise       ; clk             ;
;  right2[3] ; clk        ; 6.142 ; 6.093 ; Rise       ; clk             ;
; trig1      ; clk        ; 7.838 ; 7.699 ; Rise       ; clk             ;
; trig2      ; clk        ; 7.110 ; 6.919 ; Rise       ; clk             ;
; trig3      ; clk        ; 7.110 ; 6.919 ; Rise       ; clk             ;
+------------+------------+-------+-------+------------+-----------------+


----------------------------------------------
; Slow 1200mV 85C Model Metastability Report ;
----------------------------------------------
No synchronizer chains to report.


+-----------------------------------------------------------------------------------------------------------+
; Slow 1200mV 0C Model Fmax Summary                                                                         ;
+------------+-----------------+------------+---------------------------------------------------------------+
; Fmax       ; Restricted Fmax ; Clock Name ; Note                                                          ;
+------------+-----------------+------------+---------------------------------------------------------------+
; 351.86 MHz ; 250.0 MHz       ; clk        ; limit due to minimum period restriction (max I/O toggle rate) ;
+------------+-----------------+------------+---------------------------------------------------------------+
This panel reports FMAX for every clock in the design, regardless of the user-specified clock periods.  FMAX is only computed for paths where the source and destination registers or ports are driven by the same clock.  Paths of different clocks, including generated clocks, are ignored.  For paths between a clock and its inversion, FMAX is computed as if the rising and falling edges are scaled along with FMAX, such that the duty cycle (in terms of a percentage) is maintained. Altera recommends that you always use clock constraints and other slack reports for sign-off analysis.


+------------------------------------+
; Slow 1200mV 0C Model Setup Summary ;
+-------+--------+-------------------+
; Clock ; Slack  ; End Point TNS     ;
+-------+--------+-------------------+
; echo1 ; -2.430 ; -2.430            ;
; echo2 ; -2.246 ; -2.246            ;
; echo3 ; -2.218 ; -2.218            ;
; clk   ; -1.842 ; -142.085          ;
+-------+--------+-------------------+


+-----------------------------------+
; Slow 1200mV 0C Model Hold Summary ;
+-------+--------+------------------+
; Clock ; Slack  ; End Point TNS    ;
+-------+--------+------------------+
; clk   ; -0.207 ; -1.218           ;
; echo2 ; 1.169  ; 0.000            ;
; echo3 ; 1.313  ; 0.000            ;
; echo1 ; 1.358  ; 0.000            ;
+-------+--------+------------------+


-----------------------------------------
; Slow 1200mV 0C Model Recovery Summary ;
-----------------------------------------
No paths to report.


----------------------------------------
; Slow 1200mV 0C Model Removal Summary ;
----------------------------------------
No paths to report.


+--------------------------------------------------+
; Slow 1200mV 0C Model Minimum Pulse Width Summary ;
+-------+--------+---------------------------------+
; Clock ; Slack  ; End Point TNS                   ;
+-------+--------+---------------------------------+
; clk   ; -3.000 ; -146.000                        ;
; echo1 ; -3.000 ; -3.000                          ;
; echo2 ; -3.000 ; -3.000                          ;
; echo3 ; -3.000 ; -3.000                          ;
+-------+--------+---------------------------------+


+----------------------------------------------------------------------------------------------------+
; Slow 1200mV 0C Model Setup: 'echo1'                                                                ;
+--------+-----------+---------+--------------+-------------+--------------+------------+------------+
; Slack  ; From Node ; To Node ; Launch Clock ; Latch Clock ; Relationship ; Clock Skew ; Data Delay ;
+--------+-----------+---------+--------------+-------------+--------------+------------+------------+
; -2.430 ; time1[8]  ; out1    ; clk          ; echo1       ; 1.000        ; -0.289     ; 2.331      ;
; -2.408 ; time1[9]  ; out1    ; clk          ; echo1       ; 1.000        ; -0.289     ; 2.309      ;
; -2.290 ; time1[25] ; out1    ; clk          ; echo1       ; 1.000        ; -0.288     ; 2.192      ;
; -2.216 ; time1[16] ; out1    ; clk          ; echo1       ; 1.000        ; -0.288     ; 2.118      ;
; -2.216 ; time1[10] ; out1    ; clk          ; echo1       ; 1.000        ; -0.289     ; 2.117      ;
; -2.210 ; time1[5]  ; out1    ; clk          ; echo1       ; 1.000        ; -0.289     ; 2.111      ;
; -2.197 ; time1[2]  ; out1    ; clk          ; echo1       ; 1.000        ; -0.289     ; 2.098      ;
; -2.193 ; time1[7]  ; out1    ; clk          ; echo1       ; 1.000        ; -0.289     ; 2.094      ;
; -2.189 ; time1[11] ; out1    ; clk          ; echo1       ; 1.000        ; -0.289     ; 2.090      ;
; -2.145 ; time1[23] ; out1    ; clk          ; echo1       ; 1.000        ; -0.288     ; 2.047      ;
; -2.117 ; time1[3]  ; out1    ; clk          ; echo1       ; 1.000        ; -0.289     ; 2.018      ;
; -2.110 ; time1[6]  ; out1    ; clk          ; echo1       ; 1.000        ; -0.289     ; 2.011      ;
; -2.100 ; time1[29] ; out1    ; clk          ; echo1       ; 1.000        ; -0.288     ; 2.002      ;
; -2.064 ; time1[12] ; out1    ; clk          ; echo1       ; 1.000        ; -0.289     ; 1.965      ;
; -2.062 ; time1[19] ; out1    ; clk          ; echo1       ; 1.000        ; -0.288     ; 1.964      ;
; -2.060 ; time1[24] ; out1    ; clk          ; echo1       ; 1.000        ; -0.288     ; 1.962      ;
; -2.059 ; time1[21] ; out1    ; clk          ; echo1       ; 1.000        ; -0.288     ; 1.961      ;
; -2.048 ; time1[15] ; out1    ; clk          ; echo1       ; 1.000        ; -0.289     ; 1.949      ;
; -2.031 ; time1[14] ; out1    ; clk          ; echo1       ; 1.000        ; -0.289     ; 1.932      ;
; -2.019 ; time1[17] ; out1    ; clk          ; echo1       ; 1.000        ; -0.288     ; 1.921      ;
; -2.019 ; time1[4]  ; out1    ; clk          ; echo1       ; 1.000        ; -0.289     ; 1.920      ;
; -2.010 ; time1[22] ; out1    ; clk          ; echo1       ; 1.000        ; -0.288     ; 1.912      ;
; -2.007 ; time1[18] ; out1    ; clk          ; echo1       ; 1.000        ; -0.288     ; 1.909      ;
; -1.990 ; time1[13] ; out1    ; clk          ; echo1       ; 1.000        ; -0.289     ; 1.891      ;
; -1.958 ; time1[28] ; out1    ; clk          ; echo1       ; 1.000        ; -0.288     ; 1.860      ;
; -1.945 ; time1[26] ; out1    ; clk          ; echo1       ; 1.000        ; -0.288     ; 1.847      ;
; -1.928 ; time1[20] ; out1    ; clk          ; echo1       ; 1.000        ; -0.288     ; 1.830      ;
; -1.869 ; time1[27] ; out1    ; clk          ; echo1       ; 1.000        ; -0.288     ; 1.771      ;
; -1.815 ; time1[30] ; out1    ; clk          ; echo1       ; 1.000        ; -0.288     ; 1.717      ;
; -1.458 ; time1[31] ; out1    ; clk          ; echo1       ; 1.000        ; -0.288     ; 1.360      ;
+--------+-----------+---------+--------------+-------------+--------------+------------+------------+


+----------------------------------------------------------------------------------------------------+
; Slow 1200mV 0C Model Setup: 'echo2'                                                                ;
+--------+-----------+---------+--------------+-------------+--------------+------------+------------+
; Slack  ; From Node ; To Node ; Launch Clock ; Latch Clock ; Relationship ; Clock Skew ; Data Delay ;
+--------+-----------+---------+--------------+-------------+--------------+------------+------------+
; -2.246 ; time2[24] ; out2    ; clk          ; echo2       ; 1.000        ; -0.254     ; 2.187      ;
; -2.243 ; time2[13] ; out2    ; clk          ; echo2       ; 1.000        ; -0.256     ; 2.182      ;
; -2.221 ; time2[12] ; out2    ; clk          ; echo2       ; 1.000        ; -0.256     ; 2.160      ;
; -2.217 ; time2[10] ; out2    ; clk          ; echo2       ; 1.000        ; -0.256     ; 2.156      ;
; -2.193 ; time2[9]  ; out2    ; clk          ; echo2       ; 1.000        ; -0.256     ; 2.132      ;
; -2.177 ; time2[8]  ; out2    ; clk          ; echo2       ; 1.000        ; -0.256     ; 2.116      ;
; -2.174 ; time2[11] ; out2    ; clk          ; echo2       ; 1.000        ; -0.256     ; 2.113      ;
; -2.133 ; time2[7]  ; out2    ; clk          ; echo2       ; 1.000        ; -0.256     ; 2.072      ;
; -2.106 ; time2[22] ; out2    ; clk          ; echo2       ; 1.000        ; -0.254     ; 2.047      ;
; -2.088 ; time2[6]  ; out2    ; clk          ; echo2       ; 1.000        ; -0.256     ; 2.027      ;
; -2.083 ; time2[26] ; out2    ; clk          ; echo2       ; 1.000        ; -0.254     ; 2.024      ;
; -2.071 ; time2[2]  ; out2    ; clk          ; echo2       ; 1.000        ; -0.256     ; 2.010      ;
; -2.044 ; time2[20] ; out2    ; clk          ; echo2       ; 1.000        ; -0.254     ; 1.985      ;
; -2.036 ; time2[18] ; out2    ; clk          ; echo2       ; 1.000        ; -0.254     ; 1.977      ;
; -2.035 ; time2[14] ; out2    ; clk          ; echo2       ; 1.000        ; -0.256     ; 1.974      ;
; -2.022 ; time2[19] ; out2    ; clk          ; echo2       ; 1.000        ; -0.254     ; 1.963      ;
; -1.971 ; time2[23] ; out2    ; clk          ; echo2       ; 1.000        ; -0.254     ; 1.912      ;
; -1.966 ; time2[17] ; out2    ; clk          ; echo2       ; 1.000        ; -0.254     ; 1.907      ;
; -1.966 ; time2[3]  ; out2    ; clk          ; echo2       ; 1.000        ; -0.256     ; 1.905      ;
; -1.948 ; time2[21] ; out2    ; clk          ; echo2       ; 1.000        ; -0.254     ; 1.889      ;
; -1.931 ; time2[27] ; out2    ; clk          ; echo2       ; 1.000        ; -0.254     ; 1.872      ;
; -1.918 ; time2[30] ; out2    ; clk          ; echo2       ; 1.000        ; -0.254     ; 1.859      ;
; -1.917 ; time2[29] ; out2    ; clk          ; echo2       ; 1.000        ; -0.254     ; 1.858      ;
; -1.902 ; time2[5]  ; out2    ; clk          ; echo2       ; 1.000        ; -0.256     ; 1.841      ;
; -1.876 ; time2[25] ; out2    ; clk          ; echo2       ; 1.000        ; -0.254     ; 1.817      ;
; -1.858 ; time2[4]  ; out2    ; clk          ; echo2       ; 1.000        ; -0.256     ; 1.797      ;
; -1.848 ; time2[28] ; out2    ; clk          ; echo2       ; 1.000        ; -0.254     ; 1.789      ;
; -1.818 ; time2[16] ; out2    ; clk          ; echo2       ; 1.000        ; -0.254     ; 1.759      ;
; -1.813 ; time2[15] ; out2    ; clk          ; echo2       ; 1.000        ; -0.256     ; 1.752      ;
; -1.284 ; time2[31] ; out2    ; clk          ; echo2       ; 1.000        ; -0.254     ; 1.225      ;
+--------+-----------+---------+--------------+-------------+--------------+------------+------------+


+----------------------------------------------------------------------------------------------------+
; Slow 1200mV 0C Model Setup: 'echo3'                                                                ;
+--------+-----------+---------+--------------+-------------+--------------+------------+------------+
; Slack  ; From Node ; To Node ; Launch Clock ; Latch Clock ; Relationship ; Clock Skew ; Data Delay ;
+--------+-----------+---------+--------------+-------------+--------------+------------+------------+
; -2.218 ; time3[11] ; out3    ; clk          ; echo3       ; 1.000        ; -0.098     ; 2.310      ;
; -2.201 ; time3[8]  ; out3    ; clk          ; echo3       ; 1.000        ; -0.098     ; 2.293      ;
; -2.098 ; time3[12] ; out3    ; clk          ; echo3       ; 1.000        ; -0.098     ; 2.190      ;
; -2.097 ; time3[18] ; out3    ; clk          ; echo3       ; 1.000        ; -0.097     ; 2.190      ;
; -2.096 ; time3[10] ; out3    ; clk          ; echo3       ; 1.000        ; -0.098     ; 2.188      ;
; -2.075 ; time3[27] ; out3    ; clk          ; echo3       ; 1.000        ; -0.097     ; 2.168      ;
; -2.074 ; time3[28] ; out3    ; clk          ; echo3       ; 1.000        ; -0.097     ; 2.167      ;
; -2.021 ; time3[9]  ; out3    ; clk          ; echo3       ; 1.000        ; -0.098     ; 2.113      ;
; -1.981 ; time3[7]  ; out3    ; clk          ; echo3       ; 1.000        ; -0.098     ; 2.073      ;
; -1.966 ; time3[21] ; out3    ; clk          ; echo3       ; 1.000        ; -0.097     ; 2.059      ;
; -1.960 ; time3[14] ; out3    ; clk          ; echo3       ; 1.000        ; -0.098     ; 2.052      ;
; -1.941 ; time3[19] ; out3    ; clk          ; echo3       ; 1.000        ; -0.097     ; 2.034      ;
; -1.940 ; time3[6]  ; out3    ; clk          ; echo3       ; 1.000        ; -0.098     ; 2.032      ;
; -1.930 ; time3[2]  ; out3    ; clk          ; echo3       ; 1.000        ; -0.098     ; 2.022      ;
; -1.924 ; time3[4]  ; out3    ; clk          ; echo3       ; 1.000        ; -0.098     ; 2.016      ;
; -1.908 ; time3[24] ; out3    ; clk          ; echo3       ; 1.000        ; -0.097     ; 2.001      ;
; -1.905 ; time3[26] ; out3    ; clk          ; echo3       ; 1.000        ; -0.097     ; 1.998      ;
; -1.896 ; time3[20] ; out3    ; clk          ; echo3       ; 1.000        ; -0.097     ; 1.989      ;
; -1.855 ; time3[15] ; out3    ; clk          ; echo3       ; 1.000        ; -0.098     ; 1.947      ;
; -1.854 ; time3[16] ; out3    ; clk          ; echo3       ; 1.000        ; -0.097     ; 1.947      ;
; -1.851 ; time3[13] ; out3    ; clk          ; echo3       ; 1.000        ; -0.098     ; 1.943      ;
; -1.830 ; time3[17] ; out3    ; clk          ; echo3       ; 1.000        ; -0.097     ; 1.923      ;
; -1.828 ; time3[3]  ; out3    ; clk          ; echo3       ; 1.000        ; -0.098     ; 1.920      ;
; -1.766 ; time3[23] ; out3    ; clk          ; echo3       ; 1.000        ; -0.097     ; 1.859      ;
; -1.750 ; time3[5]  ; out3    ; clk          ; echo3       ; 1.000        ; -0.098     ; 1.842      ;
; -1.637 ; time3[29] ; out3    ; clk          ; echo3       ; 1.000        ; -0.097     ; 1.730      ;
; -1.631 ; time3[22] ; out3    ; clk          ; echo3       ; 1.000        ; -0.097     ; 1.724      ;
; -1.623 ; time3[30] ; out3    ; clk          ; echo3       ; 1.000        ; -0.097     ; 1.716      ;
; -1.536 ; time3[25] ; out3    ; clk          ; echo3       ; 1.000        ; -0.097     ; 1.629      ;
; -1.426 ; time3[31] ; out3    ; clk          ; echo3       ; 1.000        ; -0.097     ; 1.519      ;
+--------+-----------+---------+--------------+-------------+--------------+------------+------------+


+------------------------------------------------------------------------------------------------------+
; Slow 1200mV 0C Model Setup: 'clk'                                                                    ;
+--------+-----------+-----------+--------------+-------------+--------------+------------+------------+
; Slack  ; From Node ; To Node   ; Launch Clock ; Latch Clock ; Relationship ; Clock Skew ; Data Delay ;
+--------+-----------+-----------+--------------+-------------+--------------+------------+------------+
; -1.842 ; count[0]  ; count[29] ; clk          ; clk         ; 1.000        ; -0.055     ; 2.782      ;
; -1.837 ; count[0]  ; count[30] ; clk          ; clk         ; 1.000        ; -0.055     ; 2.777      ;
; -1.801 ; count[8]  ; count[29] ; clk          ; clk         ; 1.000        ; -0.381     ; 2.415      ;
; -1.801 ; count[1]  ; count[30] ; clk          ; clk         ; 1.000        ; -0.055     ; 2.741      ;
; -1.798 ; time2[0]  ; time2[31] ; clk          ; clk         ; 1.000        ; -0.059     ; 2.734      ;
; -1.797 ; time3[0]  ; time3[31] ; clk          ; clk         ; 1.000        ; -0.058     ; 2.734      ;
; -1.797 ; time1[0]  ; time1[31] ; clk          ; clk         ; 1.000        ; -0.058     ; 2.734      ;
; -1.796 ; count[8]  ; count[30] ; clk          ; clk         ; 1.000        ; -0.381     ; 2.410      ;
; -1.787 ; time2[1]  ; time2[30] ; clk          ; clk         ; 1.000        ; -0.059     ; 2.723      ;
; -1.786 ; time3[1]  ; time3[30] ; clk          ; clk         ; 1.000        ; -0.058     ; 2.723      ;
; -1.786 ; time1[1]  ; time1[30] ; clk          ; clk         ; 1.000        ; -0.058     ; 2.723      ;
; -1.779 ; count[0]  ; count[22] ; clk          ; clk         ; 1.000        ; 0.256      ; 3.030      ;
; -1.770 ; count[28] ; count[9]  ; clk          ; clk         ; 1.000        ; -0.060     ; 2.705      ;
; -1.769 ; count[0]  ; count[19] ; clk          ; clk         ; 1.000        ; 0.256      ; 3.020      ;
; -1.769 ; time2[1]  ; time2[31] ; clk          ; clk         ; 1.000        ; -0.059     ; 2.705      ;
; -1.768 ; time3[1]  ; time3[31] ; clk          ; clk         ; 1.000        ; -0.058     ; 2.705      ;
; -1.768 ; time1[1]  ; time1[31] ; clk          ; clk         ; 1.000        ; -0.058     ; 2.705      ;
; -1.766 ; count[11] ; count[30] ; clk          ; clk         ; 1.000        ; -0.381     ; 2.380      ;
; -1.765 ; count[28] ; count[6]  ; clk          ; clk         ; 1.000        ; -0.060     ; 2.700      ;
; -1.743 ; count[1]  ; count[22] ; clk          ; clk         ; 1.000        ; 0.256      ; 2.994      ;
; -1.738 ; count[8]  ; count[22] ; clk          ; clk         ; 1.000        ; -0.070     ; 2.663      ;
; -1.737 ; count[0]  ; count[28] ; clk          ; clk         ; 1.000        ; -0.055     ; 2.677      ;
; -1.728 ; count[8]  ; count[19] ; clk          ; clk         ; 1.000        ; -0.070     ; 2.653      ;
; -1.721 ; count[27] ; count[9]  ; clk          ; clk         ; 1.000        ; -0.387     ; 2.329      ;
; -1.717 ; time2[2]  ; time2[31] ; clk          ; clk         ; 1.000        ; -0.059     ; 2.653      ;
; -1.716 ; count[27] ; count[6]  ; clk          ; clk         ; 1.000        ; -0.387     ; 2.324      ;
; -1.716 ; time3[2]  ; time3[31] ; clk          ; clk         ; 1.000        ; -0.058     ; 2.653      ;
; -1.716 ; time1[2]  ; time1[31] ; clk          ; clk         ; 1.000        ; -0.058     ; 2.653      ;
; -1.716 ; time2[0]  ; time2[30] ; clk          ; clk         ; 1.000        ; -0.059     ; 2.652      ;
; -1.715 ; time3[0]  ; time3[30] ; clk          ; clk         ; 1.000        ; -0.058     ; 2.652      ;
; -1.715 ; time1[0]  ; time1[30] ; clk          ; clk         ; 1.000        ; -0.058     ; 2.652      ;
; -1.708 ; count[11] ; count[22] ; clk          ; clk         ; 1.000        ; -0.070     ; 2.633      ;
; -1.703 ; time2[3]  ; time2[30] ; clk          ; clk         ; 1.000        ; -0.059     ; 2.639      ;
; -1.702 ; time3[3]  ; time3[30] ; clk          ; clk         ; 1.000        ; -0.058     ; 2.639      ;
; -1.702 ; time1[3]  ; time1[30] ; clk          ; clk         ; 1.000        ; -0.058     ; 2.639      ;
; -1.701 ; count[1]  ; count[28] ; clk          ; clk         ; 1.000        ; -0.055     ; 2.641      ;
; -1.699 ; count[3]  ; count[30] ; clk          ; clk         ; 1.000        ; -0.055     ; 2.639      ;
; -1.698 ; time2[0]  ; time2[29] ; clk          ; clk         ; 1.000        ; -0.059     ; 2.634      ;
; -1.697 ; time3[0]  ; time3[29] ; clk          ; clk         ; 1.000        ; -0.058     ; 2.634      ;
; -1.697 ; time1[0]  ; time1[29] ; clk          ; clk         ; 1.000        ; -0.058     ; 2.634      ;
; -1.696 ; count[8]  ; count[28] ; clk          ; clk         ; 1.000        ; -0.381     ; 2.310      ;
; -1.687 ; time2[1]  ; time2[28] ; clk          ; clk         ; 1.000        ; -0.059     ; 2.623      ;
; -1.686 ; time3[1]  ; time3[28] ; clk          ; clk         ; 1.000        ; -0.058     ; 2.623      ;
; -1.686 ; time1[1]  ; time1[28] ; clk          ; clk         ; 1.000        ; -0.058     ; 2.623      ;
; -1.685 ; time2[3]  ; time2[31] ; clk          ; clk         ; 1.000        ; -0.059     ; 2.621      ;
; -1.684 ; time3[3]  ; time3[31] ; clk          ; clk         ; 1.000        ; -0.058     ; 2.621      ;
; -1.684 ; time1[3]  ; time1[31] ; clk          ; clk         ; 1.000        ; -0.058     ; 2.621      ;
; -1.683 ; count[1]  ; count[29] ; clk          ; clk         ; 1.000        ; -0.055     ; 2.623      ;
; -1.669 ; time2[1]  ; time2[29] ; clk          ; clk         ; 1.000        ; -0.059     ; 2.605      ;
; -1.668 ; time3[1]  ; time3[29] ; clk          ; clk         ; 1.000        ; -0.058     ; 2.605      ;
; -1.668 ; time1[1]  ; time1[29] ; clk          ; clk         ; 1.000        ; -0.058     ; 2.605      ;
; -1.666 ; count[11] ; count[28] ; clk          ; clk         ; 1.000        ; -0.381     ; 2.280      ;
; -1.648 ; count[11] ; count[29] ; clk          ; clk         ; 1.000        ; -0.381     ; 2.262      ;
; -1.642 ; count[0]  ; count[25] ; clk          ; clk         ; 1.000        ; -0.055     ; 2.582      ;
; -1.641 ; count[3]  ; count[22] ; clk          ; clk         ; 1.000        ; 0.256      ; 2.892      ;
; -1.637 ; count[0]  ; count[26] ; clk          ; clk         ; 1.000        ; -0.055     ; 2.577      ;
; -1.636 ; time2[2]  ; time2[30] ; clk          ; clk         ; 1.000        ; -0.059     ; 2.572      ;
; -1.635 ; time3[2]  ; time3[30] ; clk          ; clk         ; 1.000        ; -0.058     ; 2.572      ;
; -1.635 ; time1[2]  ; time1[30] ; clk          ; clk         ; 1.000        ; -0.058     ; 2.572      ;
; -1.632 ; count[2]  ; count[30] ; clk          ; clk         ; 1.000        ; -0.055     ; 2.572      ;
; -1.628 ; count[0]  ; count[31] ; clk          ; clk         ; 1.000        ; 0.259      ; 2.882      ;
; -1.617 ; time2[4]  ; time2[31] ; clk          ; clk         ; 1.000        ; -0.059     ; 2.553      ;
; -1.617 ; time2[2]  ; time2[29] ; clk          ; clk         ; 1.000        ; -0.059     ; 2.553      ;
; -1.616 ; time3[4]  ; time3[31] ; clk          ; clk         ; 1.000        ; -0.058     ; 2.553      ;
; -1.616 ; time1[4]  ; time1[31] ; clk          ; clk         ; 1.000        ; -0.058     ; 2.553      ;
; -1.616 ; time3[2]  ; time3[29] ; clk          ; clk         ; 1.000        ; -0.058     ; 2.553      ;
; -1.616 ; time1[2]  ; time1[29] ; clk          ; clk         ; 1.000        ; -0.058     ; 2.553      ;
; -1.616 ; time2[0]  ; time2[28] ; clk          ; clk         ; 1.000        ; -0.059     ; 2.552      ;
; -1.615 ; time3[0]  ; time3[28] ; clk          ; clk         ; 1.000        ; -0.058     ; 2.552      ;
; -1.615 ; time1[0]  ; time1[28] ; clk          ; clk         ; 1.000        ; -0.058     ; 2.552      ;
; -1.612 ; count[2]  ; count[29] ; clk          ; clk         ; 1.000        ; -0.055     ; 2.552      ;
; -1.609 ; count[29] ; count[9]  ; clk          ; clk         ; 1.000        ; -0.060     ; 2.544      ;
; -1.604 ; count[29] ; count[6]  ; clk          ; clk         ; 1.000        ; -0.060     ; 2.539      ;
; -1.603 ; count[30] ; count[9]  ; clk          ; clk         ; 1.000        ; -0.060     ; 2.538      ;
; -1.603 ; time2[5]  ; time2[30] ; clk          ; clk         ; 1.000        ; -0.059     ; 2.539      ;
; -1.603 ; time2[3]  ; time2[28] ; clk          ; clk         ; 1.000        ; -0.059     ; 2.539      ;
; -1.602 ; time3[5]  ; time3[30] ; clk          ; clk         ; 1.000        ; -0.058     ; 2.539      ;
; -1.602 ; time1[5]  ; time1[30] ; clk          ; clk         ; 1.000        ; -0.058     ; 2.539      ;
; -1.602 ; time3[3]  ; time3[28] ; clk          ; clk         ; 1.000        ; -0.058     ; 2.539      ;
; -1.602 ; time1[3]  ; time1[28] ; clk          ; clk         ; 1.000        ; -0.058     ; 2.539      ;
; -1.601 ; count[8]  ; count[25] ; clk          ; clk         ; 1.000        ; -0.381     ; 2.215      ;
; -1.601 ; count[1]  ; count[26] ; clk          ; clk         ; 1.000        ; -0.055     ; 2.541      ;
; -1.600 ; count[1]  ; count[19] ; clk          ; clk         ; 1.000        ; 0.256      ; 2.851      ;
; -1.599 ; count[5]  ; count[30] ; clk          ; clk         ; 1.000        ; -0.055     ; 2.539      ;
; -1.599 ; count[3]  ; count[28] ; clk          ; clk         ; 1.000        ; -0.055     ; 2.539      ;
; -1.598 ; count[0]  ; count[18] ; clk          ; clk         ; 1.000        ; 0.256      ; 2.849      ;
; -1.598 ; count[30] ; count[6]  ; clk          ; clk         ; 1.000        ; -0.060     ; 2.533      ;
; -1.598 ; time2[0]  ; time2[27] ; clk          ; clk         ; 1.000        ; -0.059     ; 2.534      ;
; -1.597 ; time3[0]  ; time3[27] ; clk          ; clk         ; 1.000        ; -0.058     ; 2.534      ;
; -1.597 ; time1[0]  ; time1[27] ; clk          ; clk         ; 1.000        ; -0.058     ; 2.534      ;
; -1.596 ; count[8]  ; count[26] ; clk          ; clk         ; 1.000        ; -0.381     ; 2.210      ;
; -1.594 ; count[28] ; count[0]  ; clk          ; clk         ; 1.000        ; -0.059     ; 2.530      ;
; -1.587 ; count[19] ; count[30] ; clk          ; clk         ; 1.000        ; -0.381     ; 2.201      ;
; -1.587 ; count[8]  ; count[31] ; clk          ; clk         ; 1.000        ; -0.067     ; 2.515      ;
; -1.587 ; time2[1]  ; time2[26] ; clk          ; clk         ; 1.000        ; -0.059     ; 2.523      ;
; -1.586 ; time3[1]  ; time3[26] ; clk          ; clk         ; 1.000        ; -0.058     ; 2.523      ;
; -1.586 ; time1[1]  ; time1[26] ; clk          ; clk         ; 1.000        ; -0.058     ; 2.523      ;
; -1.585 ; time2[5]  ; time2[31] ; clk          ; clk         ; 1.000        ; -0.059     ; 2.521      ;
; -1.585 ; time2[3]  ; time2[29] ; clk          ; clk         ; 1.000        ; -0.059     ; 2.521      ;
; -1.584 ; count[28] ; count[8]  ; clk          ; clk         ; 1.000        ; 0.254      ; 2.833      ;
+--------+-----------+-----------+--------------+-------------+--------------+------------+------------+


+--------------------------------------------------------------------------------------------------------------------+
; Slow 1200mV 0C Model Hold: 'clk'                                                                                   ;
+--------+-----------+-------------------------+--------------+-------------+--------------+------------+------------+
; Slack  ; From Node ; To Node                 ; Launch Clock ; Latch Clock ; Relationship ; Clock Skew ; Data Delay ;
+--------+-----------+-------------------------+--------------+-------------+--------------+------------+------------+
; -0.207 ; echo3     ; current_state3.COUNTING ; echo3        ; clk         ; 0.000        ; 2.121      ; 2.088      ;
; -0.203 ; echo2     ; current_state2.COUNTING ; echo2        ; clk         ; 0.000        ; 2.115      ; 2.086      ;
; -0.168 ; echo1     ; current_state1.COUNTING ; echo1        ; clk         ; 0.000        ; 2.121      ; 2.127      ;
; -0.040 ; echo3     ; time3[31]               ; echo3        ; clk         ; 0.000        ; 2.120      ; 2.254      ;
; -0.040 ; echo3     ; time3[16]               ; echo3        ; clk         ; 0.000        ; 2.120      ; 2.254      ;
; -0.040 ; echo3     ; time3[17]               ; echo3        ; clk         ; 0.000        ; 2.120      ; 2.254      ;
; -0.040 ; echo3     ; time3[18]               ; echo3        ; clk         ; 0.000        ; 2.120      ; 2.254      ;
; -0.040 ; echo3     ; time3[19]               ; echo3        ; clk         ; 0.000        ; 2.120      ; 2.254      ;
; -0.040 ; echo3     ; time3[20]               ; echo3        ; clk         ; 0.000        ; 2.120      ; 2.254      ;
; -0.040 ; echo3     ; time3[21]               ; echo3        ; clk         ; 0.000        ; 2.120      ; 2.254      ;
; -0.040 ; echo3     ; time3[22]               ; echo3        ; clk         ; 0.000        ; 2.120      ; 2.254      ;
; -0.040 ; echo3     ; time3[23]               ; echo3        ; clk         ; 0.000        ; 2.120      ; 2.254      ;
; -0.040 ; echo3     ; time3[24]               ; echo3        ; clk         ; 0.000        ; 2.120      ; 2.254      ;
; -0.040 ; echo3     ; time3[25]               ; echo3        ; clk         ; 0.000        ; 2.120      ; 2.254      ;
; -0.040 ; echo3     ; time3[26]               ; echo3        ; clk         ; 0.000        ; 2.120      ; 2.254      ;
; -0.040 ; echo3     ; time3[27]               ; echo3        ; clk         ; 0.000        ; 2.120      ; 2.254      ;
; -0.040 ; echo3     ; time3[28]               ; echo3        ; clk         ; 0.000        ; 2.120      ; 2.254      ;
; -0.040 ; echo3     ; time3[29]               ; echo3        ; clk         ; 0.000        ; 2.120      ; 2.254      ;
; -0.040 ; echo3     ; time3[30]               ; echo3        ; clk         ; 0.000        ; 2.120      ; 2.254      ;
; 0.022  ; echo1     ; time1[31]               ; echo1        ; clk         ; 0.000        ; 2.122      ; 2.318      ;
; 0.022  ; echo1     ; time1[16]               ; echo1        ; clk         ; 0.000        ; 2.122      ; 2.318      ;
; 0.022  ; echo1     ; time1[17]               ; echo1        ; clk         ; 0.000        ; 2.122      ; 2.318      ;
; 0.022  ; echo1     ; time1[18]               ; echo1        ; clk         ; 0.000        ; 2.122      ; 2.318      ;
; 0.022  ; echo1     ; time1[19]               ; echo1        ; clk         ; 0.000        ; 2.122      ; 2.318      ;
; 0.022  ; echo1     ; time1[20]               ; echo1        ; clk         ; 0.000        ; 2.122      ; 2.318      ;
; 0.022  ; echo1     ; time1[21]               ; echo1        ; clk         ; 0.000        ; 2.122      ; 2.318      ;
; 0.022  ; echo1     ; time1[22]               ; echo1        ; clk         ; 0.000        ; 2.122      ; 2.318      ;
; 0.022  ; echo1     ; time1[23]               ; echo1        ; clk         ; 0.000        ; 2.122      ; 2.318      ;
; 0.022  ; echo1     ; time1[24]               ; echo1        ; clk         ; 0.000        ; 2.122      ; 2.318      ;
; 0.022  ; echo1     ; time1[25]               ; echo1        ; clk         ; 0.000        ; 2.122      ; 2.318      ;
; 0.022  ; echo1     ; time1[26]               ; echo1        ; clk         ; 0.000        ; 2.122      ; 2.318      ;
; 0.022  ; echo1     ; time1[27]               ; echo1        ; clk         ; 0.000        ; 2.122      ; 2.318      ;
; 0.022  ; echo1     ; time1[28]               ; echo1        ; clk         ; 0.000        ; 2.122      ; 2.318      ;
; 0.022  ; echo1     ; time1[29]               ; echo1        ; clk         ; 0.000        ; 2.122      ; 2.318      ;
; 0.022  ; echo1     ; time1[30]               ; echo1        ; clk         ; 0.000        ; 2.122      ; 2.318      ;
; 0.038  ; echo1     ; time1[0]                ; echo1        ; clk         ; 0.000        ; 2.123      ; 2.335      ;
; 0.038  ; echo1     ; time1[1]                ; echo1        ; clk         ; 0.000        ; 2.123      ; 2.335      ;
; 0.038  ; echo1     ; time1[2]                ; echo1        ; clk         ; 0.000        ; 2.123      ; 2.335      ;
; 0.038  ; echo1     ; time1[3]                ; echo1        ; clk         ; 0.000        ; 2.123      ; 2.335      ;
; 0.038  ; echo1     ; time1[4]                ; echo1        ; clk         ; 0.000        ; 2.123      ; 2.335      ;
; 0.038  ; echo1     ; time1[5]                ; echo1        ; clk         ; 0.000        ; 2.123      ; 2.335      ;
; 0.038  ; echo1     ; time1[6]                ; echo1        ; clk         ; 0.000        ; 2.123      ; 2.335      ;
; 0.038  ; echo1     ; time1[7]                ; echo1        ; clk         ; 0.000        ; 2.123      ; 2.335      ;
; 0.038  ; echo1     ; time1[8]                ; echo1        ; clk         ; 0.000        ; 2.123      ; 2.335      ;
; 0.038  ; echo1     ; time1[9]                ; echo1        ; clk         ; 0.000        ; 2.123      ; 2.335      ;
; 0.038  ; echo1     ; time1[10]               ; echo1        ; clk         ; 0.000        ; 2.123      ; 2.335      ;
; 0.038  ; echo1     ; time1[11]               ; echo1        ; clk         ; 0.000        ; 2.123      ; 2.335      ;
; 0.038  ; echo1     ; time1[12]               ; echo1        ; clk         ; 0.000        ; 2.123      ; 2.335      ;
; 0.038  ; echo1     ; time1[13]               ; echo1        ; clk         ; 0.000        ; 2.123      ; 2.335      ;
; 0.038  ; echo1     ; time1[14]               ; echo1        ; clk         ; 0.000        ; 2.123      ; 2.335      ;
; 0.038  ; echo1     ; time1[15]               ; echo1        ; clk         ; 0.000        ; 2.123      ; 2.335      ;
; 0.041  ; echo2     ; time2[31]               ; echo2        ; clk         ; 0.000        ; 2.113      ; 2.328      ;
; 0.041  ; echo2     ; time2[16]               ; echo2        ; clk         ; 0.000        ; 2.113      ; 2.328      ;
; 0.041  ; echo2     ; time2[17]               ; echo2        ; clk         ; 0.000        ; 2.113      ; 2.328      ;
; 0.041  ; echo2     ; time2[18]               ; echo2        ; clk         ; 0.000        ; 2.113      ; 2.328      ;
; 0.041  ; echo2     ; time2[19]               ; echo2        ; clk         ; 0.000        ; 2.113      ; 2.328      ;
; 0.041  ; echo2     ; time2[20]               ; echo2        ; clk         ; 0.000        ; 2.113      ; 2.328      ;
; 0.041  ; echo2     ; time2[21]               ; echo2        ; clk         ; 0.000        ; 2.113      ; 2.328      ;
; 0.041  ; echo2     ; time2[22]               ; echo2        ; clk         ; 0.000        ; 2.113      ; 2.328      ;
; 0.041  ; echo2     ; time2[23]               ; echo2        ; clk         ; 0.000        ; 2.113      ; 2.328      ;
; 0.041  ; echo2     ; time2[24]               ; echo2        ; clk         ; 0.000        ; 2.113      ; 2.328      ;
; 0.041  ; echo2     ; time2[25]               ; echo2        ; clk         ; 0.000        ; 2.113      ; 2.328      ;
; 0.041  ; echo2     ; time2[26]               ; echo2        ; clk         ; 0.000        ; 2.113      ; 2.328      ;
; 0.041  ; echo2     ; time2[27]               ; echo2        ; clk         ; 0.000        ; 2.113      ; 2.328      ;
; 0.041  ; echo2     ; time2[28]               ; echo2        ; clk         ; 0.000        ; 2.113      ; 2.328      ;
; 0.041  ; echo2     ; time2[29]               ; echo2        ; clk         ; 0.000        ; 2.113      ; 2.328      ;
; 0.041  ; echo2     ; time2[30]               ; echo2        ; clk         ; 0.000        ; 2.113      ; 2.328      ;
; 0.100  ; echo3     ; time3[0]                ; echo3        ; clk         ; 0.000        ; 2.121      ; 2.395      ;
; 0.100  ; echo3     ; time3[1]                ; echo3        ; clk         ; 0.000        ; 2.121      ; 2.395      ;
; 0.100  ; echo3     ; time3[2]                ; echo3        ; clk         ; 0.000        ; 2.121      ; 2.395      ;
; 0.100  ; echo3     ; time3[3]                ; echo3        ; clk         ; 0.000        ; 2.121      ; 2.395      ;
; 0.100  ; echo3     ; time3[4]                ; echo3        ; clk         ; 0.000        ; 2.121      ; 2.395      ;
; 0.100  ; echo3     ; time3[5]                ; echo3        ; clk         ; 0.000        ; 2.121      ; 2.395      ;
; 0.100  ; echo3     ; time3[6]                ; echo3        ; clk         ; 0.000        ; 2.121      ; 2.395      ;
; 0.100  ; echo3     ; time3[7]                ; echo3        ; clk         ; 0.000        ; 2.121      ; 2.395      ;
; 0.100  ; echo3     ; time3[8]                ; echo3        ; clk         ; 0.000        ; 2.121      ; 2.395      ;
; 0.100  ; echo3     ; time3[9]                ; echo3        ; clk         ; 0.000        ; 2.121      ; 2.395      ;
; 0.100  ; echo3     ; time3[10]               ; echo3        ; clk         ; 0.000        ; 2.121      ; 2.395      ;
; 0.100  ; echo3     ; time3[11]               ; echo3        ; clk         ; 0.000        ; 2.121      ; 2.395      ;
; 0.100  ; echo3     ; time3[12]               ; echo3        ; clk         ; 0.000        ; 2.121      ; 2.395      ;
; 0.100  ; echo3     ; time3[13]               ; echo3        ; clk         ; 0.000        ; 2.121      ; 2.395      ;
; 0.100  ; echo3     ; time3[14]               ; echo3        ; clk         ; 0.000        ; 2.121      ; 2.395      ;
; 0.100  ; echo3     ; time3[15]               ; echo3        ; clk         ; 0.000        ; 2.121      ; 2.395      ;
; 0.104  ; echo2     ; time2[0]                ; echo2        ; clk         ; 0.000        ; 2.115      ; 2.393      ;
; 0.104  ; echo2     ; time2[1]                ; echo2        ; clk         ; 0.000        ; 2.115      ; 2.393      ;
; 0.104  ; echo2     ; time2[2]                ; echo2        ; clk         ; 0.000        ; 2.115      ; 2.393      ;
; 0.104  ; echo2     ; time2[3]                ; echo2        ; clk         ; 0.000        ; 2.115      ; 2.393      ;
; 0.104  ; echo2     ; time2[4]                ; echo2        ; clk         ; 0.000        ; 2.115      ; 2.393      ;
; 0.104  ; echo2     ; time2[5]                ; echo2        ; clk         ; 0.000        ; 2.115      ; 2.393      ;
; 0.104  ; echo2     ; time2[6]                ; echo2        ; clk         ; 0.000        ; 2.115      ; 2.393      ;
; 0.104  ; echo2     ; time2[7]                ; echo2        ; clk         ; 0.000        ; 2.115      ; 2.393      ;
; 0.104  ; echo2     ; time2[8]                ; echo2        ; clk         ; 0.000        ; 2.115      ; 2.393      ;
; 0.104  ; echo2     ; time2[9]                ; echo2        ; clk         ; 0.000        ; 2.115      ; 2.393      ;
; 0.104  ; echo2     ; time2[10]               ; echo2        ; clk         ; 0.000        ; 2.115      ; 2.393      ;
; 0.104  ; echo2     ; time2[11]               ; echo2        ; clk         ; 0.000        ; 2.115      ; 2.393      ;
; 0.104  ; echo2     ; time2[12]               ; echo2        ; clk         ; 0.000        ; 2.115      ; 2.393      ;
; 0.104  ; echo2     ; time2[13]               ; echo2        ; clk         ; 0.000        ; 2.115      ; 2.393      ;
; 0.104  ; echo2     ; time2[14]               ; echo2        ; clk         ; 0.000        ; 2.115      ; 2.393      ;
; 0.104  ; echo2     ; time2[15]               ; echo2        ; clk         ; 0.000        ; 2.115      ; 2.393      ;
; 0.386  ; out1      ; right1[2]~reg0          ; echo1        ; clk         ; 0.000        ; 0.286      ; 0.846      ;
+--------+-----------+-------------------------+--------------+-------------+--------------+------------+------------+


+---------------------------------------------------------------------------------------------------+
; Slow 1200mV 0C Model Hold: 'echo2'                                                                ;
+-------+-----------+---------+--------------+-------------+--------------+------------+------------+
; Slack ; From Node ; To Node ; Launch Clock ; Latch Clock ; Relationship ; Clock Skew ; Data Delay ;
+-------+-----------+---------+--------------+-------------+--------------+------------+------------+
; 1.169 ; time2[31] ; out2    ; clk          ; echo2       ; 0.000        ; -0.110     ; 1.089      ;
; 1.715 ; time2[15] ; out2    ; clk          ; echo2       ; 0.000        ; -0.113     ; 1.632      ;
; 1.753 ; time2[16] ; out2    ; clk          ; echo2       ; 0.000        ; -0.110     ; 1.673      ;
; 1.778 ; time2[4]  ; out2    ; clk          ; echo2       ; 0.000        ; -0.113     ; 1.695      ;
; 1.786 ; time2[30] ; out2    ; clk          ; echo2       ; 0.000        ; -0.110     ; 1.706      ;
; 1.796 ; time2[28] ; out2    ; clk          ; echo2       ; 0.000        ; -0.110     ; 1.716      ;
; 1.797 ; time2[25] ; out2    ; clk          ; echo2       ; 0.000        ; -0.110     ; 1.717      ;
; 1.811 ; time2[5]  ; out2    ; clk          ; echo2       ; 0.000        ; -0.113     ; 1.728      ;
; 1.867 ; time2[29] ; out2    ; clk          ; echo2       ; 0.000        ; -0.110     ; 1.787      ;
; 1.878 ; time2[27] ; out2    ; clk          ; echo2       ; 0.000        ; -0.110     ; 1.798      ;
; 1.888 ; time2[21] ; out2    ; clk          ; echo2       ; 0.000        ; -0.110     ; 1.808      ;
; 1.898 ; time2[23] ; out2    ; clk          ; echo2       ; 0.000        ; -0.110     ; 1.818      ;
; 1.907 ; time2[3]  ; out2    ; clk          ; echo2       ; 0.000        ; -0.113     ; 1.824      ;
; 1.910 ; time2[17] ; out2    ; clk          ; echo2       ; 0.000        ; -0.110     ; 1.830      ;
; 1.955 ; time2[19] ; out2    ; clk          ; echo2       ; 0.000        ; -0.110     ; 1.875      ;
; 1.960 ; time2[18] ; out2    ; clk          ; echo2       ; 0.000        ; -0.110     ; 1.880      ;
; 1.970 ; time2[20] ; out2    ; clk          ; echo2       ; 0.000        ; -0.110     ; 1.890      ;
; 1.975 ; time2[14] ; out2    ; clk          ; echo2       ; 0.000        ; -0.113     ; 1.892      ;
; 2.001 ; time2[2]  ; out2    ; clk          ; echo2       ; 0.000        ; -0.113     ; 1.918      ;
; 2.009 ; time2[26] ; out2    ; clk          ; echo2       ; 0.000        ; -0.110     ; 1.929      ;
; 2.029 ; time2[6]  ; out2    ; clk          ; echo2       ; 0.000        ; -0.113     ; 1.946      ;
; 2.049 ; time2[22] ; out2    ; clk          ; echo2       ; 0.000        ; -0.110     ; 1.969      ;
; 2.073 ; time2[7]  ; out2    ; clk          ; echo2       ; 0.000        ; -0.113     ; 1.990      ;
; 2.078 ; time2[11] ; out2    ; clk          ; echo2       ; 0.000        ; -0.113     ; 1.995      ;
; 2.111 ; time2[8]  ; out2    ; clk          ; echo2       ; 0.000        ; -0.113     ; 2.028      ;
; 2.127 ; time2[12] ; out2    ; clk          ; echo2       ; 0.000        ; -0.113     ; 2.044      ;
; 2.128 ; time2[9]  ; out2    ; clk          ; echo2       ; 0.000        ; -0.113     ; 2.045      ;
; 2.135 ; time2[10] ; out2    ; clk          ; echo2       ; 0.000        ; -0.113     ; 2.052      ;
; 2.148 ; time2[13] ; out2    ; clk          ; echo2       ; 0.000        ; -0.113     ; 2.065      ;
; 2.176 ; time2[24] ; out2    ; clk          ; echo2       ; 0.000        ; -0.110     ; 2.096      ;
+-------+-----------+---------+--------------+-------------+--------------+------------+------------+


+---------------------------------------------------------------------------------------------------+
; Slow 1200mV 0C Model Hold: 'echo3'                                                                ;
+-------+-----------+---------+--------------+-------------+--------------+------------+------------+
; Slack ; From Node ; To Node ; Launch Clock ; Latch Clock ; Relationship ; Clock Skew ; Data Delay ;
+-------+-----------+---------+--------------+-------------+--------------+------------+------------+
; 1.313 ; time3[31] ; out3    ; clk          ; echo3       ; 0.000        ; 0.053      ; 1.396      ;
; 1.457 ; time3[25] ; out3    ; clk          ; echo3       ; 0.000        ; 0.053      ; 1.540      ;
; 1.558 ; time3[22] ; out3    ; clk          ; echo3       ; 0.000        ; 0.053      ; 1.641      ;
; 1.569 ; time3[30] ; out3    ; clk          ; echo3       ; 0.000        ; 0.053      ; 1.652      ;
; 1.577 ; time3[29] ; out3    ; clk          ; echo3       ; 0.000        ; 0.053      ; 1.660      ;
; 1.645 ; time3[5]  ; out3    ; clk          ; echo3       ; 0.000        ; 0.052      ; 1.727      ;
; 1.708 ; time3[23] ; out3    ; clk          ; echo3       ; 0.000        ; 0.053      ; 1.791      ;
; 1.728 ; time3[3]  ; out3    ; clk          ; echo3       ; 0.000        ; 0.052      ; 1.810      ;
; 1.757 ; time3[4]  ; out3    ; clk          ; echo3       ; 0.000        ; 0.052      ; 1.839      ;
; 1.762 ; time3[13] ; out3    ; clk          ; echo3       ; 0.000        ; 0.052      ; 1.844      ;
; 1.762 ; time3[17] ; out3    ; clk          ; echo3       ; 0.000        ; 0.053      ; 1.845      ;
; 1.778 ; time3[15] ; out3    ; clk          ; echo3       ; 0.000        ; 0.052      ; 1.860      ;
; 1.779 ; time3[16] ; out3    ; clk          ; echo3       ; 0.000        ; 0.053      ; 1.862      ;
; 1.809 ; time3[26] ; out3    ; clk          ; echo3       ; 0.000        ; 0.053      ; 1.892      ;
; 1.822 ; time3[20] ; out3    ; clk          ; echo3       ; 0.000        ; 0.053      ; 1.905      ;
; 1.823 ; time3[2]  ; out3    ; clk          ; echo3       ; 0.000        ; 0.052      ; 1.905      ;
; 1.832 ; time3[24] ; out3    ; clk          ; echo3       ; 0.000        ; 0.053      ; 1.915      ;
; 1.866 ; time3[6]  ; out3    ; clk          ; echo3       ; 0.000        ; 0.052      ; 1.948      ;
; 1.870 ; time3[19] ; out3    ; clk          ; echo3       ; 0.000        ; 0.053      ; 1.953      ;
; 1.888 ; time3[14] ; out3    ; clk          ; echo3       ; 0.000        ; 0.052      ; 1.970      ;
; 1.892 ; time3[21] ; out3    ; clk          ; echo3       ; 0.000        ; 0.053      ; 1.975      ;
; 1.907 ; time3[7]  ; out3    ; clk          ; echo3       ; 0.000        ; 0.052      ; 1.989      ;
; 1.949 ; time3[9]  ; out3    ; clk          ; echo3       ; 0.000        ; 0.052      ; 2.031      ;
; 1.959 ; time3[28] ; out3    ; clk          ; echo3       ; 0.000        ; 0.053      ; 2.042      ;
; 1.974 ; time3[27] ; out3    ; clk          ; echo3       ; 0.000        ; 0.053      ; 2.057      ;
; 2.006 ; time3[18] ; out3    ; clk          ; echo3       ; 0.000        ; 0.053      ; 2.089      ;
; 2.016 ; time3[12] ; out3    ; clk          ; echo3       ; 0.000        ; 0.052      ; 2.098      ;
; 2.023 ; time3[10] ; out3    ; clk          ; echo3       ; 0.000        ; 0.052      ; 2.105      ;
; 2.105 ; time3[8]  ; out3    ; clk          ; echo3       ; 0.000        ; 0.052      ; 2.187      ;
; 2.118 ; time3[11] ; out3    ; clk          ; echo3       ; 0.000        ; 0.052      ; 2.200      ;
+-------+-----------+---------+--------------+-------------+--------------+------------+------------+


+---------------------------------------------------------------------------------------------------+
; Slow 1200mV 0C Model Hold: 'echo1'                                                                ;
+-------+-----------+---------+--------------+-------------+--------------+------------+------------+
; Slack ; From Node ; To Node ; Launch Clock ; Latch Clock ; Relationship ; Clock Skew ; Data Delay ;
+-------+-----------+---------+--------------+-------------+--------------+------------+------------+
; 1.358 ; time1[31] ; out1    ; clk          ; echo1       ; 0.000        ; -0.146     ; 1.242      ;
; 1.769 ; time1[30] ; out1    ; clk          ; echo1       ; 0.000        ; -0.146     ; 1.653      ;
; 1.814 ; time1[27] ; out1    ; clk          ; echo1       ; 0.000        ; -0.146     ; 1.698      ;
; 1.878 ; time1[20] ; out1    ; clk          ; echo1       ; 0.000        ; -0.146     ; 1.762      ;
; 1.894 ; time1[26] ; out1    ; clk          ; echo1       ; 0.000        ; -0.146     ; 1.778      ;
; 1.901 ; time1[13] ; out1    ; clk          ; echo1       ; 0.000        ; -0.147     ; 1.784      ;
; 1.904 ; time1[28] ; out1    ; clk          ; echo1       ; 0.000        ; -0.146     ; 1.788      ;
; 1.928 ; time1[4]  ; out1    ; clk          ; echo1       ; 0.000        ; -0.147     ; 1.811      ;
; 1.934 ; time1[22] ; out1    ; clk          ; echo1       ; 0.000        ; -0.146     ; 1.818      ;
; 1.942 ; time1[18] ; out1    ; clk          ; echo1       ; 0.000        ; -0.146     ; 1.826      ;
; 1.961 ; time1[14] ; out1    ; clk          ; echo1       ; 0.000        ; -0.147     ; 1.844      ;
; 1.962 ; time1[17] ; out1    ; clk          ; echo1       ; 0.000        ; -0.146     ; 1.846      ;
; 1.982 ; time1[12] ; out1    ; clk          ; echo1       ; 0.000        ; -0.147     ; 1.865      ;
; 1.983 ; time1[15] ; out1    ; clk          ; echo1       ; 0.000        ; -0.147     ; 1.866      ;
; 1.985 ; time1[21] ; out1    ; clk          ; echo1       ; 0.000        ; -0.146     ; 1.869      ;
; 1.992 ; time1[19] ; out1    ; clk          ; echo1       ; 0.000        ; -0.146     ; 1.876      ;
; 1.996 ; time1[24] ; out1    ; clk          ; echo1       ; 0.000        ; -0.146     ; 1.880      ;
; 2.030 ; time1[29] ; out1    ; clk          ; echo1       ; 0.000        ; -0.146     ; 1.914      ;
; 2.038 ; time1[6]  ; out1    ; clk          ; echo1       ; 0.000        ; -0.147     ; 1.921      ;
; 2.043 ; time1[3]  ; out1    ; clk          ; echo1       ; 0.000        ; -0.147     ; 1.926      ;
; 2.063 ; time1[5]  ; out1    ; clk          ; echo1       ; 0.000        ; -0.147     ; 1.946      ;
; 2.085 ; time1[23] ; out1    ; clk          ; echo1       ; 0.000        ; -0.146     ; 1.969      ;
; 2.119 ; time1[7]  ; out1    ; clk          ; echo1       ; 0.000        ; -0.147     ; 2.002      ;
; 2.122 ; time1[2]  ; out1    ; clk          ; echo1       ; 0.000        ; -0.147     ; 2.005      ;
; 2.124 ; time1[11] ; out1    ; clk          ; echo1       ; 0.000        ; -0.147     ; 2.007      ;
; 2.136 ; time1[16] ; out1    ; clk          ; echo1       ; 0.000        ; -0.146     ; 2.020      ;
; 2.146 ; time1[10] ; out1    ; clk          ; echo1       ; 0.000        ; -0.147     ; 2.029      ;
; 2.213 ; time1[25] ; out1    ; clk          ; echo1       ; 0.000        ; -0.146     ; 2.097      ;
; 2.320 ; time1[9]  ; out1    ; clk          ; echo1       ; 0.000        ; -0.147     ; 2.203      ;
; 2.341 ; time1[8]  ; out1    ; clk          ; echo1       ; 0.000        ; -0.147     ; 2.224      ;
+-------+-----------+---------+--------------+-------------+--------------+------------+------------+


+----------------------------------------------------------------------------------------------------+
; Slow 1200mV 0C Model Minimum Pulse Width: 'clk'                                                    ;
+--------+--------------+----------------+------------+-------+------------+-------------------------+
; Slack  ; Actual Width ; Required Width ; Type       ; Clock ; Clock Edge ; Target                  ;
+--------+--------------+----------------+------------+-------+------------+-------------------------+
; -3.000 ; 1.000        ; 4.000          ; Port Rate  ; clk   ; Rise       ; clk                     ;
; -1.000 ; 1.000        ; 2.000          ; Min Period ; clk   ; Rise       ; count[0]                ;
; -1.000 ; 1.000        ; 2.000          ; Min Period ; clk   ; Rise       ; count[10]               ;
; -1.000 ; 1.000        ; 2.000          ; Min Period ; clk   ; Rise       ; count[11]               ;
; -1.000 ; 1.000        ; 2.000          ; Min Period ; clk   ; Rise       ; count[12]               ;
; -1.000 ; 1.000        ; 2.000          ; Min Period ; clk   ; Rise       ; count[13]               ;
; -1.000 ; 1.000        ; 2.000          ; Min Period ; clk   ; Rise       ; count[14]               ;
; -1.000 ; 1.000        ; 2.000          ; Min Period ; clk   ; Rise       ; count[15]               ;
; -1.000 ; 1.000        ; 2.000          ; Min Period ; clk   ; Rise       ; count[16]               ;
; -1.000 ; 1.000        ; 2.000          ; Min Period ; clk   ; Rise       ; count[17]               ;
; -1.000 ; 1.000        ; 2.000          ; Min Period ; clk   ; Rise       ; count[18]               ;
; -1.000 ; 1.000        ; 2.000          ; Min Period ; clk   ; Rise       ; count[19]               ;
; -1.000 ; 1.000        ; 2.000          ; Min Period ; clk   ; Rise       ; count[1]                ;
; -1.000 ; 1.000        ; 2.000          ; Min Period ; clk   ; Rise       ; count[20]               ;
; -1.000 ; 1.000        ; 2.000          ; Min Period ; clk   ; Rise       ; count[21]               ;
; -1.000 ; 1.000        ; 2.000          ; Min Period ; clk   ; Rise       ; count[22]               ;
; -1.000 ; 1.000        ; 2.000          ; Min Period ; clk   ; Rise       ; count[23]               ;
; -1.000 ; 1.000        ; 2.000          ; Min Period ; clk   ; Rise       ; count[24]               ;
; -1.000 ; 1.000        ; 2.000          ; Min Period ; clk   ; Rise       ; count[25]               ;
; -1.000 ; 1.000        ; 2.000          ; Min Period ; clk   ; Rise       ; count[26]               ;
; -1.000 ; 1.000        ; 2.000          ; Min Period ; clk   ; Rise       ; count[27]               ;
; -1.000 ; 1.000        ; 2.000          ; Min Period ; clk   ; Rise       ; count[28]               ;
; -1.000 ; 1.000        ; 2.000          ; Min Period ; clk   ; Rise       ; count[29]               ;
; -1.000 ; 1.000        ; 2.000          ; Min Period ; clk   ; Rise       ; count[2]                ;
; -1.000 ; 1.000        ; 2.000          ; Min Period ; clk   ; Rise       ; count[30]               ;
; -1.000 ; 1.000        ; 2.000          ; Min Period ; clk   ; Rise       ; count[31]               ;
; -1.000 ; 1.000        ; 2.000          ; Min Period ; clk   ; Rise       ; count[3]                ;
; -1.000 ; 1.000        ; 2.000          ; Min Period ; clk   ; Rise       ; count[4]                ;
; -1.000 ; 1.000        ; 2.000          ; Min Period ; clk   ; Rise       ; count[5]                ;
; -1.000 ; 1.000        ; 2.000          ; Min Period ; clk   ; Rise       ; count[6]                ;
; -1.000 ; 1.000        ; 2.000          ; Min Period ; clk   ; Rise       ; count[7]                ;
; -1.000 ; 1.000        ; 2.000          ; Min Period ; clk   ; Rise       ; count[8]                ;
; -1.000 ; 1.000        ; 2.000          ; Min Period ; clk   ; Rise       ; count[9]                ;
; -1.000 ; 1.000        ; 2.000          ; Min Period ; clk   ; Rise       ; current_state1.COUNTING ;
; -1.000 ; 1.000        ; 2.000          ; Min Period ; clk   ; Rise       ; current_state2.COUNTING ;
; -1.000 ; 1.000        ; 2.000          ; Min Period ; clk   ; Rise       ; current_state3.COUNTING ;
; -1.000 ; 1.000        ; 2.000          ; Min Period ; clk   ; Rise       ; left1[0]~reg0           ;
; -1.000 ; 1.000        ; 2.000          ; Min Period ; clk   ; Rise       ; left1[1]~reg0           ;
; -1.000 ; 1.000        ; 2.000          ; Min Period ; clk   ; Rise       ; left1[2]~reg0           ;
; -1.000 ; 1.000        ; 2.000          ; Min Period ; clk   ; Rise       ; left1[3]~reg0           ;
; -1.000 ; 1.000        ; 2.000          ; Min Period ; clk   ; Rise       ; left2[0]~reg0           ;
; -1.000 ; 1.000        ; 2.000          ; Min Period ; clk   ; Rise       ; right1[0]~reg0          ;
; -1.000 ; 1.000        ; 2.000          ; Min Period ; clk   ; Rise       ; right1[1]~reg0          ;
; -1.000 ; 1.000        ; 2.000          ; Min Period ; clk   ; Rise       ; right1[2]~reg0          ;
; -1.000 ; 1.000        ; 2.000          ; Min Period ; clk   ; Rise       ; right1[3]~reg0          ;
; -1.000 ; 1.000        ; 2.000          ; Min Period ; clk   ; Rise       ; right2[0]~reg0          ;
; -1.000 ; 1.000        ; 2.000          ; Min Period ; clk   ; Rise       ; right2[1]~reg0          ;
; -1.000 ; 1.000        ; 2.000          ; Min Period ; clk   ; Rise       ; right2[3]~reg0          ;
; -1.000 ; 1.000        ; 2.000          ; Min Period ; clk   ; Rise       ; time1[0]                ;
; -1.000 ; 1.000        ; 2.000          ; Min Period ; clk   ; Rise       ; time1[10]               ;
; -1.000 ; 1.000        ; 2.000          ; Min Period ; clk   ; Rise       ; time1[11]               ;
; -1.000 ; 1.000        ; 2.000          ; Min Period ; clk   ; Rise       ; time1[12]               ;
; -1.000 ; 1.000        ; 2.000          ; Min Period ; clk   ; Rise       ; time1[13]               ;
; -1.000 ; 1.000        ; 2.000          ; Min Period ; clk   ; Rise       ; time1[14]               ;
; -1.000 ; 1.000        ; 2.000          ; Min Period ; clk   ; Rise       ; time1[15]               ;
; -1.000 ; 1.000        ; 2.000          ; Min Period ; clk   ; Rise       ; time1[16]               ;
; -1.000 ; 1.000        ; 2.000          ; Min Period ; clk   ; Rise       ; time1[17]               ;
; -1.000 ; 1.000        ; 2.000          ; Min Period ; clk   ; Rise       ; time1[18]               ;
; -1.000 ; 1.000        ; 2.000          ; Min Period ; clk   ; Rise       ; time1[19]               ;
; -1.000 ; 1.000        ; 2.000          ; Min Period ; clk   ; Rise       ; time1[1]                ;
; -1.000 ; 1.000        ; 2.000          ; Min Period ; clk   ; Rise       ; time1[20]               ;
; -1.000 ; 1.000        ; 2.000          ; Min Period ; clk   ; Rise       ; time1[21]               ;
; -1.000 ; 1.000        ; 2.000          ; Min Period ; clk   ; Rise       ; time1[22]               ;
; -1.000 ; 1.000        ; 2.000          ; Min Period ; clk   ; Rise       ; time1[23]               ;
; -1.000 ; 1.000        ; 2.000          ; Min Period ; clk   ; Rise       ; time1[24]               ;
; -1.000 ; 1.000        ; 2.000          ; Min Period ; clk   ; Rise       ; time1[25]               ;
; -1.000 ; 1.000        ; 2.000          ; Min Period ; clk   ; Rise       ; time1[26]               ;
; -1.000 ; 1.000        ; 2.000          ; Min Period ; clk   ; Rise       ; time1[27]               ;
; -1.000 ; 1.000        ; 2.000          ; Min Period ; clk   ; Rise       ; time1[28]               ;
; -1.000 ; 1.000        ; 2.000          ; Min Period ; clk   ; Rise       ; time1[29]               ;
; -1.000 ; 1.000        ; 2.000          ; Min Period ; clk   ; Rise       ; time1[2]                ;
; -1.000 ; 1.000        ; 2.000          ; Min Period ; clk   ; Rise       ; time1[30]               ;
; -1.000 ; 1.000        ; 2.000          ; Min Period ; clk   ; Rise       ; time1[31]               ;
; -1.000 ; 1.000        ; 2.000          ; Min Period ; clk   ; Rise       ; time1[3]                ;
; -1.000 ; 1.000        ; 2.000          ; Min Period ; clk   ; Rise       ; time1[4]                ;
; -1.000 ; 1.000        ; 2.000          ; Min Period ; clk   ; Rise       ; time1[5]                ;
; -1.000 ; 1.000        ; 2.000          ; Min Period ; clk   ; Rise       ; time1[6]                ;
; -1.000 ; 1.000        ; 2.000          ; Min Period ; clk   ; Rise       ; time1[7]                ;
; -1.000 ; 1.000        ; 2.000          ; Min Period ; clk   ; Rise       ; time1[8]                ;
; -1.000 ; 1.000        ; 2.000          ; Min Period ; clk   ; Rise       ; time1[9]                ;
; -1.000 ; 1.000        ; 2.000          ; Min Period ; clk   ; Rise       ; time2[0]                ;
; -1.000 ; 1.000        ; 2.000          ; Min Period ; clk   ; Rise       ; time2[10]               ;
; -1.000 ; 1.000        ; 2.000          ; Min Period ; clk   ; Rise       ; time2[11]               ;
; -1.000 ; 1.000        ; 2.000          ; Min Period ; clk   ; Rise       ; time2[12]               ;
; -1.000 ; 1.000        ; 2.000          ; Min Period ; clk   ; Rise       ; time2[13]               ;
; -1.000 ; 1.000        ; 2.000          ; Min Period ; clk   ; Rise       ; time2[14]               ;
; -1.000 ; 1.000        ; 2.000          ; Min Period ; clk   ; Rise       ; time2[15]               ;
; -1.000 ; 1.000        ; 2.000          ; Min Period ; clk   ; Rise       ; time2[16]               ;
; -1.000 ; 1.000        ; 2.000          ; Min Period ; clk   ; Rise       ; time2[17]               ;
; -1.000 ; 1.000        ; 2.000          ; Min Period ; clk   ; Rise       ; time2[18]               ;
; -1.000 ; 1.000        ; 2.000          ; Min Period ; clk   ; Rise       ; time2[19]               ;
; -1.000 ; 1.000        ; 2.000          ; Min Period ; clk   ; Rise       ; time2[1]                ;
; -1.000 ; 1.000        ; 2.000          ; Min Period ; clk   ; Rise       ; time2[20]               ;
; -1.000 ; 1.000        ; 2.000          ; Min Period ; clk   ; Rise       ; time2[21]               ;
; -1.000 ; 1.000        ; 2.000          ; Min Period ; clk   ; Rise       ; time2[22]               ;
; -1.000 ; 1.000        ; 2.000          ; Min Period ; clk   ; Rise       ; time2[23]               ;
; -1.000 ; 1.000        ; 2.000          ; Min Period ; clk   ; Rise       ; time2[24]               ;
; -1.000 ; 1.000        ; 2.000          ; Min Period ; clk   ; Rise       ; time2[25]               ;
; -1.000 ; 1.000        ; 2.000          ; Min Period ; clk   ; Rise       ; time2[26]               ;
; -1.000 ; 1.000        ; 2.000          ; Min Period ; clk   ; Rise       ; time2[27]               ;
+--------+--------------+----------------+------------+-------+------------+-------------------------+


+------------------------------------------------------------------------------------------------+
; Slow 1200mV 0C Model Minimum Pulse Width: 'echo1'                                              ;
+--------+--------------+----------------+------------------+-------+------------+---------------+
; Slack  ; Actual Width ; Required Width ; Type             ; Clock ; Clock Edge ; Target        ;
+--------+--------------+----------------+------------------+-------+------------+---------------+
; -3.000 ; 1.000        ; 4.000          ; Port Rate        ; echo1 ; Rise       ; echo1         ;
; 0.346  ; 0.346        ; 0.000          ; Low Pulse Width  ; echo1 ; Rise       ; echo1~input|o ;
; 0.384  ; 0.384        ; 0.000          ; Low Pulse Width  ; echo1 ; Rise       ; out1|datac    ;
; 0.387  ; 0.387        ; 0.000          ; Low Pulse Width  ; echo1 ; Rise       ; out1          ;
; 0.500  ; 0.500        ; 0.000          ; High Pulse Width ; echo1 ; Rise       ; echo1~input|i ;
; 0.500  ; 0.500        ; 0.000          ; Low Pulse Width  ; echo1 ; Rise       ; echo1~input|i ;
; 0.609  ; 0.609        ; 0.000          ; High Pulse Width ; echo1 ; Rise       ; out1          ;
; 0.614  ; 0.614        ; 0.000          ; High Pulse Width ; echo1 ; Rise       ; out1|datac    ;
; 0.654  ; 0.654        ; 0.000          ; High Pulse Width ; echo1 ; Rise       ; echo1~input|o ;
+--------+--------------+----------------+------------------+-------+------------+---------------+


+------------------------------------------------------------------------------------------------+
; Slow 1200mV 0C Model Minimum Pulse Width: 'echo2'                                              ;
+--------+--------------+----------------+------------------+-------+------------+---------------+
; Slack  ; Actual Width ; Required Width ; Type             ; Clock ; Clock Edge ; Target        ;
+--------+--------------+----------------+------------------+-------+------------+---------------+
; -3.000 ; 1.000        ; 4.000          ; Port Rate        ; echo2 ; Rise       ; echo2         ;
; 0.346  ; 0.346        ; 0.000          ; Low Pulse Width  ; echo2 ; Rise       ; echo2~input|o ;
; 0.369  ; 0.369        ; 0.000          ; Low Pulse Width  ; echo2 ; Rise       ; out2|datac    ;
; 0.372  ; 0.372        ; 0.000          ; Low Pulse Width  ; echo2 ; Rise       ; out2          ;
; 0.500  ; 0.500        ; 0.000          ; High Pulse Width ; echo2 ; Rise       ; echo2~input|i ;
; 0.500  ; 0.500        ; 0.000          ; Low Pulse Width  ; echo2 ; Rise       ; echo2~input|i ;
; 0.622  ; 0.622        ; 0.000          ; High Pulse Width ; echo2 ; Rise       ; out2          ;
; 0.627  ; 0.627        ; 0.000          ; High Pulse Width ; echo2 ; Rise       ; out2|datac    ;
; 0.654  ; 0.654        ; 0.000          ; High Pulse Width ; echo2 ; Rise       ; echo2~input|o ;
+--------+--------------+----------------+------------------+-------+------------+---------------+


+------------------------------------------------------------------------------------------------+
; Slow 1200mV 0C Model Minimum Pulse Width: 'echo3'                                              ;
+--------+--------------+----------------+------------------+-------+------------+---------------+
; Slack  ; Actual Width ; Required Width ; Type             ; Clock ; Clock Edge ; Target        ;
+--------+--------------+----------------+------------------+-------+------------+---------------+
; -3.000 ; 1.000        ; 4.000          ; Port Rate        ; echo3 ; Rise       ; echo3         ;
; 0.346  ; 0.346        ; 0.000          ; Low Pulse Width  ; echo3 ; Rise       ; echo3~input|o ;
; 0.401  ; 0.401        ; 0.000          ; Low Pulse Width  ; echo3 ; Rise       ; out3|datac    ;
; 0.404  ; 0.404        ; 0.000          ; Low Pulse Width  ; echo3 ; Rise       ; out3          ;
; 0.500  ; 0.500        ; 0.000          ; High Pulse Width ; echo3 ; Rise       ; echo3~input|i ;
; 0.500  ; 0.500        ; 0.000          ; Low Pulse Width  ; echo3 ; Rise       ; echo3~input|i ;
; 0.590  ; 0.590        ; 0.000          ; High Pulse Width ; echo3 ; Rise       ; out3          ;
; 0.595  ; 0.595        ; 0.000          ; High Pulse Width ; echo3 ; Rise       ; out3|datac    ;
; 0.654  ; 0.654        ; 0.000          ; High Pulse Width ; echo3 ; Rise       ; echo3~input|o ;
+--------+--------------+----------------+------------------+-------+------------+---------------+


+-----------------------------------------------------------------------+
; Setup Times                                                           ;
+-----------+------------+-------+-------+------------+-----------------+
; Data Port ; Clock Port ; Rise  ; Fall  ; Clock Edge ; Clock Reference ;
+-----------+------------+-------+-------+------------+-----------------+
; echo1     ; clk        ; 0.259 ; 0.384 ; Rise       ; clk             ;
; echo2     ; clk        ; 0.326 ; 0.450 ; Rise       ; clk             ;
; echo3     ; clk        ; 0.324 ; 0.448 ; Rise       ; clk             ;
+-----------+------------+-------+-------+------------+-----------------+


+------------------------------------------------------------------------+
; Hold Times                                                             ;
+-----------+------------+-------+--------+------------+-----------------+
; Data Port ; Clock Port ; Rise  ; Fall   ; Clock Edge ; Clock Reference ;
+-----------+------------+-------+--------+------------+-----------------+
; echo1     ; clk        ; 0.138 ; -0.006 ; Rise       ; clk             ;
; echo2     ; clk        ; 0.173 ; 0.044  ; Rise       ; clk             ;
; echo3     ; clk        ; 0.177 ; 0.048  ; Rise       ; clk             ;
+-----------+------------+-------+--------+------------+-----------------+


+------------------------------------------------------------------------+
; Clock to Output Times                                                  ;
+------------+------------+-------+-------+------------+-----------------+
; Data Port  ; Clock Port ; Rise  ; Fall  ; Clock Edge ; Clock Reference ;
+------------+------------+-------+-------+------------+-----------------+
; left1[*]   ; clk        ; 5.448 ; 5.358 ; Rise       ; clk             ;
;  left1[0]  ; clk        ; 5.194 ; 5.108 ; Rise       ; clk             ;
;  left1[1]  ; clk        ; 5.448 ; 5.358 ; Rise       ; clk             ;
;  left1[2]  ; clk        ; 5.437 ; 5.337 ; Rise       ; clk             ;
;  left1[3]  ; clk        ; 5.215 ; 5.129 ; Rise       ; clk             ;
; left2[*]   ; clk        ; 6.015 ; 5.989 ; Rise       ; clk             ;
;  left2[0]  ; clk        ; 6.015 ; 5.989 ; Rise       ; clk             ;
;  left2[1]  ; clk        ; 5.283 ; 5.218 ; Rise       ; clk             ;
;  left2[2]  ; clk        ; 5.210 ; 5.125 ; Rise       ; clk             ;
; right1[*]  ; clk        ; 5.609 ; 5.487 ; Rise       ; clk             ;
;  right1[0] ; clk        ; 5.609 ; 5.487 ; Rise       ; clk             ;
;  right1[1] ; clk        ; 5.185 ; 5.095 ; Rise       ; clk             ;
;  right1[2] ; clk        ; 5.252 ; 5.174 ; Rise       ; clk             ;
;  right1[3] ; clk        ; 5.215 ; 5.131 ; Rise       ; clk             ;
; right2[*]  ; clk        ; 6.131 ; 6.128 ; Rise       ; clk             ;
;  right2[0] ; clk        ; 5.414 ; 5.368 ; Rise       ; clk             ;
;  right2[1] ; clk        ; 5.441 ; 5.342 ; Rise       ; clk             ;
;  right2[2] ; clk        ; 6.131 ; 6.128 ; Rise       ; clk             ;
;  right2[3] ; clk        ; 5.710 ; 5.607 ; Rise       ; clk             ;
; trig1      ; clk        ; 8.377 ; 8.195 ; Rise       ; clk             ;
; trig2      ; clk        ; 7.776 ; 7.531 ; Rise       ; clk             ;
; trig3      ; clk        ; 7.776 ; 7.531 ; Rise       ; clk             ;
+------------+------------+-------+-------+------------+-----------------+


+------------------------------------------------------------------------+
; Minimum Clock to Output Times                                          ;
+------------+------------+-------+-------+------------+-----------------+
; Data Port  ; Clock Port ; Rise  ; Fall  ; Clock Edge ; Clock Reference ;
+------------+------------+-------+-------+------------+-----------------+
; left1[*]   ; clk        ; 5.029 ; 4.943 ; Rise       ; clk             ;
;  left1[0]  ; clk        ; 5.029 ; 4.943 ; Rise       ; clk             ;
;  left1[1]  ; clk        ; 5.273 ; 5.183 ; Rise       ; clk             ;
;  left1[2]  ; clk        ; 5.263 ; 5.162 ; Rise       ; clk             ;
;  left1[3]  ; clk        ; 5.049 ; 4.963 ; Rise       ; clk             ;
; left2[*]   ; clk        ; 5.039 ; 4.955 ; Rise       ; clk             ;
;  left2[0]  ; clk        ; 5.840 ; 5.814 ; Rise       ; clk             ;
;  left2[1]  ; clk        ; 5.108 ; 5.043 ; Rise       ; clk             ;
;  left2[2]  ; clk        ; 5.039 ; 4.955 ; Rise       ; clk             ;
; right1[*]  ; clk        ; 5.015 ; 4.926 ; Rise       ; clk             ;
;  right1[0] ; clk        ; 5.426 ; 5.305 ; Rise       ; clk             ;
;  right1[1] ; clk        ; 5.015 ; 4.926 ; Rise       ; clk             ;
;  right1[2] ; clk        ; 5.085 ; 5.006 ; Rise       ; clk             ;
;  right1[3] ; clk        ; 5.049 ; 4.965 ; Rise       ; clk             ;
; right2[*]  ; clk        ; 5.235 ; 5.167 ; Rise       ; clk             ;
;  right2[0] ; clk        ; 5.235 ; 5.188 ; Rise       ; clk             ;
;  right2[1] ; clk        ; 5.267 ; 5.167 ; Rise       ; clk             ;
;  right2[2] ; clk        ; 5.953 ; 5.948 ; Rise       ; clk             ;
;  right2[3] ; clk        ; 5.525 ; 5.422 ; Rise       ; clk             ;
; trig1      ; clk        ; 6.982 ; 6.844 ; Rise       ; clk             ;
; trig2      ; clk        ; 6.380 ; 6.177 ; Rise       ; clk             ;
; trig3      ; clk        ; 6.380 ; 6.177 ; Rise       ; clk             ;
+------------+------------+-------+-------+------------+-----------------+


---------------------------------------------
; Slow 1200mV 0C Model Metastability Report ;
---------------------------------------------
No synchronizer chains to report.


+------------------------------------+
; Fast 1200mV 0C Model Setup Summary ;
+-------+--------+-------------------+
; Clock ; Slack  ; End Point TNS     ;
+-------+--------+-------------------+
; echo1 ; -1.225 ; -1.225            ;
; echo2 ; -1.114 ; -1.114            ;
; echo3 ; -1.107 ; -1.107            ;
; clk   ; -0.853 ; -48.779           ;
+-------+--------+-------------------+


+-----------------------------------+
; Fast 1200mV 0C Model Hold Summary ;
+-------+--------+------------------+
; Clock ; Slack  ; End Point TNS    ;
+-------+--------+------------------+
; clk   ; -0.262 ; -10.859          ;
; echo2 ; 0.775  ; 0.000            ;
; echo3 ; 0.866  ; 0.000            ;
; echo1 ; 0.882  ; 0.000            ;
+-------+--------+------------------+


-----------------------------------------
; Fast 1200mV 0C Model Recovery Summary ;
-----------------------------------------
No paths to report.


----------------------------------------
; Fast 1200mV 0C Model Removal Summary ;
----------------------------------------
No paths to report.


+--------------------------------------------------+
; Fast 1200mV 0C Model Minimum Pulse Width Summary ;
+-------+--------+---------------------------------+
; Clock ; Slack  ; End Point TNS                   ;
+-------+--------+---------------------------------+
; clk   ; -3.000 ; -150.598                        ;
; echo1 ; -3.000 ; -3.000                          ;
; echo2 ; -3.000 ; -3.000                          ;
; echo3 ; -3.000 ; -3.000                          ;
+-------+--------+---------------------------------+


+----------------------------------------------------------------------------------------------------+
; Fast 1200mV 0C Model Setup: 'echo1'                                                                ;
+--------+-----------+---------+--------------+-------------+--------------+------------+------------+
; Slack  ; From Node ; To Node ; Launch Clock ; Latch Clock ; Relationship ; Clock Skew ; Data Delay ;
+--------+-----------+---------+--------------+-------------+--------------+------------+------------+
; -1.225 ; time1[8]  ; out1    ; clk          ; echo1       ; 1.000        ; -0.288     ; 1.424      ;
; -1.209 ; time1[9]  ; out1    ; clk          ; echo1       ; 1.000        ; -0.288     ; 1.408      ;
; -1.128 ; time1[25] ; out1    ; clk          ; echo1       ; 1.000        ; -0.288     ; 1.327      ;
; -1.101 ; time1[5]  ; out1    ; clk          ; echo1       ; 1.000        ; -0.288     ; 1.300      ;
; -1.097 ; time1[10] ; out1    ; clk          ; echo1       ; 1.000        ; -0.288     ; 1.296      ;
; -1.091 ; time1[2]  ; out1    ; clk          ; echo1       ; 1.000        ; -0.288     ; 1.290      ;
; -1.083 ; time1[7]  ; out1    ; clk          ; echo1       ; 1.000        ; -0.288     ; 1.282      ;
; -1.081 ; time1[16] ; out1    ; clk          ; echo1       ; 1.000        ; -0.288     ; 1.280      ;
; -1.079 ; time1[11] ; out1    ; clk          ; echo1       ; 1.000        ; -0.288     ; 1.278      ;
; -1.038 ; time1[23] ; out1    ; clk          ; echo1       ; 1.000        ; -0.288     ; 1.237      ;
; -1.030 ; time1[3]  ; out1    ; clk          ; echo1       ; 1.000        ; -0.288     ; 1.229      ;
; -1.021 ; time1[6]  ; out1    ; clk          ; echo1       ; 1.000        ; -0.288     ; 1.220      ;
; -1.009 ; time1[29] ; out1    ; clk          ; echo1       ; 1.000        ; -0.288     ; 1.208      ;
; -0.991 ; time1[12] ; out1    ; clk          ; echo1       ; 1.000        ; -0.288     ; 1.190      ;
; -0.986 ; time1[24] ; out1    ; clk          ; echo1       ; 1.000        ; -0.288     ; 1.185      ;
; -0.982 ; time1[19] ; out1    ; clk          ; echo1       ; 1.000        ; -0.288     ; 1.181      ;
; -0.980 ; time1[21] ; out1    ; clk          ; echo1       ; 1.000        ; -0.288     ; 1.179      ;
; -0.978 ; time1[15] ; out1    ; clk          ; echo1       ; 1.000        ; -0.288     ; 1.177      ;
; -0.976 ; time1[14] ; out1    ; clk          ; echo1       ; 1.000        ; -0.288     ; 1.175      ;
; -0.975 ; time1[4]  ; out1    ; clk          ; echo1       ; 1.000        ; -0.288     ; 1.174      ;
; -0.970 ; time1[17] ; out1    ; clk          ; echo1       ; 1.000        ; -0.288     ; 1.169      ;
; -0.950 ; time1[13] ; out1    ; clk          ; echo1       ; 1.000        ; -0.288     ; 1.149      ;
; -0.945 ; time1[18] ; out1    ; clk          ; echo1       ; 1.000        ; -0.288     ; 1.144      ;
; -0.942 ; time1[22] ; out1    ; clk          ; echo1       ; 1.000        ; -0.288     ; 1.141      ;
; -0.921 ; time1[28] ; out1    ; clk          ; echo1       ; 1.000        ; -0.288     ; 1.120      ;
; -0.909 ; time1[26] ; out1    ; clk          ; echo1       ; 1.000        ; -0.288     ; 1.108      ;
; -0.901 ; time1[20] ; out1    ; clk          ; echo1       ; 1.000        ; -0.288     ; 1.100      ;
; -0.867 ; time1[27] ; out1    ; clk          ; echo1       ; 1.000        ; -0.288     ; 1.066      ;
; -0.854 ; time1[30] ; out1    ; clk          ; echo1       ; 1.000        ; -0.288     ; 1.053      ;
; -0.660 ; time1[31] ; out1    ; clk          ; echo1       ; 1.000        ; -0.288     ; 0.859      ;
+--------+-----------+---------+--------------+-------------+--------------+------------+------------+


+----------------------------------------------------------------------------------------------------+
; Fast 1200mV 0C Model Setup: 'echo2'                                                                ;
+--------+-----------+---------+--------------+-------------+--------------+------------+------------+
; Slack  ; From Node ; To Node ; Launch Clock ; Latch Clock ; Relationship ; Clock Skew ; Data Delay ;
+--------+-----------+---------+--------------+-------------+--------------+------------+------------+
; -1.114 ; time2[13] ; out2    ; clk          ; echo2       ; 1.000        ; -0.269     ; 1.336      ;
; -1.100 ; time2[24] ; out2    ; clk          ; echo2       ; 1.000        ; -0.266     ; 1.325      ;
; -1.100 ; time2[12] ; out2    ; clk          ; echo2       ; 1.000        ; -0.269     ; 1.322      ;
; -1.091 ; time2[10] ; out2    ; clk          ; echo2       ; 1.000        ; -0.269     ; 1.313      ;
; -1.074 ; time2[8]  ; out2    ; clk          ; echo2       ; 1.000        ; -0.269     ; 1.296      ;
; -1.073 ; time2[11] ; out2    ; clk          ; echo2       ; 1.000        ; -0.269     ; 1.295      ;
; -1.073 ; time2[9]  ; out2    ; clk          ; echo2       ; 1.000        ; -0.269     ; 1.295      ;
; -1.044 ; time2[7]  ; out2    ; clk          ; echo2       ; 1.000        ; -0.269     ; 1.266      ;
; -1.024 ; time2[2]  ; out2    ; clk          ; echo2       ; 1.000        ; -0.269     ; 1.246      ;
; -1.018 ; time2[6]  ; out2    ; clk          ; echo2       ; 1.000        ; -0.269     ; 1.240      ;
; -1.012 ; time2[22] ; out2    ; clk          ; echo2       ; 1.000        ; -0.266     ; 1.237      ;
; -1.002 ; time2[14] ; out2    ; clk          ; echo2       ; 1.000        ; -0.269     ; 1.224      ;
; -0.993 ; time2[26] ; out2    ; clk          ; echo2       ; 1.000        ; -0.266     ; 1.218      ;
; -0.964 ; time2[20] ; out2    ; clk          ; echo2       ; 1.000        ; -0.266     ; 1.189      ;
; -0.961 ; time2[18] ; out2    ; clk          ; echo2       ; 1.000        ; -0.266     ; 1.186      ;
; -0.955 ; time2[19] ; out2    ; clk          ; echo2       ; 1.000        ; -0.266     ; 1.180      ;
; -0.948 ; time2[3]  ; out2    ; clk          ; echo2       ; 1.000        ; -0.269     ; 1.170      ;
; -0.932 ; time2[17] ; out2    ; clk          ; echo2       ; 1.000        ; -0.266     ; 1.157      ;
; -0.917 ; time2[23] ; out2    ; clk          ; echo2       ; 1.000        ; -0.266     ; 1.142      ;
; -0.915 ; time2[30] ; out2    ; clk          ; echo2       ; 1.000        ; -0.266     ; 1.140      ;
; -0.906 ; time2[21] ; out2    ; clk          ; echo2       ; 1.000        ; -0.266     ; 1.131      ;
; -0.897 ; time2[27] ; out2    ; clk          ; echo2       ; 1.000        ; -0.266     ; 1.122      ;
; -0.894 ; time2[29] ; out2    ; clk          ; echo2       ; 1.000        ; -0.266     ; 1.119      ;
; -0.891 ; time2[5]  ; out2    ; clk          ; echo2       ; 1.000        ; -0.269     ; 1.113      ;
; -0.885 ; time2[4]  ; out2    ; clk          ; echo2       ; 1.000        ; -0.269     ; 1.107      ;
; -0.861 ; time2[25] ; out2    ; clk          ; echo2       ; 1.000        ; -0.266     ; 1.086      ;
; -0.852 ; time2[28] ; out2    ; clk          ; echo2       ; 1.000        ; -0.266     ; 1.077      ;
; -0.840 ; time2[15] ; out2    ; clk          ; echo2       ; 1.000        ; -0.269     ; 1.062      ;
; -0.832 ; time2[16] ; out2    ; clk          ; echo2       ; 1.000        ; -0.266     ; 1.057      ;
; -0.542 ; time2[31] ; out2    ; clk          ; echo2       ; 1.000        ; -0.266     ; 0.767      ;
+--------+-----------+---------+--------------+-------------+--------------+------------+------------+


+----------------------------------------------------------------------------------------------------+
; Fast 1200mV 0C Model Setup: 'echo3'                                                                ;
+--------+-----------+---------+--------------+-------------+--------------+------------+------------+
; Slack  ; From Node ; To Node ; Launch Clock ; Latch Clock ; Relationship ; Clock Skew ; Data Delay ;
+--------+-----------+---------+--------------+-------------+--------------+------------+------------+
; -1.107 ; time3[11] ; out3    ; clk          ; echo3       ; 1.000        ; -0.188     ; 1.406      ;
; -1.104 ; time3[8]  ; out3    ; clk          ; echo3       ; 1.000        ; -0.188     ; 1.403      ;
; -1.041 ; time3[10] ; out3    ; clk          ; echo3       ; 1.000        ; -0.188     ; 1.340      ;
; -1.032 ; time3[12] ; out3    ; clk          ; echo3       ; 1.000        ; -0.188     ; 1.331      ;
; -1.019 ; time3[18] ; out3    ; clk          ; echo3       ; 1.000        ; -0.187     ; 1.319      ;
; -1.000 ; time3[27] ; out3    ; clk          ; echo3       ; 1.000        ; -0.187     ; 1.300      ;
; -0.991 ; time3[28] ; out3    ; clk          ; echo3       ; 1.000        ; -0.187     ; 1.291      ;
; -0.987 ; time3[9]  ; out3    ; clk          ; echo3       ; 1.000        ; -0.188     ; 1.286      ;
; -0.967 ; time3[7]  ; out3    ; clk          ; echo3       ; 1.000        ; -0.188     ; 1.266      ;
; -0.949 ; time3[14] ; out3    ; clk          ; echo3       ; 1.000        ; -0.188     ; 1.248      ;
; -0.944 ; time3[6]  ; out3    ; clk          ; echo3       ; 1.000        ; -0.188     ; 1.243      ;
; -0.941 ; time3[2]  ; out3    ; clk          ; echo3       ; 1.000        ; -0.188     ; 1.240      ;
; -0.941 ; time3[21] ; out3    ; clk          ; echo3       ; 1.000        ; -0.187     ; 1.241      ;
; -0.939 ; time3[4]  ; out3    ; clk          ; echo3       ; 1.000        ; -0.188     ; 1.238      ;
; -0.929 ; time3[19] ; out3    ; clk          ; echo3       ; 1.000        ; -0.187     ; 1.229      ;
; -0.908 ; time3[24] ; out3    ; clk          ; echo3       ; 1.000        ; -0.187     ; 1.208      ;
; -0.901 ; time3[20] ; out3    ; clk          ; echo3       ; 1.000        ; -0.187     ; 1.201      ;
; -0.894 ; time3[26] ; out3    ; clk          ; echo3       ; 1.000        ; -0.187     ; 1.194      ;
; -0.883 ; time3[13] ; out3    ; clk          ; echo3       ; 1.000        ; -0.188     ; 1.182      ;
; -0.879 ; time3[16] ; out3    ; clk          ; echo3       ; 1.000        ; -0.187     ; 1.179      ;
; -0.878 ; time3[15] ; out3    ; clk          ; echo3       ; 1.000        ; -0.188     ; 1.177      ;
; -0.873 ; time3[3]  ; out3    ; clk          ; echo3       ; 1.000        ; -0.188     ; 1.172      ;
; -0.870 ; time3[17] ; out3    ; clk          ; echo3       ; 1.000        ; -0.187     ; 1.170      ;
; -0.820 ; time3[23] ; out3    ; clk          ; echo3       ; 1.000        ; -0.187     ; 1.120      ;
; -0.812 ; time3[5]  ; out3    ; clk          ; echo3       ; 1.000        ; -0.188     ; 1.111      ;
; -0.753 ; time3[30] ; out3    ; clk          ; echo3       ; 1.000        ; -0.187     ; 1.053      ;
; -0.737 ; time3[29] ; out3    ; clk          ; echo3       ; 1.000        ; -0.187     ; 1.037      ;
; -0.725 ; time3[22] ; out3    ; clk          ; echo3       ; 1.000        ; -0.187     ; 1.025      ;
; -0.669 ; time3[25] ; out3    ; clk          ; echo3       ; 1.000        ; -0.187     ; 0.969      ;
; -0.661 ; time3[31] ; out3    ; clk          ; echo3       ; 1.000        ; -0.187     ; 0.961      ;
+--------+-----------+---------+--------------+-------------+--------------+------------+------------+


+------------------------------------------------------------------------------------------------------+
; Fast 1200mV 0C Model Setup: 'clk'                                                                    ;
+--------+-----------+-----------+--------------+-------------+--------------+------------+------------+
; Slack  ; From Node ; To Node   ; Launch Clock ; Latch Clock ; Relationship ; Clock Skew ; Data Delay ;
+--------+-----------+-----------+--------------+-------------+--------------+------------+------------+
; -0.853 ; count[0]  ; count[30] ; clk          ; clk         ; 1.000        ; -0.036     ; 1.804      ;
; -0.832 ; count[1]  ; count[30] ; clk          ; clk         ; 1.000        ; -0.035     ; 1.784      ;
; -0.830 ; time2[1]  ; time2[31] ; clk          ; clk         ; 1.000        ; -0.040     ; 1.777      ;
; -0.828 ; count[0]  ; count[29] ; clk          ; clk         ; 1.000        ; -0.036     ; 1.779      ;
; -0.828 ; time3[1]  ; time3[31] ; clk          ; clk         ; 1.000        ; -0.038     ; 1.777      ;
; -0.827 ; time1[1]  ; time1[31] ; clk          ; clk         ; 1.000        ; -0.037     ; 1.777      ;
; -0.826 ; time2[1]  ; time2[30] ; clk          ; clk         ; 1.000        ; -0.040     ; 1.773      ;
; -0.824 ; time3[1]  ; time3[30] ; clk          ; clk         ; 1.000        ; -0.038     ; 1.773      ;
; -0.823 ; time1[1]  ; time1[30] ; clk          ; clk         ; 1.000        ; -0.037     ; 1.773      ;
; -0.820 ; time2[0]  ; time2[31] ; clk          ; clk         ; 1.000        ; -0.040     ; 1.767      ;
; -0.818 ; time3[0]  ; time3[31] ; clk          ; clk         ; 1.000        ; -0.038     ; 1.767      ;
; -0.817 ; time1[0]  ; time1[31] ; clk          ; clk         ; 1.000        ; -0.037     ; 1.767      ;
; -0.808 ; count[0]  ; count[22] ; clk          ; clk         ; 1.000        ; 0.149      ; 1.944      ;
; -0.800 ; count[8]  ; count[30] ; clk          ; clk         ; 1.000        ; -0.230     ; 1.557      ;
; -0.787 ; count[1]  ; count[22] ; clk          ; clk         ; 1.000        ; 0.150      ; 1.924      ;
; -0.785 ; count[0]  ; count[28] ; clk          ; clk         ; 1.000        ; -0.036     ; 1.736      ;
; -0.780 ; count[11] ; count[30] ; clk          ; clk         ; 1.000        ; -0.230     ; 1.537      ;
; -0.777 ; time2[0]  ; time2[30] ; clk          ; clk         ; 1.000        ; -0.040     ; 1.724      ;
; -0.775 ; time3[0]  ; time3[30] ; clk          ; clk         ; 1.000        ; -0.038     ; 1.724      ;
; -0.774 ; time1[0]  ; time1[30] ; clk          ; clk         ; 1.000        ; -0.037     ; 1.724      ;
; -0.771 ; count[0]  ; count[19] ; clk          ; clk         ; 1.000        ; 0.149      ; 1.907      ;
; -0.771 ; time2[3]  ; time2[31] ; clk          ; clk         ; 1.000        ; -0.040     ; 1.718      ;
; -0.769 ; time3[3]  ; time3[31] ; clk          ; clk         ; 1.000        ; -0.038     ; 1.718      ;
; -0.768 ; count[1]  ; count[29] ; clk          ; clk         ; 1.000        ; -0.035     ; 1.720      ;
; -0.768 ; time1[3]  ; time1[31] ; clk          ; clk         ; 1.000        ; -0.037     ; 1.718      ;
; -0.767 ; time2[3]  ; time2[30] ; clk          ; clk         ; 1.000        ; -0.040     ; 1.714      ;
; -0.765 ; time3[3]  ; time3[30] ; clk          ; clk         ; 1.000        ; -0.038     ; 1.714      ;
; -0.765 ; time2[2]  ; time2[31] ; clk          ; clk         ; 1.000        ; -0.040     ; 1.712      ;
; -0.764 ; count[1]  ; count[28] ; clk          ; clk         ; 1.000        ; -0.035     ; 1.716      ;
; -0.764 ; time1[3]  ; time1[30] ; clk          ; clk         ; 1.000        ; -0.037     ; 1.714      ;
; -0.763 ; count[8]  ; count[29] ; clk          ; clk         ; 1.000        ; -0.230     ; 1.520      ;
; -0.763 ; time3[2]  ; time3[31] ; clk          ; clk         ; 1.000        ; -0.038     ; 1.712      ;
; -0.762 ; count[3]  ; count[30] ; clk          ; clk         ; 1.000        ; -0.035     ; 1.714      ;
; -0.762 ; time2[1]  ; time2[29] ; clk          ; clk         ; 1.000        ; -0.040     ; 1.709      ;
; -0.762 ; time1[2]  ; time1[31] ; clk          ; clk         ; 1.000        ; -0.037     ; 1.712      ;
; -0.760 ; time3[1]  ; time3[29] ; clk          ; clk         ; 1.000        ; -0.038     ; 1.709      ;
; -0.759 ; time1[1]  ; time1[29] ; clk          ; clk         ; 1.000        ; -0.037     ; 1.709      ;
; -0.758 ; time2[1]  ; time2[28] ; clk          ; clk         ; 1.000        ; -0.040     ; 1.705      ;
; -0.756 ; time3[1]  ; time3[28] ; clk          ; clk         ; 1.000        ; -0.038     ; 1.705      ;
; -0.755 ; count[8]  ; count[22] ; clk          ; clk         ; 1.000        ; -0.045     ; 1.697      ;
; -0.755 ; time1[1]  ; time1[28] ; clk          ; clk         ; 1.000        ; -0.037     ; 1.705      ;
; -0.752 ; time2[0]  ; time2[29] ; clk          ; clk         ; 1.000        ; -0.040     ; 1.699      ;
; -0.750 ; time3[0]  ; time3[29] ; clk          ; clk         ; 1.000        ; -0.038     ; 1.699      ;
; -0.749 ; time1[0]  ; time1[29] ; clk          ; clk         ; 1.000        ; -0.037     ; 1.699      ;
; -0.735 ; count[11] ; count[22] ; clk          ; clk         ; 1.000        ; -0.045     ; 1.677      ;
; -0.732 ; count[8]  ; count[28] ; clk          ; clk         ; 1.000        ; -0.230     ; 1.489      ;
; -0.722 ; time2[2]  ; time2[30] ; clk          ; clk         ; 1.000        ; -0.040     ; 1.669      ;
; -0.720 ; time3[2]  ; time3[30] ; clk          ; clk         ; 1.000        ; -0.038     ; 1.669      ;
; -0.719 ; time1[2]  ; time1[30] ; clk          ; clk         ; 1.000        ; -0.037     ; 1.669      ;
; -0.717 ; count[0]  ; count[26] ; clk          ; clk         ; 1.000        ; -0.036     ; 1.668      ;
; -0.717 ; count[2]  ; count[30] ; clk          ; clk         ; 1.000        ; -0.035     ; 1.669      ;
; -0.717 ; count[3]  ; count[22] ; clk          ; clk         ; 1.000        ; 0.150      ; 1.854      ;
; -0.716 ; count[11] ; count[29] ; clk          ; clk         ; 1.000        ; -0.230     ; 1.473      ;
; -0.714 ; count[28] ; count[9]  ; clk          ; clk         ; 1.000        ; -0.039     ; 1.662      ;
; -0.712 ; count[11] ; count[28] ; clk          ; clk         ; 1.000        ; -0.230     ; 1.469      ;
; -0.711 ; count[1]  ; count[19] ; clk          ; clk         ; 1.000        ; 0.150      ; 1.848      ;
; -0.709 ; count[28] ; count[6]  ; clk          ; clk         ; 1.000        ; -0.039     ; 1.657      ;
; -0.709 ; count[0]  ; count[31] ; clk          ; clk         ; 1.000        ; 0.151      ; 1.847      ;
; -0.709 ; time2[0]  ; time2[28] ; clk          ; clk         ; 1.000        ; -0.040     ; 1.656      ;
; -0.707 ; time3[0]  ; time3[28] ; clk          ; clk         ; 1.000        ; -0.038     ; 1.656      ;
; -0.706 ; count[8]  ; count[19] ; clk          ; clk         ; 1.000        ; -0.045     ; 1.648      ;
; -0.706 ; time1[0]  ; time1[28] ; clk          ; clk         ; 1.000        ; -0.037     ; 1.656      ;
; -0.703 ; time2[5]  ; time2[31] ; clk          ; clk         ; 1.000        ; -0.040     ; 1.650      ;
; -0.703 ; time2[3]  ; time2[29] ; clk          ; clk         ; 1.000        ; -0.040     ; 1.650      ;
; -0.701 ; time3[5]  ; time3[31] ; clk          ; clk         ; 1.000        ; -0.038     ; 1.650      ;
; -0.701 ; time3[3]  ; time3[29] ; clk          ; clk         ; 1.000        ; -0.038     ; 1.650      ;
; -0.700 ; time1[5]  ; time1[31] ; clk          ; clk         ; 1.000        ; -0.037     ; 1.650      ;
; -0.700 ; time1[3]  ; time1[29] ; clk          ; clk         ; 1.000        ; -0.037     ; 1.650      ;
; -0.699 ; time2[5]  ; time2[30] ; clk          ; clk         ; 1.000        ; -0.040     ; 1.646      ;
; -0.699 ; time2[3]  ; time2[28] ; clk          ; clk         ; 1.000        ; -0.040     ; 1.646      ;
; -0.698 ; count[3]  ; count[29] ; clk          ; clk         ; 1.000        ; -0.035     ; 1.650      ;
; -0.697 ; time3[5]  ; time3[30] ; clk          ; clk         ; 1.000        ; -0.038     ; 1.646      ;
; -0.697 ; time2[4]  ; time2[31] ; clk          ; clk         ; 1.000        ; -0.040     ; 1.644      ;
; -0.697 ; time3[3]  ; time3[28] ; clk          ; clk         ; 1.000        ; -0.038     ; 1.646      ;
; -0.697 ; time2[2]  ; time2[29] ; clk          ; clk         ; 1.000        ; -0.040     ; 1.644      ;
; -0.696 ; count[1]  ; count[26] ; clk          ; clk         ; 1.000        ; -0.035     ; 1.648      ;
; -0.696 ; time1[5]  ; time1[30] ; clk          ; clk         ; 1.000        ; -0.037     ; 1.646      ;
; -0.696 ; time1[3]  ; time1[28] ; clk          ; clk         ; 1.000        ; -0.037     ; 1.646      ;
; -0.695 ; time3[4]  ; time3[31] ; clk          ; clk         ; 1.000        ; -0.038     ; 1.644      ;
; -0.695 ; time3[2]  ; time3[29] ; clk          ; clk         ; 1.000        ; -0.038     ; 1.644      ;
; -0.694 ; count[5]  ; count[30] ; clk          ; clk         ; 1.000        ; -0.035     ; 1.646      ;
; -0.694 ; count[3]  ; count[28] ; clk          ; clk         ; 1.000        ; -0.035     ; 1.646      ;
; -0.694 ; time2[1]  ; time2[27] ; clk          ; clk         ; 1.000        ; -0.040     ; 1.641      ;
; -0.694 ; time1[4]  ; time1[31] ; clk          ; clk         ; 1.000        ; -0.037     ; 1.644      ;
; -0.694 ; time1[2]  ; time1[29] ; clk          ; clk         ; 1.000        ; -0.037     ; 1.644      ;
; -0.692 ; count[0]  ; count[25] ; clk          ; clk         ; 1.000        ; -0.036     ; 1.643      ;
; -0.692 ; count[2]  ; count[29] ; clk          ; clk         ; 1.000        ; -0.035     ; 1.644      ;
; -0.692 ; time3[1]  ; time3[27] ; clk          ; clk         ; 1.000        ; -0.038     ; 1.641      ;
; -0.691 ; time1[1]  ; time1[27] ; clk          ; clk         ; 1.000        ; -0.037     ; 1.641      ;
; -0.690 ; time2[1]  ; time2[26] ; clk          ; clk         ; 1.000        ; -0.040     ; 1.637      ;
; -0.688 ; time3[1]  ; time3[26] ; clk          ; clk         ; 1.000        ; -0.038     ; 1.637      ;
; -0.687 ; time1[1]  ; time1[26] ; clk          ; clk         ; 1.000        ; -0.037     ; 1.637      ;
; -0.686 ; count[0]  ; count[18] ; clk          ; clk         ; 1.000        ; 0.149      ; 1.822      ;
; -0.684 ; time2[0]  ; time2[27] ; clk          ; clk         ; 1.000        ; -0.040     ; 1.631      ;
; -0.682 ; time3[0]  ; time3[27] ; clk          ; clk         ; 1.000        ; -0.038     ; 1.631      ;
; -0.681 ; time1[0]  ; time1[27] ; clk          ; clk         ; 1.000        ; -0.037     ; 1.631      ;
; -0.673 ; count[6]  ; count[30] ; clk          ; clk         ; 1.000        ; -0.035     ; 1.625      ;
; -0.672 ; count[2]  ; count[22] ; clk          ; clk         ; 1.000        ; 0.150      ; 1.809      ;
; -0.668 ; count[27] ; count[9]  ; clk          ; clk         ; 1.000        ; -0.234     ; 1.421      ;
; -0.665 ; count[1]  ; count[18] ; clk          ; clk         ; 1.000        ; 0.150      ; 1.802      ;
+--------+-----------+-----------+--------------+-------------+--------------+------------+------------+


+--------------------------------------------------------------------------------------------------------------------+
; Fast 1200mV 0C Model Hold: 'clk'                                                                                   ;
+--------+-----------+-------------------------+--------------+-------------+--------------+------------+------------+
; Slack  ; From Node ; To Node                 ; Launch Clock ; Latch Clock ; Relationship ; Clock Skew ; Data Delay ;
+--------+-----------+-------------------------+--------------+-------------+--------------+------------+------------+
; -0.262 ; echo3     ; current_state3.COUNTING ; echo3        ; clk         ; 0.000        ; 1.351      ; 1.203      ;
; -0.257 ; echo2     ; current_state2.COUNTING ; echo2        ; clk         ; 0.000        ; 1.345      ; 1.202      ;
; -0.212 ; echo1     ; current_state1.COUNTING ; echo1        ; clk         ; 0.000        ; 1.351      ; 1.253      ;
; -0.157 ; echo3     ; time3[31]               ; echo3        ; clk         ; 0.000        ; 1.350      ; 1.307      ;
; -0.157 ; echo3     ; time3[16]               ; echo3        ; clk         ; 0.000        ; 1.350      ; 1.307      ;
; -0.157 ; echo3     ; time3[17]               ; echo3        ; clk         ; 0.000        ; 1.350      ; 1.307      ;
; -0.157 ; echo3     ; time3[18]               ; echo3        ; clk         ; 0.000        ; 1.350      ; 1.307      ;
; -0.157 ; echo3     ; time3[19]               ; echo3        ; clk         ; 0.000        ; 1.350      ; 1.307      ;
; -0.157 ; echo3     ; time3[20]               ; echo3        ; clk         ; 0.000        ; 1.350      ; 1.307      ;
; -0.157 ; echo3     ; time3[21]               ; echo3        ; clk         ; 0.000        ; 1.350      ; 1.307      ;
; -0.157 ; echo3     ; time3[22]               ; echo3        ; clk         ; 0.000        ; 1.350      ; 1.307      ;
; -0.157 ; echo3     ; time3[23]               ; echo3        ; clk         ; 0.000        ; 1.350      ; 1.307      ;
; -0.157 ; echo3     ; time3[24]               ; echo3        ; clk         ; 0.000        ; 1.350      ; 1.307      ;
; -0.157 ; echo3     ; time3[25]               ; echo3        ; clk         ; 0.000        ; 1.350      ; 1.307      ;
; -0.157 ; echo3     ; time3[26]               ; echo3        ; clk         ; 0.000        ; 1.350      ; 1.307      ;
; -0.157 ; echo3     ; time3[27]               ; echo3        ; clk         ; 0.000        ; 1.350      ; 1.307      ;
; -0.157 ; echo3     ; time3[28]               ; echo3        ; clk         ; 0.000        ; 1.350      ; 1.307      ;
; -0.157 ; echo3     ; time3[29]               ; echo3        ; clk         ; 0.000        ; 1.350      ; 1.307      ;
; -0.157 ; echo3     ; time3[30]               ; echo3        ; clk         ; 0.000        ; 1.350      ; 1.307      ;
; -0.121 ; echo1     ; time1[31]               ; echo1        ; clk         ; 0.000        ; 1.352      ; 1.345      ;
; -0.121 ; echo1     ; time1[16]               ; echo1        ; clk         ; 0.000        ; 1.352      ; 1.345      ;
; -0.121 ; echo1     ; time1[17]               ; echo1        ; clk         ; 0.000        ; 1.352      ; 1.345      ;
; -0.121 ; echo1     ; time1[18]               ; echo1        ; clk         ; 0.000        ; 1.352      ; 1.345      ;
; -0.121 ; echo1     ; time1[19]               ; echo1        ; clk         ; 0.000        ; 1.352      ; 1.345      ;
; -0.121 ; echo1     ; time1[20]               ; echo1        ; clk         ; 0.000        ; 1.352      ; 1.345      ;
; -0.121 ; echo1     ; time1[21]               ; echo1        ; clk         ; 0.000        ; 1.352      ; 1.345      ;
; -0.121 ; echo1     ; time1[22]               ; echo1        ; clk         ; 0.000        ; 1.352      ; 1.345      ;
; -0.121 ; echo1     ; time1[23]               ; echo1        ; clk         ; 0.000        ; 1.352      ; 1.345      ;
; -0.121 ; echo1     ; time1[24]               ; echo1        ; clk         ; 0.000        ; 1.352      ; 1.345      ;
; -0.121 ; echo1     ; time1[25]               ; echo1        ; clk         ; 0.000        ; 1.352      ; 1.345      ;
; -0.121 ; echo1     ; time1[26]               ; echo1        ; clk         ; 0.000        ; 1.352      ; 1.345      ;
; -0.121 ; echo1     ; time1[27]               ; echo1        ; clk         ; 0.000        ; 1.352      ; 1.345      ;
; -0.121 ; echo1     ; time1[28]               ; echo1        ; clk         ; 0.000        ; 1.352      ; 1.345      ;
; -0.121 ; echo1     ; time1[29]               ; echo1        ; clk         ; 0.000        ; 1.352      ; 1.345      ;
; -0.121 ; echo1     ; time1[30]               ; echo1        ; clk         ; 0.000        ; 1.352      ; 1.345      ;
; -0.114 ; echo1     ; time1[0]                ; echo1        ; clk         ; 0.000        ; 1.352      ; 1.352      ;
; -0.114 ; echo1     ; time1[1]                ; echo1        ; clk         ; 0.000        ; 1.352      ; 1.352      ;
; -0.114 ; echo1     ; time1[2]                ; echo1        ; clk         ; 0.000        ; 1.352      ; 1.352      ;
; -0.114 ; echo1     ; time1[3]                ; echo1        ; clk         ; 0.000        ; 1.352      ; 1.352      ;
; -0.114 ; echo1     ; time1[4]                ; echo1        ; clk         ; 0.000        ; 1.352      ; 1.352      ;
; -0.114 ; echo1     ; time1[5]                ; echo1        ; clk         ; 0.000        ; 1.352      ; 1.352      ;
; -0.114 ; echo1     ; time1[6]                ; echo1        ; clk         ; 0.000        ; 1.352      ; 1.352      ;
; -0.114 ; echo1     ; time1[7]                ; echo1        ; clk         ; 0.000        ; 1.352      ; 1.352      ;
; -0.114 ; echo1     ; time1[8]                ; echo1        ; clk         ; 0.000        ; 1.352      ; 1.352      ;
; -0.114 ; echo1     ; time1[9]                ; echo1        ; clk         ; 0.000        ; 1.352      ; 1.352      ;
; -0.114 ; echo1     ; time1[10]               ; echo1        ; clk         ; 0.000        ; 1.352      ; 1.352      ;
; -0.114 ; echo1     ; time1[11]               ; echo1        ; clk         ; 0.000        ; 1.352      ; 1.352      ;
; -0.114 ; echo1     ; time1[12]               ; echo1        ; clk         ; 0.000        ; 1.352      ; 1.352      ;
; -0.114 ; echo1     ; time1[13]               ; echo1        ; clk         ; 0.000        ; 1.352      ; 1.352      ;
; -0.114 ; echo1     ; time1[14]               ; echo1        ; clk         ; 0.000        ; 1.352      ; 1.352      ;
; -0.114 ; echo1     ; time1[15]               ; echo1        ; clk         ; 0.000        ; 1.352      ; 1.352      ;
; -0.104 ; echo2     ; time2[31]               ; echo2        ; clk         ; 0.000        ; 1.342      ; 1.352      ;
; -0.104 ; echo2     ; time2[16]               ; echo2        ; clk         ; 0.000        ; 1.342      ; 1.352      ;
; -0.104 ; echo2     ; time2[17]               ; echo2        ; clk         ; 0.000        ; 1.342      ; 1.352      ;
; -0.104 ; echo2     ; time2[18]               ; echo2        ; clk         ; 0.000        ; 1.342      ; 1.352      ;
; -0.104 ; echo2     ; time2[19]               ; echo2        ; clk         ; 0.000        ; 1.342      ; 1.352      ;
; -0.104 ; echo2     ; time2[20]               ; echo2        ; clk         ; 0.000        ; 1.342      ; 1.352      ;
; -0.104 ; echo2     ; time2[21]               ; echo2        ; clk         ; 0.000        ; 1.342      ; 1.352      ;
; -0.104 ; echo2     ; time2[22]               ; echo2        ; clk         ; 0.000        ; 1.342      ; 1.352      ;
; -0.104 ; echo2     ; time2[23]               ; echo2        ; clk         ; 0.000        ; 1.342      ; 1.352      ;
; -0.104 ; echo2     ; time2[24]               ; echo2        ; clk         ; 0.000        ; 1.342      ; 1.352      ;
; -0.104 ; echo2     ; time2[25]               ; echo2        ; clk         ; 0.000        ; 1.342      ; 1.352      ;
; -0.104 ; echo2     ; time2[26]               ; echo2        ; clk         ; 0.000        ; 1.342      ; 1.352      ;
; -0.104 ; echo2     ; time2[27]               ; echo2        ; clk         ; 0.000        ; 1.342      ; 1.352      ;
; -0.104 ; echo2     ; time2[28]               ; echo2        ; clk         ; 0.000        ; 1.342      ; 1.352      ;
; -0.104 ; echo2     ; time2[29]               ; echo2        ; clk         ; 0.000        ; 1.342      ; 1.352      ;
; -0.104 ; echo2     ; time2[30]               ; echo2        ; clk         ; 0.000        ; 1.342      ; 1.352      ;
; -0.071 ; echo3     ; time3[0]                ; echo3        ; clk         ; 0.000        ; 1.351      ; 1.394      ;
; -0.071 ; echo3     ; time3[1]                ; echo3        ; clk         ; 0.000        ; 1.351      ; 1.394      ;
; -0.071 ; echo3     ; time3[2]                ; echo3        ; clk         ; 0.000        ; 1.351      ; 1.394      ;
; -0.071 ; echo3     ; time3[3]                ; echo3        ; clk         ; 0.000        ; 1.351      ; 1.394      ;
; -0.071 ; echo3     ; time3[4]                ; echo3        ; clk         ; 0.000        ; 1.351      ; 1.394      ;
; -0.071 ; echo3     ; time3[5]                ; echo3        ; clk         ; 0.000        ; 1.351      ; 1.394      ;
; -0.071 ; echo3     ; time3[6]                ; echo3        ; clk         ; 0.000        ; 1.351      ; 1.394      ;
; -0.071 ; echo3     ; time3[7]                ; echo3        ; clk         ; 0.000        ; 1.351      ; 1.394      ;
; -0.071 ; echo3     ; time3[8]                ; echo3        ; clk         ; 0.000        ; 1.351      ; 1.394      ;
; -0.071 ; echo3     ; time3[9]                ; echo3        ; clk         ; 0.000        ; 1.351      ; 1.394      ;
; -0.071 ; echo3     ; time3[10]               ; echo3        ; clk         ; 0.000        ; 1.351      ; 1.394      ;
; -0.071 ; echo3     ; time3[11]               ; echo3        ; clk         ; 0.000        ; 1.351      ; 1.394      ;
; -0.071 ; echo3     ; time3[12]               ; echo3        ; clk         ; 0.000        ; 1.351      ; 1.394      ;
; -0.071 ; echo3     ; time3[13]               ; echo3        ; clk         ; 0.000        ; 1.351      ; 1.394      ;
; -0.071 ; echo3     ; time3[14]               ; echo3        ; clk         ; 0.000        ; 1.351      ; 1.394      ;
; -0.071 ; echo3     ; time3[15]               ; echo3        ; clk         ; 0.000        ; 1.351      ; 1.394      ;
; -0.066 ; echo2     ; time2[0]                ; echo2        ; clk         ; 0.000        ; 1.345      ; 1.393      ;
; -0.066 ; echo2     ; time2[1]                ; echo2        ; clk         ; 0.000        ; 1.345      ; 1.393      ;
; -0.066 ; echo2     ; time2[2]                ; echo2        ; clk         ; 0.000        ; 1.345      ; 1.393      ;
; -0.066 ; echo2     ; time2[3]                ; echo2        ; clk         ; 0.000        ; 1.345      ; 1.393      ;
; -0.066 ; echo2     ; time2[4]                ; echo2        ; clk         ; 0.000        ; 1.345      ; 1.393      ;
; -0.066 ; echo2     ; time2[5]                ; echo2        ; clk         ; 0.000        ; 1.345      ; 1.393      ;
; -0.066 ; echo2     ; time2[6]                ; echo2        ; clk         ; 0.000        ; 1.345      ; 1.393      ;
; -0.066 ; echo2     ; time2[7]                ; echo2        ; clk         ; 0.000        ; 1.345      ; 1.393      ;
; -0.066 ; echo2     ; time2[8]                ; echo2        ; clk         ; 0.000        ; 1.345      ; 1.393      ;
; -0.066 ; echo2     ; time2[9]                ; echo2        ; clk         ; 0.000        ; 1.345      ; 1.393      ;
; -0.066 ; echo2     ; time2[10]               ; echo2        ; clk         ; 0.000        ; 1.345      ; 1.393      ;
; -0.066 ; echo2     ; time2[11]               ; echo2        ; clk         ; 0.000        ; 1.345      ; 1.393      ;
; -0.066 ; echo2     ; time2[12]               ; echo2        ; clk         ; 0.000        ; 1.345      ; 1.393      ;
; -0.066 ; echo2     ; time2[13]               ; echo2        ; clk         ; 0.000        ; 1.345      ; 1.393      ;
; -0.066 ; echo2     ; time2[14]               ; echo2        ; clk         ; 0.000        ; 1.345      ; 1.393      ;
; -0.066 ; echo2     ; time2[15]               ; echo2        ; clk         ; 0.000        ; 1.345      ; 1.393      ;
; 0.110  ; out1      ; right1[2]~reg0          ; echo1        ; clk         ; 0.000        ; 0.286      ; 0.510      ;
+--------+-----------+-------------------------+--------------+-------------+--------------+------------+------------+


+---------------------------------------------------------------------------------------------------+
; Fast 1200mV 0C Model Hold: 'echo2'                                                                ;
+-------+-----------+---------+--------------+-------------+--------------+------------+------------+
; Slack ; From Node ; To Node ; Launch Clock ; Latch Clock ; Relationship ; Clock Skew ; Data Delay ;
+-------+-----------+---------+--------------+-------------+--------------+------------+------------+
; 0.775 ; time2[31] ; out2    ; clk          ; echo2       ; 0.000        ; -0.175     ; 0.630      ;
; 1.145 ; time2[15] ; out2    ; clk          ; echo2       ; 0.000        ; -0.178     ; 0.997      ;
; 1.151 ; time2[16] ; out2    ; clk          ; echo2       ; 0.000        ; -0.175     ; 1.006      ;
; 1.169 ; time2[30] ; out2    ; clk          ; echo2       ; 0.000        ; -0.175     ; 1.024      ;
; 1.172 ; time2[28] ; out2    ; clk          ; echo2       ; 0.000        ; -0.175     ; 1.027      ;
; 1.172 ; time2[4]  ; out2    ; clk          ; echo2       ; 0.000        ; -0.178     ; 1.024      ;
; 1.188 ; time2[25] ; out2    ; clk          ; echo2       ; 0.000        ; -0.175     ; 1.043      ;
; 1.200 ; time2[5]  ; out2    ; clk          ; echo2       ; 0.000        ; -0.178     ; 1.052      ;
; 1.218 ; time2[29] ; out2    ; clk          ; echo2       ; 0.000        ; -0.175     ; 1.073      ;
; 1.224 ; time2[27] ; out2    ; clk          ; echo2       ; 0.000        ; -0.175     ; 1.079      ;
; 1.235 ; time2[21] ; out2    ; clk          ; echo2       ; 0.000        ; -0.175     ; 1.090      ;
; 1.239 ; time2[17] ; out2    ; clk          ; echo2       ; 0.000        ; -0.175     ; 1.094      ;
; 1.244 ; time2[23] ; out2    ; clk          ; echo2       ; 0.000        ; -0.175     ; 1.099      ;
; 1.245 ; time2[3]  ; out2    ; clk          ; echo2       ; 0.000        ; -0.178     ; 1.097      ;
; 1.276 ; time2[18] ; out2    ; clk          ; echo2       ; 0.000        ; -0.175     ; 1.131      ;
; 1.279 ; time2[14] ; out2    ; clk          ; echo2       ; 0.000        ; -0.178     ; 1.131      ;
; 1.280 ; time2[19] ; out2    ; clk          ; echo2       ; 0.000        ; -0.175     ; 1.135      ;
; 1.289 ; time2[20] ; out2    ; clk          ; echo2       ; 0.000        ; -0.175     ; 1.144      ;
; 1.296 ; time2[2]  ; out2    ; clk          ; echo2       ; 0.000        ; -0.178     ; 1.148      ;
; 1.311 ; time2[26] ; out2    ; clk          ; echo2       ; 0.000        ; -0.175     ; 1.166      ;
; 1.313 ; time2[6]  ; out2    ; clk          ; echo2       ; 0.000        ; -0.178     ; 1.165      ;
; 1.332 ; time2[22] ; out2    ; clk          ; echo2       ; 0.000        ; -0.175     ; 1.187      ;
; 1.350 ; time2[7]  ; out2    ; clk          ; echo2       ; 0.000        ; -0.178     ; 1.202      ;
; 1.358 ; time2[11] ; out2    ; clk          ; echo2       ; 0.000        ; -0.178     ; 1.210      ;
; 1.365 ; time2[8]  ; out2    ; clk          ; echo2       ; 0.000        ; -0.178     ; 1.217      ;
; 1.379 ; time2[9]  ; out2    ; clk          ; echo2       ; 0.000        ; -0.178     ; 1.231      ;
; 1.391 ; time2[12] ; out2    ; clk          ; echo2       ; 0.000        ; -0.178     ; 1.243      ;
; 1.391 ; time2[10] ; out2    ; clk          ; echo2       ; 0.000        ; -0.178     ; 1.243      ;
; 1.402 ; time2[13] ; out2    ; clk          ; echo2       ; 0.000        ; -0.178     ; 1.254      ;
; 1.412 ; time2[24] ; out2    ; clk          ; echo2       ; 0.000        ; -0.175     ; 1.267      ;
+-------+-----------+---------+--------------+-------------+--------------+------------+------------+


+---------------------------------------------------------------------------------------------------+
; Fast 1200mV 0C Model Hold: 'echo3'                                                                ;
+-------+-----------+---------+--------------+-------------+--------------+------------+------------+
; Slack ; From Node ; To Node ; Launch Clock ; Latch Clock ; Relationship ; Clock Skew ; Data Delay ;
+-------+-----------+---------+--------------+-------------+--------------+------------+------------+
; 0.866 ; time3[31] ; out3    ; clk          ; echo3       ; 0.000        ; -0.092     ; 0.804      ;
; 0.995 ; time3[25] ; out3    ; clk          ; echo3       ; 0.000        ; -0.092     ; 0.933      ;
; 1.045 ; time3[30] ; out3    ; clk          ; echo3       ; 0.000        ; -0.092     ; 0.983      ;
; 1.050 ; time3[22] ; out3    ; clk          ; echo3       ; 0.000        ; -0.092     ; 0.988      ;
; 1.057 ; time3[29] ; out3    ; clk          ; echo3       ; 0.000        ; -0.092     ; 0.995      ;
; 1.115 ; time3[5]  ; out3    ; clk          ; echo3       ; 0.000        ; -0.093     ; 1.052      ;
; 1.139 ; time3[23] ; out3    ; clk          ; echo3       ; 0.000        ; -0.092     ; 1.077      ;
; 1.157 ; time3[3]  ; out3    ; clk          ; echo3       ; 0.000        ; -0.093     ; 1.094      ;
; 1.175 ; time3[4]  ; out3    ; clk          ; echo3       ; 0.000        ; -0.093     ; 1.112      ;
; 1.180 ; time3[17] ; out3    ; clk          ; echo3       ; 0.000        ; -0.092     ; 1.118      ;
; 1.182 ; time3[15] ; out3    ; clk          ; echo3       ; 0.000        ; -0.093     ; 1.119      ;
; 1.189 ; time3[16] ; out3    ; clk          ; echo3       ; 0.000        ; -0.092     ; 1.127      ;
; 1.193 ; time3[13] ; out3    ; clk          ; echo3       ; 0.000        ; -0.093     ; 1.130      ;
; 1.200 ; time3[26] ; out3    ; clk          ; echo3       ; 0.000        ; -0.092     ; 1.138      ;
; 1.212 ; time3[20] ; out3    ; clk          ; echo3       ; 0.000        ; -0.092     ; 1.150      ;
; 1.217 ; time3[2]  ; out3    ; clk          ; echo3       ; 0.000        ; -0.093     ; 1.154      ;
; 1.219 ; time3[24] ; out3    ; clk          ; echo3       ; 0.000        ; -0.092     ; 1.157      ;
; 1.232 ; time3[6]  ; out3    ; clk          ; echo3       ; 0.000        ; -0.093     ; 1.169      ;
; 1.247 ; time3[19] ; out3    ; clk          ; echo3       ; 0.000        ; -0.092     ; 1.185      ;
; 1.250 ; time3[21] ; out3    ; clk          ; echo3       ; 0.000        ; -0.092     ; 1.188      ;
; 1.262 ; time3[14] ; out3    ; clk          ; echo3       ; 0.000        ; -0.093     ; 1.199      ;
; 1.266 ; time3[7]  ; out3    ; clk          ; echo3       ; 0.000        ; -0.093     ; 1.203      ;
; 1.289 ; time3[9]  ; out3    ; clk          ; echo3       ; 0.000        ; -0.093     ; 1.226      ;
; 1.306 ; time3[28] ; out3    ; clk          ; echo3       ; 0.000        ; -0.092     ; 1.244      ;
; 1.316 ; time3[27] ; out3    ; clk          ; echo3       ; 0.000        ; -0.092     ; 1.254      ;
; 1.334 ; time3[18] ; out3    ; clk          ; echo3       ; 0.000        ; -0.092     ; 1.272      ;
; 1.339 ; time3[10] ; out3    ; clk          ; echo3       ; 0.000        ; -0.093     ; 1.276      ;
; 1.344 ; time3[12] ; out3    ; clk          ; echo3       ; 0.000        ; -0.093     ; 1.281      ;
; 1.381 ; time3[8]  ; out3    ; clk          ; echo3       ; 0.000        ; -0.093     ; 1.318      ;
; 1.414 ; time3[11] ; out3    ; clk          ; echo3       ; 0.000        ; -0.093     ; 1.351      ;
+-------+-----------+---------+--------------+-------------+--------------+------------+------------+


+---------------------------------------------------------------------------------------------------+
; Fast 1200mV 0C Model Hold: 'echo1'                                                                ;
+-------+-----------+---------+--------------+-------------+--------------+------------+------------+
; Slack ; From Node ; To Node ; Launch Clock ; Latch Clock ; Relationship ; Clock Skew ; Data Delay ;
+-------+-----------+---------+--------------+-------------+--------------+------------+------------+
; 0.882 ; time1[31] ; out1    ; clk          ; echo1       ; 0.000        ; -0.197     ; 0.715      ;
; 1.152 ; time1[30] ; out1    ; clk          ; echo1       ; 0.000        ; -0.197     ; 0.985      ;
; 1.186 ; time1[27] ; out1    ; clk          ; echo1       ; 0.000        ; -0.197     ; 1.019      ;
; 1.217 ; time1[20] ; out1    ; clk          ; echo1       ; 0.000        ; -0.197     ; 1.050      ;
; 1.232 ; time1[26] ; out1    ; clk          ; echo1       ; 0.000        ; -0.197     ; 1.065      ;
; 1.241 ; time1[28] ; out1    ; clk          ; echo1       ; 0.000        ; -0.197     ; 1.074      ;
; 1.246 ; time1[13] ; out1    ; clk          ; echo1       ; 0.000        ; -0.197     ; 1.079      ;
; 1.259 ; time1[4]  ; out1    ; clk          ; echo1       ; 0.000        ; -0.197     ; 1.092      ;
; 1.266 ; time1[22] ; out1    ; clk          ; echo1       ; 0.000        ; -0.197     ; 1.099      ;
; 1.267 ; time1[18] ; out1    ; clk          ; echo1       ; 0.000        ; -0.197     ; 1.100      ;
; 1.282 ; time1[17] ; out1    ; clk          ; echo1       ; 0.000        ; -0.197     ; 1.115      ;
; 1.286 ; time1[15] ; out1    ; clk          ; echo1       ; 0.000        ; -0.197     ; 1.119      ;
; 1.294 ; time1[14] ; out1    ; clk          ; echo1       ; 0.000        ; -0.197     ; 1.127      ;
; 1.295 ; time1[21] ; out1    ; clk          ; echo1       ; 0.000        ; -0.197     ; 1.128      ;
; 1.296 ; time1[12] ; out1    ; clk          ; echo1       ; 0.000        ; -0.197     ; 1.129      ;
; 1.301 ; time1[24] ; out1    ; clk          ; echo1       ; 0.000        ; -0.197     ; 1.134      ;
; 1.302 ; time1[19] ; out1    ; clk          ; echo1       ; 0.000        ; -0.197     ; 1.135      ;
; 1.323 ; time1[3]  ; out1    ; clk          ; echo1       ; 0.000        ; -0.197     ; 1.156      ;
; 1.324 ; time1[29] ; out1    ; clk          ; echo1       ; 0.000        ; -0.197     ; 1.157      ;
; 1.339 ; time1[5]  ; out1    ; clk          ; echo1       ; 0.000        ; -0.197     ; 1.172      ;
; 1.339 ; time1[6]  ; out1    ; clk          ; echo1       ; 0.000        ; -0.197     ; 1.172      ;
; 1.354 ; time1[23] ; out1    ; clk          ; echo1       ; 0.000        ; -0.197     ; 1.187      ;
; 1.372 ; time1[2]  ; out1    ; clk          ; echo1       ; 0.000        ; -0.197     ; 1.205      ;
; 1.376 ; time1[11] ; out1    ; clk          ; echo1       ; 0.000        ; -0.197     ; 1.209      ;
; 1.385 ; time1[10] ; out1    ; clk          ; echo1       ; 0.000        ; -0.197     ; 1.218      ;
; 1.385 ; time1[7]  ; out1    ; clk          ; echo1       ; 0.000        ; -0.197     ; 1.218      ;
; 1.392 ; time1[16] ; out1    ; clk          ; echo1       ; 0.000        ; -0.197     ; 1.225      ;
; 1.437 ; time1[25] ; out1    ; clk          ; echo1       ; 0.000        ; -0.197     ; 1.270      ;
; 1.517 ; time1[9]  ; out1    ; clk          ; echo1       ; 0.000        ; -0.197     ; 1.350      ;
; 1.523 ; time1[8]  ; out1    ; clk          ; echo1       ; 0.000        ; -0.197     ; 1.356      ;
+-------+-----------+---------+--------------+-------------+--------------+------------+------------+


+----------------------------------------------------------------------------------------------------+
; Fast 1200mV 0C Model Minimum Pulse Width: 'clk'                                                    ;
+--------+--------------+----------------+------------+-------+------------+-------------------------+
; Slack  ; Actual Width ; Required Width ; Type       ; Clock ; Clock Edge ; Target                  ;
+--------+--------------+----------------+------------+-------+------------+-------------------------+
; -3.000 ; 1.000        ; 4.000          ; Port Rate  ; clk   ; Rise       ; clk                     ;
; -1.000 ; 1.000        ; 2.000          ; Min Period ; clk   ; Rise       ; count[0]                ;
; -1.000 ; 1.000        ; 2.000          ; Min Period ; clk   ; Rise       ; count[10]               ;
; -1.000 ; 1.000        ; 2.000          ; Min Period ; clk   ; Rise       ; count[11]               ;
; -1.000 ; 1.000        ; 2.000          ; Min Period ; clk   ; Rise       ; count[12]               ;
; -1.000 ; 1.000        ; 2.000          ; Min Period ; clk   ; Rise       ; count[13]               ;
; -1.000 ; 1.000        ; 2.000          ; Min Period ; clk   ; Rise       ; count[14]               ;
; -1.000 ; 1.000        ; 2.000          ; Min Period ; clk   ; Rise       ; count[15]               ;
; -1.000 ; 1.000        ; 2.000          ; Min Period ; clk   ; Rise       ; count[16]               ;
; -1.000 ; 1.000        ; 2.000          ; Min Period ; clk   ; Rise       ; count[17]               ;
; -1.000 ; 1.000        ; 2.000          ; Min Period ; clk   ; Rise       ; count[18]               ;
; -1.000 ; 1.000        ; 2.000          ; Min Period ; clk   ; Rise       ; count[19]               ;
; -1.000 ; 1.000        ; 2.000          ; Min Period ; clk   ; Rise       ; count[1]                ;
; -1.000 ; 1.000        ; 2.000          ; Min Period ; clk   ; Rise       ; count[20]               ;
; -1.000 ; 1.000        ; 2.000          ; Min Period ; clk   ; Rise       ; count[21]               ;
; -1.000 ; 1.000        ; 2.000          ; Min Period ; clk   ; Rise       ; count[22]               ;
; -1.000 ; 1.000        ; 2.000          ; Min Period ; clk   ; Rise       ; count[23]               ;
; -1.000 ; 1.000        ; 2.000          ; Min Period ; clk   ; Rise       ; count[24]               ;
; -1.000 ; 1.000        ; 2.000          ; Min Period ; clk   ; Rise       ; count[25]               ;
; -1.000 ; 1.000        ; 2.000          ; Min Period ; clk   ; Rise       ; count[26]               ;
; -1.000 ; 1.000        ; 2.000          ; Min Period ; clk   ; Rise       ; count[27]               ;
; -1.000 ; 1.000        ; 2.000          ; Min Period ; clk   ; Rise       ; count[28]               ;
; -1.000 ; 1.000        ; 2.000          ; Min Period ; clk   ; Rise       ; count[29]               ;
; -1.000 ; 1.000        ; 2.000          ; Min Period ; clk   ; Rise       ; count[2]                ;
; -1.000 ; 1.000        ; 2.000          ; Min Period ; clk   ; Rise       ; count[30]               ;
; -1.000 ; 1.000        ; 2.000          ; Min Period ; clk   ; Rise       ; count[31]               ;
; -1.000 ; 1.000        ; 2.000          ; Min Period ; clk   ; Rise       ; count[3]                ;
; -1.000 ; 1.000        ; 2.000          ; Min Period ; clk   ; Rise       ; count[4]                ;
; -1.000 ; 1.000        ; 2.000          ; Min Period ; clk   ; Rise       ; count[5]                ;
; -1.000 ; 1.000        ; 2.000          ; Min Period ; clk   ; Rise       ; count[6]                ;
; -1.000 ; 1.000        ; 2.000          ; Min Period ; clk   ; Rise       ; count[7]                ;
; -1.000 ; 1.000        ; 2.000          ; Min Period ; clk   ; Rise       ; count[8]                ;
; -1.000 ; 1.000        ; 2.000          ; Min Period ; clk   ; Rise       ; count[9]                ;
; -1.000 ; 1.000        ; 2.000          ; Min Period ; clk   ; Rise       ; current_state1.COUNTING ;
; -1.000 ; 1.000        ; 2.000          ; Min Period ; clk   ; Rise       ; current_state2.COUNTING ;
; -1.000 ; 1.000        ; 2.000          ; Min Period ; clk   ; Rise       ; current_state3.COUNTING ;
; -1.000 ; 1.000        ; 2.000          ; Min Period ; clk   ; Rise       ; left1[0]~reg0           ;
; -1.000 ; 1.000        ; 2.000          ; Min Period ; clk   ; Rise       ; left1[1]~reg0           ;
; -1.000 ; 1.000        ; 2.000          ; Min Period ; clk   ; Rise       ; left1[2]~reg0           ;
; -1.000 ; 1.000        ; 2.000          ; Min Period ; clk   ; Rise       ; left1[3]~reg0           ;
; -1.000 ; 1.000        ; 2.000          ; Min Period ; clk   ; Rise       ; left2[0]~reg0           ;
; -1.000 ; 1.000        ; 2.000          ; Min Period ; clk   ; Rise       ; right1[0]~reg0          ;
; -1.000 ; 1.000        ; 2.000          ; Min Period ; clk   ; Rise       ; right1[1]~reg0          ;
; -1.000 ; 1.000        ; 2.000          ; Min Period ; clk   ; Rise       ; right1[2]~reg0          ;
; -1.000 ; 1.000        ; 2.000          ; Min Period ; clk   ; Rise       ; right1[3]~reg0          ;
; -1.000 ; 1.000        ; 2.000          ; Min Period ; clk   ; Rise       ; right2[0]~reg0          ;
; -1.000 ; 1.000        ; 2.000          ; Min Period ; clk   ; Rise       ; right2[1]~reg0          ;
; -1.000 ; 1.000        ; 2.000          ; Min Period ; clk   ; Rise       ; right2[3]~reg0          ;
; -1.000 ; 1.000        ; 2.000          ; Min Period ; clk   ; Rise       ; time1[0]                ;
; -1.000 ; 1.000        ; 2.000          ; Min Period ; clk   ; Rise       ; time1[10]               ;
; -1.000 ; 1.000        ; 2.000          ; Min Period ; clk   ; Rise       ; time1[11]               ;
; -1.000 ; 1.000        ; 2.000          ; Min Period ; clk   ; Rise       ; time1[12]               ;
; -1.000 ; 1.000        ; 2.000          ; Min Period ; clk   ; Rise       ; time1[13]               ;
; -1.000 ; 1.000        ; 2.000          ; Min Period ; clk   ; Rise       ; time1[14]               ;
; -1.000 ; 1.000        ; 2.000          ; Min Period ; clk   ; Rise       ; time1[15]               ;
; -1.000 ; 1.000        ; 2.000          ; Min Period ; clk   ; Rise       ; time1[16]               ;
; -1.000 ; 1.000        ; 2.000          ; Min Period ; clk   ; Rise       ; time1[17]               ;
; -1.000 ; 1.000        ; 2.000          ; Min Period ; clk   ; Rise       ; time1[18]               ;
; -1.000 ; 1.000        ; 2.000          ; Min Period ; clk   ; Rise       ; time1[19]               ;
; -1.000 ; 1.000        ; 2.000          ; Min Period ; clk   ; Rise       ; time1[1]                ;
; -1.000 ; 1.000        ; 2.000          ; Min Period ; clk   ; Rise       ; time1[20]               ;
; -1.000 ; 1.000        ; 2.000          ; Min Period ; clk   ; Rise       ; time1[21]               ;
; -1.000 ; 1.000        ; 2.000          ; Min Period ; clk   ; Rise       ; time1[22]               ;
; -1.000 ; 1.000        ; 2.000          ; Min Period ; clk   ; Rise       ; time1[23]               ;
; -1.000 ; 1.000        ; 2.000          ; Min Period ; clk   ; Rise       ; time1[24]               ;
; -1.000 ; 1.000        ; 2.000          ; Min Period ; clk   ; Rise       ; time1[25]               ;
; -1.000 ; 1.000        ; 2.000          ; Min Period ; clk   ; Rise       ; time1[26]               ;
; -1.000 ; 1.000        ; 2.000          ; Min Period ; clk   ; Rise       ; time1[27]               ;
; -1.000 ; 1.000        ; 2.000          ; Min Period ; clk   ; Rise       ; time1[28]               ;
; -1.000 ; 1.000        ; 2.000          ; Min Period ; clk   ; Rise       ; time1[29]               ;
; -1.000 ; 1.000        ; 2.000          ; Min Period ; clk   ; Rise       ; time1[2]                ;
; -1.000 ; 1.000        ; 2.000          ; Min Period ; clk   ; Rise       ; time1[30]               ;
; -1.000 ; 1.000        ; 2.000          ; Min Period ; clk   ; Rise       ; time1[31]               ;
; -1.000 ; 1.000        ; 2.000          ; Min Period ; clk   ; Rise       ; time1[3]                ;
; -1.000 ; 1.000        ; 2.000          ; Min Period ; clk   ; Rise       ; time1[4]                ;
; -1.000 ; 1.000        ; 2.000          ; Min Period ; clk   ; Rise       ; time1[5]                ;
; -1.000 ; 1.000        ; 2.000          ; Min Period ; clk   ; Rise       ; time1[6]                ;
; -1.000 ; 1.000        ; 2.000          ; Min Period ; clk   ; Rise       ; time1[7]                ;
; -1.000 ; 1.000        ; 2.000          ; Min Period ; clk   ; Rise       ; time1[8]                ;
; -1.000 ; 1.000        ; 2.000          ; Min Period ; clk   ; Rise       ; time1[9]                ;
; -1.000 ; 1.000        ; 2.000          ; Min Period ; clk   ; Rise       ; time2[0]                ;
; -1.000 ; 1.000        ; 2.000          ; Min Period ; clk   ; Rise       ; time2[10]               ;
; -1.000 ; 1.000        ; 2.000          ; Min Period ; clk   ; Rise       ; time2[11]               ;
; -1.000 ; 1.000        ; 2.000          ; Min Period ; clk   ; Rise       ; time2[12]               ;
; -1.000 ; 1.000        ; 2.000          ; Min Period ; clk   ; Rise       ; time2[13]               ;
; -1.000 ; 1.000        ; 2.000          ; Min Period ; clk   ; Rise       ; time2[14]               ;
; -1.000 ; 1.000        ; 2.000          ; Min Period ; clk   ; Rise       ; time2[15]               ;
; -1.000 ; 1.000        ; 2.000          ; Min Period ; clk   ; Rise       ; time2[16]               ;
; -1.000 ; 1.000        ; 2.000          ; Min Period ; clk   ; Rise       ; time2[17]               ;
; -1.000 ; 1.000        ; 2.000          ; Min Period ; clk   ; Rise       ; time2[18]               ;
; -1.000 ; 1.000        ; 2.000          ; Min Period ; clk   ; Rise       ; time2[19]               ;
; -1.000 ; 1.000        ; 2.000          ; Min Period ; clk   ; Rise       ; time2[1]                ;
; -1.000 ; 1.000        ; 2.000          ; Min Period ; clk   ; Rise       ; time2[20]               ;
; -1.000 ; 1.000        ; 2.000          ; Min Period ; clk   ; Rise       ; time2[21]               ;
; -1.000 ; 1.000        ; 2.000          ; Min Period ; clk   ; Rise       ; time2[22]               ;
; -1.000 ; 1.000        ; 2.000          ; Min Period ; clk   ; Rise       ; time2[23]               ;
; -1.000 ; 1.000        ; 2.000          ; Min Period ; clk   ; Rise       ; time2[24]               ;
; -1.000 ; 1.000        ; 2.000          ; Min Period ; clk   ; Rise       ; time2[25]               ;
; -1.000 ; 1.000        ; 2.000          ; Min Period ; clk   ; Rise       ; time2[26]               ;
; -1.000 ; 1.000        ; 2.000          ; Min Period ; clk   ; Rise       ; time2[27]               ;
+--------+--------------+----------------+------------+-------+------------+-------------------------+


+------------------------------------------------------------------------------------------------+
; Fast 1200mV 0C Model Minimum Pulse Width: 'echo1'                                              ;
+--------+--------------+----------------+------------------+-------+------------+---------------+
; Slack  ; Actual Width ; Required Width ; Type             ; Clock ; Clock Edge ; Target        ;
+--------+--------------+----------------+------------------+-------+------------+---------------+
; -3.000 ; 1.000        ; 4.000          ; Port Rate        ; echo1 ; Rise       ; echo1         ;
; 0.083  ; 0.083        ; 0.000          ; Low Pulse Width  ; echo1 ; Rise       ; out1|datac    ;
; 0.089  ; 0.089        ; 0.000          ; Low Pulse Width  ; echo1 ; Rise       ; out1          ;
; 0.125  ; 0.125        ; 0.000          ; Low Pulse Width  ; echo1 ; Rise       ; echo1~input|o ;
; 0.500  ; 0.500        ; 0.000          ; High Pulse Width ; echo1 ; Rise       ; echo1~input|i ;
; 0.500  ; 0.500        ; 0.000          ; Low Pulse Width  ; echo1 ; Rise       ; echo1~input|i ;
; 0.875  ; 0.875        ; 0.000          ; High Pulse Width ; echo1 ; Rise       ; echo1~input|o ;
; 0.910  ; 0.910        ; 0.000          ; High Pulse Width ; echo1 ; Rise       ; out1          ;
; 0.916  ; 0.916        ; 0.000          ; High Pulse Width ; echo1 ; Rise       ; out1|datac    ;
+--------+--------------+----------------+------------------+-------+------------+---------------+


+------------------------------------------------------------------------------------------------+
; Fast 1200mV 0C Model Minimum Pulse Width: 'echo2'                                              ;
+--------+--------------+----------------+------------------+-------+------------+---------------+
; Slack  ; Actual Width ; Required Width ; Type             ; Clock ; Clock Edge ; Target        ;
+--------+--------------+----------------+------------------+-------+------------+---------------+
; -3.000 ; 1.000        ; 4.000          ; Port Rate        ; echo2 ; Rise       ; echo2         ;
; 0.070  ; 0.070        ; 0.000          ; Low Pulse Width  ; echo2 ; Rise       ; out2|datac    ;
; 0.076  ; 0.076        ; 0.000          ; Low Pulse Width  ; echo2 ; Rise       ; out2          ;
; 0.125  ; 0.125        ; 0.000          ; Low Pulse Width  ; echo2 ; Rise       ; echo2~input|o ;
; 0.500  ; 0.500        ; 0.000          ; High Pulse Width ; echo2 ; Rise       ; echo2~input|i ;
; 0.500  ; 0.500        ; 0.000          ; Low Pulse Width  ; echo2 ; Rise       ; echo2~input|i ;
; 0.875  ; 0.875        ; 0.000          ; High Pulse Width ; echo2 ; Rise       ; echo2~input|o ;
; 0.922  ; 0.922        ; 0.000          ; High Pulse Width ; echo2 ; Rise       ; out2          ;
; 0.928  ; 0.928        ; 0.000          ; High Pulse Width ; echo2 ; Rise       ; out2|datac    ;
+--------+--------------+----------------+------------------+-------+------------+---------------+


+------------------------------------------------------------------------------------------------+
; Fast 1200mV 0C Model Minimum Pulse Width: 'echo3'                                              ;
+--------+--------------+----------------+------------------+-------+------------+---------------+
; Slack  ; Actual Width ; Required Width ; Type             ; Clock ; Clock Edge ; Target        ;
+--------+--------------+----------------+------------------+-------+------------+---------------+
; -3.000 ; 1.000        ; 4.000          ; Port Rate        ; echo3 ; Rise       ; echo3         ;
; 0.069  ; 0.069        ; 0.000          ; Low Pulse Width  ; echo3 ; Rise       ; out3|datac    ;
; 0.075  ; 0.075        ; 0.000          ; Low Pulse Width  ; echo3 ; Rise       ; out3          ;
; 0.125  ; 0.125        ; 0.000          ; Low Pulse Width  ; echo3 ; Rise       ; echo3~input|o ;
; 0.500  ; 0.500        ; 0.000          ; High Pulse Width ; echo3 ; Rise       ; echo3~input|i ;
; 0.500  ; 0.500        ; 0.000          ; Low Pulse Width  ; echo3 ; Rise       ; echo3~input|i ;
; 0.875  ; 0.875        ; 0.000          ; High Pulse Width ; echo3 ; Rise       ; echo3~input|o ;
; 0.924  ; 0.924        ; 0.000          ; High Pulse Width ; echo3 ; Rise       ; out3          ;
; 0.930  ; 0.930        ; 0.000          ; High Pulse Width ; echo3 ; Rise       ; out3|datac    ;
+--------+--------------+----------------+------------------+-------+------------+---------------+


+-----------------------------------------------------------------------+
; Setup Times                                                           ;
+-----------+------------+-------+-------+------------+-----------------+
; Data Port ; Clock Port ; Rise  ; Fall  ; Clock Edge ; Clock Reference ;
+-----------+------------+-------+-------+------------+-----------------+
; echo1     ; clk        ; 0.035 ; 0.513 ; Rise       ; clk             ;
; echo2     ; clk        ; 0.084 ; 0.521 ; Rise       ; clk             ;
; echo3     ; clk        ; 0.079 ; 0.517 ; Rise       ; clk             ;
+-----------+------------+-------+-------+------------+-----------------+


+------------------------------------------------------------------------+
; Hold Times                                                             ;
+-----------+------------+-------+--------+------------+-----------------+
; Data Port ; Clock Port ; Rise  ; Fall   ; Clock Edge ; Clock Reference ;
+-----------+------------+-------+--------+------------+-----------------+
; echo1     ; clk        ; 0.182 ; -0.276 ; Rise       ; clk             ;
; echo2     ; clk        ; 0.227 ; -0.224 ; Rise       ; clk             ;
; echo3     ; clk        ; 0.232 ; -0.219 ; Rise       ; clk             ;
+-----------+------------+-------+--------+------------+-----------------+


+------------------------------------------------------------------------+
; Clock to Output Times                                                  ;
+------------+------------+-------+-------+------------+-----------------+
; Data Port  ; Clock Port ; Rise  ; Fall  ; Clock Edge ; Clock Reference ;
+------------+------------+-------+-------+------------+-----------------+
; left1[*]   ; clk        ; 3.598 ; 3.609 ; Rise       ; clk             ;
;  left1[0]  ; clk        ; 3.447 ; 3.436 ; Rise       ; clk             ;
;  left1[1]  ; clk        ; 3.598 ; 3.609 ; Rise       ; clk             ;
;  left1[2]  ; clk        ; 3.546 ; 3.603 ; Rise       ; clk             ;
;  left1[3]  ; clk        ; 3.416 ; 3.458 ; Rise       ; clk             ;
; left2[*]   ; clk        ; 4.079 ; 4.129 ; Rise       ; clk             ;
;  left2[0]  ; clk        ; 4.079 ; 4.129 ; Rise       ; clk             ;
;  left2[1]  ; clk        ; 3.450 ; 3.488 ; Rise       ; clk             ;
;  left2[2]  ; clk        ; 3.392 ; 3.417 ; Rise       ; clk             ;
; right1[*]  ; clk        ; 3.626 ; 3.694 ; Rise       ; clk             ;
;  right1[0] ; clk        ; 3.626 ; 3.694 ; Rise       ; clk             ;
;  right1[1] ; clk        ; 3.383 ; 3.402 ; Rise       ; clk             ;
;  right1[2] ; clk        ; 3.440 ; 3.490 ; Rise       ; clk             ;
;  right1[3] ; clk        ; 3.462 ; 3.451 ; Rise       ; clk             ;
; right2[*]  ; clk        ; 4.167 ; 4.242 ; Rise       ; clk             ;
;  right2[0] ; clk        ; 3.552 ; 3.609 ; Rise       ; clk             ;
;  right2[1] ; clk        ; 3.552 ; 3.607 ; Rise       ; clk             ;
;  right2[2] ; clk        ; 4.167 ; 4.242 ; Rise       ; clk             ;
;  right2[3] ; clk        ; 3.759 ; 3.783 ; Rise       ; clk             ;
; trig1      ; clk        ; 5.459 ; 5.505 ; Rise       ; clk             ;
; trig2      ; clk        ; 4.909 ; 4.961 ; Rise       ; clk             ;
; trig3      ; clk        ; 4.909 ; 4.961 ; Rise       ; clk             ;
+------------+------------+-------+-------+------------+-----------------+


+------------------------------------------------------------------------+
; Minimum Clock to Output Times                                          ;
+------------+------------+-------+-------+------------+-----------------+
; Data Port  ; Clock Port ; Rise  ; Fall  ; Clock Edge ; Clock Reference ;
+------------+------------+-------+-------+------------+-----------------+
; left1[*]   ; clk        ; 3.305 ; 3.324 ; Rise       ; clk             ;
;  left1[0]  ; clk        ; 3.336 ; 3.324 ; Rise       ; clk             ;
;  left1[1]  ; clk        ; 3.482 ; 3.490 ; Rise       ; clk             ;
;  left1[2]  ; clk        ; 3.430 ; 3.484 ; Rise       ; clk             ;
;  left1[3]  ; clk        ; 3.305 ; 3.346 ; Rise       ; clk             ;
; left2[*]   ; clk        ; 3.279 ; 3.302 ; Rise       ; clk             ;
;  left2[0]  ; clk        ; 3.962 ; 4.009 ; Rise       ; clk             ;
;  left2[1]  ; clk        ; 3.333 ; 3.368 ; Rise       ; clk             ;
;  left2[2]  ; clk        ; 3.279 ; 3.302 ; Rise       ; clk             ;
; right1[*]  ; clk        ; 3.271 ; 3.288 ; Rise       ; clk             ;
;  right1[0] ; clk        ; 3.505 ; 3.571 ; Rise       ; clk             ;
;  right1[1] ; clk        ; 3.271 ; 3.288 ; Rise       ; clk             ;
;  right1[2] ; clk        ; 3.328 ; 3.377 ; Rise       ; clk             ;
;  right1[3] ; clk        ; 3.351 ; 3.339 ; Rise       ; clk             ;
; right2[*]  ; clk        ; 3.434 ; 3.487 ; Rise       ; clk             ;
;  right2[0] ; clk        ; 3.434 ; 3.487 ; Rise       ; clk             ;
;  right2[1] ; clk        ; 3.436 ; 3.489 ; Rise       ; clk             ;
;  right2[2] ; clk        ; 4.048 ; 4.120 ; Rise       ; clk             ;
;  right2[3] ; clk        ; 3.636 ; 3.658 ; Rise       ; clk             ;
; trig1      ; clk        ; 4.635 ; 4.648 ; Rise       ; clk             ;
; trig2      ; clk        ; 4.083 ; 4.102 ; Rise       ; clk             ;
; trig3      ; clk        ; 4.083 ; 4.102 ; Rise       ; clk             ;
+------------+------------+-------+-------+------------+-----------------+


---------------------------------------------
; Fast 1200mV 0C Model Metastability Report ;
---------------------------------------------
No synchronizer chains to report.


+----------------------------------------------------------------------------------+
; Multicorner Timing Analysis Summary                                              ;
+------------------+----------+---------+----------+---------+---------------------+
; Clock            ; Setup    ; Hold    ; Recovery ; Removal ; Minimum Pulse Width ;
+------------------+----------+---------+----------+---------+---------------------+
; Worst-case Slack ; -2.849   ; -0.271  ; N/A      ; N/A     ; -3.000              ;
;  clk             ; -2.236   ; -0.271  ; N/A      ; N/A     ; -3.000              ;
;  echo1           ; -2.849   ; 0.882   ; N/A      ; N/A     ; -3.000              ;
;  echo2           ; -2.636   ; 0.775   ; N/A      ; N/A     ; -3.000              ;
;  echo3           ; -2.625   ; 0.866   ; N/A      ; N/A     ; -3.000              ;
; Design-wide TNS  ; -186.874 ; -10.859 ; 0.0      ; 0.0     ; -159.598            ;
;  clk             ; -178.764 ; -10.859 ; N/A      ; N/A     ; -150.598            ;
;  echo1           ; -2.849   ; 0.000   ; N/A      ; N/A     ; -3.000              ;
;  echo2           ; -2.636   ; 0.000   ; N/A      ; N/A     ; -3.000              ;
;  echo3           ; -2.625   ; 0.000   ; N/A      ; N/A     ; -3.000              ;
+------------------+----------+---------+----------+---------+---------------------+


+-----------------------------------------------------------------------+
; Setup Times                                                           ;
+-----------+------------+-------+-------+------------+-----------------+
; Data Port ; Clock Port ; Rise  ; Fall  ; Clock Edge ; Clock Reference ;
+-----------+------------+-------+-------+------------+-----------------+
; echo1     ; clk        ; 0.259 ; 0.513 ; Rise       ; clk             ;
; echo2     ; clk        ; 0.326 ; 0.521 ; Rise       ; clk             ;
; echo3     ; clk        ; 0.324 ; 0.517 ; Rise       ; clk             ;
+-----------+------------+-------+-------+------------+-----------------+


+------------------------------------------------------------------------+
; Hold Times                                                             ;
+-----------+------------+-------+--------+------------+-----------------+
; Data Port ; Clock Port ; Rise  ; Fall   ; Clock Edge ; Clock Reference ;
+-----------+------------+-------+--------+------------+-----------------+
; echo1     ; clk        ; 0.198 ; -0.002 ; Rise       ; clk             ;
; echo2     ; clk        ; 0.234 ; 0.045  ; Rise       ; clk             ;
; echo3     ; clk        ; 0.241 ; 0.052  ; Rise       ; clk             ;
+-----------+------------+-------+--------+------------+-----------------+


+------------------------------------------------------------------------+
; Clock to Output Times                                                  ;
+------------+------------+-------+-------+------------+-----------------+
; Data Port  ; Clock Port ; Rise  ; Fall  ; Clock Edge ; Clock Reference ;
+------------+------------+-------+-------+------------+-----------------+
; left1[*]   ; clk        ; 6.067 ; 6.023 ; Rise       ; clk             ;
;  left1[0]  ; clk        ; 5.792 ; 5.744 ; Rise       ; clk             ;
;  left1[1]  ; clk        ; 6.067 ; 6.023 ; Rise       ; clk             ;
;  left1[2]  ; clk        ; 6.051 ; 5.986 ; Rise       ; clk             ;
;  left1[3]  ; clk        ; 5.812 ; 5.750 ; Rise       ; clk             ;
; left2[*]   ; clk        ; 6.753 ; 6.749 ; Rise       ; clk             ;
;  left2[0]  ; clk        ; 6.753 ; 6.749 ; Rise       ; clk             ;
;  left2[1]  ; clk        ; 5.917 ; 5.849 ; Rise       ; clk             ;
;  left2[2]  ; clk        ; 5.833 ; 5.751 ; Rise       ; clk             ;
; right1[*]  ; clk        ; 6.229 ; 6.161 ; Rise       ; clk             ;
;  right1[0] ; clk        ; 6.229 ; 6.161 ; Rise       ; clk             ;
;  right1[1] ; clk        ; 5.805 ; 5.718 ; Rise       ; clk             ;
;  right1[2] ; clk        ; 5.856 ; 5.802 ; Rise       ; clk             ;
;  right1[3] ; clk        ; 5.816 ; 5.771 ; Rise       ; clk             ;
; right2[*]  ; clk        ; 6.885 ; 6.903 ; Rise       ; clk             ;
;  right2[0] ; clk        ; 6.052 ; 6.015 ; Rise       ; clk             ;
;  right2[1] ; clk        ; 6.053 ; 5.992 ; Rise       ; clk             ;
;  right2[2] ; clk        ; 6.885 ; 6.903 ; Rise       ; clk             ;
;  right2[3] ; clk        ; 6.349 ; 6.302 ; Rise       ; clk             ;
; trig1      ; clk        ; 9.347 ; 9.214 ; Rise       ; clk             ;
; trig2      ; clk        ; 8.620 ; 8.436 ; Rise       ; clk             ;
; trig3      ; clk        ; 8.620 ; 8.436 ; Rise       ; clk             ;
+------------+------------+-------+-------+------------+-----------------+


+------------------------------------------------------------------------+
; Minimum Clock to Output Times                                          ;
+------------+------------+-------+-------+------------+-----------------+
; Data Port  ; Clock Port ; Rise  ; Fall  ; Clock Edge ; Clock Reference ;
+------------+------------+-------+-------+------------+-----------------+
; left1[*]   ; clk        ; 3.305 ; 3.324 ; Rise       ; clk             ;
;  left1[0]  ; clk        ; 3.336 ; 3.324 ; Rise       ; clk             ;
;  left1[1]  ; clk        ; 3.482 ; 3.490 ; Rise       ; clk             ;
;  left1[2]  ; clk        ; 3.430 ; 3.484 ; Rise       ; clk             ;
;  left1[3]  ; clk        ; 3.305 ; 3.346 ; Rise       ; clk             ;
; left2[*]   ; clk        ; 3.279 ; 3.302 ; Rise       ; clk             ;
;  left2[0]  ; clk        ; 3.962 ; 4.009 ; Rise       ; clk             ;
;  left2[1]  ; clk        ; 3.333 ; 3.368 ; Rise       ; clk             ;
;  left2[2]  ; clk        ; 3.279 ; 3.302 ; Rise       ; clk             ;
; right1[*]  ; clk        ; 3.271 ; 3.288 ; Rise       ; clk             ;
;  right1[0] ; clk        ; 3.505 ; 3.571 ; Rise       ; clk             ;
;  right1[1] ; clk        ; 3.271 ; 3.288 ; Rise       ; clk             ;
;  right1[2] ; clk        ; 3.328 ; 3.377 ; Rise       ; clk             ;
;  right1[3] ; clk        ; 3.351 ; 3.339 ; Rise       ; clk             ;
; right2[*]  ; clk        ; 3.434 ; 3.487 ; Rise       ; clk             ;
;  right2[0] ; clk        ; 3.434 ; 3.487 ; Rise       ; clk             ;
;  right2[1] ; clk        ; 3.436 ; 3.489 ; Rise       ; clk             ;
;  right2[2] ; clk        ; 4.048 ; 4.120 ; Rise       ; clk             ;
;  right2[3] ; clk        ; 3.636 ; 3.658 ; Rise       ; clk             ;
; trig1      ; clk        ; 4.635 ; 4.648 ; Rise       ; clk             ;
; trig2      ; clk        ; 4.083 ; 4.102 ; Rise       ; clk             ;
; trig3      ; clk        ; 4.083 ; 4.102 ; Rise       ; clk             ;
+------------+------------+-------+-------+------------+-----------------+


+------------------------------------------------------------------------------------------------------------------------------------------------------------------------------------------------------------------------------------------------------------------------------------------------------------------------------------------------------------------------------------------------------------------+
; Board Trace Model Assignments                                                                                                                                                                                                                                                                                                                                                                                    ;
+---------------+--------------+-------------------+-------------------------+-------------------------+---------------+---------------------+----------------+------------------+--------+------------------+------------------------+------------------------+--------------+---------------+-----------------+-------+---------------------+--------------------+---------------+-----------------+-------------+
; Pin           ; I/O Standard ; Near Tline Length ; Near Tline L per Length ; Near Tline C per Length ; Near Series R ; Near Differential R ; Near Pull-up R ; Near Pull-down R ; Near C ; Far Tline Length ; Far Tline L per Length ; Far Tline C per Length ; Far Series R ; Far Pull-up R ; Far Pull-down R ; Far C ; Termination Voltage ; Far Differential R ; EBD File Name ; EBD Signal Name ; EBD Far-end ;
+---------------+--------------+-------------------+-------------------------+-------------------------+---------------+---------------------+----------------+------------------+--------+------------------+------------------------+------------------------+--------------+---------------+-----------------+-------+---------------------+--------------------+---------------+-----------------+-------------+
; trig1         ; 2.5 V        ; 0 in              ; 0 H/in                  ; 0 F/in                  ; short         ; -                   ; open           ; open             ; open   ; 0 in             ; 0 H/in                 ; 0 F/in                 ; short        ; open          ; open            ; open  ; 0 V                 ; -                  ; n/a           ; n/a             ; n/a         ;
; trig2         ; 2.5 V        ; 0 in              ; 0 H/in                  ; 0 F/in                  ; short         ; -                   ; open           ; open             ; open   ; 0 in             ; 0 H/in                 ; 0 F/in                 ; short        ; open          ; open            ; open  ; 0 V                 ; -                  ; n/a           ; n/a             ; n/a         ;
; trig3         ; 2.5 V        ; 0 in              ; 0 H/in                  ; 0 F/in                  ; short         ; -                   ; open           ; open             ; open   ; 0 in             ; 0 H/in                 ; 0 F/in                 ; short        ; open          ; open            ; open  ; 0 V                 ; -                  ; n/a           ; n/a             ; n/a         ;
; left1[0]      ; 2.5 V        ; 0 in              ; 0 H/in                  ; 0 F/in                  ; short         ; -                   ; open           ; open             ; open   ; 0 in             ; 0 H/in                 ; 0 F/in                 ; short        ; open          ; open            ; open  ; 0 V                 ; -                  ; n/a           ; n/a             ; n/a         ;
; left1[1]      ; 2.5 V        ; 0 in              ; 0 H/in                  ; 0 F/in                  ; short         ; -                   ; open           ; open             ; open   ; 0 in             ; 0 H/in                 ; 0 F/in                 ; short        ; open          ; open            ; open  ; 0 V                 ; -                  ; n/a           ; n/a             ; n/a         ;
; left1[2]      ; 2.5 V        ; 0 in              ; 0 H/in                  ; 0 F/in                  ; short         ; -                   ; open           ; open             ; open   ; 0 in             ; 0 H/in                 ; 0 F/in                 ; short        ; open          ; open            ; open  ; 0 V                 ; -                  ; n/a           ; n/a             ; n/a         ;
; left1[3]      ; 2.5 V        ; 0 in              ; 0 H/in                  ; 0 F/in                  ; short         ; -                   ; open           ; open             ; open   ; 0 in             ; 0 H/in                 ; 0 F/in                 ; short        ; open          ; open            ; open  ; 0 V                 ; -                  ; n/a           ; n/a             ; n/a         ;
; left2[0]      ; 2.5 V        ; 0 in              ; 0 H/in                  ; 0 F/in                  ; short         ; -                   ; open           ; open             ; open   ; 0 in             ; 0 H/in                 ; 0 F/in                 ; short        ; open          ; open            ; open  ; 0 V                 ; -                  ; n/a           ; n/a             ; n/a         ;
; left2[1]      ; 2.5 V        ; 0 in              ; 0 H/in                  ; 0 F/in                  ; short         ; -                   ; open           ; open             ; open   ; 0 in             ; 0 H/in                 ; 0 F/in                 ; short        ; open          ; open            ; open  ; 0 V                 ; -                  ; n/a           ; n/a             ; n/a         ;
; left2[2]      ; 2.5 V        ; 0 in              ; 0 H/in                  ; 0 F/in                  ; short         ; -                   ; open           ; open             ; open   ; 0 in             ; 0 H/in                 ; 0 F/in                 ; short        ; open          ; open            ; open  ; 0 V                 ; -                  ; n/a           ; n/a             ; n/a         ;
; left2[3]      ; 2.5 V        ; 0 in              ; 0 H/in                  ; 0 F/in                  ; short         ; -                   ; open           ; open             ; open   ; 0 in             ; 0 H/in                 ; 0 F/in                 ; short        ; open          ; open            ; open  ; 0 V                 ; -                  ; n/a           ; n/a             ; n/a         ;
; right1[0]     ; 2.5 V        ; 0 in              ; 0 H/in                  ; 0 F/in                  ; short         ; -                   ; open           ; open             ; open   ; 0 in             ; 0 H/in                 ; 0 F/in                 ; short        ; open          ; open            ; open  ; 0 V                 ; -                  ; n/a           ; n/a             ; n/a         ;
; right1[1]     ; 2.5 V        ; 0 in              ; 0 H/in                  ; 0 F/in                  ; short         ; -                   ; open           ; open             ; open   ; 0 in             ; 0 H/in                 ; 0 F/in                 ; short        ; open          ; open            ; open  ; 0 V                 ; -                  ; n/a           ; n/a             ; n/a         ;
; right1[2]     ; 2.5 V        ; 0 in              ; 0 H/in                  ; 0 F/in                  ; short         ; -                   ; open           ; open             ; open   ; 0 in             ; 0 H/in                 ; 0 F/in                 ; short        ; open          ; open            ; open  ; 0 V                 ; -                  ; n/a           ; n/a             ; n/a         ;
; right1[3]     ; 2.5 V        ; 0 in              ; 0 H/in                  ; 0 F/in                  ; short         ; -                   ; open           ; open             ; open   ; 0 in             ; 0 H/in                 ; 0 F/in                 ; short        ; open          ; open            ; open  ; 0 V                 ; -                  ; n/a           ; n/a             ; n/a         ;
; right2[0]     ; 2.5 V        ; 0 in              ; 0 H/in                  ; 0 F/in                  ; short         ; -                   ; open           ; open             ; open   ; 0 in             ; 0 H/in                 ; 0 F/in                 ; short        ; open          ; open            ; open  ; 0 V                 ; -                  ; n/a           ; n/a             ; n/a         ;
; right2[1]     ; 2.5 V        ; 0 in              ; 0 H/in                  ; 0 F/in                  ; short         ; -                   ; open           ; open             ; open   ; 0 in             ; 0 H/in                 ; 0 F/in                 ; short        ; open          ; open            ; open  ; 0 V                 ; -                  ; n/a           ; n/a             ; n/a         ;
; right2[2]     ; 2.5 V        ; 0 in              ; 0 H/in                  ; 0 F/in                  ; short         ; -                   ; open           ; open             ; open   ; 0 in             ; 0 H/in                 ; 0 F/in                 ; short        ; open          ; open            ; open  ; 0 V                 ; -                  ; n/a           ; n/a             ; n/a         ;
; right2[3]     ; 2.5 V        ; 0 in              ; 0 H/in                  ; 0 F/in                  ; short         ; -                   ; open           ; open             ; open   ; 0 in             ; 0 H/in                 ; 0 F/in                 ; short        ; open          ; open            ; open  ; 0 V                 ; -                  ; n/a           ; n/a             ; n/a         ;
; ~ALTERA_NCEO~ ; 2.5 V        ; 0 in              ; 0 H/in                  ; 0 F/in                  ; short         ; -                   ; open           ; open             ; open   ; 0 in             ; 0 H/in                 ; 0 F/in                 ; short        ; open          ; open            ; open  ; 0 V                 ; -                  ; n/a           ; n/a             ; n/a         ;
; ~ALTERA_DCLK~ ; 2.5 V        ; 0 in              ; 0 H/in                  ; 0 F/in                  ; short         ; -                   ; open           ; open             ; open   ; 0 in             ; 0 H/in                 ; 0 F/in                 ; short        ; open          ; open            ; open  ; 0 V                 ; -                  ; n/a           ; n/a             ; n/a         ;
+---------------+--------------+-------------------+-------------------------+-------------------------+---------------+---------------------+----------------+------------------+--------+------------------+------------------------+------------------------+--------------+---------------+-----------------+-------+---------------------+--------------------+---------------+-----------------+-------------+


+-------------------------------------------------------------------+
; Input Transition Times                                            ;
+----------------+--------------+-----------------+-----------------+
; Pin            ; I/O Standard ; 10-90 Rise Time ; 90-10 Fall Time ;
+----------------+--------------+-----------------+-----------------+
; clk            ; 2.5 V        ; 2000 ps         ; 2000 ps         ;
; echo1          ; 2.5 V        ; 2000 ps         ; 2000 ps         ;
; echo2          ; 2.5 V        ; 2000 ps         ; 2000 ps         ;
; echo3          ; 2.5 V        ; 2000 ps         ; 2000 ps         ;
; ~ALTERA_DATA0~ ; 2.5 V        ; 2000 ps         ; 2000 ps         ;
; ~ALTERA_ASDO~  ; 2.5 V        ; 2000 ps         ; 2000 ps         ;
; ~ALTERA_NCSO~  ; 2.5 V        ; 2000 ps         ; 2000 ps         ;
+----------------+--------------+-----------------+-----------------+


+--------------------------------------------------------------------------------------------------------------------------------------------------------------------------------------------------------------------------------------------------------------------------------------------------------------------------------------------------------------------------------------------------------------------------------------------------------------------------------------------------------------------------------------------------------------------------------------------------------------------------------------------------------------------------------------------+
; Signal Integrity Metrics (Slow 1200mv 0c Model)                                                                                                                                                                                                                                                                                                                                                                                                                                                                                                                                                                                                                                            ;
+---------------+--------------+---------------------+---------------------+------------------------------+------------------------------+---------------------+---------------------+--------------------------------------+--------------------------------------+-----------------------------+-----------------------------+----------------------------+----------------------------+-----------------------------+-----------------------------+--------------------+--------------------+-------------------------------------+-------------------------------------+----------------------------+----------------------------+---------------------------+---------------------------+
; Pin           ; I/O Standard ; Board Delay on Rise ; Board Delay on Fall ; Steady State Voh at FPGA Pin ; Steady State Vol at FPGA Pin ; Voh Max at FPGA Pin ; Vol Min at FPGA Pin ; Ringback Voltage on Rise at FPGA Pin ; Ringback Voltage on Fall at FPGA Pin ; 10-90 Rise Time at FPGA Pin ; 90-10 Fall Time at FPGA Pin ; Monotonic Rise at FPGA Pin ; Monotonic Fall at FPGA Pin ; Steady State Voh at Far-end ; Steady State Vol at Far-end ; Voh Max at Far-end ; Vol Min at Far-end ; Ringback Voltage on Rise at Far-end ; Ringback Voltage on Fall at Far-end ; 10-90 Rise Time at Far-end ; 90-10 Fall Time at Far-end ; Monotonic Rise at Far-end ; Monotonic Fall at Far-end ;
+---------------+--------------+---------------------+---------------------+------------------------------+------------------------------+---------------------+---------------------+--------------------------------------+--------------------------------------+-----------------------------+-----------------------------+----------------------------+----------------------------+-----------------------------+-----------------------------+--------------------+--------------------+-------------------------------------+-------------------------------------+----------------------------+----------------------------+---------------------------+---------------------------+
; trig1         ; 2.5 V        ; 0 s                 ; 0 s                 ; 2.32 V                       ; 7.29e-09 V                   ; 2.34 V              ; -0.00668 V          ; 0.218 V                              ; 0.076 V                              ; 1.92e-09 s                  ; 1.81e-09 s                  ; No                         ; Yes                        ; 2.32 V                      ; 7.29e-09 V                  ; 2.34 V             ; -0.00668 V         ; 0.218 V                             ; 0.076 V                             ; 1.92e-09 s                 ; 1.81e-09 s                 ; No                        ; Yes                       ;
; trig2         ; 2.5 V        ; 0 s                 ; 0 s                 ; 2.32 V                       ; 7.29e-09 V                   ; 2.39 V              ; -0.00317 V          ; 0.179 V                              ; 0.007 V                              ; 4.7e-10 s                   ; 4.72e-10 s                  ; No                         ; Yes                        ; 2.32 V                      ; 7.29e-09 V                  ; 2.39 V             ; -0.00317 V         ; 0.179 V                             ; 0.007 V                             ; 4.7e-10 s                  ; 4.72e-10 s                 ; No                        ; Yes                       ;
; trig3         ; 2.5 V        ; 0 s                 ; 0 s                 ; 2.32 V                       ; 7.29e-09 V                   ; 2.39 V              ; -0.00317 V          ; 0.179 V                              ; 0.007 V                              ; 4.7e-10 s                   ; 4.72e-10 s                  ; No                         ; Yes                        ; 2.32 V                      ; 7.29e-09 V                  ; 2.39 V             ; -0.00317 V         ; 0.179 V                             ; 0.007 V                             ; 4.7e-10 s                  ; 4.72e-10 s                 ; No                        ; Yes                       ;
; left1[0]      ; 2.5 V        ; 0 s                 ; 0 s                 ; 2.32 V                       ; 5.16e-09 V                   ; 2.37 V              ; -0.00861 V          ; 0.168 V                              ; 0.038 V                              ; 6.79e-10 s                  ; 6.49e-10 s                  ; No                         ; Yes                        ; 2.32 V                      ; 5.16e-09 V                  ; 2.37 V             ; -0.00861 V         ; 0.168 V                             ; 0.038 V                             ; 6.79e-10 s                 ; 6.49e-10 s                 ; No                        ; Yes                       ;
; left1[1]      ; 2.5 V        ; 0 s                 ; 0 s                 ; 2.32 V                       ; 5.16e-09 V                   ; 2.37 V              ; -0.00861 V          ; 0.168 V                              ; 0.038 V                              ; 6.79e-10 s                  ; 6.49e-10 s                  ; No                         ; Yes                        ; 2.32 V                      ; 5.16e-09 V                  ; 2.37 V             ; -0.00861 V         ; 0.168 V                             ; 0.038 V                             ; 6.79e-10 s                 ; 6.49e-10 s                 ; No                        ; Yes                       ;
; left1[2]      ; 2.5 V        ; 0 s                 ; 0 s                 ; 2.32 V                       ; 7.29e-09 V                   ; 2.39 V              ; -0.00317 V          ; 0.179 V                              ; 0.007 V                              ; 4.7e-10 s                   ; 4.72e-10 s                  ; No                         ; Yes                        ; 2.32 V                      ; 7.29e-09 V                  ; 2.39 V             ; -0.00317 V         ; 0.179 V                             ; 0.007 V                             ; 4.7e-10 s                  ; 4.72e-10 s                 ; No                        ; Yes                       ;
; left1[3]      ; 2.5 V        ; 0 s                 ; 0 s                 ; 2.32 V                       ; 7.29e-09 V                   ; 2.39 V              ; -0.00317 V          ; 0.179 V                              ; 0.007 V                              ; 4.7e-10 s                   ; 4.72e-10 s                  ; No                         ; Yes                        ; 2.32 V                      ; 7.29e-09 V                  ; 2.39 V             ; -0.00317 V         ; 0.179 V                             ; 0.007 V                             ; 4.7e-10 s                  ; 4.72e-10 s                 ; No                        ; Yes                       ;
; left2[0]      ; 2.5 V        ; 0 s                 ; 0 s                 ; 2.32 V                       ; 5.16e-09 V                   ; 2.34 V              ; -0.00633 V          ; 0.232 V                              ; 0.083 V                              ; 1.94e-09 s                  ; 1.83e-09 s                  ; No                         ; Yes                        ; 2.32 V                      ; 5.16e-09 V                  ; 2.34 V             ; -0.00633 V         ; 0.232 V                             ; 0.083 V                             ; 1.94e-09 s                 ; 1.83e-09 s                 ; No                        ; Yes                       ;
; left2[1]      ; 2.5 V        ; 0 s                 ; 0 s                 ; 2.32 V                       ; 5.16e-09 V                   ; 2.4 V               ; -0.00557 V          ; 0.238 V                              ; 0.014 V                              ; 2.9e-10 s                   ; 3.48e-10 s                  ; No                         ; Yes                        ; 2.32 V                      ; 5.16e-09 V                  ; 2.4 V              ; -0.00557 V         ; 0.238 V                             ; 0.014 V                             ; 2.9e-10 s                  ; 3.48e-10 s                 ; No                        ; Yes                       ;
; left2[2]      ; 2.5 V        ; 0 s                 ; 0 s                 ; 2.32 V                       ; 7.29e-09 V                   ; 2.39 V              ; -0.00339 V          ; 0.206 V                              ; 0.007 V                              ; 2.77e-10 s                  ; 3.24e-10 s                  ; Yes                        ; Yes                        ; 2.32 V                      ; 7.29e-09 V                  ; 2.39 V             ; -0.00339 V         ; 0.206 V                             ; 0.007 V                             ; 2.77e-10 s                 ; 3.24e-10 s                 ; Yes                       ; Yes                       ;
; left2[3]      ; 2.5 V        ; 0 s                 ; 0 s                 ; 2.32 V                       ; 7.29e-09 V                   ; 2.39 V              ; -0.00339 V          ; 0.206 V                              ; 0.007 V                              ; 2.77e-10 s                  ; 3.24e-10 s                  ; Yes                        ; Yes                        ; 2.32 V                      ; 7.29e-09 V                  ; 2.39 V             ; -0.00339 V         ; 0.206 V                             ; 0.007 V                             ; 2.77e-10 s                 ; 3.24e-10 s                 ; Yes                       ; Yes                       ;
; right1[0]     ; 2.5 V        ; 0 s                 ; 0 s                 ; 2.32 V                       ; 7.29e-09 V                   ; 2.39 V              ; -0.00317 V          ; 0.179 V                              ; 0.007 V                              ; 4.7e-10 s                   ; 4.72e-10 s                  ; No                         ; Yes                        ; 2.32 V                      ; 7.29e-09 V                  ; 2.39 V             ; -0.00317 V         ; 0.179 V                             ; 0.007 V                             ; 4.7e-10 s                  ; 4.72e-10 s                 ; No                        ; Yes                       ;
; right1[1]     ; 2.5 V        ; 0 s                 ; 0 s                 ; 2.32 V                       ; 7.29e-09 V                   ; 2.39 V              ; -0.00339 V          ; 0.206 V                              ; 0.007 V                              ; 2.77e-10 s                  ; 3.24e-10 s                  ; Yes                        ; Yes                        ; 2.32 V                      ; 7.29e-09 V                  ; 2.39 V             ; -0.00339 V         ; 0.206 V                             ; 0.007 V                             ; 2.77e-10 s                 ; 3.24e-10 s                 ; Yes                       ; Yes                       ;
; right1[2]     ; 2.5 V        ; 0 s                 ; 0 s                 ; 2.32 V                       ; 7.29e-09 V                   ; 2.39 V              ; -0.00317 V          ; 0.179 V                              ; 0.007 V                              ; 4.7e-10 s                   ; 4.72e-10 s                  ; No                         ; Yes                        ; 2.32 V                      ; 7.29e-09 V                  ; 2.39 V             ; -0.00317 V         ; 0.179 V                             ; 0.007 V                             ; 4.7e-10 s                  ; 4.72e-10 s                 ; No                        ; Yes                       ;
; right1[3]     ; 2.5 V        ; 0 s                 ; 0 s                 ; 2.32 V                       ; 5.16e-09 V                   ; 2.37 V              ; -0.00861 V          ; 0.168 V                              ; 0.038 V                              ; 6.79e-10 s                  ; 6.49e-10 s                  ; No                         ; Yes                        ; 2.32 V                      ; 5.16e-09 V                  ; 2.37 V             ; -0.00861 V         ; 0.168 V                             ; 0.038 V                             ; 6.79e-10 s                 ; 6.49e-10 s                 ; No                        ; Yes                       ;
; right2[0]     ; 2.5 V        ; 0 s                 ; 0 s                 ; 2.32 V                       ; 7.29e-09 V                   ; 2.39 V              ; -0.00339 V          ; 0.206 V                              ; 0.007 V                              ; 2.77e-10 s                  ; 3.24e-10 s                  ; Yes                        ; Yes                        ; 2.32 V                      ; 7.29e-09 V                  ; 2.39 V             ; -0.00339 V         ; 0.206 V                             ; 0.007 V                             ; 2.77e-10 s                 ; 3.24e-10 s                 ; Yes                       ; Yes                       ;
; right2[1]     ; 2.5 V        ; 0 s                 ; 0 s                 ; 2.32 V                       ; 7.29e-09 V                   ; 2.39 V              ; -0.00317 V          ; 0.179 V                              ; 0.007 V                              ; 4.7e-10 s                   ; 4.72e-10 s                  ; No                         ; Yes                        ; 2.32 V                      ; 7.29e-09 V                  ; 2.39 V             ; -0.00317 V         ; 0.179 V                             ; 0.007 V                             ; 4.7e-10 s                  ; 4.72e-10 s                 ; No                        ; Yes                       ;
; right2[2]     ; 2.5 V        ; 0 s                 ; 0 s                 ; 2.32 V                       ; 7.29e-09 V                   ; 2.34 V              ; -0.00668 V          ; 0.218 V                              ; 0.076 V                              ; 1.92e-09 s                  ; 1.81e-09 s                  ; No                         ; Yes                        ; 2.32 V                      ; 7.29e-09 V                  ; 2.34 V             ; -0.00668 V         ; 0.218 V                             ; 0.076 V                             ; 1.92e-09 s                 ; 1.81e-09 s                 ; No                        ; Yes                       ;
; right2[3]     ; 2.5 V        ; 0 s                 ; 0 s                 ; 2.32 V                       ; 5.16e-09 V                   ; 2.37 V              ; -0.00861 V          ; 0.168 V                              ; 0.038 V                              ; 6.79e-10 s                  ; 6.49e-10 s                  ; No                         ; Yes                        ; 2.32 V                      ; 5.16e-09 V                  ; 2.37 V             ; -0.00861 V         ; 0.168 V                             ; 0.038 V                             ; 6.79e-10 s                 ; 6.49e-10 s                 ; No                        ; Yes                       ;
; ~ALTERA_NCEO~ ; 2.5 V        ; 0 s                 ; 0 s                 ; 2.32 V                       ; 4.76e-09 V                   ; 2.4 V               ; -0.034 V            ; 0.102 V                              ; 0.065 V                              ; 2.49e-10 s                  ; 3.49e-10 s                  ; Yes                        ; Yes                        ; 2.32 V                      ; 4.76e-09 V                  ; 2.4 V              ; -0.034 V           ; 0.102 V                             ; 0.065 V                             ; 2.49e-10 s                 ; 3.49e-10 s                 ; Yes                       ; Yes                       ;
; ~ALTERA_DCLK~ ; 2.5 V        ; 0 s                 ; 0 s                 ; 2.32 V                       ; 5.94e-09 V                   ; 2.39 V              ; -0.0344 V           ; 0.156 V                              ; 0.089 V                              ; 2.68e-10 s                  ; 2.6e-10 s                   ; Yes                        ; Yes                        ; 2.32 V                      ; 5.94e-09 V                  ; 2.39 V             ; -0.0344 V          ; 0.156 V                             ; 0.089 V                             ; 2.68e-10 s                 ; 2.6e-10 s                  ; Yes                       ; Yes                       ;
+---------------+--------------+---------------------+---------------------+------------------------------+------------------------------+---------------------+---------------------+--------------------------------------+--------------------------------------+-----------------------------+-----------------------------+----------------------------+----------------------------+-----------------------------+-----------------------------+--------------------+--------------------+-------------------------------------+-------------------------------------+----------------------------+----------------------------+---------------------------+---------------------------+


+--------------------------------------------------------------------------------------------------------------------------------------------------------------------------------------------------------------------------------------------------------------------------------------------------------------------------------------------------------------------------------------------------------------------------------------------------------------------------------------------------------------------------------------------------------------------------------------------------------------------------------------------------------------------------------------------+
; Signal Integrity Metrics (Slow 1200mv 85c Model)                                                                                                                                                                                                                                                                                                                                                                                                                                                                                                                                                                                                                                           ;
+---------------+--------------+---------------------+---------------------+------------------------------+------------------------------+---------------------+---------------------+--------------------------------------+--------------------------------------+-----------------------------+-----------------------------+----------------------------+----------------------------+-----------------------------+-----------------------------+--------------------+--------------------+-------------------------------------+-------------------------------------+----------------------------+----------------------------+---------------------------+---------------------------+
; Pin           ; I/O Standard ; Board Delay on Rise ; Board Delay on Fall ; Steady State Voh at FPGA Pin ; Steady State Vol at FPGA Pin ; Voh Max at FPGA Pin ; Vol Min at FPGA Pin ; Ringback Voltage on Rise at FPGA Pin ; Ringback Voltage on Fall at FPGA Pin ; 10-90 Rise Time at FPGA Pin ; 90-10 Fall Time at FPGA Pin ; Monotonic Rise at FPGA Pin ; Monotonic Fall at FPGA Pin ; Steady State Voh at Far-end ; Steady State Vol at Far-end ; Voh Max at Far-end ; Vol Min at Far-end ; Ringback Voltage on Rise at Far-end ; Ringback Voltage on Fall at Far-end ; 10-90 Rise Time at Far-end ; 90-10 Fall Time at Far-end ; Monotonic Rise at Far-end ; Monotonic Fall at Far-end ;
+---------------+--------------+---------------------+---------------------+------------------------------+------------------------------+---------------------+---------------------+--------------------------------------+--------------------------------------+-----------------------------+-----------------------------+----------------------------+----------------------------+-----------------------------+-----------------------------+--------------------+--------------------+-------------------------------------+-------------------------------------+----------------------------+----------------------------+---------------------------+---------------------------+
; trig1         ; 2.5 V        ; 0 s                 ; 0 s                 ; 2.32 V                       ; 1.21e-06 V                   ; 2.33 V              ; -0.00286 V          ; 0.193 V                              ; 0.042 V                              ; 2.32e-09 s                  ; 2.21e-09 s                  ; Yes                        ; Yes                        ; 2.32 V                      ; 1.21e-06 V                  ; 2.33 V             ; -0.00286 V         ; 0.193 V                             ; 0.042 V                             ; 2.32e-09 s                 ; 2.21e-09 s                 ; Yes                       ; Yes                       ;
; trig2         ; 2.5 V        ; 0 s                 ; 0 s                 ; 2.32 V                       ; 1.21e-06 V                   ; 2.36 V              ; -0.00833 V          ; 0.113 V                              ; 0.035 V                              ; 6.32e-10 s                  ; 5.89e-10 s                  ; No                         ; Yes                        ; 2.32 V                      ; 1.21e-06 V                  ; 2.36 V             ; -0.00833 V         ; 0.113 V                             ; 0.035 V                             ; 6.32e-10 s                 ; 5.89e-10 s                 ; No                        ; Yes                       ;
; trig3         ; 2.5 V        ; 0 s                 ; 0 s                 ; 2.32 V                       ; 1.21e-06 V                   ; 2.36 V              ; -0.00833 V          ; 0.113 V                              ; 0.035 V                              ; 6.32e-10 s                  ; 5.89e-10 s                  ; No                         ; Yes                        ; 2.32 V                      ; 1.21e-06 V                  ; 2.36 V             ; -0.00833 V         ; 0.113 V                             ; 0.035 V                             ; 6.32e-10 s                 ; 5.89e-10 s                 ; No                        ; Yes                       ;
; left1[0]      ; 2.5 V        ; 0 s                 ; 0 s                 ; 2.32 V                       ; 8.13e-07 V                   ; 2.35 V              ; -0.00662 V          ; 0.129 V                              ; 0.049 V                              ; 8.55e-10 s                  ; 8.01e-10 s                  ; No                         ; Yes                        ; 2.32 V                      ; 8.13e-07 V                  ; 2.35 V             ; -0.00662 V         ; 0.129 V                             ; 0.049 V                             ; 8.55e-10 s                 ; 8.01e-10 s                 ; No                        ; Yes                       ;
; left1[1]      ; 2.5 V        ; 0 s                 ; 0 s                 ; 2.32 V                       ; 8.13e-07 V                   ; 2.35 V              ; -0.00662 V          ; 0.129 V                              ; 0.049 V                              ; 8.55e-10 s                  ; 8.01e-10 s                  ; No                         ; Yes                        ; 2.32 V                      ; 8.13e-07 V                  ; 2.35 V             ; -0.00662 V         ; 0.129 V                             ; 0.049 V                             ; 8.55e-10 s                 ; 8.01e-10 s                 ; No                        ; Yes                       ;
; left1[2]      ; 2.5 V        ; 0 s                 ; 0 s                 ; 2.32 V                       ; 1.21e-06 V                   ; 2.36 V              ; -0.00833 V          ; 0.113 V                              ; 0.035 V                              ; 6.32e-10 s                  ; 5.89e-10 s                  ; No                         ; Yes                        ; 2.32 V                      ; 1.21e-06 V                  ; 2.36 V             ; -0.00833 V         ; 0.113 V                             ; 0.035 V                             ; 6.32e-10 s                 ; 5.89e-10 s                 ; No                        ; Yes                       ;
; left1[3]      ; 2.5 V        ; 0 s                 ; 0 s                 ; 2.32 V                       ; 1.21e-06 V                   ; 2.36 V              ; -0.00833 V          ; 0.113 V                              ; 0.035 V                              ; 6.32e-10 s                  ; 5.89e-10 s                  ; No                         ; Yes                        ; 2.32 V                      ; 1.21e-06 V                  ; 2.36 V             ; -0.00833 V         ; 0.113 V                             ; 0.035 V                             ; 6.32e-10 s                 ; 5.89e-10 s                 ; No                        ; Yes                       ;
; left2[0]      ; 2.5 V        ; 0 s                 ; 0 s                 ; 2.32 V                       ; 8.13e-07 V                   ; 2.33 V              ; -0.00252 V          ; 0.203 V                              ; 0.046 V                              ; 2.34e-09 s                  ; 2.24e-09 s                  ; Yes                        ; Yes                        ; 2.32 V                      ; 8.13e-07 V                  ; 2.33 V             ; -0.00252 V         ; 0.203 V                             ; 0.046 V                             ; 2.34e-09 s                 ; 2.24e-09 s                 ; Yes                       ; Yes                       ;
; left2[1]      ; 2.5 V        ; 0 s                 ; 0 s                 ; 2.32 V                       ; 8.13e-07 V                   ; 2.36 V              ; -0.00623 V          ; 0.121 V                              ; 0.03 V                               ; 4.4e-10 s                   ; 4.28e-10 s                  ; Yes                        ; Yes                        ; 2.32 V                      ; 8.13e-07 V                  ; 2.36 V             ; -0.00623 V         ; 0.121 V                             ; 0.03 V                              ; 4.4e-10 s                  ; 4.28e-10 s                 ; Yes                       ; Yes                       ;
; left2[2]      ; 2.5 V        ; 0 s                 ; 0 s                 ; 2.32 V                       ; 1.21e-06 V                   ; 2.37 V              ; -0.00606 V          ; 0.107 V                              ; 0.021 V                              ; 4.26e-10 s                  ; 4.03e-10 s                  ; Yes                        ; Yes                        ; 2.32 V                      ; 1.21e-06 V                  ; 2.37 V             ; -0.00606 V         ; 0.107 V                             ; 0.021 V                             ; 4.26e-10 s                 ; 4.03e-10 s                 ; Yes                       ; Yes                       ;
; left2[3]      ; 2.5 V        ; 0 s                 ; 0 s                 ; 2.32 V                       ; 1.21e-06 V                   ; 2.37 V              ; -0.00606 V          ; 0.107 V                              ; 0.021 V                              ; 4.26e-10 s                  ; 4.03e-10 s                  ; Yes                        ; Yes                        ; 2.32 V                      ; 1.21e-06 V                  ; 2.37 V             ; -0.00606 V         ; 0.107 V                             ; 0.021 V                             ; 4.26e-10 s                 ; 4.03e-10 s                 ; Yes                       ; Yes                       ;
; right1[0]     ; 2.5 V        ; 0 s                 ; 0 s                 ; 2.32 V                       ; 1.21e-06 V                   ; 2.36 V              ; -0.00833 V          ; 0.113 V                              ; 0.035 V                              ; 6.32e-10 s                  ; 5.89e-10 s                  ; No                         ; Yes                        ; 2.32 V                      ; 1.21e-06 V                  ; 2.36 V             ; -0.00833 V         ; 0.113 V                             ; 0.035 V                             ; 6.32e-10 s                 ; 5.89e-10 s                 ; No                        ; Yes                       ;
; right1[1]     ; 2.5 V        ; 0 s                 ; 0 s                 ; 2.32 V                       ; 1.21e-06 V                   ; 2.37 V              ; -0.00606 V          ; 0.107 V                              ; 0.021 V                              ; 4.26e-10 s                  ; 4.03e-10 s                  ; Yes                        ; Yes                        ; 2.32 V                      ; 1.21e-06 V                  ; 2.37 V             ; -0.00606 V         ; 0.107 V                             ; 0.021 V                             ; 4.26e-10 s                 ; 4.03e-10 s                 ; Yes                       ; Yes                       ;
; right1[2]     ; 2.5 V        ; 0 s                 ; 0 s                 ; 2.32 V                       ; 1.21e-06 V                   ; 2.36 V              ; -0.00833 V          ; 0.113 V                              ; 0.035 V                              ; 6.32e-10 s                  ; 5.89e-10 s                  ; No                         ; Yes                        ; 2.32 V                      ; 1.21e-06 V                  ; 2.36 V             ; -0.00833 V         ; 0.113 V                             ; 0.035 V                             ; 6.32e-10 s                 ; 5.89e-10 s                 ; No                        ; Yes                       ;
; right1[3]     ; 2.5 V        ; 0 s                 ; 0 s                 ; 2.32 V                       ; 8.13e-07 V                   ; 2.35 V              ; -0.00662 V          ; 0.129 V                              ; 0.049 V                              ; 8.55e-10 s                  ; 8.01e-10 s                  ; No                         ; Yes                        ; 2.32 V                      ; 8.13e-07 V                  ; 2.35 V             ; -0.00662 V         ; 0.129 V                             ; 0.049 V                             ; 8.55e-10 s                 ; 8.01e-10 s                 ; No                        ; Yes                       ;
; right2[0]     ; 2.5 V        ; 0 s                 ; 0 s                 ; 2.32 V                       ; 1.21e-06 V                   ; 2.37 V              ; -0.00606 V          ; 0.107 V                              ; 0.021 V                              ; 4.26e-10 s                  ; 4.03e-10 s                  ; Yes                        ; Yes                        ; 2.32 V                      ; 1.21e-06 V                  ; 2.37 V             ; -0.00606 V         ; 0.107 V                             ; 0.021 V                             ; 4.26e-10 s                 ; 4.03e-10 s                 ; Yes                       ; Yes                       ;
; right2[1]     ; 2.5 V        ; 0 s                 ; 0 s                 ; 2.32 V                       ; 1.21e-06 V                   ; 2.36 V              ; -0.00833 V          ; 0.113 V                              ; 0.035 V                              ; 6.32e-10 s                  ; 5.89e-10 s                  ; No                         ; Yes                        ; 2.32 V                      ; 1.21e-06 V                  ; 2.36 V             ; -0.00833 V         ; 0.113 V                             ; 0.035 V                             ; 6.32e-10 s                 ; 5.89e-10 s                 ; No                        ; Yes                       ;
; right2[2]     ; 2.5 V        ; 0 s                 ; 0 s                 ; 2.32 V                       ; 1.21e-06 V                   ; 2.33 V              ; -0.00286 V          ; 0.193 V                              ; 0.042 V                              ; 2.32e-09 s                  ; 2.21e-09 s                  ; Yes                        ; Yes                        ; 2.32 V                      ; 1.21e-06 V                  ; 2.33 V             ; -0.00286 V         ; 0.193 V                             ; 0.042 V                             ; 2.32e-09 s                 ; 2.21e-09 s                 ; Yes                       ; Yes                       ;
; right2[3]     ; 2.5 V        ; 0 s                 ; 0 s                 ; 2.32 V                       ; 8.13e-07 V                   ; 2.35 V              ; -0.00662 V          ; 0.129 V                              ; 0.049 V                              ; 8.55e-10 s                  ; 8.01e-10 s                  ; No                         ; Yes                        ; 2.32 V                      ; 8.13e-07 V                  ; 2.35 V             ; -0.00662 V         ; 0.129 V                             ; 0.049 V                             ; 8.55e-10 s                 ; 8.01e-10 s                 ; No                        ; Yes                       ;
; ~ALTERA_NCEO~ ; 2.5 V        ; 0 s                 ; 0 s                 ; 2.32 V                       ; 7.93e-07 V                   ; 2.37 V              ; -0.0278 V           ; 0.106 V                              ; 0.115 V                              ; 2.69e-10 s                  ; 4.05e-10 s                  ; Yes                        ; Yes                        ; 2.32 V                      ; 7.93e-07 V                  ; 2.37 V             ; -0.0278 V          ; 0.106 V                             ; 0.115 V                             ; 2.69e-10 s                 ; 4.05e-10 s                 ; Yes                       ; Yes                       ;
; ~ALTERA_DCLK~ ; 2.5 V        ; 0 s                 ; 0 s                 ; 2.32 V                       ; 9.76e-07 V                   ; 2.36 V              ; -0.00439 V          ; 0.088 V                              ; 0.007 V                              ; 4.05e-10 s                  ; 3.35e-10 s                  ; Yes                        ; Yes                        ; 2.32 V                      ; 9.76e-07 V                  ; 2.36 V             ; -0.00439 V         ; 0.088 V                             ; 0.007 V                             ; 4.05e-10 s                 ; 3.35e-10 s                 ; Yes                       ; Yes                       ;
+---------------+--------------+---------------------+---------------------+------------------------------+------------------------------+---------------------+---------------------+--------------------------------------+--------------------------------------+-----------------------------+-----------------------------+----------------------------+----------------------------+-----------------------------+-----------------------------+--------------------+--------------------+-------------------------------------+-------------------------------------+----------------------------+----------------------------+---------------------------+---------------------------+


+--------------------------------------------------------------------------------------------------------------------------------------------------------------------------------------------------------------------------------------------------------------------------------------------------------------------------------------------------------------------------------------------------------------------------------------------------------------------------------------------------------------------------------------------------------------------------------------------------------------------------------------------------------------------------------------------+
; Signal Integrity Metrics (Fast 1200mv 0c Model)                                                                                                                                                                                                                                                                                                                                                                                                                                                                                                                                                                                                                                            ;
+---------------+--------------+---------------------+---------------------+------------------------------+------------------------------+---------------------+---------------------+--------------------------------------+--------------------------------------+-----------------------------+-----------------------------+----------------------------+----------------------------+-----------------------------+-----------------------------+--------------------+--------------------+-------------------------------------+-------------------------------------+----------------------------+----------------------------+---------------------------+---------------------------+
; Pin           ; I/O Standard ; Board Delay on Rise ; Board Delay on Fall ; Steady State Voh at FPGA Pin ; Steady State Vol at FPGA Pin ; Voh Max at FPGA Pin ; Vol Min at FPGA Pin ; Ringback Voltage on Rise at FPGA Pin ; Ringback Voltage on Fall at FPGA Pin ; 10-90 Rise Time at FPGA Pin ; 90-10 Fall Time at FPGA Pin ; Monotonic Rise at FPGA Pin ; Monotonic Fall at FPGA Pin ; Steady State Voh at Far-end ; Steady State Vol at Far-end ; Voh Max at Far-end ; Vol Min at Far-end ; Ringback Voltage on Rise at Far-end ; Ringback Voltage on Fall at Far-end ; 10-90 Rise Time at Far-end ; 90-10 Fall Time at Far-end ; Monotonic Rise at Far-end ; Monotonic Fall at Far-end ;
+---------------+--------------+---------------------+---------------------+------------------------------+------------------------------+---------------------+---------------------+--------------------------------------+--------------------------------------+-----------------------------+-----------------------------+----------------------------+----------------------------+-----------------------------+-----------------------------+--------------------+--------------------+-------------------------------------+-------------------------------------+----------------------------+----------------------------+---------------------------+---------------------------+
; trig1         ; 2.5 V        ; 0 s                 ; 0 s                 ; 2.62 V                       ; 4.66e-08 V                   ; 2.65 V              ; -0.0115 V           ; 0.219 V                              ; 0.115 V                              ; 1.64e-09 s                  ; 1.57e-09 s                  ; No                         ; Yes                        ; 2.62 V                      ; 4.66e-08 V                  ; 2.65 V             ; -0.0115 V          ; 0.219 V                             ; 0.115 V                             ; 1.64e-09 s                 ; 1.57e-09 s                 ; No                        ; Yes                       ;
; trig2         ; 2.5 V        ; 0 s                 ; 0 s                 ; 2.62 V                       ; 4.66e-08 V                   ; 2.72 V              ; -0.0215 V           ; 0.161 V                              ; 0.061 V                              ; 4.44e-10 s                  ; 4.06e-10 s                  ; No                         ; Yes                        ; 2.62 V                      ; 4.66e-08 V                  ; 2.72 V             ; -0.0215 V          ; 0.161 V                             ; 0.061 V                             ; 4.44e-10 s                 ; 4.06e-10 s                 ; No                        ; Yes                       ;
; trig3         ; 2.5 V        ; 0 s                 ; 0 s                 ; 2.62 V                       ; 4.66e-08 V                   ; 2.72 V              ; -0.0215 V           ; 0.161 V                              ; 0.061 V                              ; 4.44e-10 s                  ; 4.06e-10 s                  ; No                         ; Yes                        ; 2.62 V                      ; 4.66e-08 V                  ; 2.72 V             ; -0.0215 V          ; 0.161 V                             ; 0.061 V                             ; 4.44e-10 s                 ; 4.06e-10 s                 ; No                        ; Yes                       ;
; left1[0]      ; 2.5 V        ; 0 s                 ; 0 s                 ; 2.62 V                       ; 3.16e-08 V                   ; 2.71 V              ; -0.0171 V           ; 0.273 V                              ; 0.065 V                              ; 4.95e-10 s                  ; 5.37e-10 s                  ; No                         ; Yes                        ; 2.62 V                      ; 3.16e-08 V                  ; 2.71 V             ; -0.0171 V          ; 0.273 V                             ; 0.065 V                             ; 4.95e-10 s                 ; 5.37e-10 s                 ; No                        ; Yes                       ;
; left1[1]      ; 2.5 V        ; 0 s                 ; 0 s                 ; 2.62 V                       ; 3.16e-08 V                   ; 2.71 V              ; -0.0171 V           ; 0.273 V                              ; 0.065 V                              ; 4.95e-10 s                  ; 5.37e-10 s                  ; No                         ; Yes                        ; 2.62 V                      ; 3.16e-08 V                  ; 2.71 V             ; -0.0171 V          ; 0.273 V                             ; 0.065 V                             ; 4.95e-10 s                 ; 5.37e-10 s                 ; No                        ; Yes                       ;
; left1[2]      ; 2.5 V        ; 0 s                 ; 0 s                 ; 2.62 V                       ; 4.66e-08 V                   ; 2.72 V              ; -0.0215 V           ; 0.161 V                              ; 0.061 V                              ; 4.44e-10 s                  ; 4.06e-10 s                  ; No                         ; Yes                        ; 2.62 V                      ; 4.66e-08 V                  ; 2.72 V             ; -0.0215 V          ; 0.161 V                             ; 0.061 V                             ; 4.44e-10 s                 ; 4.06e-10 s                 ; No                        ; Yes                       ;
; left1[3]      ; 2.5 V        ; 0 s                 ; 0 s                 ; 2.62 V                       ; 4.66e-08 V                   ; 2.72 V              ; -0.0215 V           ; 0.161 V                              ; 0.061 V                              ; 4.44e-10 s                  ; 4.06e-10 s                  ; No                         ; Yes                        ; 2.62 V                      ; 4.66e-08 V                  ; 2.72 V             ; -0.0215 V          ; 0.161 V                             ; 0.061 V                             ; 4.44e-10 s                 ; 4.06e-10 s                 ; No                        ; Yes                       ;
; left2[0]      ; 2.5 V        ; 0 s                 ; 0 s                 ; 2.62 V                       ; 3.16e-08 V                   ; 2.65 V              ; -0.0109 V           ; 0.234 V                              ; 0.125 V                              ; 1.64e-09 s                  ; 1.59e-09 s                  ; No                         ; Yes                        ; 2.62 V                      ; 3.16e-08 V                  ; 2.65 V             ; -0.0109 V          ; 0.234 V                             ; 0.125 V                             ; 1.64e-09 s                 ; 1.59e-09 s                 ; No                        ; Yes                       ;
; left2[1]      ; 2.5 V        ; 0 s                 ; 0 s                 ; 2.62 V                       ; 3.16e-08 V                   ; 2.72 V              ; -0.0199 V           ; 0.186 V                              ; 0.027 V                              ; 2.63e-10 s                  ; 2.76e-10 s                  ; Yes                        ; Yes                        ; 2.62 V                      ; 3.16e-08 V                  ; 2.72 V             ; -0.0199 V          ; 0.186 V                             ; 0.027 V                             ; 2.63e-10 s                 ; 2.76e-10 s                 ; Yes                       ; Yes                       ;
; left2[2]      ; 2.5 V        ; 0 s                 ; 0 s                 ; 2.62 V                       ; 4.66e-08 V                   ; 2.73 V              ; -0.0205 V           ; 0.17 V                               ; 0.027 V                              ; 2.58e-10 s                  ; 2.57e-10 s                  ; Yes                        ; Yes                        ; 2.62 V                      ; 4.66e-08 V                  ; 2.73 V             ; -0.0205 V          ; 0.17 V                              ; 0.027 V                             ; 2.58e-10 s                 ; 2.57e-10 s                 ; Yes                       ; Yes                       ;
; left2[3]      ; 2.5 V        ; 0 s                 ; 0 s                 ; 2.62 V                       ; 4.66e-08 V                   ; 2.73 V              ; -0.0205 V           ; 0.17 V                               ; 0.027 V                              ; 2.58e-10 s                  ; 2.57e-10 s                  ; Yes                        ; Yes                        ; 2.62 V                      ; 4.66e-08 V                  ; 2.73 V             ; -0.0205 V          ; 0.17 V                              ; 0.027 V                             ; 2.58e-10 s                 ; 2.57e-10 s                 ; Yes                       ; Yes                       ;
; right1[0]     ; 2.5 V        ; 0 s                 ; 0 s                 ; 2.62 V                       ; 4.66e-08 V                   ; 2.72 V              ; -0.0215 V           ; 0.161 V                              ; 0.061 V                              ; 4.44e-10 s                  ; 4.06e-10 s                  ; No                         ; Yes                        ; 2.62 V                      ; 4.66e-08 V                  ; 2.72 V             ; -0.0215 V          ; 0.161 V                             ; 0.061 V                             ; 4.44e-10 s                 ; 4.06e-10 s                 ; No                        ; Yes                       ;
; right1[1]     ; 2.5 V        ; 0 s                 ; 0 s                 ; 2.62 V                       ; 4.66e-08 V                   ; 2.73 V              ; -0.0205 V           ; 0.17 V                               ; 0.027 V                              ; 2.58e-10 s                  ; 2.57e-10 s                  ; Yes                        ; Yes                        ; 2.62 V                      ; 4.66e-08 V                  ; 2.73 V             ; -0.0205 V          ; 0.17 V                              ; 0.027 V                             ; 2.58e-10 s                 ; 2.57e-10 s                 ; Yes                       ; Yes                       ;
; right1[2]     ; 2.5 V        ; 0 s                 ; 0 s                 ; 2.62 V                       ; 4.66e-08 V                   ; 2.72 V              ; -0.0215 V           ; 0.161 V                              ; 0.061 V                              ; 4.44e-10 s                  ; 4.06e-10 s                  ; No                         ; Yes                        ; 2.62 V                      ; 4.66e-08 V                  ; 2.72 V             ; -0.0215 V          ; 0.161 V                             ; 0.061 V                             ; 4.44e-10 s                 ; 4.06e-10 s                 ; No                        ; Yes                       ;
; right1[3]     ; 2.5 V        ; 0 s                 ; 0 s                 ; 2.62 V                       ; 3.16e-08 V                   ; 2.71 V              ; -0.0171 V           ; 0.273 V                              ; 0.065 V                              ; 4.95e-10 s                  ; 5.37e-10 s                  ; No                         ; Yes                        ; 2.62 V                      ; 3.16e-08 V                  ; 2.71 V             ; -0.0171 V          ; 0.273 V                             ; 0.065 V                             ; 4.95e-10 s                 ; 5.37e-10 s                 ; No                        ; Yes                       ;
; right2[0]     ; 2.5 V        ; 0 s                 ; 0 s                 ; 2.62 V                       ; 4.66e-08 V                   ; 2.73 V              ; -0.0205 V           ; 0.17 V                               ; 0.027 V                              ; 2.58e-10 s                  ; 2.57e-10 s                  ; Yes                        ; Yes                        ; 2.62 V                      ; 4.66e-08 V                  ; 2.73 V             ; -0.0205 V          ; 0.17 V                              ; 0.027 V                             ; 2.58e-10 s                 ; 2.57e-10 s                 ; Yes                       ; Yes                       ;
; right2[1]     ; 2.5 V        ; 0 s                 ; 0 s                 ; 2.62 V                       ; 4.66e-08 V                   ; 2.72 V              ; -0.0215 V           ; 0.161 V                              ; 0.061 V                              ; 4.44e-10 s                  ; 4.06e-10 s                  ; No                         ; Yes                        ; 2.62 V                      ; 4.66e-08 V                  ; 2.72 V             ; -0.0215 V          ; 0.161 V                             ; 0.061 V                             ; 4.44e-10 s                 ; 4.06e-10 s                 ; No                        ; Yes                       ;
; right2[2]     ; 2.5 V        ; 0 s                 ; 0 s                 ; 2.62 V                       ; 4.66e-08 V                   ; 2.65 V              ; -0.0115 V           ; 0.219 V                              ; 0.115 V                              ; 1.64e-09 s                  ; 1.57e-09 s                  ; No                         ; Yes                        ; 2.62 V                      ; 4.66e-08 V                  ; 2.65 V             ; -0.0115 V          ; 0.219 V                             ; 0.115 V                             ; 1.64e-09 s                 ; 1.57e-09 s                 ; No                        ; Yes                       ;
; right2[3]     ; 2.5 V        ; 0 s                 ; 0 s                 ; 2.62 V                       ; 3.16e-08 V                   ; 2.71 V              ; -0.0171 V           ; 0.273 V                              ; 0.065 V                              ; 4.95e-10 s                  ; 5.37e-10 s                  ; No                         ; Yes                        ; 2.62 V                      ; 3.16e-08 V                  ; 2.71 V             ; -0.0171 V          ; 0.273 V                             ; 0.065 V                             ; 4.95e-10 s                 ; 5.37e-10 s                 ; No                        ; Yes                       ;
; ~ALTERA_NCEO~ ; 2.5 V        ; 0 s                 ; 0 s                 ; 2.62 V                       ; 3.06e-08 V                   ; 2.86 V              ; -0.0341 V           ; 0.364 V                              ; 0.046 V                              ; 1.17e-10 s                  ; 2.6e-10 s                   ; No                         ; Yes                        ; 2.62 V                      ; 3.06e-08 V                  ; 2.86 V             ; -0.0341 V          ; 0.364 V                             ; 0.046 V                             ; 1.17e-10 s                 ; 2.6e-10 s                  ; No                        ; Yes                       ;
; ~ALTERA_DCLK~ ; 2.5 V        ; 0 s                 ; 0 s                 ; 2.62 V                       ; 3.81e-08 V                   ; 2.72 V              ; -0.0542 V           ; 0.144 V                              ; 0.087 V                              ; 2.55e-10 s                  ; 2.14e-10 s                  ; Yes                        ; Yes                        ; 2.62 V                      ; 3.81e-08 V                  ; 2.72 V             ; -0.0542 V          ; 0.144 V                             ; 0.087 V                             ; 2.55e-10 s                 ; 2.14e-10 s                 ; Yes                       ; Yes                       ;
+---------------+--------------+---------------------+---------------------+------------------------------+------------------------------+---------------------+---------------------+--------------------------------------+--------------------------------------+-----------------------------+-----------------------------+----------------------------+----------------------------+-----------------------------+-----------------------------+--------------------+--------------------+-------------------------------------+-------------------------------------+----------------------------+----------------------------+---------------------------+---------------------------+


+-------------------------------------------------------------------+
; Setup Transfers                                                   ;
+------------+----------+----------+----------+----------+----------+
; From Clock ; To Clock ; RR Paths ; FR Paths ; RF Paths ; FF Paths ;
+------------+----------+----------+----------+----------+----------+
; clk        ; clk      ; 2496     ; 0        ; 0        ; 0        ;
; echo1      ; clk      ; 45       ; 33       ; 0        ; 0        ;
; echo2      ; clk      ; 45       ; 33       ; 0        ; 0        ;
; echo3      ; clk      ; 43       ; 33       ; 0        ; 0        ;
; clk        ; echo1    ; 30       ; 0        ; 0        ; 0        ;
; clk        ; echo2    ; 30       ; 0        ; 0        ; 0        ;
; clk        ; echo3    ; 30       ; 0        ; 0        ; 0        ;
+------------+----------+----------+----------+----------+----------+
Entries labeled "false path" only account for clock-to-clock false paths and not path-based false paths. As a result, actual path counts may be lower than reported.


+-------------------------------------------------------------------+
; Hold Transfers                                                    ;
+------------+----------+----------+----------+----------+----------+
; From Clock ; To Clock ; RR Paths ; FR Paths ; RF Paths ; FF Paths ;
+------------+----------+----------+----------+----------+----------+
; clk        ; clk      ; 2496     ; 0        ; 0        ; 0        ;
; echo1      ; clk      ; 45       ; 33       ; 0        ; 0        ;
; echo2      ; clk      ; 45       ; 33       ; 0        ; 0        ;
; echo3      ; clk      ; 43       ; 33       ; 0        ; 0        ;
; clk        ; echo1    ; 30       ; 0        ; 0        ; 0        ;
; clk        ; echo2    ; 30       ; 0        ; 0        ; 0        ;
; clk        ; echo3    ; 30       ; 0        ; 0        ; 0        ;
+------------+----------+----------+----------+----------+----------+
Entries labeled "false path" only account for clock-to-clock false paths and not path-based false paths. As a result, actual path counts may be lower than reported.


---------------
; Report TCCS ;
---------------
No dedicated SERDES Transmitter circuitry present in device or used in design


---------------
; Report RSKM ;
---------------
No non-DPA dedicated SERDES Receiver circuitry present in device or used in design


+------------------------------------------------+
; Unconstrained Paths                            ;
+---------------------------------+-------+------+
; Property                        ; Setup ; Hold ;
+---------------------------------+-------+------+
; Illegal Clocks                  ; 0     ; 0    ;
; Unconstrained Clocks            ; 0     ; 0    ;
; Unconstrained Input Ports       ; 0     ; 0    ;
; Unconstrained Input Port Paths  ; 0     ; 0    ;
; Unconstrained Output Ports      ; 18    ; 18   ;
; Unconstrained Output Port Paths ; 105   ; 105  ;
+---------------------------------+-------+------+


+------------------------------------+
; TimeQuest Timing Analyzer Messages ;
+------------------------------------+
Info: *******************************************************************
Info: Running Quartus II 64-Bit TimeQuest Timing Analyzer
    Info: Version 13.1.0 Build 162 10/23/2013 SJ Full Version
    Info: Processing started: Mon Sep 01 17:15:58 2025
Info: Command: quartus_sta xiaoche -c xiaoche
Info: qsta_default_script.tcl version: #1
Info (11104): Parallel Compilation has detected 24 hyper-threaded processors. However, the extra hyper-threaded processors will not be used by default. Parallel Compilation will use 16 of the 16 physical processors detected instead.
Info (21076): High junction temperature operating condition is not set. Assuming a default value of '85'.
Info (21076): Low junction temperature operating condition is not set. Assuming a default value of '0'.
Warning (335093): TimeQuest Timing Analyzer is analyzing 3 combinational loops as latches.
Critical Warning (332012): Synopsys Design Constraints File file not found: 'xiaoche.sdc'. A Synopsys Design Constraints File is required by the TimeQuest Timing Analyzer to get proper timing constraints. Without it, the Compiler will not properly optimize the design.
Info (332142): No user constrained base clocks found in the design. Calling "derive_clocks -period 1.0"
Info (332105): Deriving Clocks
    Info (332105): create_clock -period 1.000 -name clk clk
    Info (332105): create_clock -period 1.000 -name echo3 echo3
    Info (332105): create_clock -period 1.000 -name echo1 echo1
    Info (332105): create_clock -period 1.000 -name echo2 echo2
Info (332143): No user constrained clock uncertainty found in the design. Calling "derive_clock_uncertainty"
Info (332123): Deriving Clock Uncertainty. Please refer to report_sdc in TimeQuest to see clock uncertainties.
Info: Found TIMEQUEST_REPORT_SCRIPT_INCLUDE_DEFAULT_ANALYSIS = ON
Info: Analyzing Slow 1200mV 85C Model
Critical Warning (332148): Timing requirements not met
    Info (11105): For recommendations on closing timing, run Report Timing Closure Recommendations in the TimeQuest Timing Analyzer.
Info (332146): Worst-case setup slack is -2.849
    Info (332119):     Slack       End Point TNS Clock 
    Info (332119): ========= =================== =====================
    Info (332119):    -2.849              -2.849 echo1 
    Info (332119):    -2.636              -2.636 echo2 
    Info (332119):    -2.625              -2.625 echo3 
    Info (332119):    -2.236            -178.764 clk 
Info (332146): Worst-case hold slack is -0.271
    Info (332119):     Slack       End Point TNS Clock 
    Info (332119): ========= =================== =====================
    Info (332119):    -0.271              -2.811 clk 
    Info (332119):     1.323               0.000 echo2 
    Info (332119):     1.495               0.000 echo3 
    Info (332119):     1.536               0.000 echo1 
Info (332140): No Recovery paths to report
Info (332140): No Removal paths to report
Info (332146): Worst-case minimum pulse width slack is -3.000
    Info (332119):     Slack       End Point TNS Clock 
    Info (332119): ========= =================== =====================
    Info (332119):    -3.000            -146.000 clk 
    Info (332119):    -3.000              -3.000 echo1 
    Info (332119):    -3.000              -3.000 echo2 
    Info (332119):    -3.000              -3.000 echo3 
Info: Analyzing Slow 1200mV 0C Model
Info (334003): Started post-fitting delay annotation
Info (334004): Delay annotation completed successfully
Info (332123): Deriving Clock Uncertainty. Please refer to report_sdc in TimeQuest to see clock uncertainties.
Critical Warning (332148): Timing requirements not met
    Info (11105): For recommendations on closing timing, run Report Timing Closure Recommendations in the TimeQuest Timing Analyzer.
Info (332146): Worst-case setup slack is -2.430
    Info (332119):     Slack       End Point TNS Clock 
    Info (332119): ========= =================== =====================
    Info (332119):    -2.430              -2.430 echo1 
    Info (332119):    -2.246              -2.246 echo2 
    Info (332119):    -2.218              -2.218 echo3 
    Info (332119):    -1.842            -142.085 clk 
Info (332146): Worst-case hold slack is -0.207
    Info (332119):     Slack       End Point TNS Clock 
    Info (332119): ========= =================== =====================
    Info (332119):    -0.207              -1.218 clk 
    Info (332119):     1.169               0.000 echo2 
    Info (332119):     1.313               0.000 echo3 
    Info (332119):     1.358               0.000 echo1 
Info (332140): No Recovery paths to report
Info (332140): No Removal paths to report
Info (332146): Worst-case minimum pulse width slack is -3.000
    Info (332119):     Slack       End Point TNS Clock 
    Info (332119): ========= =================== =====================
    Info (332119):    -3.000            -146.000 clk 
    Info (332119):    -3.000              -3.000 echo1 
    Info (332119):    -3.000              -3.000 echo2 
    Info (332119):    -3.000              -3.000 echo3 
Info: Analyzing Fast 1200mV 0C Model
Info (332123): Deriving Clock Uncertainty. Please refer to report_sdc in TimeQuest to see clock uncertainties.
Critical Warning (332148): Timing requirements not met
    Info (11105): For recommendations on closing timing, run Report Timing Closure Recommendations in the TimeQuest Timing Analyzer.
Info (332146): Worst-case setup slack is -1.225
    Info (332119):     Slack       End Point TNS Clock 
    Info (332119): ========= =================== =====================
    Info (332119):    -1.225              -1.225 echo1 
    Info (332119):    -1.114              -1.114 echo2 
    Info (332119):    -1.107              -1.107 echo3 
    Info (332119):    -0.853             -48.779 clk 
Info (332146): Worst-case hold slack is -0.262
    Info (332119):     Slack       End Point TNS Clock 
    Info (332119): ========= =================== =====================
    Info (332119):    -0.262             -10.859 clk 
    Info (332119):     0.775               0.000 echo2 
    Info (332119):     0.866               0.000 echo3 
    Info (332119):     0.882               0.000 echo1 
Info (332140): No Recovery paths to report
Info (332140): No Removal paths to report
Info (332146): Worst-case minimum pulse width slack is -3.000
    Info (332119):     Slack       End Point TNS Clock 
    Info (332119): ========= =================== =====================
    Info (332119):    -3.000            -150.598 clk 
    Info (332119):    -3.000              -3.000 echo1 
    Info (332119):    -3.000              -3.000 echo2 
    Info (332119):    -3.000              -3.000 echo3 
Info (332102): Design is not fully constrained for setup requirements
Info (332102): Design is not fully constrained for hold requirements
Info: Quartus II 64-Bit TimeQuest Timing Analyzer was successful. 0 errors, 5 warnings
    Info: Peak virtual memory: 4838 megabytes
    Info: Processing ended: Mon Sep 01 17:15:59 2025
    Info: Elapsed time: 00:00:01
    Info: Total CPU time (on all processors): 00:00:01


